index	trigger	syllables	flag	preview
1	terminal-particle	39		༄༅༅། །རྒྱ་གར་སྐད་དུ། བུདྡྷ་པཱ་ལི་ཏ་མཱུ་ལ་མ་དྷྱ་མ་ཀ་བྲྀཏྟི། བོད་སྐད་དུ། དབུ་མ་རྩ་
2	terminal-particle	10		འཇམ་དཔལ་གཞོན་ནུར་གྱུར་པ་ལ་ཕྱག་འཚལ་ལོ། །
3	terminal-particle	10		སློབ་དཔོན་འཕགས་པ་ཀླུ་སྒྲུབ་ལ་ཕྱག་འཚལ་ལོ། །
4	terminal-particle	13		སློབ་དཔོན་བཙུན་པ་བུད་དྷ་པཱ་ལི་ཏ་ལ་ཕྱག་འཚལ་ལོ། །
5	line-end	114		འདི་ལྟར་སློབ་དཔོན་རྟེན་ཅིང་འབྲེལ་པར་འབྱུང་བ་རྗེས་སུ་སྟོན་པར་བཞེད་པས། རྟེན་ཅིང་འབ
6	verse-stanza	28		གང་གིས་རྟེན་ཅིང་འབྲེལ་པར་འབྱུང་། །↵འགག་པ་མེད་པ་སྐྱེ་མེད་པ། །↵ཆད་པ་མེད་པ་རྟག་མེད་
7	verse-stanza	28		ཐ་དད་དོན་མིན་དོན་གཅིག་མིན། །↵སྤྲོས་པ་ཉེར་ཞི་ཞི་བསྟན་པ། །↵རྫོགས་པའི་སངས་རྒྱས་སྨྲ་
8	terminal-particle	138		ཞེས་རྒྱུ་སྔ་ན་ཡོད་པའི་ཕྱག་བཞེས་པ་མཛད་དེ། གང་གིས་དབང་ཕྱུག་དང་དུས་དང་རྡུལ་ཕྲན་དང་ར
9	line-end	5		ཞེས་བྱ་བ་ཡིན་ནོ། །
10	quote-close	59		བཅོམ་ལྡན་འདས་ཀྱིས་ཕྱི་རོལ་པ་ཕས་ཀྱི་རྒོལ་བ་ཐམས་ཅད་བྱིས་པ་བླ་བ༌[^4]འདྲ་བར་ཐུགས་སུ་
11	terminal-particle	17		འགག་པ་མེད་པ་ཞེས་བྱ་བ་ནི་འདི་ལ་འགག་པ་ཡོད་པ་མ་ཡིན་པའོ། །
12	terminal-particle	12		ཚིག༌[^5]ལྷག་མ་རྣམས་ལ་ཡང་དེ་བཞིན་དུ་སྦྱར་བར་བྱའོ། །
13	terminal-particle	23		ཚིགས་སུ་བཅད་པ་དེ་ནི་མདོ་ལྟ་བུ་སྟེ། བསྟན་བཅོས་ལྷག་མས་དེ་རྣམ་པར་བཤད་པ༌[^6]བྱེད་པར་
14	terminal-particle	30		དེ་ཡང་བརྗོད་པ་ལ་མངོན་པར་ཞེན་པའི་དབང་གིས༌[^7]སྒོ་དེ་དང་དེས་བྱེད་པར་འགྱུར་གྱི་གོ་ར
15	line-end	79		ཅི་སྟེ་རྟེན་ཅིང་འབྲེལ་པར་འབྱུང་བ་རྗེས་སུ་བསྟན་པ་ལ་དགོས་པ་ཅི་ཡོད་ཅེ་ན། བཤད་པ། སློ
16	verse-stanza	14		ཡང་དག་མ་ཡིན་མཐོང་བ་འཆིང་། །↵ཡང་དག་མཐོང་བ་རྣམ་པར་གྲོལ། །
17	terminal-particle	68		ཞེས་གསུངས་པའི་ཕྱིར་རོ།[^9] །དངོས་པོ་རྣམས་ཀྱི་ཡང་དག་པ་ཇི་ལྟ་བ་བཞིན༌[^10]ཉིད་གང་ཡི
18	terminal-particle	53		གང་གི་ཚེ་རྟེན་ཅིང་འབྲེལ་པར་འབྱུང་བ་ཤེས་པའི་སྣང་བས་གཏི་མུག་གི་མུན་པ་བསལ་ཅིང་། ཤེས
19	line-end	43		འདི་ལྟ་སྟེ་དཔེར་ན་ལ་ལ་ཞིག་གཟུགས་བརྙན་གྱི་བུད་མེད་ལ་བུད་མེད་དོ་སྙམ་པའི་བློ་གྲོས་ས
20	terminal-particle	114		གང་གི་ཚེ་ཡང་དག་པ་ཇི་ལྟ་བ་བཞིན་དུ་རྟོགས་པ་དེའི་ཚེ་ན་བུད་མེད་ཀྱི་བློ་གྲོས་མེད་པར་ག
21	line-end	8		དེའི་ཕྱིར་སློབ་དཔོན་འཕགས་པ་ལྷས་ཀྱང་།
22	verse-stanza	28		སྲིད་པའི་ས་བོན་རྣམ་ཤེས་ཏེ། །↵ཡུལ་རྣམས་དེ་ཡི་སྤྱོད་ཡུལ་ལོ། །↵ཡུལ་ལ་བདག་མེད་མཐོང་ན
23	quote-close	3		ཞེས་གསུངས་སོ། །
24	terminal-particle	196		དེ་ལྟ་བས་ན་སློབ་དཔོན་གྱིས་དངོས་པོ་རྣམས་ཀྱི་ངོ་བོ་ཉིད་མེད་པ་ཉིད་རབ་ཏུ་བསྟན་པའི་ཕྱ
25	line-end	73		གང་ཞིག་ཡོད་པ་ལས་རྟག་པ་དང་ཆད་པ་དང་དེ་ཉིད་དང་གཞན་ཉིད་དུ་སེམས་པ་དག་བྱེད་ཀྱི། རི་བོང
26	terminal-particle	94		གཞན་ཡང་གང་ཁོ་ནའི་ཕྱིར་དེ་བཞིན་གཤེགས་པས་རྟེན་ཅིང་འབྲེལ་པར་འབྱུང་བ་བཤད་ཅིང་རབ་ཏུ་བ
27	terminal-particle	13		དེའི་ཕྱིར་སློབ་དཔོན་གྱིས་རྗེས་སུ་རབ་ཏུ་བསྟན་པར་རིགས་སོ། །
28	line-end	17		འདིར་སྨྲས་པ། ཅིའི་ཕྱིར་འགག་པ་ལ་སོགས་པ་བརྒྱད་པོ་དེ་དག་འགོག་པར་བྱེད།
29	verse-stanza	14		འགག་པ་མེད་པ་སྐྱེ་མེད་པ། །↵ཆད་པ་མེད་པ་རྟག་མེད་པ། །
30	terminal-particle	68		ཞེས་བྱ་བ་དེ་ཙམ་ཞིག་བྱས་པས་མི་ཆོག་གམ། བཤད་པ། དངོས་པོའི་ངོ་བོ་ཉིད་སྨྲ་བ་དག་ཕལ་ཆེར་
31	terminal-particle	77		དེ་བཞིན་དུ་དེ་ཁོ་ན་སེམས་པར་བྱེད་པའམ། འགྱེད་པ་རྩོམ་པར་བྱེད་པ་གང་དག་ཅི་ཡང་རུང་བ་དེ
32	line-end	16		[^20]གཞན་དག་ན་རེ་ས་ལ་སོགས་པ་རྫས་དགུ་པོ་དག་རྟག་ཅེས་ཟེར་རོ། །
33	terminal-particle	33		ཡང་གཞན་དག་ནི་ཆོས་དང་ཆོས་མ་ཡིན་པ་དང་། གང་ཟག་ནམ༌[^21]མཁའ་དང་། དུས་དང་གང་ཟག་དང་སྲོག
34	terminal-particle	43		དེ་བཞིན་དུ་ཕལ་ཆེར་སྲོག་དང་ལུས་གཉིས། མེ་དང་བུད་ཤིང་གཉིས། རྒྱུ་དང་འབྲས་བུ་གཉིས། ཡོ
35	terminal-particle	22		དེ་བཞིན་དུ་ཁ་ཅིག་ན་རེ་ཡོན་ཏན་བྱ་བ་དང་ལྡན་པ་རྣམས་དང་རྟག༌[^23]འཁོར་ལོ༌[^24]ཞེས་ཟེར
36	terminal-particle	15		གཞན་དག་ན་རེ་རྡུལ་ཕྲན་དང་ཡིད་གཉིས་ནི་མི་འགྲོའོ་ཞེས་ཟེར་རོ། །
37	terminal-particle	15		གཞན་དག་ནི་སྲོག་དང་གང་ཟག་གཉིས་འགྲོ་བ་དང་ལྡན༌[^25]ཞེས་བརྗོད་དོ། །
38	terminal-particle	9		གྲུབ་ནས་གང་དུ་འགྲོ་བར་ཡང་འདོད་དོ། །
39	terminal-particle	25		དེའི་ཕྱིར་དེ་ཁོ་ན་སེམས་པ༌[^26]དང་འགྱེད་པ་རྩོམ་པའི་དབང་གིས་འགག་པ་ལ་སོགས་པ་བརྒྱད་པ
40	line-end	68		འདིར་སྨྲས་པ། འོ་ན་ཅིའི་ཕྱིར་འགག་པ་སྔར་བཀག་པ།[^27] སྐྱེ་བ་ཕྱིས་བཀག །སྐྱེ་བ་མེད་པ་
41	terminal-particle	38		འདིར་སྨྲས་པ། དེ་ལྟ་ན་ཡང་སྐྱེ་བ་ཡོད་ན་འགག་པར་འགྱུར་གྱི་མེད་ན་མི་འགྱུར་བ༌[^30]གོ་ར
42	terminal-particle	13		བཤད་པ། གྲོགས་པོ་འདི་ལྟར་སྐྱེ་བ་སྔ་ལ་འགག་པ་འཕྱིའོ། །
43	terminal-particle	64		ཞེས་བྱ་བར་གང་གིས་ཁོ་བོ་ཅག་ཡིད་ཆེས་པར་འགྱུར་བའི་དཔེ་འགའ་ཞིག་ཇེ་གྱིས་ཤིག་སྨྲས་པ་ཐམ
44	terminal-particle	92		བཤད་པ། གང་ལ་འཆི་བ་ཡོད་པའི༌[^34]སྐྱེ་བ་གང་ཡིན་པ་དེ་ལ་ཡང་འཆི་བ་སྔོན་དུ་འགྲོ་བ་ཁོ་ན
45	line-end	3		འོག་ནས་ཀྱང་།
46	verse-stanza	28		གལ་ཏེ་སྐྱེ་བ་སྔ་གྱུར་ལ། །↵རྒ་ཤི་འཕྱི་བ་ཡིན་ན་ནི། །↵རྒ་ཤི་མེད་པར་སྐྱེ་བ་དང་། །↵མ་
47	terminal-particle	42		ཞེས་འབྱུང་ངོ་། །སྨྲས་པ་འོ་ན། གལ་ཏེ་འཇིག༌[^35]མང་སྐྱེ་བ་མེད་ན་དོན་མེད་དེ་མི་འབྱུང
48	terminal-particle	47		བཤད་པ། འདི་ལ་ཁྱད་པར་ཅི་ཡོད། སྨྲས་པ། ཁྱད་པར་ནི་འདི་ཡིན་ཏེ། གང་གི་ཕྱིར་འདི་ལ་འགག་པ
49	line-end	31		བཤད་པ། འདི་ལ་ཡང་ས་བོན་འགག་པ་སྔོན་དུ་འགྲོ་བ་ལས་སྐྱེ་བས་དེ་ཡང་འགག་པ་སྔོན་དུ་འགྲོ་བ
50	terminal-particle	52		འདིར་སྨྲས་པ། དེ་ནི་མི་འདྲ་སྟེ། ཅིའི་ཕྱིར་ཞེ་ན། གཞན་ཁོ་ན་འགགས༌[^39]ལ་གཞན་ཁོ་ན་སྐྱ
51	terminal-particle	85		བཤད་པ། དེ་ནི་འདྲ་བ་ཁོ་ན་སྟེ། ཅིའི་ཕྱིར་ཞེ་ན། འདི་ལྟར་སྐྱེ་བ་དང་འཆི་བ་གཉིས་ཀྱང་གང
52	terminal-particle	40		དེ་ལྟ་ཡིན་ན་ལས་དང་ཉོན་མོངས་པས་བྱས་པའི་སྐྱེ་བ་དང་འགྲོ་བ་འཁྲུལ་པ་མེད་པར་འགྱུར་བས་ད
53	terminal-particle	16		ཞེས་བྱ་བ་དེ་བརྗོད་པར་མི་ནུས་པས་དེའི་ཕྱིར་དེའི་འདྲ་བ་ཁོ་ནའོ། །
54	line-end	63		འདི་ལ་གཞན་ཁོ་ན་འགག །གཞན་ཁོ་ན་སྐྱེའོ་ཞེས་པ་གང་ཡིན་པ་དེ་ཡང་མི་རིགས་ཏེ། གལ་ཏེ་ས་བོན
55	terminal-particle	32		གཞན་ཡང་འདི་ན་སྨྲ་བ་པོ་དག་ས་བོན་བཏབ་ནས་བདག་གིས་ཤིང་ལྗོན་པ་འདི་བཙུགས། བདག་གིས་བུ་འ
56	terminal-particle	8		བུ་འདི་ནི་བདག་གིའོ་ཞེས་ཟེར་རོ། །
57	line-end	54		དེ་ལ་གལ་ཏེ་ས་བོན་དང་ཤིང་ལྗོན་པ་དང་བུ་དག་གཞན་ཉིད་ཡིན་པར་གྱུར་ན་འཇིག་རྟེན་གྱི་ཐ་སྙ
58	verse-stanza	28		གཞན་ནི་གཞན་ལས་བརྟེན་ཏེ་གཞན། །↵གཞན་མེད་གཞན་ལས་གཞན་མི་འགྱུར། །↵གང་ལས་བརྟེན༌[^44]ཏེ
59	line-end	3		ཅེས་འབྱུང་ངོ་། །
60	terminal-particle	35		འདིར་སྨྲས་པ། དེ་ལྟ་ན་ཡང་ས་བོན་ཡོད་པ་ཉིད་ཡིན་ན་འགག་པར་འགྱུར་གྱིས་མེད་ན་མི་འགྱུར་བ
61	line-end	84		བཤད་པ། འདི་ལྟར་ས་བོན་དེ་ལ་ཡང་ས་བོན་འགག་པ་སྔོན་དུ་འགྲོ་བ་ཉིད་ཡོད་དེ། ཅིའི་ཕྱིར་ཞེ
62	verse-stanza	28		ས་བོན་དཔེ་ནི་ཇི་ལྟ་བར། །↵དེ་ལ་ཐོག་མ་ཡོད་མ་ཡིན། །↵དེ་ལྟར་རྒྱུ་དང་མི་ལྡན་ལས། །↵སྐྱ
63	quote-close	3		ཞེས་གསུངས་སོ། །
64	line-end	71		དེའི་ཕྱིར་སྐྱེ་བ་དང་འགག་པ་གཉིས་ལ་སྔ་ཕྱིའི་རྣམ་པར་བཞག་པ༌[^45]མེད་པས་ཅིའི་ཕྱིར་འགག
65	line-end	22		འདིར་སྨྲས་པ། རེ་ཞིག་ཇི་ལྟར་སྐྱེ་བར་བརྗོད་པ་ཐ་སྙད་ཙམ་ཡིན་པ་དེ་ལྟར་རབ་ཏུ་སྟོན་ཅིག 
66	verse-stanza	28		བཤད་པ་ཏེ༌[^47]པོར་བསྟན་པར་བྱའོ། །↵བདག་ལས་མ་ཡིན་གཞན་ལས་མིན། །↵གཉིས་ལས་མ་ཡིན་རྒྱུ་
67	terminal-particle	54		སྐྱེ་བ་ནམ་ཡང་ཡོད་མ་ཡིན། །འདི་ལ་གལ་ཏེ་དངོས་པོ་འགའ་ཞིག་སྐྱེ་བར་གྱུར་ན། དངོས་པོ་དེའ
68	terminal-particle	19		ཇི་ལྟར་ཞེ་ན། བདག་ལས་ཞེས་བྱ་བ་ནི་བདག་ཉིད་ལས་ཞེས་བྱ་བའི་ཐ་ཚིག་གོ། །
69	terminal-particle	40		དེ་ལ་རེ་ཞིག་དངོས་པོ་རྣམས་བདག་གི་བདག་ཉིད་ལས༌[^50]སྐྱེ་བ་མེད་དེ། དེ་དག་གི་སྐྱེ་བ་ད
70	terminal-particle	20		འདི་ལྟར་དངོས་པོ་བདག་གི་བདག་ཉིད་དུ་ཡོད་པ་རྣམས་ལ་ཡང་སྐྱེ་བ་དགོས་པ་མེད་དོ། །
71	terminal-particle	33		གལ་ཏེ་ཡོད་ཀྱང་ཡང༌[^51]སྐྱེ་ན་ནམ་ཡང༌[^52]མི་སྐྱེ་བར་མི་འགྱུར་བས་དེ་ཡང་མི་འདོད་དེ།
72	terminal-particle	24		གཞན་ལས་ཀྱང་སྐྱེ་བ་མེད་དེ། [^54]ཅིའི་ཕྱིར་ཞེ་ན། ཐམས་ཅད་ལས་ཐམས་ཅད་སྐྱེ་བར་ཐལ་བར་འག
73	terminal-particle	59		བདག་དང་གཞན་གཉིས་ལས་ཀྱང་སྐྱེ་བ་མེད་དེ། གཉི་གའི་སྐྱོན་དུ་ཐལ་བར་འགྱུར་བའི་ཕྱིར་རོ།[
74	line-end	33		དེ་ལྟར་གང་གི་ཕྱིར་དངོས་པོ་སྐྱེ་བ་རྣམ་པ་ཐམས་ཅད་དུ་མི་འཐད་པས༌[^56]དེའི་ཕྱིར་སྐྱེ་བ
75	terminal-particle	82		སྨྲས་པ། དངོས་པོ་རྣམས་བདག་ལས་སྐྱེ་བ་མེད་དེ། འདི་ལྟར་མྱུ་གུ་དེ༌[^57]ཉིད་ལས་ཇི་ལྟར་
76	terminal-particle	11		དངོས་པོ་རྣམས་གཞན་ལས་སྐྱེ་བ་མེད་པ་ཁོ་ནའོ། །
77	line-end	19		ཞེས་བྱ་བ་དེ་ངེས་པར་གཟུང༌[^59]སྟེ་བཤད་པ་གང་ཡིན་པ་དེ་ལ་སྨྲ་བར་བྱ་སྟེ།
78	verse-stanza	28		རྐྱེན་རྣམས་བཞི་སྟེ་རྒྱུ་དང་ནི། །↵དམིགས་པ་དང་ནི་དེ་མ་ཐག །↵བདག་པོ་ཡང་ནི་དེ་བཞིན་ཏེ
79	terminal-particle	41		ལྔ་པ་ཡོད་པ༌[^60]མ་ཡིན་ཞེས་བྱ་བས་ནི་སློབ་དཔོན་ཁ་ཅིག་གིས་རྐྱེན་བཞི་པོ་འདི་ལས་གཞན་ག
80	terminal-particle	7		ཞེས་ངེས་པར་འཛིན་པར་བྱེད་དོ། །
81	terminal-particle	37		དེ་རབ་ཏུ་བསྟན་པའི་ཕྱིར་རྒྱུ་ལ་སོགས་པ་རྐྱེན་བཞི་པོ་དེ་དག་དངོས་པོ་རྣམས་སྐྱེད་པའི་ར
82	terminal-particle	33		གང་གི་ཕྱིར་རྐྱེན་བཞི་པོ་གཞན་དུ་གྱུར་པ་དེ་དག་ལས་དངོས་པོ་རྣམས་སྐྱེ་བར་འགྱུར་བ་དེའི
83	line-end	9		ཞེས་བྱ་བ་དེ་བཟང་པོ་མ་ཡིན་ནོ། །
84	terminal-particle	55		བཤད་པ། གལ་ཏེ་ཁྱོད་ཀྱིས་རྒྱུ་ལ་སོགས་པ་རྐྱེན་བཞི་པོ་གང་དག་གཞན་ཡིན་པར་ཐ་སྙད་བཏགས་པ་
85	line-end	4		ཇི་ལྟར་ཞེ་ན།
86	verse-stanza	28		དངོས་པོ་རྣམས་ཀྱི་རང་བཞིན་ནི། །↵རྐྱེན་ལ་སོགས་ལ་ཡོད་མ་ཡིན། །↵བདག་གི་དངོས་པོ་ཡོད་མི
87	terminal-particle	99		འདི་ལ་དངོས་པོ་ཡོད་པ་རྣམས་གཅིག་ལ་གཅིག་ལྟོས༌[^62]ནས་གཞན་ཉིད་དུ་འགྱུར་བ་ནི་དཔེར་ན་ཙ
88	terminal-particle	48		དེ་རྣམས་ཀྱི་བདག་གི་དངོས་པོ་ཡོད་པ་མ་ཡིན་ན་རྒྱུ་ལ་སོགས་པ་དག་ཇི་ལྟར་གཞན་དུ་འགྱུར། [
89	terminal-particle	17		དེའི་ཕྱིར་གཞན་གྱི་དངོས་པོ་མེད་པ་ཁོ་ནའི་ཕྱིར་དངོས་པོ་རྣམས་གཞན་ལས་སྐྱེའོ། །
90	terminal-particle	9		ཞེས་བྱ་བ་དེ་འཐད་པ་མ་ཡིན་ནོ། །
91	line-end	47		རྐྱེན་ལ་སོགས་ལ། ཞེས་བྱ་བ་ལ་སོགས་པ་སྨོས་པ་ནི་གཞན་གྱི་གཞུང་ལུགས་ཀྱང་ངེས་པར་གཟུང་བའ
92	terminal-particle	35		འདིར་སྨྲས་པ། གཟུགས་ལ་སོགས་པ་རྐྱེན་རྣམས་ཡོད་ན་རྣམ་པར་ཤེས་པ་སྐྱེ་བ་མ་ཡིན་ནམ་བཤད་པ།
93	terminal-particle	65		ཁྱོད་རྣམ་པར་ཤེས་པ་མ་སྐྱེས་པ་རྐྱེན་གཞན་དུ་གྱུར་པ་དག་ལས་སྐྱེ་བར་འདོད་ན། རྣམ་པར་ཤེས
94	terminal-particle	42		ཡང་ན་འདི་ནི་དོན་གཞན་ཡིན་ཏེ། དངོས་པོ་རྣམས་ཀྱི་རང་བཞིན་ནི་རྐྱེན་རྣམས་ལ་ཡང་ཡོད་པ་མ་
95	terminal-particle	77		ཅིའི་ཕྱིར་ཞེ་ན། སྐྱེ་བའི་རྐྱེན་དུ་བརྟག་པ༌[^65]དོན་མེད་པ་ཉིད་ཀྱི་སྐྱོན་དུ་འགྱུར་བ
96	terminal-particle	23		ཡོད་པ་ལ་རྐྱེན་རྣམས་ཀྱིས་ཀྱང་ཅི་ཞིག་བྱ་སྟེ། རྐྱེན་དུ་བརྟག་པ༌[^67]ཡང་དོན་མེད་པ་ཉིད
97	line-end	4		དེ་ལྟ་བས་ན།
98	verse-stanza	14		དངོས་པོ་རྣམས་ཀྱི་རང་བཞིན་ནི། །↵རྐྱེན་ལ་སོགས་ལ་ཡོད་མ་ཡིན། །
99	line-end	36		གང་རྐྱེན་ལ་སོགས་པ་ལ་ཡོད་པ་མ་ཡིན་པ་དེ་ནི་བདག་གི་དངོས་པོ་ཡོད་པ་མ་ཡིན་པ་སྟེ། དེ་དག་
100	verse-stanza	14		བདག་གི་དངོས་པོ་ཡོད་མིན་ན། །↵གཞན་གྱི་དངོས་པོ་ཡོད་མ་ཡིན། །
101	line-end	19		གཞན་གྱི་དངོས་པོ་མེད་ན་སུ་ཞིག་དངོས་པོ་རྣམས་གཞན་ལས་སྐྱེ་བའོ༌[^69]ཞེས་སྨྲ་བར་རིགས།
102	terminal-particle	43		འདིར་སྨྲས་པ།[^70] དངོས་པོ་རྣམས་བདག་དང་གཞན་ལ་སོགས་པ་ལས་སྐྱེའོ་ཞེས་བྱ་བ་འདིས་ཁོ་བོ
103	terminal-particle	31		དེ་ཡང་ཇི་ལྟར་ཞེ་ན། འདི་ལ་སྐྱེ་བའི་བྱ་བ་ནི་སྐྱེད་པ༌[^72]དང་སྐྱེ་བ་དང་འབྱུང་བ་སྟེ་
104	terminal-particle	9		རྣམ་པར་ཤེས་པ་ནི་སྐྱེ་བ་ཡིན་ནོ། །
105	terminal-particle	32		འདི་ལྟར་མིག་ལ་སོགས་པ་ནི་རྣམ་པར་ཤེས་པ་སྐྱེ་བའི་བྱ་བ་དེ་སྒྲུབ་པར་བྱེད་པ་ཡིན་ཏེ། སྒ
106	line-end	65		དཔེར་ན་བཙོ་བའི་བྱ་བ་ནི་འཚེད་པ་དང་བཙེད་པ་སྟེ་གཙོ་ཆེར་འབྲས་ཆན་ལ་འཇུག་ཅིང་། འབྲས་ཆན
107	terminal-particle	128		འདིར་བཤད་པ། བྱ་བ་རྐྱེན་དང་ལྡན་མ་ཡིན། འདི་ལ་ཁྱེད་ན་རེ་མིག་ལ་སོགས་པ་ནི་རྣམ་པར་ཤེས་
108	line-end	91		འདི་ལྟར་སྐྱེ་བའི་བྱ་བ་ནི་རྣམ་པར་ཤེས་པའི་གནས་ལ་འཇུག་གི །གནས་མེད་པ་ལ་མི་འཇུག་པས་རྣ
109	terminal-particle	46		དེ་ལ་འདི་སྙམ་དུ་རྣམ་པར་ཤེས་པ་སྐྱེ་བཞིན་པ་ལ་སྐྱེ་བའི་བྱ་བ་ཡོད་པར་སེམས་ན། དེ་ཡང་མི
110	terminal-particle	27		སྐྱེ་བ་དང་མ་སྐྱེས་པ་གཉིས་ལ་སྐྱེ་བའི་བྱ་བ་མི་འཇུག་པར་ནི་བསྟན་ཟིན་པས་དེའི་ཕྱིར་སྐྱ
111	terminal-particle	21		འདིས་བཙོ་བའི་བྱ་བ་ཡང་བསལ་ཏེ། དེ་ལྟ་བས་ན་བྱ་བ་རྐྱེན་དང་ལྡན་པ་མི་འཐད་དོ། །
112	terminal-particle	36		དེ་ལ་འདི་སྙམ་དུ་རྐྱེན་དང་མི་ལྡན་པའི་བྱ་བ་ཡོད་པར་སེམས་ན། བཤད་པ། རྐྱེན་དང་མི་ལྡན་བ
113	terminal-particle	17		གལ་ཏེ་ཡོད་པར་གྱུར་ན་རྟག་ཏུ་ཐམས་ཅད་ལས་ཐམས་ཅད་སྐྱེ་བར་འགྱུར་རོ། །
114	terminal-particle	33		དེ་ལྟ་ཡིན་ན་རྩོམ་པ་ཐམས་ཅད་དོན་མེད་པ་ཉིད་དུ་འགྱུར་བས་དེ་ཡང་མི་འདོད་དེ། དེའི་ཕྱིར་
115	line-end	3		འདིར་སྨྲས་པ།
116	verse-stanza	22		རེ་ཞིག་རྐྱེན་རྣམས་ནི་ཡོད་དོ། །↵དེ་དག་ཡོད་པས་དངོས་པོ༌[^77]འགྲུབ་པོ། །↵དེ་གྲུབ་པས་
117	terminal-particle	23		བཤད་པ། བྱ་བ་མི་ལྡན་རྐྱེན་མ་ཡིན། །གང་དག་ལ་བྱ་བ་མེད་པ་དེ་དག་ནི་རྐྱེན་མ་ཡིན་ནོ། །
118	terminal-particle	40		ཇི་ལྟར་ཞེ་ན། མིག་ལ་སོགས་པ་ནི་སྐྱེ་བའི་བྱ་བ་སྒྲུབ་པར༌[^78]བྱེད་པས་རྣམ་པར་ཤེས་པའི་
119	terminal-particle	34		དེ་མེད་པའི་ཕྱིར་དེ་སྒྲུབ་པར་བྱེད་པ་ཡོད་པར་ག་ལ་འགྱུར། དེ་སྒྲུབ་པར་བྱེད་པ་མེད་པའི་
120	terminal-particle	28		སྐྱེ་བར༌[^80]བྱ་བའི་རྐྱེན་མ་ཡིན་ན་ཇི་ལྟར་རྐྱེན་དུ་འགྱུར། ཅི་སྟེ་འགྱུར་ན་ནི་ཐམས་ཅ
121	line-end	34		དེ་ལྟ་ཡིན་ན་ཐམས་ཅད་ལས་ཐམས་ཅད་སྐྱེ་བར་འགྱུར་བ་ཞིག་ན། དེ་ལྟར་ཡང་མི་འགྱུར་ཏེ། དེའི་
122	terminal-particle	29		སྨྲས་པ། ཅི་ཁོ་བོ་རྐྱེན་རྣམས་བྱ་བ་དང་མི་ལྡན་ནོ་ཞེས་སྨྲའམ། འདི་ལྟར་རྐྱེན་རྣམས་ནི་བ
123	terminal-particle	29		བཤད་པ། བྱ་བ་ལྡན་ནམ་འོན་ཏེ་ན་མ་ཡིན་ཞེས་བྱ་བའི་སྐབས་དེ་དང་སྦྱར་ཏེ་རྐྱེན་རྣམས་བྱ་བ་
124	terminal-particle	28		བྱ་བ་རྐྱེན་དང་ལྡན་པ་མ་ཡིན་པ་དང་རྐྱེན་དང་མི་ལྡན་པ་མེད་པ་དེ་ནི་སྔར་རབ་ཏུ་བསྟན་པ་ཁོ
125	terminal-particle	53		བྱ་བ་མེད་ན་ཇི་ལྟར་རྐྱེན་རྣམས་བྱ་བ་དང་ལྡན་པར་འགྱུར། དེ་ལྟར་ན་གང་གི༌[^82]ཕྱིར་བྱ་བ
126	line-end	63		འདིར་སྨྲས་པ། ཅིའི་རྐྱེན་རྣམས་བྱ་བ་དང་མི་ལྡན་ནོ་ཞེའམ། བྱ་བ་དང་ལྡན་ནོ་ཞེས་བྱ་བ་མི་
127	line-end	75		བཤད་པ། ཅི་ཁྱོད་ནམ་མཁའ་ལ་ཁུ་ཚུར་དག་གིས་བརྡེག་གམ། གང་གི་ཚེ་སྐྱེ་བའི་བྱ་བ་མེད་པ་ཁོ་
128	verse-stanza	14		ཇི་སྲིད་མི་སྐྱེ་དེ་སྲིད་དུ། །↵འདི་དག་རྐྱེན་མིན་ཇི་ལྟར་མིན། །
129	line-end	77		གལ་ཏེ་འདི་དག་ལ༌[^90]བརྟེན་ནས་སྐྱེ་བས་རྐྱེན་ཡིན་ནོ་ཞེས་དེ་ལྟར་རྟོག་ན། ཇི་སྲིད་དུ་
130	terminal-particle	40		ཅི་སྟེ་རྐྱེན་མ་ཡིན་པ་དག་ཀྱང་གཞན་འགའ་ཞིག་ལ་ལྟོས་ནས་རྐྱེན་དུ་འགྱུར་ཏེ། དེས་ན་ཐམས་ཅ
131	terminal-particle	35		གང་ཡང་རུང་བ་ལ་ལྟོས་ནས་རྐྱེན་མ་ཡིན་པ་ཡང་རྐྱེན་ཉིད་དུ་འགྱུར་ན། རྐྱེན་ཉིད་དེ་ལ་ཡང་ར
132	terminal-particle	49		ཐུག་པ་མེད་པའི་སྐྱོན་དུ་ཡང་འགྱུར་ཏོ།[^94] །གལ་ཏེ་གཞན་ཡང་གཞན་འགའ་ཞིག་ལ་ལྟོས་ནས་རྐྱ
133	line-end	9		དེའི་ཕྱིར་རྐྱེན་རྣམས་མི་འཐད་པ་ཁོ་ནའོ། །
134	line-end	17		ཡང་གཞན་ཡང་། མེད་དམ་ཡོད་པའི་དོན་ལ་ཡང་། །རྐྱེན་ནི་རུང་བ་མ་ཡིན་ནོ།[^95] །
135	verse-stanza	14		མེད་ན་གང་གི་རྐྱེན་དུ་འགྱུར། །↵ཡོད་ན་རྐྱེན་གྱིས་ཅི་ཞིག་བྱ། །
136	line-end	56		འདི་ལ་བརྟེན༌[^96]ནས་འདི་སྐྱེའོ་ཞེས་པའི༌[^97]འབྲེལ་པ་འདིས་དོན་འདིའི་རྐྱེན་འདིའོ་ཞ
137	verse-stanza	14		མེད་ན་གང་གི་རྐྱེན་དུ་འགྱུར། །↵ཡོད་ན་རྐྱེན་གྱིས་ཅི་ཞིག་བྱ། །
138	line-end	39		དངོས་པོ་མེད་པའི་རྐྱེན་དུ་བརྟགས༌[^98]ན་རྐྱེན་འདི་གང་གི་ཞེས་ཟེར་བ་ལ་ཇི་སྐད་བརྗོད་པ
139	line-end	89		སྨྲས་པ། རྒྱུ་སྤུན་དག་ལས་སྣམ་བུ་འབྱུང་བས་ཕྱིས་འབྱུང་བའི་ཚུལ་གྱིས་རྒྱུ་སྤུན་དག་སྣམ
140	verse-stanza	14		དངོས་པོ་སྐྱེ་བ་མེད་པ་ལ། །↵མེད་ན་གང་གི༌[^104]རྐྱེན་དུ་འགྱུར། །
141	terminal-particle	39		ཞེས་བྱ་བ་འདི་ཉེ་བར་གནས་པ་དེའི་ཚེ་དངོས་པོ་ཕྱིས་སྐྱེ་བར་འགྱུར་བ་དེ་ལ་ལྟོས་ནས་ཁྱེད་
142	terminal-particle	30		དེ་ལ་འདི་སྙམ་དུ་ཡོད་པའི་རྐྱེན་དུ་འགྱུར་སེམས་ན། བཤད་པ། ཡོད་ན་རྐྱེན་གྱིས་ཅི་ཞིག་བྱ
143	terminal-particle	24		འདི་ལྟར་ཡོད་པ་ལ་ཡང་རྐྱེན་གྱིས་ཅི་ཞིག་བྱ་སྟེ། སྣམ་བུ་གྲུབ་ཅིང་ཡོད་པའི་རྐྱེན་རྒྱུ་
144	line-end	6		ཞེས་བསྟན་པར་མི་རིགས་སོ། །
145	terminal-particle	44		སྨྲས་པ། ཁོ་བོ་སྐྱེས་པ་ལ་ཡང༌[^106]རྐྱེན་གྱི་བྱ་བ་ཡོད་དོ་ཞེས་མི་སྨྲ་སྟེ་འོན་ཀྱང་སྣ
146	terminal-particle	66		བཤད་པ། ཅི་ཁྱོད་རང་གི་ཆུང་མ་མ་བླངས་པར་བུའི་ཆུང་མ་བླང་བར་སེམས་སམ། དངོས་པོ་ཡོད་པ་སྐ
147	terminal-particle	8		ཞེས་བྱ་བ་དེ་འཐད་པར་འགྱུར་རོ། །
148	line-end	8		དེ་ལྟ་བས་ན་དེ་ཡང་གྱི་ནའོ། །
149	terminal-particle	20		འདིར་སྨྲས་པ། འདི་ལ་དངོས་པོ་རྣམས་ནི་མཚན་ཉིད་ལ༌[^111]འགྲུབ་ལ། རྒྱུ་ནི་སྒྲུབ་པར་བྱེ
150	line-end	32		ཞེས་རྒྱུའི་མཚན་ཉིད་ཀྱང་བསྟན་པས་དེ་ལྟར་མཚན་ཉིད་ཡོད་པའི་རྒྱུ་ཡོད་དེ། བཤད་པ། གང་ཚེ་
151	verse-stanza	14		ཇི་ལྟར་སྒྲུབ་བྱེད་རྒྱུ་ཞེས་བྱ། །↵དེ་ལྟར་ཡིན་ན་མི་རིགས་སོ། །
152	terminal-particle	29		འདི་ལ་ཆོས་གང་རྒྱུས་སྒྲུབ་པར་གྱུར་ན་དེ་ཡོད་པའམ་མེད་པའམ་ཡོད་མེད་ཅིག་སྒྲུབ་པར་འགྱུར
153	terminal-particle	17		དེ་ལ་རེ་ཞིག་ཡོད་པ་ནི་སྒྲུབ་པར་མི་བྱེད་དེ། སྐྱེས་ཟིན་པའི་ཕྱིར་རོ། །
154	terminal-particle	32		འདི་ལྟར་སྐྱེས་པ་ལ་ཡང་སྐྱེ་བས་ཅི་བྱ་སྟེ། [^113]ཅི་སྟེ་ཡོད་ཀྱང་ཡང་སྐྱེ་བ་ནི༌[^114]
155	terminal-particle	27		རྒྱུར་བསྟན་དུ་ཡང་མི་འཐད་དེ། འདི་ལྟར་ཡོད་པ་ལ་རྒྱུས་ཅི་བྱ། འདི་ལྟར༌[^115]རེ་ཞིག་ཡོ
156	terminal-particle	14		ད་ནི་མེད་པ་ཡང་སྒྲུབ་པར་མི་བྱེད་དེ་མེད་པའི་ཕྱིར་རོ། །
157	terminal-particle	16		ཅི་སྟེ་མེད་ཀྱང་སྐྱེ་ན༌[^116]ནི་རི་བོང་གི་རྭ་ཡང་སྐྱེ་བར་འགྱུར་རོ། །
158	line-end	19		གལ་ཏེ་དངོས་པོ་ནི་རྒྱུ་ལས་སྐྱེའོ་ཞེ་ན། མི་རུང་སྟེ། རྒྱུ་མི་འཐད་པའི་ཕྱིར་རོ། །
159	terminal-particle	35		འདི་ལྟར་དངོས་པོ་མེད་ན་གང་གི་རྒྱུར་ཅི་འགྱུར། ཡང་ན་ཅི་ཞིག་བྱས་ན་རྒྱུའི་རྒྱུ་ཉིད་དུ
160	terminal-particle	28		འདི་ནི་མ་ཡིན་ནོ་ཞེས་བྱེ་བྲག་བསྟན་པ་དེ་ཡོད་པར་ག་ལ་འགྱུར། དེ་ལྟ་བས་ན་མེད་པ་ཡང་སྒྲུ
161	terminal-particle	33		ད་ནི་ཡོད་མེད་ཀྱང་སྒྲུབ་པར་མི་བྱེད་དེ། ཡོད་པ་དང་མེད་པ་གཉིས་ལྷན་ཅིག་འབྱུང་བ་འགལ་བའ
162	terminal-particle	11		དེ་ལྟར་ན་ཡོད་མེད་ཀྱང་སྒྲུབ་པར་མི་བྱེད་དོ། །
163	line-end	21		དེའི་ཕྱིར་དེ་ལྟར་བརྟགས་ན་གང་གི་ཚེ་དངོས་པོ་གྲུབ་པ་ཇི་ལྟར་ཡང་མི་འཐད་པ་དེའི་ཚེ།
164	verse-stanza	14		ཇི་ལྟར་སྒྲུབ་བྱེད་རྒྱུ་ཞེས་བྱ། །↵དེ་ལྟར་ཡིན་ན་མི་རིགས་སོ། །
165	line-end	15		དེ་ལྟར་ཡིན་ན་སྒྲུབ་པར་བྱེད༌[^119]རྒྱུ་ཞེས་བྱ་བ་དེ་མི་རིགས་སོ། །
166	terminal-particle	21		འདིར་སྨྲས་པ། དམིགས་པ་ནི་ཡོད་དེ། རྣམ་པར་ཤེས་པ་ལ་སོགས་པའི་གནས་སུ་གྱུར་པའི་ཕྱིར་རོ།
167	line-end	2		བཤད་པ།
168	verse-stanza	14		ཡིན་པའི་ཆོས་ནི་དམིགས་པ་ནི། །↵མེད་པ་ཁོ་ནར་ཉེ་བར་བསྟན། །
169	terminal-particle	14		འདི་ལ་དམིགས་པ་དང་བཅས་པར་ཞེས་བྱ་བའི༌[^120]ཚིག་གི་ལྷག་མའོ། །
170	terminal-particle	18		ཡིན་པའི་ཆོས་འདི་དམིགས་པ་ཁོ་ན་ལས་དམིགས་པ་དང་བཅས་པར་ཉེ་བར་བསྟན་ཏོ། །
171	terminal-particle	24		ཡིན་པའི་ཆོས་འདི་དམིགས་པ་མེད་པ་ཁོ་ན་ལས་ཁྱོད་ཀྱིས་རང་གི་བློ༌[^121]དམིགས་པ་དང་བཅས་པ
172	terminal-particle	25		ཇི་ལྟ༌[^122]ཞེ་ན་འདི་ལ་དམིགས་པ་དང་བཅས་པ་ཞེས་བྱ་བ་ནི་དམིགས་པ་ཡོད་པ་ཞེས་བྱ་བའི་ཐ་ཚ
173	terminal-particle	17		ཆོས་ཡོད་པ་ནི་དམིགས་པ་དང་བཅས་པར་འགྱུར་གྱི་མེད་པ་ནི་མི་འགྱུར་རོ། །
174	terminal-particle	20		དམིགས་པ་དང་བཅས་པའི་སྔོན་རོལ་ན་དམིགས་པ་མེད་པས་དེ་ནི་དམིགས་པ་མེད་པ་ཡིན་ནོ། །
175	terminal-particle	18		འདི་ལྟ་སྟེ། དཔེར་ན་ནོར་ཡོད་པ་ནི་ནོར་དང་བཅས་པ་སྟེ་ནོར་ཅན་ཞེས་བྱའོ། །
176	terminal-particle	15		འགའ་ཞིག་ཡོད་ན་ནོར་དང་བཅས་པར་འགྱུར་གྱི། མེད་ན་མི་འགྱུར་རོ། །
177	terminal-particle	19		ནོར་དང་བཅས་པའི་སྔོན་རོལ་ན་ནོར་མེད་པས་དེ་ནི་ནོར་མེད་པ་ཡིན་པ་བཞིན་ནོ། །
178	terminal-particle	29		དེའི་ཕྱིར་དམིགས་པ་མེད་པ་ཁོ་ན་ཡིན་པའི་ཆོས་འདི་ལ་ཁྱེད་རང་གི་རྣམ་པར་རྟོག་པས་དམིགས་པ
179	line-end	8		དེ་ལ་ཁོ་བོས་བཤད་པར་བྱ་སྟེ།
180	verse-stanza	14		དེ་ལྟར་ཆོས་ནི་དམིགས་མེད་ན། །↵དམིགས་པ་ཡོད་པར་ག་ལ་འགྱུར། །
181	terminal-particle	9		དེ་ལྟར་ཞེས་བྱ་བའི་སྒྲ་ནི་དྲི་བའོ། །
182	line-end	31		ག་ལ་འགྱུར་ཞེས་བྱ་བ༌[^123]གཏན་ཚིགས་བསྟན་པ་སྟེ། དེ་ལྟར་ཆོས་དམིགས་པ་མེད་པར་གྲུབ་ན་ཅ
183	terminal-particle	40		སྨྲས་པ། ཁྱོད་ཉིད་གཞུང་ལུགས་ཁོང་དུ་མ་ཆུད་པ་ཁོ་ནས་ལོག་པར་རྟོག་གི །ཁོ་བོ་ནི་དམིགས་པ
184	terminal-particle	37		དེའི་དོན་ནི་འདི་ཡིན་ཏེ་ཆོས་གྲུབ་པ་ནི༌[^124]གཞི་གང་གིས་སྒྲུབ་པར་བྱེད་པ་དེ་ནི་དེའི
185	line-end	6		བཤད་པ། དེ་མི་འཐད་དེ།
186	verse-stanza	20		དེ་ལ་ཡང་བཤད་པར་བྱའོ། །↵དེ་ལྟར་ཆོས་ནི་དམིགས་མེད་ན། །↵དམིགས་པ་ཡོད་པར་ག་ལ་འགྱུར། །
187	terminal-particle	42		དེ་ལྟར་ཆོས་དམིགས་པ་མེད་དེ་ཡོད་པ་མ་ཡིན་ཞིང་མངོན་པར་མ་གྲུབ་ན་དམིགས་པ་ཡོད་པར་འཐད་པར
188	line-end	50		མངོན་པར་མ་གྲུབ་ཅིང་མེད་པ་དེ་ལ་དམིགས་པ་ཡོད་པར་ག་ལ་འགྱུར། དམིགས་པ་མེད་ན་ཇི་ལྟར་དམི
189	terminal-particle	19		འདིར་སྨྲས་པ། དངོས་པོ་གཞན་འགགས་མ་ཐག་པ༌[^125]ནི་དངོས་པོ་གཞན་སྐྱེ་བའི་རྐྱེན་ཡིན་ནོ།
190	terminal-particle	13		དེ་ནི་དེ་མ༌[^126]ཐག་པ་ཞེས་བྱ་བ་སྟེ་དེ་ཡོད་དོ། །
191	line-end	2		བཤད་པ།
192	verse-stanza	28		ཆོས་རྣམས་སྐྱེས་པ་མ་ཡིན་ན། །↵འགག་པ་འཐད་པར་མི་འགྱུར་རོ། །↵དེ་ཕྱིར་དེ་མ་ཐག་མི་རིགས།
193	verse-stanza	21		དེ་ལ་རྩ་བ་འོག་མ་གཉིས། །↵འགགས་ན་རྐྱེན་ཡང་གང་ཞིག་ཡིན། །↵དེ་ཕྱིར་དེ་མ་ཐག་མི་རིགས། །
194	terminal-particle	6		ཞེས་བསྣོར་བར་བལྟ་བར་བྱའོ། །
195	terminal-particle	15		[^127]ཞེས་བྱ་བའི་སྒྲ་ནི་འདིར་མ་སྐྱེས་པ་ལ་ལྟོས་པར༌[^128]བལྟ་བར༌[^129]བྱའོ། །
196	line-end	9		དེ་ཡང་མ་སྐྱེས་པའི་སྒྲ་ལ་ལྟོས༌[^130]ནས།
197	verse-stanza	14		འགགས་ན་རྐྱེན་ཡང་གང་ཞིག་ཡིན། །↵མ་སྐྱེས་པའི་རྐྱེན་གང་ཞིག་ཡིན། །
198	terminal-particle	5		ཞེས་བྱ་བར་སྦྱར་རོ། །
199	line-end	16		དེ་གཉིས་ནི་ཚིགས་སུ་བཅད་པ་སྦྱར་བའི་ཕྱིར་གོ་རིམས་བཞིན་མ་བྱས་སོ། །
200	terminal-particle	26		དངོས་པོ་གཞན་འགག༌[^131]མ་ཐག་པ་ནི་དངོས་པོ་གཞན་སྐྱེ་བའི་རྐྱེན་ཡིན་ནོ་ཞེས་སྨྲས་པ་གང་
201	line-end	6		ཅིའི་ཕྱིར་ཞེ་ན། འདི་ལྟར།
202	verse-stanza	21		ཆོས་རྣམས་སྐྱེས་པ་མ་ཡིན་ན། །↵འགག་པ༌[^132]འཐད་པར་མི་འགྱུར་རོ། །↵འགགས་ན་རྐྱེན་ཡང་གང
203	line-end	120		འགག་པ༌[^133]ཞེས་བྱ་བ་ནི་མེད་པ་སྟེ། དེ་ལ་གལ་ཏེ་མྱུ་གུ་སྐྱེ་བའི་སྔོན་རོལ་དུ་ས་བོན་
204	terminal-particle	43		སྨྲས་པ། གལ་ཏེ་མྱུ་གུ་སྐྱེས་མ་ཐག་ཏུ་ས་བོན་འགག་པར་འགྱུར་ན། དེ་ལྟ་ན་ཡང་དེ་མ་ཐག་འགྲུ
205	terminal-particle	83		བཤད་པ། དེ་ཡང་མི་འཐད་དེ། ཅིའི་ཕྱིར་ཞེ་ན། སྐྱེས་ནའང་རྐྱེན་དུ་ཇི་ལྟར་འགྱུར༌[^136]ཏེ
206	line-end	59		ཅི་སྟེ་ས་བོན་འགག་བཞིན་པ་ན་མྱུ་གུ་སྐྱེ་བས་དེས་ན་རྒྱུ་མེད་པའི་རྐྱེན་དུ༌[^138]མི་འག
207	terminal-particle	39		དངོས་པོ་གཉིས་ཡོད་ན། དེ་མ་ཐག་པའི་རྐྱེན་ཉིད་དུ་ཇི་ལྟར་འགྱུར། སྐྱེ་བ་དང་འགག་པ་གཉིས་
208	terminal-particle	45		དེའི་ཕྱིར་དེ་མ་ཐག་མི་རིགས། དེ་ལྟར་གང་གི་ཕྱིར་རྣམ་པ་ཐམས་ཅད་དུ་བརྟགས་ན་དེ་མ་ཐག་པ་མ
209	line-end	39		ཡང་ན་འདི་ནི་དོན་གཞན་ཡིན་ཏེ། འདི་ལ་དངོས་པོ་རྣམས་མ་སྐྱེས་པ་ཞེས་བྱ་བ་དེ་ནི་སྔར་བསྒྲ
210	line-end	2		བཤད་པ།
211	verse-stanza	14		ཆོས་རྣམས་སྐྱེས་པ་མ་ཡིན་ན། །↵འགག་པ་འཐད་པར་མི་འགྱུར་རོ། །
212	terminal-particle	54		དངོས་པོ་རྣམས་སྐྱེས་པ་མ་ཡིན་ཞིང་མེད་ན་འགག་པ་འཐད་པར་མི་འགྱུར་ཏེ། མེད་པ་ལ་ཅི་ཞིག་འག
213	line-end	42		དེ་ནི༌[^142]འགག་པར་རྟོག་ན་ཡང་དེ་མ་ཐག་པ་མི་རིགས་ཏེ། ཇི་ལྟར་ཞེ་ན། འགགས་ན་རྐྱེན་ཡང་
214	terminal-particle	9		འདིར་སྨྲས་པ། བདག་པོ་ཉིད་ནི་ཡོད་དོ། །
215	terminal-particle	35		བདག་པོའི་དངོས་པོ་ནི་བདག་པོ་ཉིད་དེ། དེ་ཡང་མདོར་བསྡུ་ན་གང་ཡོད་ན་གང་འབྱུང་བ་དང་། གང
216	line-end	2		བཤད་པ།
217	verse-stanza	28		དངོས་པོ་རང་བཞིན་མེད་རྣམས་ཀྱི། །↵ཡོད་པ་གང་ཕྱིར་ཡོད་མིན་ན། །↵འདི་ཡོད་པས་ན་འདི་འབྱུ
218	terminal-particle	24		འདི་ལ་དངོས་པོ་རྣམས་ཀྱི་རང་བཞིན་མེད་པ་ཉིད་ནི་སྔར་ཡང་ཀུན་ཏུ་བསྟན་ཅིང་ཕྱིས་ཀྱང་རྒྱ་
219	line-end	22		དེའི་ཕྱིར་དེ་རབ་ཏུ་གྲུབ་པར་བྱས་ནས་དངོས་པོ་རང་བཞིན་མེད་པ་རྣམས་ཀྱིས་ཞེས་བྱ་བ་གསུངས
220	terminal-particle	44		དེ་ལྟར་གང་གི་ཕྱིར་དངོས་པོ་རང་བཞིན་མེད་པ་རྣམས་ཀྱིས༌[^144]ཡོད་པ་ཞེས་བྱ་བ་ཡོད་པའི་ད
221	terminal-particle	52		འདི་ཡོད་པས་ཞེས་བྱ་བ་འདི་ལ་མེད་ན་འདི་འབྱུང་ཞེས་བྱ་བ་དེ་འཐད་པར་ག་ལ་འགྱུར། འདི་ཡོད་
222	terminal-particle	35		འདིར་སྨྲས་པ། རྐྱེན་གྱི་དངོས་པོ་རྣམས་འདི་ལྟར་གྲུབ་པར༌[^145]བྱེད་དོ་ཞེས་བྱ་བ་དེ་སྨ
223	line-end	57		ཅིའི་ཕྱིར་ཞེ་ན། དེ་དག་ལས་འབྲས་བུ་སྐྱེ་བའི་ཕྱིར་ཏེ། འདི་ན་ས་བོན་ལ་སོགས་པ་རྐྱེན་རྣ
224	line-end	2		བཤད་པ།
225	verse-stanza	28		རྐྱེན་རྣམས་སོ་སོ་འདུས་པ་ལས། །↵འབྲས་བུ་དེ་ནི་མེད་པ་ཉིད། །↵རྐྱེན་རྣམས་ལ་ནི་གང་མེད་
226	terminal-particle	13		ཉིད་ཅེས་བྱ་བའི་སྒྲ་ནི་ཁོ་ན་ཞེས་བྱ་བའི་དོན་ཏོ། །
227	terminal-particle	23		སོ་སོ་བ་དག་ལ་ཡང་མེད་པ་ཁོ་ན་ཡིན་ལ། འདུས་པ་དག་ལ་ཡང་མེད་པ་ཁོ་ནའོ་ཞེས་བྱའོ། །
228	line-end	139		ཁྱོད་ཀྱིས་རྐྱེན་རབ་ཏུ་བསྒྲུབ་པའི་ཕྱིར་འབྲས་བུ་སྐྱེ་བར་བསྟན་པ་གང་ཡིན་པ་དེ་ཉིད་མི་
229	terminal-particle	88		ཡང་གཞན་ཡང་གལ་ཏེ་རྐྱེན་རྣམས་ལ་འབྲས་བུ་དེ་ཡོད་པར་གྱུར་ན། རྐྱེན་དུ་མའི་འབྲས་བུ་གང་ཡ
230	line-end	58		ཅི་སྟེ་རྐྱེན་རྣམས་ལ་འབྲས་བུའི་ཆ་ཤས༌[^151]ཡོད་པར་བརྟགས༌[^152]ན་ནི། དེ་ལྟ་ན་ཡང་མི་
231	line-end	38		ཅི་སྟེ་རྐྱེན་རྣམས་ལ་འབྲས་བུ་མེད་ཀྱང་རྐྱེན་རྣམས་ལས་སྐྱེ་སྟེ། འབྲས་བུ་སྐྱེ་བ་ལ་ལྟོ
232	verse-stanza	28		ཅི་སྟེ་དེ་ནི་མེད་པར་ཡང་། །↵རྐྱེན་དེ་དག་ལས་སྐྱེ་འགྱུར་ན། །↵རྐྱེན་མིན་ལས་ཀྱང་འབྲས་
233	terminal-particle	32		འདི་ལ་འབྲས་བུ་ཡོད་པ་ལས་རྐྱེན་དང་རྐྱེན་མ་ཡིན་པའི་བྱེ་བྲག་ཏུ་འགྱུར་ན། འབྲས་བུ་དེ་ཡ
234	quote-open	45		དེ་དག་ལ་མེད་བཞིན་དུ་གལ་ཏེ་རྐྱེན་རྣམས་ལས་འབྲས་བུ་སྐྱེ་ན་ནི་རྐྱེན་མ་ཡིན་པ་རྣམས་ལས་
235	terminal-particle	31		རྐྱེན་རྣམས་ལས་ནི་འབྲས་བུ་སྐྱེ་ལ་རྐྱེན་མ་ཡིན་པ་རྣམས་ལས་ནི་མི་སྐྱེ་བ་ཞེས་བྱ་བ་དེ་ན
236	line-end	21		དེའི་ཕྱིར་འབྲས་བུ་སྐྱེ་བ་མི་འཐད་དེ། འབྲས་བུ་སྐྱེ་བ་མེད་ན་རྐྱེན་འགྲུབ་པར་ག་ལ་འགྱུ
237	terminal-particle	17		འདིར་སྨྲས་པ། རྐྱེན་རྣམས་ལ་འབྲས་བུ་ཡོད་པ་དང་མེད་པའི༌[^157]རྐྱེན་རྣམས་ལས་སྐྱེའོ། །
238	terminal-particle	4		ཞེས་ནི་མི་སྨྲའོ། །
239	terminal-particle	18		འབྲས་བུ་ནི་རྐྱེན་རྣམས་ལས་གྱུར་པའི༌[^158]རྐྱེན་གྱི་བདག་ཉིད་རྐྱེན་ལས་བྱུང་བ་ཡིན་ནོ
240	terminal-particle	2		ཞེས་སྨྲའོ། །
241	terminal-particle	31		དེ་ལྟ་ཡིན་ནི༌[^159]སྣམ་བུ་ནི་རྒྱུ་སྤུན་ལས་གྱུར་པ་རྒྱུ་སྤུན་གྱི་བདག་ཉིད་ལས་བྱུང་བ
242	line-end	9		བཤད་པ། འབྲས་བུ་རྐྱེན་ལས་བྱུང་ཡིན་ནོ།[^160] །
243	verse-stanza	21		རྐྱེན་རྣམས་རང་ལས་བྱུང་མ་ཡིན། །↵རང་བྱུང་མིན་ལས༌[^161]འབྲས་བུ་གང་། །↵དེ་ནི་ཇི་ལྟར་
244	line-end	56		འབྲས་བུ་རྐྱེན་ལས་གྱུར་པ་རྐྱེན་གྱི་བདག་ཉིད་ལས་བྱུང་བ་མ་ཡིན་པར་བརྟགས༌[^162]ན། རྐྱེ
245	line-end	163		རྐྱེན་རང་ལས་གྱུར་པ་མ་ཡིན་པ། རང་ཉིད་རབ་ཏུ་གྲུབ་པ་མ་ཡིན་པ། རང་གི་བདག་ཉིད་མ་ཡིན་པ། 
246	verse-stanza	21		སྣམ་བུ་རྒྱུ་ལས་གྲུབ་ཡིན་ན། །↵རྒྱུ་ཡང་གཞན་ལས་གྲུབ་པ་ཡིན། །↵གང་ལ་རང་ལས་གྲུབ་མེད་པ།
247	line-end	10		དེ་ཡིས༌[^170]གཞན་ནི་ཇི་ལྟར་བསྐྱེད།[^171] །ཅེས་གསུངས་སོ། །
248	terminal-particle	40		དེ་ལྟར་གང་གི་ཕྱིར་རྐྱེན་རྣམས་རང་ཉིད་རབ་ཏུ་མ་གྲུབ་རང་ལས་བྱུང་བ་མ་ཡིན་ཞིང་ངོ་བོ་ཉི
249	line-end	77		དེ་ལ་འདི་སྙམ་དུ་འབྲས་བུ་རྐྱེན་མ་ཡིན་པ་ལས༌[^173]བྱུང་བར་སེམས་ན། བཤད་པ། རྐྱེན་མིན་
250	terminal-particle	25		སྨྲས་པ། རྐྱེན་རྣམས་ནི་ཡོད་པ་ཁོ་ན་ཡིན་ཏེ། ཅིའི་ཕྱིར་ཞེ་ན། རྐྱེན་དང་རྐྱེན་མ་ཡིན་པ་
251	terminal-particle	61		འདི་ན་རྐྱེན་དང་རྐྱེན་མ་ཡིན་པ་ངེས་པ་མཐོང་སྟེ། འབྲུ་དག་ལས་འབྲུ་མར་ཁོ་ན་འབྱུང་གི་མར
252	line-end	19		འདི་དག་ནི་འདིའི་རྐྱེན་མ་ཡིན་ནོ་ཞེས་བྱ་བ་དེ་ཡོད་པས་དེའི་ཕྱིར་རྐྱེན་འགྲུབ་བོ། །
253	terminal-particle	68		བཤད་པ། འབྲས་བུ་མེད་པས་ན། །རྐྱེན་མིན་རྐྱེན་དུ་ག་ལ་འགྱུར། །འདི་ལ་ཁྱོད་ཀྱིས་འབྲུ་མར
254	terminal-particle	7		འདི་དག་ནི་འདིའི་རྐྱེན་ཡིན་ནོ། །
255	terminal-particle	25		ཞེས་བྱ་བ་དེ་འཐད་པར་ག་ལ་འགྱུར། འབྲས་བུ་ལ་ལྟོས༌[^176]ནས་དེ་གཉིས་སུ་འགྱུར་ན༌[^177]འ
256	terminal-particle	35		འབྲས་བུ་མེད་པས་ན་རྐྱེན་མ་ཡིན་པ་དང་རྐྱེན་དུ་ག་ལ་འགྱུར། དེ་ལྟ་བས་ན་འབྲས་བུ་ཡང་མི་འ
257	line-end	36		འབྲས་བུ་དང་རྐྱེན་དང་རྐྱེན་མ་ཡིན་པ་དག་མེད་པས་སྐྱེ་བར་བརྗོད་པ་ནི་ཐ་སྙད་ཙམ་དུ་གྲུབ་
258	line-end	56		སྨྲས་པ། ཁྱེད་ཀྱིས་སྐྱེ་བ་མེད་པའི་རིགས་པ་འདི་རྗེས་སུ་རབ་ཏུ་བསྟན་པས་ཁོ་བོའི་ཡིད་སྟ
259	verse-stanza	14		རེ་ཞིག་སོང་ལ་འགྲོ་མེད་དེ། །↵མ་སོང་བ་ལའང་འགྲོ་བ་མེད། །
260	line-end	36		འདི་ལ་གལ་ཏེ་འགྲོ་བ་ཞིག་ཡོད་པར་གྱུར་ན། དེ་སོང་བ་ལའམ། མ་སོང་བ་ལ་ཡོད་པར་འགྱུར་གྲང་ན
261	verse-stanza	27		འགྲོ་བའི་བྱ་བ་འདས་ཟིན་པའི་ཕྱིར་རོ། །↵མ་སོང་བ་ལ་ཡང་འགྲོ་བ་མེད་དེ།↵འགྲོ་བའི་བྱ་བ་མ
262	terminal-particle	28		སྨྲས་པ། དེ་ནི་དེ་བཞིན་ཏེ། སོང་བ་དང་མ་སོང་བ་ལ་འགྲོ་བ་མེད་མོད་ཀྱི། འོན་ཀྱང་བགོམ་པ་
263	line-end	2		བཤད་པ།
264	verse-stanza	14		སོང་དང་མ་སོང་མ་གཏོགས་པར། །↵བགོམ་པ་ཤེས་པར་མི་འགྱུར་རོ། །
265	terminal-particle	15		སོང་བ་དང་མ་སོང་བ་མ་གཏོགས་པར་བགོམ་པ་ཅི་ཞིག༌[^180]ཡོད་དོ། །
266	terminal-particle	5		ཤེས་པར་མི་འགྱུར་རོ། །
267	terminal-particle	11		ཇི་ལྟར་ཞེ་ན། འདི་ལྟར། ཤེས་པར་མི་འགྱུར་རོ། །
268	terminal-particle	18		ཞེས་བྱ་བ་ནི། གཟུང་དུ་མེད་པས་ཏེ་མི་འཐད་དོ་ཞེས་བྱ་བའི་ཐ་ཚིག་གོ། །
269	line-end	38		དེ་ལྟར་གང་གི་ཕྱིར་སོང་བ་དང་མ་སོང་བ་མ་གཏོགས་པར་བགོམ་པ་གཟུང་དུ་མེད་པ་ཁོ་ན་སྟེ༌[^18
270	terminal-particle	14		སྨྲས་པ། བགོམ་པ་ཁོ་ན་ཡིན་ཏེ། དེ་ལ་འགྲོ་བ་ཡོད་དོ། །
271	line-end	4		ཇི་ལྟར་ཞེ་ན།
272	verse-stanza	28		གང་ན་གཡོ་བ་དེ་ན་འགྲོ། །↵དེ་ཡང་གང་གི་བགོམ་པ་ལ། །↵གཡོ་བ་སོང་མིན་མ་སོང་མིན། །↵དེ་ཕྱ
273	terminal-particle	54		འདི་ལ་ཁྱོད་ཀྱི་འགྲོ་བ་མེད་པའི་གཏན་ཚིགས་སུ་འགྲོ་བའི་བྱ་བ་འདས་ཟིན་པ་དང་མ་བརྩམས་པ་བ
274	terminal-particle	15		གང་གི་ཞེས་བྱ་བ་ནི་འགྲོ་བ་པོའི་ཞེས་བྱ་བའི་ཐ་ཚིག་གོ། །
275	terminal-particle	38		དེ་ལྟར་གང་གི་ཕྱིར་གཡོ་བ་ནི་སོང་བ་ལ༌[^183]མེད། མ་སོང་བ་ལ་ཡང་མེད་ཀྱི་བགོམ་པ་ལ་ཡོད་
276	line-end	13		དེ་ལྟར་འགྲོ་བ་ཡོད་པས་བགོམ་པ་ལ་འགྲོ་བ་ཡོད་དོ། །
277	line-end	2		བཤད་པ།
278	verse-stanza	28		བགོམ་ལ་འགྲོ་བ་ཡོད་པར་ནི། །↵ཇི་ལྟ༌[^184]བུར་ན་འཐད་པར་འགྱུར། །↵གང་ཚེ་འགྲོ་བ་མེད་པ་
279	terminal-particle	69		འདི༌[^185]ལ་ཁྱོད་འགྲོ་བ་དང་ལྡན་པས་བགོམ་པར་འདོད་ལ་དེ་ལ་འགྲོ་བ་ཡོད་དོ་ཞེས་ཟེར་ན་འད
280	line-end	51		དེ་ཡང་མི་འཐད་དེ། འདི་ལྟར་འགྲོ་བ་མེད་པར་ཇི་ལྟར་འགྲོ་བར་འགྱུར། དེ་ལ་གང་གི་ཚེ་འགྲོ་
281	line-end	5		ཡང་གཞན་ཡང་། བཤད་པ།
282	verse-stanza	14		གང་གི་བགོམ་ལ་འགྲོ་ཡོད་པ། །↵དེ་ཡི་བགོམ་ལ༌[^187]འགྲོ་མེད་པར། །
283	terminal-particle	14		ཐལ་བར་འགྱུར་ཏེ་གང་གི་ཕྱིར།[^188] །བགོམ་པ་ཁོང་དུ་ཆུད་ཕྱིར་རོ། །
284	terminal-particle	98		གང་གི་བློ་ལ་སྐྱོན་དེར་གྱུར་ན་མི་རུང་ངོ་སྙམ་པས་འགྲོ་བ་ཞེས་བྱ་བ་དེ་འགྲོ་བ་དང་ལྡན་པ
285	terminal-particle	10		ཞེས་བྱ་བ་དེ་ཇི་ལྟར་ཡང་མི་འཐད་དོ། །
286	line-end	41		ཅི་སྟེ་སྐྱོན་དེར་གྱུར་ན་མི་རུང་ངོ་སྙམ་པས་འགྲོ་ཞེས་བྱ་བ་དེ་དང་བགོམ་པ་ཞེས་བྱ་བ་དེ་
287	verse-stanza	28		བགོམ་ལ་འགྲོ་བ་ཡོད་ན་ནི། །↵འགྲོ་བ་གཉིས་སུ་ཐལ༌[^190]འགྱུར་ཏེ། །↵གང་གིས་བགོམ་པ་དེ་ད
288	terminal-particle	46		བགོམ་པ་འགྲོ་བ་དང་ལྡན་པ་ལ་འགྲོ་བར་བརྟགས༌[^191]ན། འགྲོ་བ་གཉིས་སུ་ཐལ་བར་འགྱུར་ཏེ། འ
289	terminal-particle	15		འགྲོ་བ་གཉིས་སུ་ནི་མི་འདོད་པས་དེའི་ཕྱིར་དེ་ཡང་མི་འཐད་དོ། །
290	line-end	8		དེ་ལ་སྐྱོན་གཞན་འདི་ཡང་ཡོད་དོ།[^192] །
291	line-end	2		བཤད་པ།
292	verse-stanza	28		འགྲོ་བ་གཉིས་སུ་ཐལ་འགྱུར༌[^193]ན། །↵འགྲོ་བ་པོ་ཡང་གཉིས་སུ་འགྱུར། །↵གང་ཕྱིར་འགྲོ་པོ
293	line-end	22		འགྲོ་བ་གཉིས་སུ་ཐལ་བར་འགྱུར༌[^194]ན་འགྲོ་བ་པོ་ཡང་གཉིས་སུ་ཐལ་བར་འགྱུར་ཏེ། ཅིའི་ཕྱི
294	verse-stanza	14		གང་ཕྱིར་འགྲོ་པོ་མེད་པར་ནི། །↵འགྲོ་བ་འཐད་པར་མི་འགྱུར་ཕྱིར། །
295	terminal-particle	65		གང་གི་ཕྱིར་འགྲོ་བ་པོ་ཡོད་ན་འགྲོ་བ་ཡང་ཡོད་ཀྱི། འགྲོ་བ་པོ་སྤངས་ན་འགྲོ་བ་མེད་པ་དེའི
296	line-end	26		གང་གི་ཕྱིར་སོང་བ་དང་མ་སོང་བ་དང་བགོམ་པ་ལ་འགྲོ་བ་མི་འཐད་པ་དེའི་ཕྱིར་འགྲོ་བ་མེད་པ་ཁ
297	terminal-particle	44		འདིར་སྨྲས་པ། སོང་བ་དང་མ་སོང་བ་དང་བགོམ་པ་ལ་འགྲོ་བ་མི་འཐད་དུ་ཟིན་ཀྱང་། འགྲོ་བ་པོ་ལ
298	line-end	2		བཤད་པ།
299	verse-stanza	14		གལ་ཏེ་འགྲོ་པོ་མེད་གྱུར་ན། །↵འགྲོ་བ་འཐད་པར་མི་འགྱུར་ཏེ། །
300	terminal-particle	18		འགྲོ་པོ་མེད་པར་གྱུར་ན་འགྲོ་བ་འཐད་པར་མི་འགྱུར་བར་ནི་སྔར་བསྟན་ཟིན་ཏོ། །
301	line-end	82		གལ་ཏེ་འགྲོ་བ་པོ་མེད་པར་གྱུར་ན་འགྲོ་བ་འཐད་པར་མི་འགྱུར་ན་གང་འགྲོ་བ་པོ་ལ་བརྟེན༌[^19
302	line-end	3		འདིར་བཤད་པ།
303	verse-stanza	14		འགྲོ་བ་མེད་ན་འགྲོ་བ་པོ། །↵ཡོད་པ་ཉིད་དུ་ག་ལ་འགྱུར། །
304	line-end	98		གལ་ཏེ་རྟེན་ཅུང་ཟད་ཀྱང་མེད་པའི་འགྲོ་བ་ཞིག་རབ་ཏུ་གྲུབ་པར་གྱུར་ན་ནི་དེ་དང་འགྲོ་བ་པོ
305	terminal-particle	12		སྨྲས་པ། སྤྲོས་པ་འདིས་ཅི་བྱ། གང་ལ་ལྟོས་ནས་འགྲོའོ། །
306	terminal-particle	8		ཞེས་བྱ་བ་དེ་འགྲོ་བ་ཡིན་ནོ། །
307	line-end	72		འདིར་བཤད་པ། གལ་ཏེ་འགྲོ་པོ་ཞེས་བྱ་བ་དེ་ཉིད་རབ་ཏུ་གྲུབ་པར་གྱུར་ན་ནི་དེས་ན་འགྲོ་བ་ཡ
308	verse-stanza	28		རེ་ཞིག་འགྲོ་པོ་མི་འགྲོ་སྟེ། །↵འགྲོ་བ་པོ་མིན་འགྲོ་པོ་མིན། །↵འགྲོ་པོ་འགྲོ་པོ་མིན་ལ
309	terminal-particle	20		དེ་བས་ན་འགྲོའོ་ཞེས་བྱ་བ་ཉིད་མི་འགྲུབ་པོ། །ཅིའི་ཕྱིར་ཞེ་ན། མི་འཐད་པའི་ཕྱིར་རོ། །
310	line-end	4		ཇི་ལྟར་ཞེ་ན།
311	verse-stanza	27		རེ་ཞིག་འགྲོ་པོ་འགྲོའོ་ཞེས། །↵ཇི་ལྟར་འཐད་པ་ཉིད་དུ་འགྱུར། །↵འགྲོ་བ་མེད་ན་འགྲོ་བ་པོ
312	terminal-particle	6		འདི་ལ་འགྲོ་བ་པོ་འགྲོའོ། །
313	line-end	57		ཞེས་བྱ་བ་ལ། འགྲོ་བའི་བྱ་བ་གཅིག་པུ་ཞིག་ཡོད་པ་དེ་ནི་འགྲོ༌[^199]ཞེས་བྱ་བ་དེ་ལ་ཉེ་བར
314	line-end	41		དེའི་ཚེ༌[^200]གང་གི་ཚེ་འགྲོ་བ་མེད་ན་འགྲོ་བ་པོ་ནམ་ཡང་འཐད་པར་མི་འགྱུར་བ་དེའི་ཚེ་འག
315	verse-stanza	28		གང་གི་ཕྱོགས་ལ་འགྲོ་བ་པོ། །↵འགྲོ་བ་དེ་ལ་འགྲོ་མེད་པའི། །↵འགྲོ་པོ་ཡིན་པར་ཐལ་འགྱུར་ཏ
316	terminal-particle	81		གང་གི་ཕྱོགས་ལ་སྐྱོན་དེར་གྱུར་ན་མི་རུང་ངོ་སྙམ་པས་འགྲོ་བ་པོ་འགྲོ་བ་དང་ལྡན་པས་འགྲོ་
317	terminal-particle	6		ཞེས་བྱ་བའི་ཐ་ཚིག་གོ། །
318	line-end	18		དེ་ནི་མི་འཐད་དེ། འགྲོའོ་ཞེས་བྱ་བ་དེ། འགྲོ་བ་མེད་པར་ཇི་ལྟར་འགྱུར་རོ།[^202] །
319	line-end	44		ཅི་སྟེ་སྐྱོན་དེར་གྱུར་ན་མི་རུང་ངོ་སྙམ་པས་འགྲོ་བ་པོ་ཞེས་བྱ་བ་དང་། འགྲོ་བ་པོ་ཞེས་བ
320	verse-stanza	28		གལ་ཏེ་འགྲོ་པོ་འགྲོ་འགྱུར༌[^204]ན། །↵འགྲོ་བ་གཉིས་སུ་ཐལ་འགྱུར་ཏེ། །↵གང་གིས་འགྲོ་པོ
321	terminal-particle	49		འགྲོ་བ་པོ་འགྲོ་བ་དང་ལྡན་པ་ལ་འགྲོ་བར་བརྟགས༌[^205]ན་འགྲོ་བ་གཉིས་སུ་ཐལ་བར་འགྱུར་ཏེ།
322	line-end	49		འགྲོ་བ་གཉིས་སུ་ནི་མི་འཐད༌[^206]དེ། འགྲོ་བ་གཉིས་སུ་ཐལ་བར་གྱུར་ན་སྔ་མ་བཞིན་དུ་འགྲོ
323	terminal-particle	42		ད་ནི་འགྲོ་བ་པོ་མ་ཡིན་པ་ཡང་མི་འགྲོ་སྟེ། གང་གི་ཚེ་འགྲོ་བ་པོ་འགྲོ་པོ༌[^207]ཞེས་བྱ་བ
324	terminal-particle	24		ཞེས་བྱ་བ་དེ་ཇི་ལྟར་འཐད་པ་ཉིད་དུ་འགྱུར། དེ་ལྟ་བས་ན་འགྲོ་བ་པོ་མ་ཡིན་པ་ཡང་མི་འགྲོའོ
325	line-end	23		དེ་ལ་འདི་སྙམ་དུ་འགྲོ་བ་པོ་ཡིན་པ་དང་འགྲོ་བ་པོ་མ་ཡིན་པ་འགྲོ་བར་སེམས་ན། བཤད་པ།
326	verse-stanza	14		འགྲོ་པོ་འགྲོ་པོ་མིན་ལས་གཞན། །↵གསུམ་པོ༌[^209]གང་ཞིག་འགྲོ་བར་འགྱུར། །
327	terminal-particle	63		འགྲོ་བ་པོ་དང་འགྲོ་བ་པོ་མ་ཡིན་པ་ལས་གཞན་པ་གསུམ་པ། འགྲོ་བ་པོ་ཡིན་པ་དང་འགྲོ་བ་པོ་མ་ཡ
328	terminal-particle	29		དེ་ལྟར་གང་གི་ཕྱིར་འགྲོ་བ་པོ་དང་། འགྲོ་བ་པོ་མ་ཡིན་པ་དང་། འགྲོ་བ་པོ་ཡིན་པ་དང་། འགྲ
329	terminal-particle	19		ཞེས་བྱ་བ་དེ་མི་འཐད་པ་དེའི་ཕྱིར། འགྲོའོ་ཞེས་བྱ་བ་དེ་རབ་ཏུ་མི་འགྲུབ་བོ། །
330	line-end	16		འགྲོའོ་ཞེས་བྱ་བ་དེ་མེད་ན་འགྲོ་བ་རབ་ཏུ་འགྲུབ་པར་ག་ལ་འགྱུར།
331	terminal-particle	20		འདིར་སྨྲས་པ། འགྲོ་བ་པོ་དང་། འགྲོ་བ་པོ༌[^213]ཡིན་པ་དང་།[^214] འགྲོ་བ་པོ་མ་ཡིན་པ་འ
332	terminal-particle	11		ཞེས་བྱ་བ་མི་འཐད་དུ་ཟིན་ཀྱང་། གུབ་ཏ་འགྲོའོ། །
333	terminal-particle	14		ཙཻ་ཏྲ་འགྲོའོ་ཞེས་བྱ་བ་དེ་ལ་འགྲོའོ་ཞེས་བྱ་བ་འཐད་དོ། །
334	terminal-particle	66		བཤད་པ། དེས་ནི་ཅི་ཡང་སྨྲས་པ་མ་ཡིན་ཏེ། གུབ་ཏ་ལ་བརྟེན་ན་ཅི་གུབ་ཏ་འགྲོ་བ་པོར་གྱུར་ནས
335	terminal-particle	10		འདིར་སྨྲས་པ། འགྲོ་བ་ནི་ཡོད་པ་ཁོ་ནའོ། །
336	terminal-particle	14		ཅིའི་ཕྱིར་ཞེ་ན། འགྲོ་བའི་བྱ་བ་རྩོམ་པ་ཡོད་པའི་ཕྱིར་རོ། །
337	terminal-particle	16		འདི་ལ་སོང་བ་དང་མ་སོང་བ་དང་བགོམ་པ་ལ་འགྲོ་བ༌[^216]ཡོད་དོ། །
338	line-end	54		ཞེས་བྱ་བ་དེ་བརྗོད་པར་མི་ནུས་སུ་ཟིན་ཀྱང་། གང་གི་ཚེ་སྡོད་པ་ལས་འགྲོ་བ་དེའི་ཚེ་ན་སྡོ
339	terminal-particle	93		བཤད་པ། ཅི་ཁྱོད་མིང་གཞན་དུ་བསྒྱུར་བས་སེམས་རྨོངས་ནས་རང་གི་བུ་ངོ་མི་ཤེས་སམ། ཁྱོད་དོ
340	terminal-particle	20		མ་སོང་བ་ལའང་འགྲོ་རྩོམ་མེད། །ཅིའི་ཕྱིར་ཞེ་ན། འགྲོ་བའི་བྱ་བ༌[^218]མ་བརྩམས་པའི་ཕྱིར
341	terminal-particle	38		བགོམ་ལ་རྩོམ་པ༌[^219]ཡོད་མིན་ན། །ཅིའི་ཕྱིར་ཞེ་ན། བགོམ་པ་མེད་པའི་ཕྱིར་དང་། འགྲོ་བ་
342	terminal-particle	25		གང་དུ་འགྲོ་བ་རྩོམ་པར་བྱེད། །ཅེས་བྱ་བའི་ལན་དེ་ད་སྨྲོས་ཤིག །དེ་ལྟ་བས་ན་འགྲོ་བའི་རྩ
343	line-end	11		རྩོམ་པ་མེད་ན་འགྲོ་བ་ཡོད་པར་ག་ལ་འགྱུར།
344	terminal-particle	10		འདིར་སྨྲས་པ། འགྲོ་བ་ནི་ཡོད་པ་ཁོ་ནའོ། །
345	terminal-particle	84		ཅིའི་ཕྱིར་ཞེ་ན། བགོམ་པ་དང་སོང་བ་དང་མ་སོང་བ་ཡོད་པའི་ཕྱིར་ཏེ། གང་གི་ཕྱིར་འགྲོ་བ་དང
346	line-end	15		བཤད་པ། ཅི་ཁྱེད་ནམ་མཁའ་འདི་ལ་ལྡང་བར་བསྐྱོད་དམ། གང་གི་ཚེ།
347	verse-stanza	21		འགྲོ་བ་རྩོམ་པའི་སྔ་རོལ་ན། །↵གང་དུ་འགྲོ་བ་རྩོམ་འགྱུར་བ། །↵བགོམ་པ་མེད་ཅིང་སོང་བ་མེ
348	terminal-particle	31		འདི་ལ་འགྲོ་བ་རྩོམ་པའི་སྔ་རོལ་སྡོད་པར་གྱུར་པ་ན་གང་དུ་འགྲོ་བ་རྩོམ་པར་འགྱུར་བའི་བགོ
349	line-end	50		འགྲོ་བ་རྩོམ་པ་མེད་ན་བགོམ་པ་འགྲོ་བ་དང་ལྡན་པར་ག་ལ་འགྱུར། འགྲོ་བ་དང་ལྡན་པ་མེད་ན་འགྲ
350	terminal-particle	33		བཤད་པ། མ་སོང༌[^220]འགྲོ་བ་ག་ལ༌[^221]ཡོད། །འདི་ལ་སྡོད་ཅིང་མི་བསྐྱོད་པ༌[^222]པ་གང་
351	terminal-particle	26		གང་གི་ཚེ་སྐྱོད་པར་བྱེད་པ་དེའི་ཚེ་ན་ནི་གོ་སྐབས་གང་དུ་སྐྱོད་པར་བྱེད་པ་དེ་མ་སོང་བ་མ
352	terminal-particle	17		དེའི་ཚེ་མ་སོང་བའི་གོ་སྐབས་གང་ཡིན་པ་དེ་ལ་ནི་བསྐྱོད་པ༌[^224]མེད་དོ། །
353	line-end	19		དེ་ལྟ་བས་ན་མ་སོང་བ་ལ་འགྲོ་བའི་རྩོམ་པ་གང་ལ༌[^225]ཡོད། དེ་ལྟར་བརྟགས་ན།
354	verse-stanza	28		འགྲོ་རྩོམ་རྣམ་པ་ཐམས་ཅད་དུ། །↵སྣང་བ་མེད་པ་ཉིད་ཡིན་ན། །↵སོང་བ་ཅི་ཞིག་བགོམ་པ་ཅི། །↵
355	line-end	58		གང་གི་ཚེ་དེ་ལྟར་རྣམ་པ་ཐམས་ཅད་ཀྱིས་རྣམ་པར་བརྟག་པ༌[^226]ན་འགྲོ་བའི་རྩོམ་པ་སྣང་བ་མེ
356	terminal-particle	25		བཤད་པ། ཅི་ཁྱོད་བུ་མ་བཙས་པར་འཆི་བའི་མྱ་ངན་བྱེད་དམ། ཁྱོད་སོང་བ་མེད་པར་མ་སོང་བ་ལ་རྟ
357	terminal-particle	86		འདི་ལྟར་སོང་བའི་གཉེན་པོ་ནི་མ་སོང་བ༌[^227]ཡིན་ན། དེ་ལ་གལ་ཏེ་སོང་བ་ཉིད་མེད་ན་ཁྱོད་
358	line-end	58		བཤད་པ།[^232] གལ་ཏེ་སྡོད་པ་ཡོད་ན་ནི་འགྲོ་བ་ཡང༌[^233]ཡོད་པར་འགྱུར་གྲང་ན། སྡོད་པ་མི
359	verse-stanza	28		རེ་ཞིག་འགྲོ་པོ་མི་སྡོད་དེ། །↵འགྲོ་བ་པོ་མིན་སྡོད་པ་མིན། །↵འགྲོ་པོ་འགྲོ་པོ་མིན་ལས་
360	terminal-particle	11		དེ་ལྟ་བས་ན་སྡོད་པ་ནི་མེད་པ་ཁོ་ནའོ། །
361	line-end	9		ཅིའི་ཕྱིར་ཞེ་ན། མི་འཐད་པའི་ཕྱིར་རོ། །
362	line-end	6		ཇི་ལྟར་ཞེ་ན། བཤད་པ།
363	verse-stanza	28		རེ་ཞིག་འགྲོ་པོ་སྡོད་དོ་ཞེས། །↵ཇི་ལྟར་འཐད་པ་ཉིད་དུ་འགྱུར། །↵འགྲོ་བ་མེད་ན་འགྲོ་བ་པ
364	terminal-particle	24		འདི་ལ་འགྲོ་བ་དང་ལྡན་པས་འགྲོ་བ་པོར་འགྱུར་བས་འགྲོ་བ་མེད་ན། འགྲོ་བ་པོར་མི་འཐད་པ་ཉིད
365	terminal-particle	29		འགྲོ་བ་ལོག་པ་ནི་སྡོད་པ་ཞེས་བྱ་བ་ན་འགྲོ་བ་དང་སྡོད་པ་མི་མཐུན་པ་དེ་གཉིས་གཅིག་ན་ལྷན་
366	terminal-particle	44		དེའི་ཕྱིར་དེ་ལྟར་རེ་ཞིག་འགྲོ་བ་པོ་སྡོད་དོ་ཞེས་བྱ་བ་དེ་ཇི་ལྟར་འཐད་པ་ཉིད་དུ་འགྱུར།
367	terminal-particle	79		འདི་ལ་འགྲོ་བ་ལོག་པ་ནི་སྡོད་པ་ཞེས་བྱ་བ་ན་འགྲོ་བ་པོ་མ་ཡིན་པ་ནི་འགྲོ་བ་དང་བྲལ་བའི་ཕ
368	line-end	30		དེ་ལ་འདི་སྙམ་དུ་འགྲོ་བ་པོ་ཡིན་པ་དང་། འགྲོ་བ་པོ་མ་ཡིན་པ་སྡོད་པར་སེམས་ན། བཤད་པ། འག
369	ordinal-open	70		གསུམ་པ་གང་ཞིག་སྡོད་པར་འགྱུར། འགྲོ་པོ༌[^235]དང་འགྲོ་བ་པོ་མ་ཡིན་པ་ལས་གཞན་པ་གསུམ་པ་
370	line-end	36		ཡང་གཞན་ཡང་། འགྲོ་བ་ལོག་པ་ནི་སྡོད་པ་ཞེས་བྱ་བ།[^236] ལྡོག་པ་དེ་ཡང་བགོམ་པ་ལས་སམ། སོ
371	verse-stanza	14		བགོམ་ལས་ལྡོག་པར༌[^237]མི་འགྱུར་ཏེ། །↵སོང་དང་མ་སོང་ལས་ཀྱང་མིན། །
372	line-end	85		བགོམ་པ་ལས་སྡོད་པ༌[^238]མི་འགྱུར་ཏེ། ཅིའི་ཕྱིར་ཞེ་ན། འདི་ལྟར་འགྲོ་བ་དང་ལྡན་པའི་ཕྱ
373	line-end	62		འདི་ལྟར་འགྲོ་བ་ལོག་པ་ནི་སྡོད་པ་ཡིན་ན། [^240]འགྲོ་བ་ནི་སོང་བ་དང་མ་སོང་བ་ལ་མེད་དེ།
374	verse-stanza	14		འགྲོ་བ་དང་ནི་འཇུག་པ་དང་། །↵ལྡོག་པ་ཡང་ནི་འགྲོ་དང་མཚུངས། །
375	terminal-particle	19		ཇི་ལྟར་འགྲོ་བ་པོ་མི་སྡོད་དེ། སྡོད་པ་དང་། འགྲོ་བ་གཉིས་མི་མཐུན་པའི་ཕྱིར་རོ། །
376	terminal-particle	24		ཞེས་བཤད་པ་དེ་བཞིན་དུ་སྡོད་པ་པོ་ཡང་མི་འགྲོ་སྟེ། སྡོད་པ་དང་འགྲོ་བ་གཉིས་མི་མཐུན་པའི
377	terminal-particle	47		ཇི་ལྟར་འགྲོ་བ་པོ་མ་ཡིན་པ་མི་སྡོད་དེ། སྡོད་པ་གཉིས་སུ་ཐལ་བར་འགྱུར་བའི་ཕྱིར་རོ་ཞེས་
378	terminal-particle	49		ཇི་ལྟར་འགྲོ་བ་པོ་ཡིན་པ་དང་། [^242]འགྲོ་བ་པོ་མ་ཡིན་པ་མི་སྡོད་དེ། མི་སྲིད་པའི་ཕྱིར
379	line-end	19		དེ་ལྟར་རེ་ཞིག་འགྲོ་བ་པོའི་སྡོད་པ་དང་། སྡོད་པ་པོའི་འགྲོ་བ་མཚུངས་པ་ཡིན་ནོ། །
380	terminal-particle	61		ད་ནི་ཇི་ལྟར་འགྲོ་བའི་རྩོམ་པ་སོང་བ་དང་། མ་སོང་བ་དང་། བགོམ་པ་ལ་མི་འཐད་དོ་ཞེས་བཤད་པ
381	terminal-particle	48		ད་ནི་ཇི་ལྟར་འགྲོ་བའི་ལྡོག་པ་སོང་བ་དང་། མ་སོང་བ་དང་། བགོམ་པ་ལས་ལྡོག་པར་མི་འགྱུར༌[
382	terminal-particle	17		གང་དུ་མ་བསྡད་པ་དེ་ནས་ཀྱང་མི་འགྲོ་སྟེ། འགྲོ་བ་མེད་པའི་ཕྱིར་རོ། །
383	terminal-particle	21		གང་དུ་བསྡད་པ༌[^244]དེ་ནས་ཀྱང་མི་འགྲོ་སྟེ། སྡོད་པ་དང་འགྲོ་བ་གཉིས་མི་མཐུན་པའི་ཕྱིར
384	line-end	16		དེ་ལྟར་ན་འགྲོ་བའི་ལྡོག་པ་དང་། སྡོད་པའི་ལྡོག་པ་མཚུངས་པ་ཡིན་ནོ། །
385	terminal-particle	82		འདིར་སྨྲས་པ། འགྲོ་བ་དང་འཇུག་པ་དང་། ལྡོག་པ་སོང་བ་དང་མ་སོང་བ་དང་། བགོམ་པ་ལ་ཡོད་དོ་
386	terminal-particle	21		བཤད་པ། རེ་ཞིག་བརྗོད་པར་མི་ནུས་སུ་ཟིན་ཀྱང་ཞེས་བྱ་བ་དེ་ནི་ཕོངས་པའི་ཚིག་ཡིན་ནོ། །
387	line-end	46		འོན་ཀྱང་གང༌[^247]མཐོང་ནས་ཙཻ་ཏྲ་འགྲོ་བ་པོ་ཞེས་བྱ་བར་སེམས་པ༌[^248]ཙཻ་ཏྲའི་གོམ་པ་འད
388	verse-stanza	28		འགྲོ་བ་དེ་དང་འགྲོ་བ་པོ། །↵དེ་ཉིད་ཅེས་ཀྱང་བྱར་མི་རུང་། །↵འགྲོ་བ་དང་ནི་འགྲོ་བ་པོ། 
389	line-end	4		ཇི་ལྟར་ཞེ་ན།
390	verse-stanza	28		གལ་ཏེ་འགྲོ་བ་གང་ཡིན་པ། །↵དེ་ཉིད་འགྲོ་པོ་ཡིན་གྱུར་ན། །↵བྱེད་པ་པོ་དང་ལས་ཉིད་ཀྱང་། 
391	terminal-particle	34		གལ་ཏེ་འགྲོ་བ་གང་ཡིན་པ་དེ་ཉིད་འགྲོ་བ་པོ་ཡིན་པར་གྱུར་ན། དེ་ལྟ་ན་བྱེད་པ་པོ་དང་བྱ་བ་
392	terminal-particle	5		དེ་ནི་མི་འཐད་དོ། །
393	line-end	0		[^250]
394	line-end	46		བྱེད་པ་པོ་གང་ཡིན་པ་དེ་ཉིད་བྱ་བ་ཡིན་པར་ཇི་ལྟར་འགྱུར། ཅི་སྟེ་སྐྱོན་དེར་གྱུར་ན་མི་ར
395	verse-stanza	28		གལ་ཏེ་འགྲོ་དང་འགྲོ་བ་པོ། །↵གཞན་པ་ཉིད་དུ་རྣམ་བརྟགས༌[^251]ན། །↵འགྲོ་པོ་མེད་པའི་འགྲ
396	line-end	116		གལ་ཏེ་བྱེད་པ་པོ་དང་། བྱ་བ་གཉིས་གཅིག་པ་ཉིད་ཀྱི་སྐྱོན་མཐོང་བས་འགྲོ་བ་པོ་དང་། འགྲོ་
397	line-end	126		འདིར་སྨྲས་པ། ཅི་ཁྱེད་གསོད་པ་པོ་ཉིད་ལ་དབང་འཛུགས་སམ། ཁོ་བོ་ནི་བྱེད་པ་པོ་དང་བྱ་བ་གཉ
398	verse-stanza	14		གང་དག་དངོས་པོ་གཅིག་པ་དང་། །↵དངོས་པོ་གཞན་པ་ཉིད་དུ་ནི། །
399	line-end	66		གྲུབ་པར་གྱུར་པ་ཡོད་མིན་ན།[^257] །དེ་གཉིས་གྲུབ་པ་ཇི་ལྟར་ཡོད། །གལ་ཏེ་བྱེད་པ་པོ་དང་
400	terminal-particle	29		འདིར་སྨྲས་པ། འཇིག་རྟེན༌[^259]མངོན་སུམ་གྱི་དོན་འདི་གབ་གབ་ཀྱིས་གནོན༌[^260]པར་ཇི་ལྟ
401	terminal-particle	30		ཞེས་བྱ་བ་དང་། གང་ལ་ལྟོས་ནས་འདི་འགྲོ་བ་པོ་ཡིན་ནོ་ཞེས་བྱ་བ་དེ་ནི་འགྲོ་བ་ཡིན་ལ། དེ་
402	terminal-particle	24		བཤད་པ། ཅི་ཁྱོད་བུ་འདོད་ལ་མ་ནིང་ལ་སྤྱོད་དམ། ཁྱོད་འགྲོ་བ་པོ་མེད་པ་ལ་འགྲོ་བ་པོར་རྟོ
403	terminal-particle	85		འདི་ལྟར་བགྲོད་པར་བྱ་བ་ཞིག་ཡོད་ན་ནི་འགྲོ་བ་པོར་བརྟག་ཏུ་ཡང་རུང་གྲང་ན། གང་གི་ཚེ་འགྲ
404	line-end	31		དེ་དག་ཙམ་དུ་དེ་འགྲོ་བས་འགྲོ་བ་པོ་ཡིན་གྲང་ན། དེ་ནི་མི་འགྲོ་བས་དེའི་ཕྱིར་འགྲོ་བ་པོ
405	terminal-particle	22		འདིར་སྨྲས་པ། འགྲོ་བ་པོ་ཡིན་པས་འགྲོ་བ་ཉིད་འགྲོ་སྟེ། དཔེར་ན་སྨྲ་པོ༌[^261]དག་ན་རེ་ཚ
406	terminal-particle	9		བྱ་བ་བྱེད་དོ་ཞེས་ཟེར་བ་བཞིན་ནོ། །
407	line-end	44		བཤད་པ། འགྲོ་བ་པོའི་འགྲོ་བ་ལ་བརྟག་ན་ཡང་འགྲོ་བ་གང་གིས་དེའི༌[^262]འགྲོ་བ་པོར་མངོན་པ
408	verse-stanza	14		འགྲོ་བ་གང་གི༌[^264]འགྲོ་པོར་མངོན། །↵འགྲོ་བ་དེ་ནི་དེ་འགྲོ་མིན། །
409	terminal-particle	31		འགྲོ་བ་གང་དང་ལྡན་ན། ཙཻ་ཏྲ་འགྲོ་བ་པོ་ཞེས་བྱ་བར་མངོན་པའི་འགྲོ་བ་དེ་ནི་འགྲོ་བ་པོ་དེ
410	line-end	4		ཅིའི་ཕྱིར་ཞེ་ན།
411	verse-stanza	14		གང་ཕྱིར་འགྲོ་བའི་སྔ་རོལ་མེད། །↵གང་ཞིག་གང་དུ་འགྲོ་བར་འགྱུར། །
412	terminal-particle	35		གང་གི་ཕྱིར་འགྲོ་བ་གང་གིས་འགྲོ་བ་པོ་ཞེས་བྱ་བར་མངོན་པའི་འགྲོ་བ་འདི༌[^265]སྔ་རོལ་ནི
413	line-end	69		དེ་དང་ལྡན་པ་ཁོ་ནའི་ཕྱིར་འགྲོ་བ་པོ་ཞེས་བརྗོད་པ་ཡིན་ཏེ། གང་ཞིག་གང་དུ་དཔེར་ན་གྲོང་ད
414	terminal-particle	30		དེ་ལྟར་རེ་ཞིག་འགྲོ་བ་གང་གིས་འགྲོ་བ་པོ་ཞེས་བྱ་བར་མངོན་པའི་འགྲོ་བ་དེ་ནི་འགྲོ་བ་པོ་
415	line-end	16		དེ་ལ་འདི་སྙམ་དུ་དེ་ལས་གཞན་པ་ཞིག་འགྲོ་བར་སེམས་ན། བཤད་པ།
416	verse-stanza	14		འགྲོ་བ་གང་གིས་འགྲོ་པོར་མངོན། །↵དེ་ལས་གཞན་པ་དེ་འགྲོ་མིན། །
417	terminal-particle	34		འགྲོ་བ་གང་དང་ལྡན་ན་ཙཻ་ཏྲ་འགྲོ་བ་པོ་ཞེས་བྱ་བར་མངོན་པ་དེ་ལས་གཞན་པའི་འགྲོ་བ་ཡང་འགྲོ
418	line-end	4		ཅིའི་ཕྱིར་ཞེ་ན།
419	verse-stanza	14		གང་ཕྱིར་འགྲོ་པོ་གཅིག་པུ་ལ། །↵འགྲོ་བ་གཉིས་སུ་མི་འཐད་དོ། །
420	terminal-particle	54		གང་གི་ཕྱིར་འགྲོ་བ་པོ་གཅིག་པུ་ལ་གང་གི༌[^266]འགྲོ་བ་པོ་ཞེས་བྱ་བར་མངོན་པ་དང་འགྲོ་པོ
421	terminal-particle	4		དེས་ན་ཚིག་སྨྲའོ། །
422	line-end	13		བྱ་བ་བྱེད་དོ་ཞེས་བྱ་བ་ཡང་ལན་བཏབ་པ་ཡིན་ནོ། །
423	terminal-particle	73		འདིར་སྨྲས་པ། འགྲོ་བ་པོའི་བགྲོད་པར་བྱ་བ་གྲོང་དང་གྲོང་ཁྱེར་ལ་སོགས་པ་ཡོད་པ་མ་ཡིན་ནམ
424	line-end	3		ཡང་གཞན་ཡང་།
425	verse-stanza	28		འགྲོ་པོ་ཡིན་པར་གྱུར་པ་ནི། །↵འགྲོ་རྣམ་གསུམ་དུ་འགྲོ་མི་བྱེད། །↵[^268]མ་ཡིན་པར་ནི༌[
426	verse-stanza	28		ཡིན་དང་མ་ཡིན་གྱུར་པ་ཡང་། །↵འགྲོ་རྣམ་གསུམ་དུ་འགྲོ་མི་བྱེད། །↵དེ་ཕྱིར་འགྲོ་དང་འགྲོ
427	terminal-particle	20		འགྲོ་བ༌[^271]པོ་ཡིན་པར་གྱུར་པ་ཞེས་བྱ་བ་ནི་འགྲོ་བ་པོ་གང་འགྲོ་བ་དང་ལྡན་པའོ། །
428	terminal-particle	20		དེ་མ་ཡིན་པར་གྱུར་པ་ཡང་ཞེས་བྱ་བ་ནི་འགྲོ་བ་པོ་གང་འགྲོ་བ་དང་བྲལ་བའོ། །
429	terminal-particle	33		ཡིན་པ་དང་མ་ཡིན་པར་གྱུར་པ་ཡང་ཞེས་བྱ་བ་ནི་འགྲོ་བ་པོ་གང་འགྲོ་བ་དང་ལྡན་པ་ཡང་ཡིན་ལ་འག
430	terminal-particle	12		འགྲོ་ཞེས་བྱ་བ་ནི་བགྲོད་པར་བྱ་བའི་ཐ་ཚིག་གོ། །
431	terminal-particle	17		རྣམ་གསུམ་དུ་ཞེས་བྱ་བ་ནི་སོང་བ་དང་མ་སོང་བ་དང་བགོམ་བར་རོ། །
432	terminal-particle	99		དེའི་ཕྱིར་དེ་ལྟར་ཡང་དག་པའི་རྗེས་སུ་འབྲང་བའི་བློས་ཡོངས་སུ་བརྟགས་ན། འགྲོ་བ་པོ་ཡིན་
433	line-end	67		བྱ་བ་རྣམས་ཀྱི་ནང་ན་འགྲོ་བའི་བྱ་བ་གཙོ་བོ་ཡིན་པས། འགྲོ་བའི་བྱ་བ་ཡོངས་སུ་བརྟགས་ཏེ། 
434	terminal-particle	66		དབུ་མ་རྩ་བའི་འགྲེལ་པ་བུད་དྷ་པཱ་ལི་ཏ། བམ་པོ་གཉིས་པ། འདིར་སྨྲས་པ། ཁྱེད་ཀྱིས་འགྲོ་བ
435	terminal-particle	5		བཤད་པ། དེ་ལྟར་བྱའོ། །
436	line-end	2		སྨྲས་པ།
437	verse-stanza	28		ལྟ་དང་ཉན་དང་སྣོམ་པ་དང་། །↵མྱོང་བར༌[^274]བྱེད་དང་རེག་བྱེད་ཡིད། །↵དབང་པོ་དྲུག་པོ་ད
438	terminal-particle	32		ལྟ་བ་ལ་སོགས་པ་དེ་དག་ནི་དབང་པོ་དྲུག་ཏུ་བསྟན་ལ། དེ་དག་གི་སྤྱོད་ཡུལ་ནི་གཟུགས་ལ་སོགས
439	terminal-particle	26		དེ་ལ་གཟུགས་ལ་ལྟ་བར་བྱེད་པས་ལྟ་བར་བསྟན་ལ། ལྷག་མ་རྣམས་ཀྱང་རང་རང་གི་ཡུལ་འཛིན་པར་བྱེ
440	terminal-particle	18		དངོས་པོ་མེད་ན་གཟུགས་ལ་ལྟ་བར་བྱེད་པས་ལྟ་བ་ཞེས་བརྗོད་པར་མི་འཐད་དོ། །
441	line-end	41		འདི་ལྟར་མེད་པས་ཇི་ལྟར་ལྟ་བར་འགྱུར། ཅི་སྟེ་ལྟ་ན་ནི་རི་བོང་གི་རྭས་ཀྱང་རུས་སྦལ་གྱི་
442	terminal-particle	31		བཤད་པ། གལ་ཏེ་གཟུགས་ལ་ལྟ་བར་བྱེད་པས་ལྟའོ་ཞེས་བྱ་བ་དེ་འཐད་ན་ནི། སྐྱེ་མཆེད་རྣམས་ཡོད
443	line-end	6		ཅིའི་ཕྱིར་ཞེ་ན། འདི་ལྟར།
444	verse-stanza	28		ལྟ་དེ༌[^277]རང་གི་བདག་ཉིད་ན། །↵དེ་ནི་དེ་ལ་མི་ལྟ་ཉིད། །↵གང་ཞིག་བདག་ལ་མི་ལྟ་བ། །↵ད
445	line-end	135		འདི་ལ་དངོས་པོ་རྣམས་ཀྱི་ངོ་བོ་ཉིད་ནི་རང་གི་བདག་ཉིད་ལ་མཐོང་ན་དེ་དང་ལྡན་པས་གཞན་གྱི་
446	terminal-particle	49		དེའི་ཕྱིར་གལ་ཏེ་ལྟ་བ་རང་གི་བདག་ཉིད་ལ་ལྟ་བར་བྱེད་ན་ནི་དེས་ན་གཟུགས་ལ་ལྟ་བར་བྱེད་པས
447	terminal-particle	32		དེ་གང་རང་གི་བདག་ཉིད་ལ་ལྟ་བར་མི་བྱེད་པ་དེ་གཞན་དག་ལ་ཇི་ལྟར་ལྟ་བར་བྱེད་དེ། དེས་ན་གཟ
448	line-end	7		ཞེས་བྱ་བ་དེ་མི་འཐད་དོ། །
449	verse-stanza	27		སློབ་དཔོན་འཕགས་པ་ལྷས་ཀྱང་། །↵དངོས་པོ་ཀུན་གྱི་རང་བཞིན་ནི། །↵ཐོག་མར་བདག་ལ་སྣང་གྱུར
450	line-end	10		ཅི་ཡི་ཕྱིར་ན་འཛིན་མི་འགྱུར། །ཞེས་གསུངས་སོ། །
451	terminal-particle	42		སྨྲས་པ། མེ་བཞིན་དུ་ལྟ་བ་ལ་སོགས་པ་འགྲུབ་སྟེ། དཔེར་ན་མེ་ནི་སྲེག་པར་བྱེད་པ་ཡིན་ཡང་ག
452	terminal-particle	35		དེ་བཞིན་དུ་ལྟ་བ་ཡང་ལྟ་བར་བྱེད་པ་ཡིན་ཡང་གཞན་དག་ལ་ལྟ་བར་བྱེད་པ་ཉིད་ཡིན་གྱི་རང་གི་བ
453	line-end	2		བཤད་པ།
454	verse-stanza	14		ལྟ་བ་རབ་ཏུ་བསྒྲུབ་པའི༌[^278]ཕྱིར། །↵མེ་ཡི་དཔེ༌[^279]ནི་ནུས་མ་ཡིན། །
455	terminal-particle	47		ནུས་མ་ཡིན་ཞེས་བྱ་བ་ནི་མི་ཆོག་པ་དང་། མི་ནུས་སོ་ཞེས་བྱ་བའི་ཐ་ཚིག་སྟེ། ཁྱོད་ཀྱིས་ལྟ
456	terminal-particle	50		ཅིའི་ཕྱིར་ཞེ་ན། འདི་ལ་བུད་ཤིང་བསྲེག་གོ་ཞེས་བྱ་མོད་ཀྱི། བུད་ཤིང་ལས་མེ་གུད་ན་མེད་པ
457	terminal-particle	17		ཅི་སྟེ་གཞན་པ་ཉིད་མ་ཡིན་དུ་ཟིན་ཀྱང་བུད་ཤིང་ནི་བསྲེག་པར༌[^280]བྱ་བའོ། །
458	terminal-particle	19		མེ་ནི་སྲེག་པར་བྱེད་པའོ་ཞེས་རྟོག་ན། ཁོ་བོས་ཀྱང་བུད་ཤིང་ནི་སྲེག་པར་བྱེད་པའོ། །
459	terminal-particle	6		མེ་ནི་བསྲེག་པར་བྱ་བའོ། །
460	terminal-particle	5		ཞེས་སྨྲ་ལ་རག་གོ། །
461	terminal-particle	12		ཡང་ན་ཁྱད་པར་གྱི་གཏན་ཚིགས་བསྟན་པ་བརྗོད་དགོས་སོ། །
462	line-end	6		སློབ་དཔོན་འཕགས་པ་ལྷས་ཀྱང་།
463	verse-stanza	28		མེས་ནི་ཚ་བ་ཉིད་བསྲེག་སྟེ། །↵ཚ་བ་ལ་ཡིན་ཇི་ལྟར་བསྲེག །↵དེས་ན་བུད་ཤིང་ཞེས་བྱ་མེད། །
464	line-end	3		ཅེས་གསུངས་སོ། །
465	terminal-particle	11		དེ་ལྟ་བས་ན་མེའི་དཔེས་ནུས་པ་མ་ཡིན་ནོ། །
466	terminal-particle	58		འདི་ལ་ཁ་ཅིག་མེ་ནི་རང་གཞན་གྱི་བདག་ཉིད་དག་སྣང་བར་བྱེད་དོ་སྙམ་དུ་སེམས་པ༌[^281]དེས་ཀ
467	terminal-particle	117		འོན་ཀྱང་གཞན་དག་སྲེག་པར་བྱེད་པ་ཉིད་ཡིན་གྱི་རང་གི་བདག་ཉིད་སྲེག་པར་བྱེད་པ་ནི་མ་ཡིན་
468	line-end	68		ཞེས་བྱ་བ་དེ་ལྟ་བུར་ཡང་ཅིའི་ཕྱིར་མི་འགྱུར། བདག་ཉིད་བདག་ཉིད་ལ་ལྟའོ་ཞེས་ཀྱང་ཟེར་ལ། 
469	line-end	3		ཡང་གཞན་ཡང་།
470	verse-stanza	14		སོང་དང་མ་སོང་བགོམ་པ་ཡིས། །↵དེ་ནི་ལྟར་བཅས་ལན་བཏབ་པོ། །
471	terminal-particle	11		ལྟར་བཅས་ཞེས་བྱ་བ་ནི་ལྟ་བ་དང་བཅས་པའོ། །
472	terminal-particle	25		གང་ཞེ་ན། མེའི་དཔེ་སྟེ།[^284] དཔེ་དང་ལྟ་བ་དེ་གཉི་ག་མཚུངས་པར་ལན་བཏབ་ཟིན་ཏོ་ཞེས་བྱ་
473	terminal-particle	52		གང་གིས་ལན་བཏབ་ཅེ་ན། སོང་བ་དང་། མ་སོང་བ་དང་། བགོམ་པ་དག་གིས་ཏེ། ཇི་ལྟར་སོང་བ་དང་། 
474	terminal-particle	52		ཞེས་བཤད་པ་དེ་བཞིན་དུ་མེས་ཀྱང་བསྲེགས་པ་ཡང་སྲེག་པར་མི་བྱེད། མ་བསྲེགས་པ་ཡང་སྲེག་པར་
475	line-end	40		དེ་ལྟར་མེ་ཡང་སྲེག་པར་མི་བྱེད་ལ། ལྟ་བ་ཡང་ལྟ་བར་མི་བྱེད་ན་ཅི་ཞིག་གང་གི་དཔེར་འགྱུར།
476	line-end	3		ཡང་གཞན་ཡང་།
477	verse-stanza	14		གང་ཚེ་ཅུང་ཟད་མི་ལྟ་བ། །↵ལྟ་བར་བྱེད་པ་མ་ཡིན་ནོ། །
478	terminal-particle	47		ལྟ་བས་ལྟ་བར་བྱེད་ཅེས་བྱར།[^286] ། དེ་ནི་ཇི་ལྟར་རིགས་པར་འགྱུར། །འདི་ལྟར་ཁྱོད་ཀྱིས
479	terminal-particle	17		དེའི་ཕྱིར་ལྟ་བ་ཉིད་ན་ལྟ་བ་ཡིན་གྱི་མི་ལྟ་བ་ནི་མ༌[^287]ཡིན་ནོ། །
480	terminal-particle	49		དེའི་ཕྱིར་གང་གི་ཚེ་ན་ལྟ་བ་ཉིད་ན་ལྟ་བ་ཡིན་གྱི་མི་ལྟ་བ༌[^288]ན་མ་ཡིན་པ་དེའི་ཚེ་ལྟ་
481	line-end	63		ཞེས་བྱ་བ་དེ་རིགས་པར་འགྱུར་བ་ལྟ་བའི་བྱ་བ་གཉིས་པ་དེ་ག་ལ་ཡོད། ཅི་སྟེ་འདི་ལ་ལྟ་བའི་བ
482	terminal-particle	12		དེ་ལྟ་བས་ན་གཟུགས་ལ་ལྟ་བར་བྱེད་པས་ལྟ་བའོ། །
483	terminal-particle	7		ཞེས་བྱ་བ་དེ་མི་འཐད་དོ། །
484	line-end	44		ཅི་སྟེ་ཐལ་བའི་བྱ་བ་གཉིས་སུ་ཐལ་བར་འགྱུར་བའི་སྐྱོན་དེར་གྱུར་ན་མི་རུང་ངོ་། །སྙམ་ནས་
485	verse-stanza	15		ལྟ་བ་ལྟ་ཉིད་མ་ཡིན་ཏེ། །↵ལྟ་བ་ལྟ་བར་བྱེད་པ་ཉིད་དོ། །
486	terminal-particle	17		ཞེས་དེ་ལྟར་རྟོག་ན་དེ་ཡང་མི་རིགས་པ་མ་ཡིན་ཏེ་ལྟ་བར་བྱེད་དོ། །
487	terminal-particle	13		ཞེས་བྱ་བ་དེ་ལ་ལྟ་བའི་བྱ་བ་མེད་པའི་ཕྱིར་རོ། །
488	terminal-particle	17		དེ་དེ་ལ་འདི་སྙམ་དུ་སྐྱོན་དེར་གྱུར་ན་མི་རུང་བས་ལྟ་བར་བྱེད་དོ། །
489	terminal-particle	46		ཞེས་བྱ་བ་དེ་ཉིད་ལྟ་བའི་བྱ་བ་དང༌[^291]ལྡན་པར་སེམས་ན། དེ་ལྟ༌[^292]བཤད་པ། ལྟ་བ་མིན་
490	terminal-particle	13		དེ་ལ་ལྟ་བ་མ་ཡིན་པ་ཇི་ལྟར༌[^293]ལྟ་བར་བྱེད་དོ། །
491	line-end	58		ཞེས་བྱར་ནི་མི་རུང་སྟེ། འདི་ལྟར་ལྟ་བ་མ་ཡིན་པ་ཇི་ལྟར་ལྟ་བར་འགྱུར། ཅི་སྟེ་ལྟ་ན་ནི་ས
492	terminal-particle	39		སྨྲས་པ། བྱ་བའི་རྐྱེན་འདི་ནི་བྱེད་པ་ལ་བརྗོད་པ་ཡིན་གྱི་བྱེད་པ་པོ་ལ་མ་ཡིན་པས། འདིས་
493	line-end	2		བཤད་པ།
494	verse-stanza	14		ལྟ་བ་ཉིད་ཀྱིས་ལྟ་བ་པོའང་། །↵རྣམ་པར་བཤད་པར་ཤེས་པར་བྱ། །
495	line-end	9		འདི་ལ། ལྟ་བ་རང་གི་བདག་ཉིད་ནི།[^294] །
496	verse-stanza	14		དེ་ནི་དེ་ལ་མི་ལྟ་ཉིད། །↵གང་ཞིག་བདག་ལ་མི་ལྟ་བར། །
497	terminal-particle	46		དེ་གཞན་དག་ལ་ཇི་ལྟར་ལྟ།[^295] །ཞེས་བྱ་བ་ལ་སོགས་པ་དག་གིས་ལྟ་བས་ལྟ་བར་བྱེད་དོ་ཞེས་བ
498	terminal-particle	41		ཅིའི་ཕྱིར་ཞེ་ན། འདིར་དོན་གཞན་ཅུང་ཟད་མ་སྨྲས་པ་སྟེ།[^297] མིག་ལྟ་བ་པོ་ཉིད་ཡིན་ནོ་ཞ
499	terminal-particle	27		དེ་ལ་ལྟ་བ་ལ་ལྟ་བ་པོར་རྟོག་གམ་བདག་ལ་ལྟ་བ་པོར་རྟོག་ཀྱང་རུང་སྟེ་བསལ་བའི་གཏན་ཚིགས་དག
500	line-end	24		འདིར་སྐྱོན་གཞན་འདི་ཡང་ཡོད་དེ། ལྟ་བ་པོས་ལྟ་བས་ལྟ་བར་བྱེད་ན་ལྟ་བ་གསུམ་དུ་ཐལ་བར་འགྱ
501	terminal-particle	54		སྨྲས་པ། ལྟ་བས་ལྟ་བར་བྱེད་ཞེའམ་ལྟ་བ་པོས་ལྟ་བར་བྱེད་དོ་ཞེས་བྱ་བ་འདིས་ཁོ་བོ་ལ་ཅི་བྱ
502	line-end	30		བཤད་པ། ཅི་ཁྱོད་ས་མཁན་མེད་པར་འབྲོག་དགོན་པར་འཐོམ་མམ། ཁྱོད་ལྟ་བ་པོ་མེད་པར་བལྟ་བར༌[^
503	verse-stanza	14		མ་སྤངས་ལྟ་པོ་ཡོད་མིན་ཏེ། །↵ལྟ་བ་སྤངས་པར་གྱུར་ཀྱང་ངོ་། །
504	terminal-particle	31		ལྟ་པོ་མེད་ན་བལྟ་བྱ་དང་།[^300] །ལྟ་བ་དེ་དག༌[^301]ག་ལ་ཡོད། །འདི་ལ་ལྟ་བ་ཉིད་ན་ལྟ་བ་
505	terminal-particle	24		ཞེས་སྔར་བསྟན་པ་དེས་ན་ལྟ་བ་དང་ལྡན་པའི་ཕྱིར་ལྟ་བ་པོ་ཡིན་པས་ལྟ་བ་པོ་ལྟ་བར་བྱེད་དོ། 
506	terminal-particle	7		ཞེས་བྱ་བ་དེ་མི་འཐད་དོ། །
507	terminal-particle	10		ལྟ་བའི་བྱ་བ་གཉིས་ལ༌[^302]མེད་པའི་ཕྱིར་རོ། །
508	line-end	20		དེ་ལྟར་རེ་ཞིག་ལྟ་བ་མ་སྤངས་ན་ལྟ་བ་པོ་མ་ཡིན་པས་ལྟ་བ་པོ་མེད་དོ། །
509	terminal-particle	43		ད་ནི་ལྟ་བ་པོ་མ་ཡིན་པ་ཡང་ལྟ་བར་མི་བྱེད་པ་ཉིད་དེ། ལྟ་བའི་བྱ་བ་དང་བྲལ་བའི་ཕྱིར་རོ་ཞ
510	terminal-particle	55		དེ་ལ་ལྟ་བ་སྤངས་ཀྱང་རུང་མ་སྤངས༌[^303]ཀྱང་རུང་སྟེ་ལྟ་བ་པོ་མེད་ན་ཁྱོད་ཀྱི་བལྟ་བར༌[^
511	terminal-particle	44		དེ་མེད་ན་གང་གིས་ལྟ་བར་འགྱུར། མི་ལྟ་ན་བལྟ་བར༌[^307]བྱ་བར་ཇི་ལྟར་འགྱུར། འགའ་ཞིག་གི
512	terminal-particle	30		དེ་མེད་ན་གང་གིས༌[^308]ལྟ་བར་འགྱུར་ཏེ། དེ་ལྟ་བས་ན་ལྟ་བ་པོ་མེད་ན་བལྟ་བར༌[^309]བྱ་བ
513	line-end	10		དེའི་ཕྱིར་སྐྱེ་མཆེད་རྣམས་ཡོད་པ་མ་ཡིན་ནོ། །
514	terminal-particle	23		སྨྲས་པ། སྐྱེ་མཆེད་རྣམས་ནི་ཡོད་པ་ཉིད་ཡིན་ཏེ། ཅིའི་ཕྱིར་ཞེ་ན། རྣམ་པར་ཤེས་པ་ཡོད་པའི
515	terminal-particle	16		འདི་ལྟར་རྣམ་པར་ཤེས་པ་དངོས་པོ་རྣམས་དམིགས་པར་བྱེད་པ་ནི་ཡོད་དོ། །
516	terminal-particle	10		དེ་ཡོད་པའི་ཕྱིར་སྐྱེ་མཆེད་རྣམས་ཀྱང་ཡོད་དོ། །
517	line-end	2		བཤད་པ།
518	verse-stanza	28		བལྟ༌[^310]བྱ་ལྟ་བ་མེད་པའི་ཕྱིར། །↵རྣམ་པར་ཤེས་ལ་སོགས་པ་བཞི། །↵ཡོད་མིན་ཉེ་བར་ལེན་ལ
519	terminal-particle	18		གང་གི་ཚེ་ལྟ་བ་པོ་མེད་ན་བལྟ་བར་བྱ་བ་དང་ལྟ་བ་མི་འཐད་དོ། །
520	line-end	67		ཞེས་བཤད་པ་དེའི་ཚེ་གནས་མེད་པར་རྣམ་པར་ཤེས་པ་ཇི་ལྟར་ཡོད་པར་འགྱུར་ཏེ། འདི་ལྟར་བལྟ་བར
521	terminal-particle	25		དེ་ལྟ་བས་ན་བལྟ་བར༌[^312]བྱ་བ་དང་ལྟ་བ་མེད་ན་གནས་མེད་པར་རྣམ་པར་ཤེས་པ་ཡོད་པར་མི་འཐད
522	line-end	11		རྣམ་པར་ཤེས་པ་མེད་ན་རེག་པ་ག་ལ་ཡོད།
523	verse-stanza	18		རེག་པ་མེད་ན་ཚོར་བ་ག་ལ་ཡོད། །↵ཚོར་བ་མེད་ན་སྲེད་པ་ག་ལ་ཡོད། །
524	terminal-particle	37		དེ་བཞིན་དུ་ཉེ་བར་ལེན་པ་དང་སྲིད་པ་དང་། སྐྱེ་བ་དང་རྒ་ཤི་དག་ཀྱང་ཡོད་པར་ག་ལ་འགྱུར་ཏེ
525	terminal-particle	77		དེ་སྐད་དུ། བཅོམ་ལྡན་འདས་ཀྱིས་ཀྱང་། དེ་ལ་འཕགས་པ་ཉན་ཐོས་ནི་མིག་གི་རྣམ་པར་ཤེས་པར་བྱ
526	terminal-particle	8		སྒྱུ་མར་བྱས་པ་དེ་ནི་ཡོད་དོ། །
527	terminal-particle	16		སེམས་རྨོངས་པར་བྱེད་པ་དེ་ནི་ཡོད་དེ། དེ་ནི་གྱི་ན་ཞིག་ཡོད་དོ། །
528	terminal-particle	10		སྙམ་དུ་དེ་ལྟར་སོ་སོར་རྟོག་པར་བྱེད་དོ། །
529	line-end	3		ཞེས་གསུངས་སོ། །
530	terminal-particle	35		སྨྲས་པ། ཁྱོད་ཀྱིས་རེ་ཞིག༌[^313]ལྟ་བ་ནི་བཀག་ན་ཉན་པ་ལ་སོགས་པ་ནི་མ་བཀག་པས༌[^314]དེས
531	line-end	2		བཤད་པ།
532	verse-stanza	28		ལྟ་བས་ཉན་དང་སྣོམ་པ་དང་། །↵མྱོང་བར་བྱེད་དང་རེག་བྱེད་ཡིད། །↵ཉན་པ་པོ་དང་མཉན་ལ་སོགས།
533	terminal-particle	17		ཉན་པ་ལ་སོགས་པ་དེ་དག་ནི་རྣམ་པར་བཤད་པ༌[^315]ཉིད་དུ་ཤེས་པར་བྱའོ། །
534	terminal-particle	39		གང་གིས་རྣམ་པར་བཤད་ཅེ་ན། ལྟ་བ་ཉིད་ཀྱིས་ཏེ། ཇི་ལྟར་ལྟ་བ་རྣམ་པ་ཐམས་ཅད་དུ་བརྟགས་ན་མི
535	terminal-particle	22		ཇི་ལྟར་ལྟ་བ་པོ་མི་འཐད་པ་དེ་བཞིན་དུ་ཉན་པ་པོ་ལ་སོགས་པ་དག་ཀྱང་ཤེས་པར་བྱའོ། །
536	terminal-particle	23		ཇི་ལྟར་བལྟ་བར༌[^316]བྱ་བ་བསལ་བ་དེ་བཞིན་དུ་མཉན་པར་བྱ་བ་ལ་སོགས་པ་དག་ཀྱང་ཤེས་པར་བྱའ
537	terminal-particle	17		དེ་ལྟ་བས་ན་སྐྱེ་མཆེད་རྣམས་ཀྱང་སྟོང་པ་ཉིད་དུ་གྲུབ་པར་ཤེས་པར་བྱའོ། །
538	line-end	14		སྐྱེ་མཆེད་བརྟག་པ་ཞེས་བྱ་བ་སྟེ་རབ་ཏུ་བྱེད་པ་གསུམ་པའོ།། །།
539	terminal-particle	16		འདིར་སྨྲས་པ། འདི་ལ་གཟུགས་ལ་སོགས་པ་ཕུང་པོ་ལྔ་པོ་དག་བསྟན་ཏོ། །
540	terminal-particle	16		དེ་དག་སྡུག་བསྔལ་ལོ་ཞེས་གསུངས་ཏེ། སྡུག་བསྔལ་འཕགས་པའི་བདེན་པར་གསུངས་སོ། །
541	terminal-particle	24		འཕགས་པའི་བདེན་པ་གང་ཡིན་པ་དེ་ནི་མེད་པར་ཇི་ལྟར་འགྱུར་ཏེ། དེ་བས་ན་ཕུང་པོ་རྣམས་ནི་ཡོ
542	line-end	2		བཤད་པ།
543	verse-stanza	14		གཟུགས་ཀྱི་རྒྱུ་ནི་མ་གཏོགས་པར། །↵གཟུགས་ནི་དམིགས་པར་མི་འགྱུར་རོ། །
544	line-end	67		འདི་ལ༌[^317]འབྱུང་བ་ཆེན་པོ་བཞི་པོ་དག་ནི་གཟུགས་ཀྱི་རྒྱུར་བསྟན། གཟུགས་ནི་དེ་དག་གི་
545	terminal-particle	29		སྨྲས་པ། རེ་ཞིག་འབྱུང་བ་དག་ནི་ཡོད་དེ། དེ་ལ་རྒྱུ་ཡོད་པའི་ཕྱིར་འབྲས་བུ་ཡང་ཡོད་པས༌[^
546	line-end	2		བཤད་པ།
547	verse-stanza	14		གཟུགས་ཞེས་བྱ་བ་མ་གཏོགས་པར། །↵གཟུགས་ཀྱི་རྒྱུ་ཡང་མི་སྣང་ངོ་། །
548	terminal-particle	10		གཟུགས་མ་གཏོགས་པར་ཡང་འདི་ནི་གཟུགས་ཀྱི་རྒྱུའོ། །
549	terminal-particle	8		ཞེས་བྱ་བ་མི་སྣང་བ་ཉིད་དོ། །
550	terminal-particle	22		གཟུགས་ནི་མི་འཐད་པར་སྨྲས་ཟིན་ཏེ། དེ་ལྟར་གཟུགས་མི་འཐད་པའི་ཕྱིར་གཟུགས་ཀྱི་རྒྱུ་ཡང་མ
551	terminal-particle	43		སྨྲས་པ། འདི་ལ་ཁྱོད་རྒྱུ་ལ་བརྟེན་ནས་འབྲས་བུ་སེལ་བར་བྱེད་ཅིང་། འབྲས་བུ་ལ་བརྟེན་ནས་
552	line-end	11		དེ་ཡོད་ན་གཞན་ཡང་རབ་ཏུ་འགྲུབ་པར་འགྱུར་རོ། །
553	terminal-particle	7		བཤད་པ། གཞན་ཡོད་པ་ཉིད་དོ། །
554	terminal-particle	6		ཞེས་བརྗོད་པར་མི་ནུས་སོ། །
555	line-end	6		ཅིའི་ཕྱིར་ཞེ་ན། འདི་ལྟར།
556	verse-stanza	28		གཟུགས་ཀྱི་རྒྱུ་ནི་མ་གཏོགས་པར། །↵གཟུགས་ན་གཟུགས་ནི་རྒྱུ་མེད་པར། །↵ཐལ་བར་འགྱུར་ཏེ་ད
557	terminal-particle	66		གལ་ཏེ་རྒྱུ་བས༌[^320]ཀྱང་འབྲས་བུ་ཡོད་ན་ནི་དེའི་ཚེ་རྒྱུ་མེད་པ་ཅན་དུ་འགྱུར་ཏེ། དོན་
558	line-end	3		དེ་བཞིན་དུ།
559	verse-stanza	28		གལ་ཏེ་གཟུགས་ནི་མ་གཏོགས་པར། །↵གཟུགས་ཀྱི་རྒྱུ་ཞིག་ཡོད་ན་ནི། །↵འབྲས་བུ་མེད་པའི་རྒྱུ
560	terminal-particle	22		གལ་ཏེ་འབྲས་བུ་བསལ་ཀྱང་རྒྱུ་ཡོད་ན་ནི་རྒྱུ་དེ་འབྲས་བུ་མེད་པ་ཅན་དུ་ཐལ་བར་འགྱུར་རོ། 
561	line-end	60		འབྲས་བུ་མེད་པ་ཅན་གྱི་རྒྱུ་ནི་མེད་དེ། འདི་ནི་འདིའིའོ་ཞེས་བྱ་བའི་ཐ་སྙད་ཀྱང་མི་འཐད་
562	line-end	3		ཡང་གཞན་ཡང་།
563	verse-stanza	28		གཟུགས་ཡོད་ན་ཡང་གཟུགས་ཀྱི་ནི། །↵རྒྱུ་ཡང་འཐད་པར་མི་འགྱུར་ཉིད། །↵གཟུགས་མེད་ན་ཡང་གཟུ
564	terminal-particle	42		འདི་ལ་གཟུགས་ཀྱི་རྒྱུ་ཅི༌[^321]ཞིག་བརྟགས༌[^322]ན་གཟུགས་ཡོད་པ་ལ་བརྟག་གམ། འོན་ཏེ་གཟ
565	terminal-particle	41		དེ་ལ་རེ་ཞིག་ཡོད་པ༌[^323]ནི་མི་འཐད་དེ། འདི་ལྟར་ཡོད་པ་ལ༌[^324]རྒྱུས་ཅི་ཞིག་བྱ། ཅི་
566	terminal-particle	19		དེ་ཡང་མི་འདོད་དེ། དེ་ལྟ་བས་ན་གཟུགས་ཡོད་པ་ལ་གཟུགས་ཀྱི་རྒྱུ་མི་འཐད་དོ། །
567	terminal-particle	36		གཟུགས་མེད་པ་ལ་ཡང་གཟུགས་ཀྱི་རྒྱུ་མི་འཐད་དེ། འདི་ལྟར་གཟུགས་མེད་ན་དེ་གང་གི་རྒྱུར་འག
568	terminal-particle	36		དེ་ནི་རྐྱེན་དགག་པར་ཡང་མེད་དམ། ཡོད་པའི་དོན་ལ་ཡང་། རྐྱེན་ནི་རུང་བ་མ་ཡིན་ཏེ། །ཞེས་ར
569	terminal-particle	37		རྒྱུ་མེད་པ་ཡི་གཟུགས་དག་ནི། །འཐད་པར་མི་རུང་རུང་མིན་ཉིད།[^327] །རྒྱུ་མ་བསྟན་པ་གློ་
570	line-end	31		ཅིའི་ཕྱིར་ཞེ་ན། རྟག་ཏུ་ཐམས་ཅད་འབྱུང་བར་ཐལ་བར་འགྱུར་བའི་ཕྱིར་དང་། རྩོམ་པ་ཐམས་ཅད་ད
571	terminal-particle	31		དེ་བས་ན་རྒྱུ་མེད་པ་ཅན་གྱི་ཕྱོགས་ནི་ཐམས་ཅད༌[^329]ཁོ་ན་ཡིན་པའི་ཕྱིར་འཐད་པར་མི་རུང་
572	line-end	11		ཞེས་ཡང་དང་ཡང་དུ་ངེས་པར་བཟུང༌[^330]སྟེ་བཤད་དོ། །
573	verse-stanza	14		དེ་ཕྱིར་གཟུགས་ཀྱི་རྣམ་པར་རྟོག །↵འགའ་ཡང་རྣམ་པར་བརྟག་མི་བྱ། །
574	line-end	115		གང་གི་ཕྱིར་གཟུགས་ཀྱི་རྒྱུ་མ་གཏོགས་པར་གཟུགས་དམིགས་པར་མི་འགྱུར་བ་དང་། གཟུགས་ཡོད་པ་
575	verse-stanza	14		འབྲས་བུ་རྒྱུ་དང་མི་འདྲ་ཞེས། །↵བྱ་བའང་འཐད་པ་མ་ཡིན་ནོ། །
576	line-end	46		འབྲས་བུ་དང་རྒྱུར་བརྟགས༌[^331]ན། འབྲས་བུ་རྒྱུ་དང་འདྲ་བའམ། མི་འདྲ་བར་བརྟག་གྲང་ན། ད
577	terminal-particle	26		འབྲས་བུ་རྒྱུ་དང་མི་འདྲ་བ་ཞེས་བྱ་བའི་ཕྱོགས་དེ་ལ་ཡང་གཟུགས་འབྱུང་བ་རྣམས་ཀྱི་འབྲས་བུ
578	terminal-particle	91		ཇི་ལྟར་ཞེ་ན། འདི་ལ་འབྱུང་བ་རྣམས་ནི་སྲ་བ་དང་། གཤེར་བ་དང་། ཚ་བ་དང་གཡོ་བའི་ངོ་བོ་ཉི
579	line-end	8		ཞེས་བྱ་བར་མི་འཐད་པ་ཉིད་དོ། །
580	verse-stanza	28		ཚོར་བ༌[^333]འདུ་ཤེས་འདུ་བྱེད་དང་། །↵སེམས་དང་དངོས་པོ་ཐམས་ཅད་ཀྱང་། །↵རྣམ་པ་དག་ནི་ཐ
581	quote-close	101		ཚོར་བ་དང་། འདུ་ཤེས་དང་། འདུ་བྱེད་དང་། རྣམ་པར་ཤེས་པ་དེ་དག་ཀྱང་གཟུགས་མི་འཐད་པ་ཉིད་
582	terminal-particle	30		ལྷག་མ་རྣམས་ལ་ཡང་དེ་བཞིན་དུ་སྦྱར་བར་བྱ་སྟེ་དེ་ལྟ་བས་ན་ཕུང་པོ་རྣམས་ཡོད་དོ་ཞེས་བྱ་བ
583	terminal-particle	13		བཅོམ་ལྡན་འདས་ཀྱིས་ཀྱང་སྒྱུ་མ་འདི་ནི་བྱིས་པ་འདྲིད་པའོ། །
584	line-end	3		ཞེས་གསུངས་སོ། །
585	line-end	3		དེ་ལྟར་ཡང་།
586	verse-stanza	28		གཟུགས་ནི་དབུ་བ་རྡོས་པ་འདྲ། །↵ཚོར་བ་ཆུ་བུར་དག་དང་མཚུངས། །↵འདུ་ཤེས་སྨིག་རྒྱུ་འདྲ་བ
587	verse-stanza	14		རྣམ་ཤེས་སྒྱུ་མ་ལྟ་བུ་ཞེས། །↵ཉི་མའི་གཉེན་གྱིས་བཀའ་སྩལ་ཏོ། །
588	terminal-particle	4		ཞེས་ཀྱང་གསུངས་སོ། །
589	line-end	38		ཕུང་པོ་རྣམས་ཉི་ཚེ་གཟུགས་མི་འཐད་པ་ཉིད་ཀྱིས་མི་འཐད༌[^334]པར་རིམ་པ་མཚུངས་པར་མ་ཟད་ཀྱ
590	line-end	23		དེ་ལྟར་གང་གི་ཕྱིར་ཆོས་ཐམས་ཅད་གཟུགས་མི་འཐད་པ་ཉིད་ཀྱིས་མི་འཐད་པར་རིམ་པ་མཚུངས་པ་དེའ
591	verse-stanza	28		སྟོང་པ་ཉིད་ཀྱིས་བརྩད་བྱས་ཚེ། །↵གང་ཞིག་ལན་འདེབས་སྨྲ་བྱེད་པ། །↵དེ་ཡིས༌[^335]ཐམས་ཅད
592	terminal-particle	43		སྟོང་པ་ཉིད་ཀྱིས་བརྩད༌[^336]ཅིང་འགྱེད་པ་བརྩམས་ཏེ་ཡོངས་སུ་གླེང་བའི་ཚེ་གང་ཞིག་སྟོང་
593	terminal-particle	29		ཅིའི་ཕྱིར་ཞེ་ན། བསྒྲུབ་པར་བྱ་བ་དང་མཚུངས་པར་འགྱུར་བའི་ཕྱིར་དང་།[^338] འདི་ལྟ་སྟེ་
594	line-end	103		ཞེས་དམ་བཅས་ན༌[^339]དཔེ་བསྟན་པའི་ཕྱིར་སྣམ་བུ་ངོ་བོ་ཉིད་སྟོང་པར་སྒྲུབ་པར་བྱེད་པའི་
595	terminal-particle	93		དེ་བཞིན་དུ་སྐྱེ་བོ་ཆོས་ཀྱི་གནས་སྐབས་ཤེས་པ་དག་དགེ་བའི་ཆོས་རྣམས་ཀྱི༌[^341]ངོ་བོ་ཉི
596	line-end	6		སློབ་དཔོན་འཕགས་པ་ལྷས་ཀྱང་།
597	verse-stanza	28		དངོས་པོ་གཅིག་ལ་གང་ལྟ་བ། །↵དེ་ནི་ཀུན་ལའང་ལྟ་བར་འདོད། །↵གཅིག་གི་སྟོང་ཉིད་གང་ཡིན་པ།
598	line-end	3		ཅེས་གསུངས་སོ། །
599	verse-stanza	28		སྟོང་པ་ཉིད་ཀྱིས་བཤད་བྱས་ཚེ། །↵གང་ཞིག་སྐྱོན་འདོགས་སྨྲ་བྱེད་པ། །↵དེ་ཡིས༌[^342]ཐམས་
600	terminal-particle	79		སྟོང་པ་ཉིད་ཀྱི༌[^343]དངོས་པོ་ངོ་བོ་ཉིད་མེད་པ་ཉིད་དུ་རྣམ་པར་བཤད་པའི་ཚེ་གང་ཞིག་སྟོ
601	terminal-particle	29		ཚིགས་སུ་བཅད་པ་འདི་གཉིས་ནི་རབ་ཏུ་བྱེད་པ་ཐམས་ཅད་ཀྱི་ཁོངས་སུ་གཏོགས་པར་བལྟ་བར༌[^344]
602	line-end	14		ཕུང་པོ་བརྟག་པ་ཞེས་བྱ་བ་སྟེ་རབ་ཏུ་བྱེད་པ་བཞི་པའོ།། །།
603	terminal-particle	23		འདིར༌[^346]སྨྲས་པ། འདི༌[^347]ལ་སོགས་པ་ཁམས་དྲུག་པོ་དག་ཀྱང་བསྟན། དེ་དག་གི་སོ་སོའི་
604	terminal-particle	10		དེ་ལ་ནམ་མཁའི་མཚན་ཉིད་ནི་མི་སྒྲིབ་པའོ། །
605	terminal-particle	28		ཞེས་བསྟན་ཏེ། དངོས་པོ་མེད་ན་ནི་མཚན་ཉིད་བསྟན་པར་མི་རིགས་པས་དེ་ལྟ་བས་ན་མཚན་ཉིད་ཡོད་
606	line-end	23		ཇི་ལྟར་ནམ་མཁའ་ཡོད་པ་དེ་བཞིན་དུ་ཁམས་ལྷག་མ་རྣམས་ཀྱང་རང་གི་མཚན་ཉིད་ཡོད་པའི་ཕྱིར་ཡོད
607	terminal-particle	10		བཤད་པ། ནམ་མཁའི་མཚན་ཉིད་ནི་མི་འཐད་དོ། །
608	line-end	6		ཅིའི་ཕྱིར་ཞེ་ན། འདི་ལྟར།
609	verse-stanza	14		ནམ་མཁའི་མཚན་ཉིད་སྔ་རོལ་ན། །↵ནམ་མཁའ་ཅུང་ཟད་ཡོད་མ་ཡིན། །
610	terminal-particle	55		གལ་ཏེ་ནམ་མཁའི་མཚན་ཉིད་ཀྱི་སྔ་རོལ་ན་ནམ་མཁའ༌[^348]ཞེས་བྱ་བ་ཅུང་ཟད་ཅིག་ཡོད་ན་ནི་དེ་
611	terminal-particle	62		ནམ་མཁའ་མེད་ན་ནམ་མཁའི་མཚན་ཉིད་ཅེས་བྱ་བ་དེ་ཇི་ལྟར་འཐད་པར་འགྱུར། ཅི་སྟེ་ནམ་མཁའི་མཚན
612	line-end	3		ཞེས༌[^350]བཤད་པ།
613	verse-stanza	14		མཚན་ཉིད་མེད་པའི་དངོས་པོ་ནི། །↵འགའ་ཡང་གང་ན་ཡོད་མ་ཡིན། །
614	line-end	36		ཡང་ཞེས་བྱ་བའི་སྒྲ་ནི་ཉིད་ཅེས་བྱ་བའི་དོན་ཏེ། མཚན་ཉིད་མེད་པའི་དངོས་པོ་ནི་འགའ་ཡང་ཡོ
615	line-end	3		འོ་ན་ད།
616	verse-stanza	14		མཚན་ཉིད་མེད་པའི་དངོས་མེད་ན། །↵མཚན་ཉིད་གང་དུ་འཇུག་པར་འགྱུར། །
617	terminal-particle	5		དེ་བསྟན་པར་རིགས་སོ། །
618	terminal-particle	51		འདི་ལྟར། མཚན་ཉིད་མེད་ལ་མཚན་ཉིད་ནི། །མི་འཇུག་དེ་ལྟར་གང་གི་ཕྱིར་མཚན་ཉིད་མེད་པའི་དང
619	terminal-particle	47		འོ་ན་མཚན་ཉིད་དང་བཅས་པའི་དངོས་པོ་ལ་མཚན་ཉིད་འཇུག་པར་འགྱུར་རོ་སྙམ་ན། བཤད་པ། མཚན་ཉིད
620	terminal-particle	56		དངོས་པོ་རང་གི་མཚན་ཉིད་དང་བཅས་པར༌[^351]རབ་ཏུ་གྲུབ་པ་ལ་ཡང་མཚན་ཉིད་ཀྱིས་ཅི་ཞིག་བྱ། 
621	line-end	25		དེ་ཡང་མི་འདོད་དེ། དེ་ལྟ་བས་ན་མཚན་ཉིད་དང་བཅས་པའི་དངོས་པོ་ལ་ཡང་མཚན་ཉིད་འཇུག་པར་མི་
622	line-end	26		དེ་ལ་འདི་སྙམ་དུ་མཚན་ཉིད་དང་བཅས་པ་དང་མཚན་ཉིད་མེད་པ་དག་ལས་གཞན་པ་ལ་འཇུག་པར་སེམས་ན། 
623	verse-stanza	14		མཚན་བཅས་མཚན་ཉིད་མེད་པ་ལས། །↵གཞན་ལའང་འཇུག་པར་མི་འགྱུར་རོ། །
624	line-end	93		ཅིའི་ཕྱིར་ཞེ་ན། མི་སྲིད་པའི་ཕྱིར་ཏེ། གལ་ཏེ་མཚན་ཉིད་དང་བཅས་ན་ནི་མཚན་ཉིད་མེད་པ་མ་ཡ
625	verse-stanza	14		མཚན་ཉིད་འཇུག་པ་མ་ཡིན་ན། །↵མཚན་གཞི་འཐད་པར་མི་འགྱུར་རོ། །
626	terminal-particle	50		མཚན་ཉིད་འཇུག་པ་མ་ཡིན་ན་མཚན་ཉིད་ཀྱི་གཞི་ཡང་འཐད་པར་མི་འགྱུར་ཏེ། འདི་ལྟར་ཁྱོད་ཀྱིས་
627	line-end	14		དེ་མེད་ན་ཁྱོད་ཀྱི་མཚན་ཉིད་ཀྱི་གཞི་གང་གིས་འགྲུབ་པར་འཐད།
628	terminal-particle	25		སྨྲས་པ། དེ་རེ༌[^353]ཞིག་མཚན་ཉིད་ནི་ཡོད་དེ། མཚན་ཉིད་ཡོད་པས་མཚན་ཉིད་ཀྱི་གཞི་ཡང་རབ་
629	line-end	2		བཤད་པ།
630	verse-stanza	14		མཚན་གཞི་འཐད་པ་མ་ཡིན་ན། །↵མཚན་ཉིད་ཀྱང་ནི་ཡོད་མ་ཡིན། །
631	terminal-particle	23		འདི་ལ་མཚན་ཉིད་ཀྱི་གཞི་ལ་བརྟེན་ནས་མཚན་ཉིད་དུ་འགྱུར་ན་མཚན་ཉིད་ཀྱི་གཞི་དེ་ཡང་མི་འཐད
632	line-end	28		མཚན་ཉིད་ཀྱི་གཞི་མེད་ན་གཞི་མེད་པའི་མཚན་ཉིད་ཇི་ལྟར་འཐད། དེ་ལྟ་བས་ན་མཚན་ཉིད་ཀྱང་ཡོད
633	verse-stanza	14		དེ༌[^354]ཕྱིར་མཚན་གཞི་ཡོད་མིན་ཏེ། །↵མཚན་ཉིད་ཡོད་པ་ཉིད་མ་ཡིན། །
634	terminal-particle	30		དེ་ལྟར་གང་གི་ཕྱིར་རྣམ་པ་ཐམས་ཅད་དུ་བརྟགས་ན་མཚན་ཉིད་འཇུག་པར་མི་འཐད་པ་དེའི་ཕྱིར་མཚན
635	line-end	27		གང་གི་ཕྱིར་མཚན་ཉིད་ཀྱི་གཞི་ཡོད་པ་མ་ཡིན་པ་དེའི་ཕྱིར་གང་ཞིག་མེད་པའི་མཚན་ཉིད་ཀྱང་ཡོ
636	terminal-particle	8		སྨྲས་པ། འདི་ནི་མཚན་ཉིད་ཀྱི་གཞིའོ། །
637	terminal-particle	5		འདི་ནི་མཚན་ཉིད་དོ། །
638	terminal-particle	19		ཞེས་བྱ་བ་དེ་བརྗོད་པར་མི་ནུས་མོད་ཀྱི། འོན་ཀྱང་རེ་ཞིག་དངོས་པོ་ནི་ཡོད་དོ། །
639	line-end	2		བཤད་པ།
640	verse-stanza	14		མཚན་གཞི་མཚན་ཉིད་མ་གཏོགས་པའི། །↵དངོས་པོ་ཡང༌[^355]ནི་ཡོད་མ་ཡིན། །
641	line-end	67		གལ་ཏེ་དངོས་པོ་འགའ་ཞིག་ཡོད་པར་འགྱུར༌[^356]ན་མཚན་ཉིད་ཀྱི་གཞི་འམ་མཚན་ཉིད་གཅིག་ཏུ་འག
642	terminal-particle	21		སྨྲས་པ། དངོས་པོ་ནི་ཡོད་པ་ཉིད་དེ། ཅིའི་ཕྱིར་ཞེ་ན། དངོས་པོ་མེད་པ་ཡོད་པའི་ཕྱིར་རོ། 
643	terminal-particle	63		འདི་ལ་ཁྱོད་ན་རེ་མཚན་ཉིད་ཀྱི་གཞི་དང་མཚན་ཉིད་དག་མེད་དོ་ཞེས་ཟེར་བ་དེ་ནི་དངོས་པོ་ལ་ལ
644	terminal-particle	6		བཤད་པ་ལེགས་པར་བརྗོད་དོ། །
645	line-end	38		གལ་ཏེ་དངོས་པོ་མེད་པ་ཡོད་ན་ནི་དངོས་པོ་ཡང་ཡོད་པར་འགྱུར་བ་ཞིག་ན། དངོས་པོ་མེད་པ་ཡོད་
646	verse-stanza	14		དངོས་པོ་ཡོད་པ་མ་ཡིན་ན། །↵དངོས་མེད་གང་གི་ཡིན་པར་འགྱུར། །
647	line-end	1		སྔར།
648	verse-stanza	14		མཚན་གཞི་མཚན་ཉིད་མ་གཏོགས་པའི། །↵དངོས་པོ་ཡང་ནི་ཡོད་མ་ཡིན། །
649	line-end	69		ཞེས་བསྟན་པས་དངོས་པོ་དེ༌[^359]ཡོད་པ་མ་ཡིན་ན་ཁྱོད་ཀྱི་དངོས་པོ་མེད་པ་དེ་གང་གི་ཡིན་པ
650	terminal-particle	35		སྨྲས་པ། གང་གི་དངོས་པོ་དང་དངོས་པོ་མེད་པ་དེ་དག་ཤེས་པར་བྱེད་ཅིང་དངོས་པོ་དང་དངོས་པོ་
651	terminal-particle	18		དེ་ཡོད་པས་དངོས་པོ་དང་དངོས་པོ་མེད་པ་དག་ཀྱང་རབ་ཏུ་འགྲུབ་པ་ཉིད་དོ། །
652	line-end	2		བཤད་པ།
653	verse-stanza	14		དངོས་དང་དངོས་མེད་མི་མཐུན་ཆོས། །↵གང་གིས་དངོས་དང་དངོས་མེད་ཤེས། །
654	terminal-particle	38		མི་མཐུན་པའི་ཆོས་ནི་དེ་དག་མི༌[^360]བཟློག་པའི་ཆོས་ཏེ། དངོས་པོ་དང་དངོས་པོ་མེད་པ་དག་
655	terminal-particle	31		དངོས་པོ་དང་དངོས་པོ་མེད་པ་དག་གི་མི་མཐུན་པའི་ཆོས་གང་ཡིན་ཞེ་ན། དངོས་པོ་ཡང་མ་ཡིན་ལ་ད
656	terminal-particle	49		དེ་ལ་གལ་ཏེ་འགའ་ཞིག་ཡོད་པར་འགྱུར༌[^362]ན་དངོས་པོའི་ཆོས་སམ། དངོས་པོ་མེད་པའི་ཆོས་ཤི
657	line-end	46		དངོས་པོ་དང་དངོས་པོ་མེད་པ་དག༌[^363]དང་མི་མཐུན་པའི་ཆོས་དེ་མེད་ན་གང་གིས༌[^364]དངོས་
658	verse-stanza	14		དེ་ཕྱིར་ནམ་མཁའ་དངོས་པོ་མིན། །↵དངོས་མེད་མ་ཡིན་མཚན་གཞི་མིན། །
659	terminal-particle	38		མཚན་ཉིད་མ་ཡིན། །དེ་ལྟར་གང་གི་ཕྱིར་བརྟགས་ན་མཚན་ཉིད་ཀྱི་གཞི་དང་མཚན་ཉིད་དག་མེད་ཅིང་
660	terminal-particle	41		དངོས་པོ་མེད་ན་དངོས་པོ་མེད་པ་ཡང་མེད་པ་དེའི་ཕྱིར་ནམ་མཁའ་ནི་དངོས་པོ་ཡང་མ་ཡིན་དངོས་པ
661	line-end	46		འདི་ལྟར་གལ་ཏེ་ནམ་མཁའ་ཞེས་བྱ་བ་ཅུང་ཞིག་ཡོད་པར་གྱུར་ན་དེ་བཞི་པོ་དེ་དག་ལས་གང་ཡང་རུང
662	line-end	3		ཁམས་ལྔ་པོ། །
663	verse-stanza	14		གཞན་གང་དག་ཀྱང་ནམ་མཁའ་མཚུངས། །↵ནམ་མཁའ་མཚུངས་ཞེས་བྱ་བ་ནི། །
664	line-end	110		ནམ་མཁའ་དང་མཚུངས་པ་སྟེ། ཇི་ལྟར་ནམ་མཁའ་བརྟགས་ན་དངོས་པོ་ཡང་མ་ཡིན། དངོས་པོ་མེད་པ་ཡང་
665	terminal-particle	103		སྨྲས་པ། འདི་ལ་སངས་རྒྱས་བཅོམ་ལྡན་འདས་རྣམས་ཀྱིས༌[^367]ཆོས་བསྟན་པ་དག་ནི་ཕལ་ཆེར་ཕུང་
666	line-end	13		དེ་གཉི་ག་ཡང་སྐྱོན་དུ་ཆེ་སྟེ། འདི་ལྟར་འོག་ནས་ཀྱང་།
667	verse-stanza	26		ཡོད་ཅེས་བྱ་བརྟག་པར་འཛིན། །↵མེད་ཅེས་བྱ་བ་ཆད་པར་ལྟ། །↵དེ་ཕྱིར་ཡོད་དང་མེད་པ་ལ། །↵མཁ
668	line-end	3		ཞེས་འབྱུང་ངོ་། །
669	terminal-particle	32		བཅོམ་ལྡན་འདས་ཀྱིས་ཀྱང་ཀ་ཏྱ་ན༌[^368]འཇིག་རྟེན་འདི་ནི་གཉིས་ལ་གནས་ཏེ། ཕལ་ཆེར་ཡོད་པ་
670	terminal-particle	44		དེའི་ཕྱིར་ཁོ་བོ་ནི་རྟེན་ཅིང་འབྲེལ་པར་འབྱུང་བས་ཡོད་པ་ཉིད་དང་མེད་པ་ཉིད་ཀྱི་སྐྱོན་ད
671	line-end	31		དེ་ལྟ་བས་ན་ཁོ་བོ་ཅག་ལ་ཕུང་པོ་དང་། ཁམས་དང་སྐྱེ་མཆེད་དག་ལ་བརྟེན་པའི་ཆོས་སྟོན་པ་དག་
672	verse-stanza	28		བློ་ཆུང་གང་དག་དངོས་རྣམས་ལ། །↵ཡོད་པ་ཉིད་དང་མེད་ཉིད་དུ། །↵ལྟ་བ་དེ༌[^371]ནི་བལྟ༌[^3
673	terminal-particle	120		བློ་ཆུང་ངུ་གང་དག་རྟེན་ཅིང་འབྲེལ་པར་འབྱུང་བ་མཆོག་ཏུ་ཟབ་པ་མ་རྟོགས༌[^373]པ་ན་དངོས་པ
674	line-end	14		དེ་ལྟ་བས་ན་འདི་ནི་དོན་དམ་པ་ཡིན་གྱིས་མ་འཇིགས་ཤིག །
675	terminal-particle	35		སྨྲས་པ། ཅིའི་ཕྱིར་ནམ་མཁའི་ཁམས་གང་ཡིན་པ་དེ་དང་པོར་བརྟགས། ཁམས་བསྟན་པ་ལ་དང་པོར་སའི་
676	terminal-particle	48		བཤད་པ། གྲགས་པའི་དོན་གྱིས་མ་གྲགས་པའི་དོན་རབ་ཏུ་བསྒྲུབ་པར་བྱ་སྟེ། འཇིག་རྟེན་ནི་ཕལ་
677	terminal-particle	13		ཞེས་ཟེར་བས་དེ་དག་ཐམས་ཅད་ནི༌[^379]ཅི་ཡང་མ་ཡིན་ནོ། །
678	terminal-particle	41		ཞེས་བྱ་བར་བསམ་མོ།[^380] །དེའི་ཕྱིར་ཁམས་ལྷག་མ་ལྔ་པོ་དག་ཀྱང་ནམ་མཁའ་དང་མཚུངས་པར་བརྗ
679	line-end	13		ཁམས་བརྟག་པ་ཞེས་བྱ་བ་སྟེ་རབ་ཏུ་བྱེད་པ་ལྔ་པའོ།། །།
680	terminal-particle	48		འདིར༌[^381]སྨྲས་པ། ཁྱོད་ཀྱིས་ཕུང་པོ་དང་ཁམས་དང་སྐྱེ་མཆེད་དག་གི་སྟོང་པ་ཉིད་རྗེས་སུ
681	terminal-particle	5		བཤད་པ་དེ་ལྟར་བྱའོ། །
682	terminal-particle	29		སྨྲས་པ། འདི་ལ་དེ་དང་དེར་འདོད་ཆགས་དང་ཆགས་པ་སྤངས་པ༌[^382]བསྟན། འདོད་ཆགས་ཉེ་བར་ཞི་བ
683	terminal-particle	33		མེད་ན་ནི་ཉེ་བར་ཞི་བར་བྱ་བའི་རིགས་པ་ཡང༌[^384]བསྟན་པའི་མི་རིགས་ཏེ། འདི་ལྟར་སྦྲུལ་ག
684	line-end	13		དེ་ལྟ་བས་ན་འདོད་ཆགས་དང་ཆགས་པ་དག་ནི་ཡོད་དོ། །
685	terminal-particle	12		བཤད་པ། འདོད་ཆགས་དང་ཆགས་པ་དག་ནི་མི་སྲིད་དོ། །
686	line-end	4		ཇི་ལྟར་ཞེ་ན།
687	verse-stanza	28		གལ་ཏེ་འདོད་ཆགས་སྔ་རོལ་ན། །↵འདོད་ཆགས་མེད་པའི་ཆགས་ཡོད་ན། །↵དེ་ལ་བརྟེན་ནས་འདོད་ཆགས་
688	terminal-particle	36		གལ་ཏེ་འདོད་ཆགས་ཀྱི་སྔ་རོལ་ན་ཆགས་པ་འདོད་ཆགས་མེད་པ་འདོད་ཆགས་ལས་གཞན་དུ་གྱུར་པ་འགའ་ཞ
689	terminal-particle	26		ཅིའི་ཕྱིར་ཞེ་ན། ཆགས་ཡོད་འདོད་ཆགས་ཡོད་པར་འགྱུར། །འདི་ལྟར་ཆགས་པ་ཡོད་ན་འདོད་ཆགས་ཀྱང
690	line-end	33		ཆགས་པ་མེད་ན་དེ་སུའི་འདོད་ཆགས་སུ་འགྱུར་ཏེ། འདི་ལྟར་གཞི་མེད་པ་ལ་འདོད་ཆགས་མི་འཐད་པས
691	terminal-particle	10		སྨྲས་པ། ཆགས་པ་ཡོད་ན་འདོད་ཆགས་ཡོད་དོ། །
692	line-end	3		འདིར་བཤད་པ།
693	verse-stanza	14		ཆགས་པ་ཡོད་པར་གྱུར་ན་ཡང་། །↵འདོད་ཆགས་ཡོད་པར་ག་ལ་འགྱུར། །
694	terminal-particle	33		ཁྱོད་ཀྱི་ཆགས་པ་ཡོད་པར་གྱུར་ན་ཡང་། འདོད་ཆགས་ཡོད་པ་ཉིད་དུ་ག་ལ་འགྱུར་ཏེ། འདི་ལྟར་ཆག
695	line-end	49		ཆགས་པར་མི་བྱེད་ན་ནི་ཇི་ལྟར་འདོད་ཆགས་ཡིན་པར་འགྱུར། ཅི་སྟེ་འགྱུར་ན་ནི་གང་ཡང་འདོད་ཆ
696	terminal-particle	27		སྨྲས་པ། རེ་ཞིག་ཆགས་པ་ནི་ཡོད་དེ། དེ་ཡང་འདོད་ཆགས་མེད་ན་མི་འབྱུང་བས་འདོད་ཆགས་ཀྱང་རབ
697	line-end	2		བཤད་པ།
698	verse-stanza	21		ཆགས་པ་ལ་ཡང༌[^386]འདོད་ཆགས་ནི། །↵ཡོད་དམ་མེད་ཀྱང་རིམ་པ་མཚུངས། །↵ཆགས་པ་ཡོད་པར་ཡོངས་
699	terminal-particle	24		འདོད་ཆགས་ཡོད་དམ་མེད་ཀྱང་རུང་སྟེ་ཆགས་པ་ལ་ཡང་འདོད་ཆགས་མི་འཐད་པ་དེ་ཉིད་དང་རིམ་པ་མཚུ
700	line-end	4		ཇི་ལྟར་ཞེ་ན།
701	verse-stanza	28		གལ་ཏེ་ཆགས་པའི་སྔ་རོལ་ན། །↵ཆགས་མེད་འདོད་ཆགས་ཡོད་ན་ནི། །↵དེ་ལ་བརྟེན་ནས་ཆགས་པ་ཡོད། 
702	line-end	35		གལ་ཏེ་ཆགས་པའི་སྔ་རོལ་ན་འདོད་ཆགས་ཆགས་པ་མེད་པ་ཆགས་པ་ལས་གཞན་དུ་འགྱུར་བ་འགའ་ཞིག་ཡོད་
703	terminal-particle	29		ཅིའི་ཕྱིར་ཞེ་ན། འདོད་ཆགས་ཡོད་ན་ཆགས་ཡོད་འགྱུར། །འདི་ལྟར་འདོད་ཆགས་ཡོད་ན་ཆགས་པ་ཡང་འ
704	terminal-particle	53		འདོད་ཆགས་མེད་ན་གང་གིས་དེ་ཆགས་པར་འགྱུར། མ་ཆགས་པ༌[^388]ན་ནི་ཇི་ལྟར་ཆགས་པར་འགྱུར། ཅ
705	line-end	17		དེ་ལ་འདི་སྙམ་དུ་འདོད་ཆགས་ཡོད་ན་ཆགས་པ་ཡོད་པར་སེམས་ན། བཤད་པ།
706	verse-stanza	14		འདོད་ཆགས་ཡོད་པར་གྱུར་ན་ཡང་། །↵ཆགས་པ་ཡོད་པར་ག་ལ་འགྱུར། །
707	terminal-particle	45		ཁྱོད་ཀྱི་འདོད་ཆགས་ཡོད་པར་གྱུར༌[^389]ན་ཡང༌[^390]ཆགས་པ་མེད་པ༌[^391]ཉིད་དུ་ག་ལ་འགྱུ
708	line-end	33		ཆགས་པ་མ་ཡིན་ན་ནི་ཇི་ལྟར་ཆགས་པར་འགྱུར། ཅི་སྟེ་འགྱུར་ན་ནི་ནམ་ཡང་ཆགས་པ་མ་ཡིན་པ་ཉིད་
709	verse-stanza	14		འདོད་ཆགས་ལ་ཡང་ཆགས་པ་ནི། །↵ཡོད་དམ་མེད་ཀྱང་རིམ་པ་མཚུངས། །
710	line-end	14		དེའི་ཕྱིར་འདོད་ཆགས་ཡོད་པར་གྱུར་ན་ཡང་ཆགས་པ་མི་འཐད་དོ། །
711	terminal-particle	26		སྨྲས་པ། འདོད་ཆགས་དང་ཆགས་པ་གཉིས་ལ་སྔ་ཕྱི་མེད་དེ། འདི་ལྟར་དེ་གཉིས་ནི་ལྷན་ཅིག་ཉིད་ད
712	line-end	2		བཤད་པ།
713	verse-stanza	14		འདོད་ཆགས་དང་ནི་ཆགས་པ་དག །↵ལྷན་ཅིག་ཉིད་དུ་སྐྱེ་མི་རིགས། །
714	terminal-particle	15		འདོད་ཆགས་དང་ཆགས་པ་དག་ལྷན་ཅིག་ཉིད་དུ་སྐྱེ་བར་མི་འཐད་དོ། །
715	line-end	4		ཅིའི་ཕྱིར་ཞེ་ན།
716	verse-stanza	14		འདི་ལྟར་འདོད་ཆགས་ཆགས་པ་དག །↵ཕན་ཚུན་ལྟོས་པ་མེད་པར་འགྱུར། །
717	terminal-particle	32		འདི་ལྟར་གལ་ཏེ། འདོད་ཆགས་དང་ཆགས་པ་དག་ལྷན་ཅིག་ཉིད་དུ་སྐྱེ་བར་གྱུར་ན་འདོད་ཆགས་དང་ཆག
718	terminal-particle	9		དེ་ལྟར་གྱུར་ན་འདིའི་འདོད་ཆགས་ནི་འདིའོ། །
719	terminal-particle	13		འདིས་ནི་འདི་ཆགས་སོ་ཞེས་བྱ་བ་དེ་དག་མི་འཐད་དོ། །
720	line-end	75		དེ་དག་མེད་ན་འདོད་ཆགས་མི་འཐད་པ་ཉིད་ལ་ཆགས་པ་ཡང་མི་འཐད་པ་ཉིད་དེ། འདི་ལྟར་འདོད་ཆགས་ན
721	terminal-particle	56		ཡང་གཞན་ཡང་། ཁྱོད་ན་རེ་གང་དག་ལྷན་ཅིག་ཉིད་དོ༌[^394]ཞེས་ཟེར་བའི་འདོད་ཆགས་དང་། ཆགས་པ
722	terminal-particle	30		ཅིའི་ཕྱིར་ཞེ་ན། [^395]དེ་ཉིད་དེ་དང་ལྷན་ཅིག་མིན། །འདི་ན་བ་ལང་གཅིག་པུ་ཞེས་པ༌[^396]
723	line-end	35		དེ་ལ་བ་ལང་གཅིག་པུ་དེ་ཉིད་བ་ལང་གཅིག་པུ་དེ་ཉིད་དང་། ཇི་ལྟར་ལྷན་ཅིག་ཏུ་འགྱུར་ཏེ། དེ
724	terminal-particle	16		སྨྲས་པ། འོ་ན་ཐ་དད་པ་ཉིད་ཡིན་ན་ལྷན་ཅིག་ཉིད་དུ་འགྱུར་རོ། །
725	line-end	2		བཤད་པ།
726	verse-stanza	14		ཅི་སྟེ་ཐ་དད་ཉིད་ཡིན་ན། །↵ལྷན་ཅིག་ཉིད་དུ་ཇི་ལྟར་འགྱུར། །
727	terminal-particle	75		གལ་ཏེ་གཅིག་པ་ཉིད་ཡིན་ན་ཡང་ལྷན་ཅིག་ཉིད་དུ་མི་འཐད་ན་ཐ་དད་པ་ཉིད་ཡིན་ན་ལྷན་ཅིག་ཉིད་ད
728	terminal-particle	20		ཅི་སྟེ་མི་འཐད་པ་བཞིན་དུ་ཡང་འདོད་ཆགས་དང་ཆགས་པ་དག་ལ་ལྷན་ཅིག་ཉིད་ཡོད་དོ། །
729	line-end	10		ཞེས་རྟོག་ན། དེ་ལ་ཡང་བཤད་པར་བྱ་སྟེ།
730	verse-stanza	28		གལ་ཏེ་གཅིག་པུ་ལྷན་ཅིག་ན། །↵གྲོགས་མེད་པར་ཡང་དེར་འགྱུར་རོ། །↵གལ་ཏེ་ཐ་དད་ལྷན་ཅིག་ན།
731	terminal-particle	35		གལ་ཏེ་རེ་ཞིག་འདོད་ཆགས་དང་ཆགས་པ་དག་གཅིག༌[^397]པ་ཉིད་ཡིན་ཡང་ལྷན་ཅིག་ཉིད་དུ་འགྱུར་ན
732	terminal-particle	93		ཇི་ལྟར་ཞེ་ན། འདི་ལ་གཅིག་ནི་གཅིག་པུ་ལ་སྙེགས་ཏེ། དེ་ན་བ་ལང་གཅིག་དང་རྟ་གཅིག་ཅེས་བྱ་
733	terminal-particle	30		ཅི་སྟེ་ཡང་ཐ་དད་པ་ཉིད་ཡིན་ཡང་། ལྷན་ཅིག་ཉིད་དུ་འགྱུར་ན་ནི་དེ་ལྟ་ན་ཡང་གྲོགས་མེད་པར་
734	line-end	82		ཇི་ལྟར་ཞེ་ན། འདི་ལ་བ་ལང་ལས་ཀྱང་རྟ་ཐ་དད་ལ། རྟ་ལས་ཀྱང་བ་ལང་ཐ་དད་པས་གང་དང་གང་ན་ཐ་དད
735	terminal-particle	47		སྨྲས་པ། ཐ་དད་པ་ཉིད་ནི་བ་ལང་ལ་ཡོད་པ་ཡང་མ་ཡིན་ལ། རྟ་ལ་ཡོད་པ་ཡང་མ་ཡིན་གྱི། དེ་གཉིས་
736	terminal-particle	58		གལ་ཏེ་ཐ་དད་པ་ཉིད་སོ་སོ་ལ་ཡོད་པར་གྱུར་ན་ནི་ཐ་དད་པ་ཉིད་གཉིས་སུ་འགྱུར་བ་དང་། དངོས་པ
737	line-end	2		བཤད་པ།
738	verse-stanza	28		གལ་ཏེ་ཐ་དད་ལྷན་ཅིག་ན། །↵འདོད་ཆགས་ཆགས་པ༌[^400]ཅི་ཞིག་ཡིན། །↵ཐ་དད་ཉིད་དུ་གྲུབ་གྱུར
739	terminal-particle	14		ཐ་དད་པ་ཉིད་གཉི་ག་ལ་ཡོད་པར་ནི་འདོད་ལ་རག་གོ། །
740	terminal-particle	56		གལ་ཏེ་ཐ་དད་པ་ཉིད་གཉི་ག་ལ་ཡོད་པ་ལ་ལྷན་ཅིག་ཉིད་དུ་རྟོག་ན་དེ་ལྟར༌[^401]ན་འདོད་ཆགས་ད
741	line-end	22		དེས་ན་ཐ་དད་པ་ཉིད་དུ་རབ་ཏུ་གྲུབ་པའི་ཕྱིར་དེ་གཉིས་ལྷན་ཅིག་ཉིད་དུ་རྟོག་པར་འགྱུར་རོ།
742	verse-stanza	28		གལ་ཏེ་འདོད་ཆགས་ཆགས་པ་དག །↵ཐ་དད་ཉིད་དུ་གྲུབ་འགྱུར༌[^402]ན། །↵དེ་གཉིས་ལྷན་ཅིག་ཉིད་
743	line-end	14		ཉིད་དུ་ཞེས་བྱ་བའི་སྒྲ་ནི་ཁོ་ནར་ཞེས་བྱ་བའི་དོན་ཏོ། །
744	terminal-particle	89		གལ་ཏེ་འདི་སྙམ་དུ་འདོད་ཆགས་དང་ཆགས་པ་དག་ཐ་དད་པའི་དངོས་པོར་གྲུབ་པ་ཉིད་དུ་སེམས་ན། དེ
745	line-end	59		འདི་ལྟར་ཆགས་པ་ལ་འདོད་ཆགས་ཀྱིས་ཡང་ཅི་ཞིག་བྱར་ཡོད་དེ། དེ་ལྟ༌[^404]བས་ན་ལྷན་ཅིག་གི་
746	verse-stanza	28		ཐ་དད་གྲུབ་པར་མ་གྱུར་པས། །↵དེ་ཕྱིར་ལྷན་ཅིག་འདོད་བྱེད་དམ། །↵ལྷན་ཅིག་རབ་ཏུ་བསྒྲུབ་པ
747	line-end	97		འདོད་ཆགས་དང་ཆགས་པ་དག་ཐ་དད་པ་ཉིད་དུ་ནི་དགོས་པ་མེད་པའི་ཕྱིར་གྲུབ་པར་མ་གྱུར་པས་དེ་ར
748	verse-stanza	28		ཐ་དད་དངོས་པོ་མ་གྲུབ་པས། །↵ལྷན་ཅིག་དངོས་པོ་འགྲུབ་མི་འགྱུར། །↵ཐ་དད་དངོས་པོ་གང་ཞིག་
749	terminal-particle	40		འདི་ལ་སོ་སོ་ལ་ཐ་དད་པའི་དངོས་པོ་ཡོད་དམ་དེ་གཉིས་ལྷན་ཅིག་འབྱུང་བ་ལ་ཡོད་གྲང་ན། འདོད་
750	terminal-particle	19		འདི་ནི་འདིས་ཆགས་སོ་ཞེས་བྱ་བ་དེ་ལྟ་བུ་རྣམ་པ་ཐམས་ཅད་དུ་མི་སྲིད་དོ། །
751	line-end	21		ཐ་དད་པའི་དངོས་པོར་རབ་ཏུ་གྲུབ་པ་མེད་ན་ལྷན་ཅིག་གི་དངོས་པོ་འགྲུབ་པར་མི་འགྱུར་རོ། །
752	line-end	137		འདི་ལྟར་ཁྱོད་ནི་ཐ་དད་པའི་དངོས་པོ་ཡོད་ན་དེ་གཉིས་ཀྱི་ལྷན་ཅིག་གི་དངོས་པོ་ཡོད་པར་འདོ
753	verse-stanza	28		དེ་ལྟར་འདོད་ཆགས་ཆགས་པ་དག །↵ལྷན་ཅིག་ལྷན་ཅིག་མིན་མི་འགྲུབ། །↵འདོད་ཆགས་བཞིན་དུ་ཆོས་
754	verse-stanza	28		གལ་ཏེ་འདོད་ཆགས་སྔ་རོལ་ན། །↵འདོད་ཆགས་མེད་པའི་ཆགས་ཡོད་ན། །↵དེ་ལ་བརྟེན་ནས་འདོད་ཆགས་
755	terminal-particle	36		ཞེས་བྱ་བ་ལ་སོགས་པ་གང་དག་སྔར་འདས་པའི་རྣམ་པ་དེ་དག་གིས་དེ་ལྟར་འདོད་ཆགས་རྣམས་ཆགས་པ་ད
756	terminal-particle	41		ཇི་ལྟར་འདོད་ཆགས་ཆགས་པ་དང་ལྷན་ཅིག་གམ་ཆགས་པ་མེད་པ་ཡང་འགྲུབ་པ་མེད་པ་དེ་བཞིན་དུ་ཆོས་
757	line-end	16		འདོད་ཆགས་དང་ཆགས་པ་བརྟག་པ་ཞེས་བྱ་སྟེ་རབ་ཏུ་བྱེད་པ་དྲུག་པའོ།། །།
758	terminal-particle	43		འདིར་སྨྲས་པ། ཁྱོད་ཀྱིས་འདོད་ཆགས་དང་ཆགས་པ་བརྟག་པ་དེ་བྱས་པས་ཁོ་བོའི་ཡིད་སྟོང་པ་ཉིད
759	terminal-particle	5		བཤད་པ། དེ་ལྟར་བྱའོ། །
760	line-end	43		འདིར་སྨྲས་པ། འདི་ལ་སྐྱེ་བ་དང་། གནས་པ་དང་འཇིག་པ༌[^412]དག་འདུས་བྱས་ཀྱི་སྤྱིའི་མཚན་
761	line-end	28		བཤད་པ། འདུས་བྱས་ཀྱི་མཚན་ཉིད་མི་འཐད་པས་དེ་ཡོད་པའི་ཕྱིར་འདུས་བྱས་ཡོད་པར་ག་ལ་འགྱུར།
762	verse-stanza	14		མཚན་ཉིད་མེད་ལ་མཚན་ཉིད་ནི། །↵མི་འཇུག་མཚན་ཉིད་བཅས་ལ་མིན། །
763	terminal-particle	8		ཞེས་བསྟན་པས་བཀག་ཟིན་པའི་ཕྱིར་རོ། །
764	line-end	3		ཡང་གཞན་ཡང་།
765	verse-stanza	28		གལ་ཏེ་སྐྱེ་བ་འདུས་བྱས་ན། །↵དེ་ལ་མཚན་ཉིད་གསུམ་ལྡན་འགྱུར། །↵ཅི་སྟེ་སྐྱེ་བ་འདུས་མ་བ
766	terminal-particle	27		ཞེས་བྱ་བ་འདི་ནི། གལ་ཏེ་སྐྱེ་བ་འདུས་བྱས་ན།[^413] །ཇི་ལྟར་འདུས་བྱས་མཚན་ཉིད་ཡིན། །ཞ
767	terminal-particle	65		སྐྱེ་བ་འདུས་བྱས་ཀྱི་མཚན་ཉིད་བསྟན་པ་གང་ཡིན་པ་དེ་ཡང་འདུས་བྱས་སམ་འདུས་མ་བྱས་ཤིག་ཏུ་
768	line-end	18		མཚན་ཉིད་གསུམ་དང་ལྡན་པར་འགྱུར་བ་ནི། མཚན་ཉིད་གསུམ་པོ་དག་ཚོགས་པར་འགྱུར་བའོ། །
769	terminal-particle	10		སྨྲས་པ། དེ་ཡང་མཚན་ཉིད་གསུམ་དང་ལྡན་ནོ། །
770	terminal-particle	70		ཇི་ལྟར་འདུས་བྱས་མཚན་ཉིད་ཡིན། གལ་ཏེ་སྐྱེ་བ་ཡང་སྐྱེ་བ་དང་གནས་པ་དང་འཇིག་པའི་མཚན་ཉིད
771	terminal-particle	8		ཁྱད་པར་མེད་ན་འདི་ནི་སྐྱེ་བའོ། །
772	terminal-particle	4		འདི་ནི་གནས་པའོ། །
773	terminal-particle	4		འདི་ནི་འཇིག་པའོ། །
774	line-end	10		ཞེས་བྱ་བ་དེ་དག་ཡོད་པར་ག་ལ་འགྱུར།
775	terminal-particle	33		སྨྲས་པ། དེ་ནི་ཉེས་པར་མི་འགྱུར་ཏེ། ཇི་ལྟར་སྤྱིར་འདུས་བྱས་ཀྱི་མཚན་ཉིད་ཡིན་དུ་ཟིན་ཀ
776	terminal-particle	4		འདི་ནི་སྣམ་བུའོ། །
777	terminal-particle	35		ཞེས་བྱ་བ་དེ་དག་ཡོད་པ་དེ་བཞིན་དུ་འདིར་ཡང་ཁྱད་པར་གྱི་མཚན་ཉིད་ལ་ལྟོས་ནས་སྐྱེ་བ་དང་ག
778	line-end	22		ཁྱད་པར་དེ་གང་ཞེ་ན། སྐྱེད་པར་བྱེད་པ་དང་། གནས་པར་བྱེད་པ་དང་། འཇིག་པར་བྱེད་པ་དག་གོ།
779	line-end	71		བཤད་པ། དེ་ནི་མི་འཐད་དོ།[^414] །ཅིའི་ཕྱིར་ཞེ་ན། འདི་ལྟར་བུམ་པ་སྐྱེད་པར་བྱེད་པ་དང་
780	terminal-particle	22		སྨྲས་པ། དེ་དག་གིས༌[^415]བུམ་པ་ཉིད་སྐྱེ་བ་དང་གནས་པ་དང་། འཇིག་པར་བྱེད་པས་ཉེས་པ་མེད
781	terminal-particle	21		བཤད་པ། འོ་ན་ནི་དེ་དག་བུམ་པའི་མཚན་ཉིད་མ་ཡིན་ཏེ། བྱེད་པ་པོ་ཡིན་པའི་ཕྱིར་རོ། །
782	terminal-particle	51		འདི་ལྟ་བུ་སྐྱེད་པར་བྱེད་པའི་ཕ་བུའི་མཚན་ཉིད་མ་ཡིན་ལ་གཞི་དང་ཐོ་བ་ཡང་བུམ་པའི་མཚན་ཉི
783	line-end	73		ཅི་སྟེ་སྐྱེ་བ་འདུས་མ་བྱས་སུ་ཡོངས་སུ་རྟོག་ན་དེ་ལ་ཡང་བཤད་པར་བྱ་སྟེ། འདི་ལྟར་འདུས་བ
784	line-end	106		གང་རང་ཉིད་ལ་མཚན་པར༌[^418]མི་བྱེད་པ་དེས་གཞན་ཇི་ལྟར་མཚོན་པར་བྱེད། ཅི་སྟེ་བྱེད་ན་ནི
785	verse-stanza	28		སྐྱེ་སོགས་གསུམ་པོ་སོ་སོ་ཡིས། །↵འདུས་བྱས་མཚན་ཉིད་འདྲ་བར་ནི། །↵ནུས་མིན་འདུས་པ་ཡིན་
786	terminal-particle	42		སྐྱེ་བ་དང་གནས་པ་དང་། འཇིག་པ་དག་རེ་རེ་ལ་ཡང༌[^421]འདུས་བྱས་ཀྱི་མཚན་ཉིད་བྱ་བར་མི་ནུ
787	line-end	31		ཇི་ལྟར་ཞེ་ན། འདི་ལ་རེ་ཞིག་དངོས་པོ་མངོན་པར་མ་གྲུབ་ཅིང་། མེད་པ་ལ་ནི་སྐྱེ་བ་དང་གནས་
788	terminal-particle	86		འདི་ལྟར་སྐྱེ་བ་དང་གནས་པ་དང་འཇིག་པ་དག་ནི་དངོས་པོ་ལ་བརྟེན་པ་ཡིན་ཏེ། བུམ་པའི་སྐྱེ་བ
789	terminal-particle	52		དེ་མེད་ན་སྐྱེ་བ་དང་གནས་པ་དང་འཇིག་པ་དག་གང་གི་མཚན་ཉིད་དུ་འགྱུར་ཏེ། དེ་ལྟར་རེ་ཞིག་ས
790	terminal-particle	61		དེ་ལ་འདི་སྙམ་དུ་དེ་དག་དངོས་པོ་མངོན་པར་གྲུབ་པ་དང་མ་ཞིག་པའི་མཚན་ཉིད་ཡིན་པར་སེམས་ན།
791	terminal-particle	22		ཅི་སྟེ་ཡོད་ཀྱང་སྐྱེ་བར་གྱུར་ན་ནི་ནམ་ཡང་མི་སྐྱེ་བར་མི་འགྱུར་བས་དེ་ནི་མི་འདོད་དོ། 
792	line-end	23		དེ་ལྟ་བས་ན་ཡོད་པ་ལ་སྐྱེ་བ་མེད་དེ། མེད་པ་གང་ཡིན་པ་དེ་ཇི་ལྟར་མཚན་ཉིད་དུ་འགྱུར།
793	terminal-particle	9		སྨྲས་པ། རེ་ཞིག་གནས་པ་ནི་ཡོད་དོ། །
794	terminal-particle	21		བཤད་པ། གནས་པ་ཡང་མི་འཐད་དེ། ཅིའི་ཕྱིར་ཞེ་ན། འཇིག་པ་དང་རྗེས་སུ་འབྲེལ་པའི་ཕྱིར་རོ། 
795	terminal-particle	38		འདི་ལྟར་འདུས་བྱས་ནི་མི་རྟོག་པ་དང་ཁོར་ཟུག་ཏུ་རྗེས་སུ་འབྲེལ་པས་ཁོར་ཟུག་ཏུ་མི་རྟག་ན
796	line-end	5		འདི་ལྟར་འོག་ནས་ཀྱང་།
797	verse-stanza	28		དངོས་པོ་འགག་པར་འགྱུར་ན་ནི། །↵གནས་པར་འཐད་པ་མ་ཡིན་ནོ། །↵གང་ཡང་འགག་པར་མི་འགྱུར་བ། །
798	line-end	9		ཞེས་འབྱུང་ངོ་། །སློབ་དཔོན་འཕགས་པ་ལྷས་ཀྱང་།
799	verse-stanza	28		གནས་མེད་དངོས་པོ་ག་ལ་ཡོད། །↵མི་རྟག་པས་ན་གང་ལ༌[^424]གནས། །↵གལ་ཏེ་དང་པོ་གནས་གྱུར་ན།
800	verse-stanza	28		གལ་ཏེ་ཁོར་ཟུག་མི་རྟག་ཡོད། །↵ཁོར་ཟུག་གནས་པར་མི་འགྱུར་རོ། །↵ཡང་ན་རྟག་པར་གྱུར་པ་ལས།
801	verse-stanza	27		གལ་ཏེ་དངོས་པོ་མི་རྟག་དང་། །↵ལྷན་ཅིག་གནས་པ་ཡོད་གྱུར་ན། །↵མི་རྟག་ལོག་པར་འགྱུར་བའམ།
802	quote-close	3		ཞེས་གསུངས་སོ། །
803	line-end	23		དེ་ལྟ་བས་ན་གནས་པ་ཡང་མེད་དེ། མེད་ན༌[^425]གང་ཡིན་པ་ཇི་ལྟར་འདུས་བྱས་ཀྱི་མཚན་ཉིད་དུ་
804	terminal-particle	8		སྨྲས་པ། འོ་ན་འཇིག་པ་ཡོད་དོ། །
805	terminal-particle	58		བཤད་པ། གནས་པ་མེད་པར་འཇིག་པ་ག་ལ་ཡོད་དེ། འདི་ལྟར་དངོས་པོ་གནས་པ་ཡོད་ན་འཇིག་པར་འགྱུར
806	terminal-particle	36		དེ་མེད་ན་སྐྱེ་བ་དང་གནས་པ་དང་འཇིག་པ་དག་གང་གི་མཚན་ཉིད་དུ་འགྱུར་ཞེས་བསྟན་ཟིན་པས་དེའ
807	terminal-particle	29		དེའི་ཕྱིར་དེ་ལྟར་སྐྱེ་བ་དང་གནས་པ་དང་། འཇིག་པ་དག་སོ་སོ་བ་ཡང་འདུས་བྱས་མངོན་པར་གྲུབ
808	line-end	44		ལྷན་ཅིག་ཏུ་སྐྱེའོ་ཞེས་གསུངས་པའི་ཕྱིར་ཆོས་ཀྱི་གནས་སྐབས་ཤེས་པ་དག་སྐྱེ་བ་དང་གནས་པ་ད
809	terminal-particle	10		སྨྲས་པ། འདུས་པ་དག་ནི་མཚན་ཉིད་ཡིན་ནོ། །
810	terminal-particle	122		བཤད་པ། འདུས་པ་ཡིན་ན་ཡང་། གཅིག་ལ་དུས་གཅིག་ཇི་ལྟར་རུང་། སོ་སོ་བ་གང་དག་མཚན་ཉིད་མ་ཡི
811	line-end	13		མཚན་ཉིད་མི་འཐད་པའི་ཕྱིར་འདུས་བྱས་ཡོད་པ་མ་ཡིན་ནོ། །
812	terminal-particle	29		སྨྲས་པ། ལྟག་ཆོད་དེ་ལྟ་བུ་འབའ་ཞིག་གིས་ཅི་བྱ། ཡོང་ནི་གང་གི༌[^426]སྐྱེ་བ་དང་། གནས་པ
813	terminal-particle	24		བཤད་པ། ཁོ་བོ་ལྟག༌[^427]ཆོད་ཀྱི་ཕྱིར་མི་རྩོམ་གྱིས་ཁོ་བོ་ནི་དེ་ཁོ་ན་ཤེས་པར་བྱ་བའི་
814	terminal-particle	16		སྐྱེ་བ་ཞེས་བྱ་བ་དེ་གང་ཡིན་པ༌[^428]སྨྲོས་ཤིག །སྨྲས་པ། བུམ་པ་སྐྱེའོ། །
815	terminal-particle	77		བཤད་པ། རེ་ཞིག་གནས་སྐབས་གང་ལ་བུམ་པ་ཞེས་བྱ་བར་འགྱུར་བ་ལེགས་པར་སོམས་ལ་སྨྲོས་ཤིག །དེ
816	terminal-particle	163		ཞེས་བྱ་བ་དེ་ཇི་ལྟར་འཐད། [^429]ཇི་ལྟར་ཡོད་པ་ལ་ཡང་སྐྱེ་བས་ཅི་བྱ། མཚན་ཉིད་དང་ལྡན་པ་
817	terminal-particle	18		སྐྱེ་བ་ཞེས་བྱ་བ་དེ་འདི་ལ་མེད་ན་གང་སྐྱེ་བ་དེ་འདུས་བྱས་ཡིན་ནོ། །
818	line-end	48		ཞེས་བྱ་བ་དེ་ཇི་ལྟར་འཐད་པར་འགྱུར། གང་སྐྱེ་བ་མེད་པ་དེ༌[^430]ཇི་ལྟར་གནས་པ་དང་འཇིག་པ
819	line-end	3		ཡང་གཞན་ཡང་།
820	verse-stanza	28		སྐྱེ་དང་གནས་དང་འཇིག་རྣམས་ལ། །↵འདུས་བྱས་མཚན་ཉིད་གཞན་ཞིག་ནི། །↵གལ་ཏེ་ཡོད་ན་ཐུག་པ་མ
821	terminal-particle	94		སྐྱེ་བ་དང་། གནས་པ་དང་། འཇིག་པ་གང་དག་འདུས་བྱས་ཀྱི་མཚན་ཉིད་དུ་བསྟན་པ་དེ་དག་ལ་འདུས་
822	line-end	59		ཅི་སྟེ་ཐུག་པ་མེད་པར་གྱུར་ན་མི་རུང་ངོ་སྙམ་པ་དེ་དག་ལ་འདུས་བྱས་ཀྱི་མཚན་ཉིད་གཞན་མེད་
823	line-end	45		དབུ་མ་རྩ་བའི་འགྲེལ་པ་བུད་དྷ་པཱ་ལི་ཏ། བམ་པོ་གསུམ་པ། སྨྲས་པ། སྐྱེ་བ་དང་གནས་པ་དང་འཇ
824	verse-stanza	28		སྐྱེ་བའི་སྐྱེ་བས་རྩ་བ་ཡི། །↵སྐྱེ་བ་འབའ་ཞིག་སྐྱེད་པར་བྱེད། །↵རྩ་བའི་སྐྱེ་བས་སྐྱེ་
825	line-end	143		འདི་ལ་རྣམ་པར་ཤེས་པ་ལ་སོགས་པ་ཆོས་རྣམས་ལས་ཆོས་གང་ཡང་རུང་བ་ཞིག་སྐྱེ་བ་ན་དེ་བདག་ཉིད་
826	terminal-particle	106		དེ༌[^435]ནི་སྐྱེ་བའི་སྐྱེ་བ་དང་། གནས་པའི་གནས་པ་དང་། འཇིག་པའི་འཇིག་པ་དང་། ལྡན་པའི
827	terminal-particle	33		དེ་ལ་རྩ་བའི་སྐྱེ་བ་གང་ཡིན་པ་དེས་ནི་བདག་ཉིད་མ་གཏོགས་པར་ཆོས་དེའི་བདག་ཉིད་དང་བཅུ་བཞ
828	terminal-particle	32		སྐྱེ་བའི་སྐྱེ་བས་ནི་རྩ་བའི་སྐྱེ་བ་དེ་འབའ་ཞིག་སྐྱེད་པར་བྱེད་དེ། དེ་ལྟར་གཅིག་གིས་ག
829	terminal-particle	29		དེ་བཞིན་དུ་རྩ་བའི་གནས་པས་ཀྱང་གནས་པའི་གནས་པ་གནས་པར་བྱེད་ལ། གནས་པའི་གནས་པས་ཀྱང་རྩ་
830	line-end	41		རྩ་བའི་འཇིག་པས་ཀྱང་འཇིག་པའི་འཇིག་པ་འཇིག་པར་བྱེད་ལ། འཇིག་པའི་འཇིག་པས་ཀྱང་རྩ་བའི་འ
831	line-end	2		བཤད་པ།
832	verse-stanza	28		གལ་ཏེ་ཁྱོད་ཀྱི་སྐྱེ་བའི་སྐྱེས། །↵རྩ་བའི་སྐྱེ་བ་སྐྱེད་བྱེད་ན། །↵ཁྱོད་ཀྱི་རྩ་བས་མ་
833	terminal-particle	46		གལ་ཏེ་ཁྱོད་ཀྱི་སྐྱེ་བའི་སྐྱེ་བས་རྩ་བའི་སྐྱེ་བ་སྐྱེད་པར་བྱེད་ན་ཁྱོད་ཀྱི་རྩ་བའི་སྐ
834	line-end	28		སྨྲས་པ། རྩ་བའི་སྐྱེ་བས་བསྐྱེད་པ་ཁོ་ནའི་སྐྱེ་བ༌[^440]སྐྱེ་བས་རྩ་བའི་སྐྱེ་བ་སྐྱེད་
835	line-end	2		བཤད་པ།
836	verse-stanza	28		གལ་ཏེ་ཁྱོད་ཀྱི་རྩ་བ་ཡིས། །↵བསྐྱེད་པ༌[^441]དེ་ཡིས་རྩ་སྐྱེད༌[^442]ན། །↵དེས་མ་སྐྱེད
837	line-end	73		གལ་ཏེ་ཁྱོད་ཀྱི་རྩ་བའི་སྐྱེ་བས་བསྐྱེད་པའི་སྐྱེ་བའི་སྐྱེ་བ་དེས་རྩ་བའི་སྐྱེ་བ་དེ་སྐ
838	terminal-particle	23		སྨྲས་པ། སྐྱེ་བ་ཉིད་སྐྱེ་བཞིན་པས་སྐྱེ་བའི་སྐྱེ་བ་སྐྱེད་པར་བྱེད་ཀྱི་མ་སྐྱེས་པས་ནི་
839	line-end	2		བཤད་པ།
840	verse-stanza	28		ཁྱོད་ཀྱི་དེ་ནི༌[^446]སྐྱེ་བཞིན་པ། །↵མ་སྐྱེས་དེ་ཡིས་གལ་ཏེ་ནི། །↵དེ་ནི་སྐྱེས་པར༌[^
841	terminal-particle	41		ཁྱོད་ཀྱི་རྩ་བའི་སྐྱེ་བ་དེ་སྐྱེ་བཞིན་པ་རང་ཉིད་མ་སྐྱེས་པ་དེས་གལ་ཏེ་སྐྱེ་བའི་སྐྱེ་བ
842	line-end	72		ཡང་ན་ཁྱོད་ཀྱི་སྐྱེ་བའི་སྐྱེ་བ་དེ་སྐྱེ་བཞིན་པ་རང་ཉིད་མ་སྐྱེས་པ་དེས་གལ་ཏེ་རྩ་བའི་ས
843	line-end	26		སྨྲས་པ། སྐྱེ་བ་གཞན་གྱིས་སྐྱེད་པར་མི་བྱེད་ཀྱང་སྐྱེ་བ་ཉིད་ཀྱིས་རང་དང་གཞན་དག་བསྐྱེད
844	verse-stanza	28		ཇི་ལྟར་མར་མེ་རང་དང་གཞན། །↵སྣང་བར་བྱེད་པ་དེ་བཞིན་དུ། །↵སྐྱེ་བའང་རང་དང་གཞན་གྱི་དངོ
845	line-end	62		ཇི་ལྟར་མར་མེས་རང་གི་བདག་ཉིད་ཀྱང་སྣང་བར་བྱེད་ལ་བུམ་པ་དང་། སྣམ་བུ་ལ་སོགས་པ་དངོས་པོ
846	terminal-particle	53		བཤད་པ། གལ་ཏེ་མར་མེས་རང་དང་གཞན་གྱི་བདག་ཉིད་དག་སྣང་བར་བྱེད་ན་ནི་སྐྱེ་བས་ཀྱང་མར་མེ་
847	line-end	6		ཅིའི་ཕྱིར་ཞེ་ན། འདི་ལྟར།
848	verse-stanza	14		མར་མེ་དང་ནི་གང་དག་ན། །↵དེ་འདུག་པ་ན་མུན་པ་མེད། །
849	terminal-particle	39		འདི་ན་གང་མི་སྣང་བ་དེ་སྣང་བར་བྱ་བ་ཡིན་ལ། མུན་པས་བསྒྲིབས་པས༌[^452]མི་སྣང་བ་ཉིད་ཡིན
850	terminal-particle	46		གཞན་དག་སྣང་བར་བྱེད་དོ་ཞེས་གང་སྨྲས་པ་དེ་ཡང་རིགས་པ་མ་ཡིན་ཏེ། མར་མེ་གཞན༌[^453]བདག་ཉ
851	line-end	25		འོ་ན་རང་དང་གཞན་གྱི་བདག་ཉིད་དག་ལ་མི་སྣང་བ་མེད་ན། མར་མེས་ཅི་ཞིག་སྣང་བར་བྱེད། དེ་སྨ
852	line-end	62		སྨྲས་པ། མུན་པ་སེལ་བས་སྣང་བྱེད་ཡིན། འདི་ན་མར་མེ་སྐྱེ་བཞིན་པས་མུན་པ་སེལ་ཅིང་སྣང་བར
853	verse-stanza	14		མར་མེ་དང་ནི་གང་དག་ན། །↵འདུ་བྱེད༌[^456]པ་ན་མུན་པ་མེད། །
854	terminal-particle	42		ཅེས་ཀྱང༌[^457]བཤད་པས་མར་མེ་སྐྱེ་བཞིན་པས་མུན་པ་སེལ་བའི་ཕྱིར་དེས་ན་མར་མེ་རང་དང་གཞན
855	terminal-particle	23		དེ་ལྟར་མུན་པ་སེལ་བར་བྱེད་པའི་ཕྱིར་མར་མེས་ནི་རང་དང་གཞན་གྱི་བདག་ཉིད་དག་སྣང་བར་བྱེད
856	line-end	31		མར་མེ་ཇི་ལྟ་བ་དེ་བཞིན་དུ་སྐྱེ་བས་ཀྱང་རང་དང་གཞན་གྱི་བདག་ཉིད་དེ༌[^459]དག་སྐྱེད་པར་
857	terminal-particle	13		བཤད་པ། མར་མེ་སྐྱེ་བཞིན་པས་མུན་པ་སེལ་བར་བྱེད་དོ། །
858	line-end	6		ཞེས་ཟེར་བ་དེ༌[^460]སྨྲོས་ཤིག །
859	verse-stanza	28		ཇི་ལྟར་མར་མེ་སྐྱེ་བཞིན་པས། །↵མུན་པ་སེལ་བར་བྱེད་པ་ཡིན། །↵གང་ཚེ་མར་མེ་སྐྱེ་བཞིན་པ།
860	line-end	47		གང་ཚེ་མར་མེ་དང་མུན་པ་དག་གཅིག་ནི༌[^461]མི་སྲིད་པའི་ཕྱིར་མར་མེ་སྐྱེ་བཞིན་པ་མུན་པ་ད
861	verse-stanza	28		མར་མེ་ཕྲད་པ་མེད་པར་ཡང་། །↵གལ་ཏེ་མུན་པ་སེལ་བྱེད་ན། །↵འཇིག་རྟེན་ཀུན་ན་གནས་པའི་མུན།
862	line-end	67		ཅི་སྟེ་མར་མེ༌[^464]ཕྲད་པ་ཉིད་དུ་ཡང་མུན་པ་སེལ་བར་བྱེད་ན་ནི་དེ་ལྟར་ན་འཇིག་རྟེན་ཀུན
863	line-end	3		ཡང་གཞན་ཡང་།
864	verse-stanza	28		མར་མེ་རང་དང་གཞན་གྱི་དངོས། །↵གལ་ཏེ་སྣང་བར་བྱེད་གྱུར་ན། །↵མུན་པའང་རང་དང་གཞན་གྱི་དང
865	terminal-particle	71		འདི་ན་མར་མེ་ནི་མུན་པའི་གཉེན་པོར་གནས་པ་ཡིན་པས་དེས་ན་གལ་ཏེ་མར་མེས་རང་དང་གཞན་གྱི་དང
866	terminal-particle	19		གལ་ཏེ་སྒྲིབ་པར་བྱེད་ན་ནི་གཞན་བཞིན་དུ་མུན་པ་ཉིད་ཀྱང་མི་དམིགས་པར་འགྱུར་རོ། །
867	line-end	42		མུན་པ་མི་དམིགས་ན་ནི་དངོས་པོ་རྣམས་རྟག་ཏུ་སྣང་བར་འགྱུར་བ་ཞིག་ན། དངོས་པོ་རྣམས་རྟག་ཏ
868	terminal-particle	44		དེ་ལྟ་ཡིན་ན་མུན་པའི་གཉེན་པོར་མར་མེས་ཀྱང་རང་དང་གཞན་གྱི་དངོས་པོ་དག་སྣང་བར་མི་བྱེད་
869	terminal-particle	10		ཞེས་གང་སྨྲས་པ་དེ་རིགས་པ་མ་ཡིན་ནོ། །
870	terminal-particle	34		ཡང་གཞན་ཡང་། གལ་ཏེ་སྐྱེ་བས་རང་གི་བདག་ཉིད་སྐྱེད་པར་བྱེད་ན་སྐྱེས་པས་སམ། མ་སྐྱེས་པ་ཞ
871	line-end	81		ཇི་ལྟར་ཞེ་ན། སྐྱེ་བ་འདི་ནི་མ་སྐྱེས་པས། །རང་གི་བདག་ཉིད་ཇི་ལྟར་སྐྱེད།[^468] །སྐྱེ་
872	terminal-particle	16		དེ་ལྟ་བས་ན་སྐྱེ་བ་མ་སྐྱེས་པས་བདག་ཉིད་སྐྱེད་པར་མི་བྱེད་དོ། །
873	line-end	21		དེ་ལ་འདི་སྙམ་དུ་སྐྱེ་བ་སྐྱེས་པས་བདག་ཉིད་སྐྱེད་པར་སེམས་ན། དེ་ལ་བཤད་པར་བྱ་སྟེ།
874	verse-stanza	14		ཅི་སྟེ་སྐྱེས་པས་སྐྱེད་བྱེད་ན། །↵སྐྱེས་ན་ཅི་ཞིག་བསྐྱེད་དུ་ཡོད། །
875	terminal-particle	19		གལ་ཏེ་སྐྱེ་བ་སྐྱེས་པ་ཉིད་ཡིན་ན་སྐྱེ་བ་སྐྱེས་པས་བདག་ཉིད་སྐྱེད་པར་བྱེད་དོ། །
876	terminal-particle	36		ཞེས་བྱ་བ་འཐད་པའི༌[^470]དོན་མེད་པ་འདི་ཅིའི་ཕྱིར་བྱེད་དེ། སྐྱེས་ཟིན་པ་ལ་ཡང་སྐྱེ་བས
877	terminal-particle	7		སྐྱེ་བས་གཞན་སྐྱེད་པར་བྱེད་དོ། །
878	line-end	44		ཞེས་གང་སྨྲས་པ་དེ་ཡང་མི་འཐད་དེ། འདི་ལྟར་གལ་ཏེ་སྐྱེ་བས་གཞན་སྐྱེད་པར་བྱེད་ན་སྐྱེ་བས
879	verse-stanza	14		སྐྱེས་དང་མ་སྐྱེས་སྐྱེ་བཞིན་པ། །↵ཇི་ལྟ་བུར་ཡང་སྐྱེད་མི་བྱེད། །
880	terminal-particle	11		སྐྱེ་བ་ནི་ཇི་ལྟར་ཡང་སྐྱེད་པར་མི་འཐད་དོ། །
881	line-end	18		མ་སྐྱེས་པ་ཡང་སྐྱེད་པར་མི་བྱེད་ལ། སྐྱེ་བཞིན་པ་ཡང་སྐྱེད་པར་མི་བྱེད་དོ། །
882	line-end	6		ཇི་ལྟར་ཞེ་ན། བཤད་པ།
883	verse-stanza	14		སོང་དང་མ་སོང་བགོམ་པ་ཡིས། །↵དེ་དག་རྣམ་པར་བཤད་པ་ཡིན། །
884	terminal-particle	18		ཇི་ལྟར་སོང་བ་ལ་འགྲོ་བ་མེད་དེ། འགྲོ་བའི་བྱ་བ་འདས་ཟིན་པའི་ཕྱིར་རོ། །
885	terminal-particle	23		ཞེས་བྱ་བ་དེ་བཞིན་དུ་སྐྱེས་པ་ཡང་སྐྱེད་པར་མི་བྱེད་དེ་སྐྱེ་བའི་བྱ་བ་འདས་ཟིན་པའི་ཕྱི
886	terminal-particle	40		སྐྱེས་པ་ལ་ཡང་སྐྱེ་བའི་བྱ་བ་མེད་དེ། ཅི་སྟེ་ཡང་སྐྱེས་པར༌[^472]འགྱུར་ན་ནི་ནམ་ཡང་མི་
887	terminal-particle	17		མ་སྐྱེས་པ་ཡང་སྐྱེད་པར་མི་བྱེད་དེ། ཅིའི་ཕྱིར་ཞེ་ན། མེད་པའི་ཕྱིར་རོ། །
888	line-end	49		མ་སྐྱེས་པ་ལ་གང་སྐྱེད་པར༌[^474]འགྱུར་བ་ཅི་ཞིག་ཡོད། ཅི་སྟེ་མེད་ཀྱང་སྐྱེད་པར༌[^475]
889	terminal-particle	58		དེ་ནི་སྐྱེ་བཞིན་པ་ཡང་སྐྱེད་པར་མི་བྱེད་དེ། སྐྱེས་པ་དང་མ་སྐྱེས་པ་མ་གཏོགས་པར་སྐྱེ་བ
890	terminal-particle	106		ཞེས་བརྗོད་པར། [^478]ཡང་གཞན་ཡང་། འདི་ལ་སྐྱེ་བཞིན་པ་ཞེས་བྱ་བ་ནི་གང་གི་ཅུང་ཟད་ནི་སྐ
891	terminal-particle	6		ཞེས་ཀྱང་བརྗོད་པའི་ཕྱིར་རོ། །
892	line-end	35		གལ་ཏེ་ཅུང་ཟད་སྐྱེས་པ་དེ་སྐྱེ་བ་མེད་པ་ཁོ་ནར་སྐྱེས་ན་ནི། དེའི་ལྷག་མ་ཡང་དེ་བཞིན་དུ་
893	terminal-particle	33		ཡང་ན་དེའི་གང་ཅུང་ཟད་ནི་སྐྱེ་བ་མེད་པ་ཁོ་ནར་སྐྱེས་ལ་ཅུང་ཟད་ནི་སྐྱེ་བས་སྐྱེད་པར་བྱེ
894	terminal-particle	39		ཅི་སྟེ་དེའི་གང་ཅུང་ཟད་སྐྱེས་པ་དེ་ཡང་སྐྱེ་བ་ཁོ་ནས་བསྐྱེད་ན་ནི་དེ་ལྟ་ན་མ་སྐྱེས་པ་ས
895	terminal-particle	23		ཡང་གཞན་ཡང་། དེའི་གང་ཅུང་ཟད་སྐྱེས་པ་དེ་ནི་སྐྱེ་བས་སྐྱེད་པར་མི་བྱེད་དེ། སྐྱེས་ཟིན་
896	terminal-particle	19		དེས་ན་དེའི་ལྷག་མ་མ་སྐྱེས་པ་གང་ཞིག་ཡིན་པ་དེ་སྐྱེ་བས་སྐྱེད་པར་བྱེད་དོ། །
897	terminal-particle	23		ཞེས་བྱ་བར་འགྱུར་ཏེ། དེ་ལ་སྐྱེ་བཞིན་པ་སྐྱེད་པར་བྱེད་དོ་ཞེས་གང༌[^481]སྨྲས་པ་དེ་ཉམས
898	terminal-particle	62		ཅི་སྟེ་དེའི༌[^482]ཅུང་ཟད་སྐྱེས་པ་དེ་ཡང༌[^483]སྐྱེད་པར་བྱེད་ན་ནི་དེ་ལ་སྐྱེ་བ་གཉིས
899	terminal-particle	11		དེ་ལྟ་བས་ན་སྐྱེ་བཞིན་པ་སྐྱེད་པར་བྱེད་དོ། །
900	line-end	19		ཞེས་བྱ་བ་དེ་ནི་སྙིང་པོ་མེད་པ་ལ་བློས་སྙིང་པོར་བཟུང་བར་ཟད་དེ་གྱི་ནའོ། །
901	terminal-particle	54		སྨྲས་པ། བུམ་པ་ལ་སོགས་པ་སྐྱེ་བ༌[^485]དག་ཀྱང་དམིགས་ཤིང་། བུམ་པ་ལ་སོགས་པའི་དོན་དུ་བ
902	line-end	2		བཤད་པ།
903	verse-stanza	28		གང་ཚེ་སྐྱེ་བ་ཡོད་པས་ནི། །↵སྐྱེ་བཞིན་འདི་འབྱུང་མེད་པའི་ཚེ། །↵ཇི་ལྟར་སྐྱེ་ལ་བརྟེན་
904	terminal-particle	37		གང་གི་ཚེ་སྐྱེ་བ་འདི་ཡོད་པས་སྐྱེ༌[^487]བཞིན་པ་འདི་འབྱུང་ངོ་ཞེས་བྱ་བ་དེ་མེད་ཅིང་མི
905	line-end	28		ཞེས་བརྗོད་པར་བྱ། སྨྲས་པ། ཇི་ལྟར་མི་སྲིད་པ། བཤད་པ། རེ་ཞིག་སྣམ་བུ་སྐྱེ་བ་ལ་བརྟེན་ན
906	terminal-particle	10		སྨྲས་པ། སྣམ་བུ་ཉིད་སྐྱེ་བཞིན་པ་ཡིན་ནོ། །
907	terminal-particle	57		བཤད་པ། གལ་ཏེ་སྣམ་བུ་སྐྱེ་བཞིན་པའི་གནས་སྐབས་ཉིད་ན་སྣམ་བུ་ཡིན་ན། དེ་ལ་སྐྱེ་བ་ལ་བརྟ
908	terminal-particle	10		དེའི་ཕྱིར་སྐྱེ་བཞིན་པ་སྣམ་བུ་མ་ཡིན་ནོ། །
909	terminal-particle	35		སྨྲས་པ། རེ་ཞིག་སྐྱེས་པ་ནི་སྣམ་བུ་ཡིན་ཏེ། སྐྱེས་པ་དེ་ལ་བརྟེན་ནས་ཇི་སྲིད་དུ་བརྟག་པ
910	terminal-particle	34		བཤད་པ། དྲང་ངོ་། །གང་སྐྱེ་བཞིན་པ་ན་སྣམ་བུ་མ་ཡིན་པ་དེ་སྐྱེས་ན་ཇི་ལྟར་སྣམ་བུར་འགྱུར
911	terminal-particle	30		ཅི་སྟེ་འགྱུར་ན་ནི་རེ་ལྡེ་བྱེད་བཞིན་པ་ན་སྣམ་བུར་འགྱུར་བ་ཞིག་ན་མི་འགྱུར་བས་དེའི་ཕྱ
912	line-end	17		སྣམ་བུ༌[^491]མེད་ན་གང་གི་སྐྱེ་བ་ལ་བརྟེན་ནས་ཅི་ཞིག་སྐྱེ་བཞིན་པར་འགྱུར།
913	terminal-particle	85		སྨྲས་པ། ཅི་ཁྱོད་མཚོན་ཐབས་ལ་མཁས་ཞེས་ཏེ་མ་ཉིད་ལ་འདེབས་པར་བྱེད་དམ། ཁྱོད་འགྱེད་པ་ལ་ཆ
914	line-end	11		རྟེན་ཅིང་འབྲེལ་པར་འབྱུང་བའི་དོན་ནི་འདི་ཡིན་ཏེ།
915	verse-stanza	14		རྟེན་ཅིང་འབྱུང་བ་གང་ཡིན་པ། །↵དེ་ནི༌[^492]ངོ་བོ་ཉིད་ཀྱིས་ཞི། །
916	line-end	39		རྟེན་ཅིང་ཞེས་བྱ་བ་གང་ཡིན་པ་དང་། འབྱུང་བ་ཞེས་བྱ་བ་གང་ཡིན་པ་དང་། [^493]གཉི་ག་ངོ་བོ
917	verse-stanza	14		དེ་ཕྱིར་སྐྱེ་བཞིན་ཉིད་དང་ནི། །↵སྐྱེ་བ་ཡང་ནི་ཞི་བ་ཉིད། །
918	terminal-particle	84		དེ་ལྟར་གང་གི་ཕྱིར་རྟེན་ཅིང་ཞེས་བྱ་བ་གང་ཡིན་པ་དང་འབྱུང་བ་ཞེས་བྱ་བ་གང་ཡིན་པ་དེ་དང་
919	terminal-particle	22		དེ་གཉི་ག་ངོ་བོ་ཉིད་སྟོང་པ་ཡིན་པ་སྐྱེ་བ་འདི་ལ་བརྟེན་ནས་སྐྱེ་བཞིན་པ་འདི་སྐྱེད༌[^49
920	line-end	10		ཞེས་བྱ་བ་དེ་ཇི་ལྟ་བུར་སྲིད་པར་འགྱུར།
921	terminal-particle	89		སྨྲས་པ། རྒྱུ་དང་རྐྱེན་རྣམས་ལ་བརྟེན་ནས་ཇི་སྲིད་ན་སྐྱེས་པར་འགྱུར་བ་དེ་སྲིད་དུ་དངོས
922	line-end	16		བཤད་པ། གང་གི་རྒྱུ་དང་རྐྱེན་དག་ལ་བརྟེན་ནས་བྱ་བ་རྩོམ་པར་བྱེད།
923	line-end	34		སྨྲས་པ། སྣམ་བུའོ།[^497] །བཤད་པ། ཅི་ཁྱོད་ནམ་མཁའི་མེ་ཏོག་སོགས་པར་བྱེད་དམ། ཁྱོད་སྣམ
924	verse-stanza	28		གལ་ཏེ་དངོས་པོ་མ་སྐྱེས་པ། །↵འགའ་ཞིག་གང་ན་ཡོད་གྱུར་ན། །↵དེ་ནི་ཅི་ཕྱིར་དེར་སྐྱེ་འགྱ
925	line-end	169		གལ་ཏེ་སྐྱེ་བའི་སྔ་རོལ༌[^498]ན་དངོས་པོ་མ་སྐྱེས་པ་འགའ་ཞིག་ག་ཤེད་ན་ཡོད་པར་འགྱུར་བ་ད
926	line-end	3		ཡང་གཞན་ཡང་།
927	verse-stanza	28		གལ་ཏེ་སྐྱེ་བ་དེ་ཡིས་ནི། །↵སྐྱེ་བཞིན་པ་ནི་སྐྱེད་བྱེད་ན། །↵སྐྱེ་བ་དེ་ནི་སྐྱེད་བྱེད
928	line-end	52		གལ་ཏེ་སྐྱེ་བ་དེས་སྐྱེ་བཞིན་པ་གཞན་པ༌[^504]སྐྱེད་པར་བྱེད་ན། འོ་ན་ད་སྐྱེ་བ་དེ་སྐྱེད
929	verse-stanza	14		གལ་ཏེ་སྐྱེ་བ་གཞན་ཞིག་གིས། །↵དེ་སྐྱེད༌[^506]ཐུག་པ་མེད་པར་འགྱུར། །
930	terminal-particle	48		གལ་ཏེ་སྐྱེ་བ་གཞན་ཞིག་གིས་སྐྱེ་བཞིན་པ་གཞན་སྐྱེད་པར་བྱེད་ན་དེ་ལྟ་ན་ཐུག་པ་མེད་པར་ཐལ
931	line-end	22		ཅི་སྟེ་གཞན་སྐྱེད་པ༌[^509]ནི་སྐྱེ་བ༌[^510]མེད་པ་ཁོ་ནར་སྐྱེས་སོ་སྙམ་ན། དེ་ལ་བཤད་པར
932	verse-stanza	14		ཅི་སྟེ་སྐྱེ་བ་མེད་སྐྱེ་ན། །↵ཐམས་ཅད་དེ་བཞིན་སྐྱེ་བར་འགྱུར། །
933	terminal-particle	38		ཇི་ལྟར་གཞན་སྐྱེད་པར་བྱེད་པ་དེ་སྐྱེད་པ༌[^511]གཞན་མེད་པར་སྐྱེས་ན་ནི་ཐམས་ཅད་ཀྱང་དེ་
934	terminal-particle	40		ཞེས་བྱ་བ་དོན་མེད་པའི་རྟོག་པ་མེད་པ༌[^512]འདིས་ཅི་བྱ། ཡང་ན་འདི་ལྟར་སྐྱེ་བ་ཉིད་ནི་ས
935	terminal-particle	25		ཞེས་ཁྱད་པར་གྱི་གཏན་ཚིགས་བསྟན་པར་བྱ་དགོས་ན་དེ་ཡང་མི་བྱེད་པས༌[^515]དེའི་སྐྱེ་བས་སྐ
936	line-end	6		ཞེས་བྱ་བ་དེ་གྱི་ནའོ། །
937	line-end	26		ཡང་གཞན་ཡང་། འདི་ལ༌[^517]དངོས་པོ་འགའ་ཞིག་སྐྱེ་བར་འགྱུར་ན་དེ་ཡོད་པའམ་མེད་པ་ཞིག་སྐྱ
938	verse-stanza	14		རེ་ཞིག་ཡོད་དང་མེད་པ་ཡང་། །↵སྐྱེ་བར་རིགས་པ་མ་ཡིན་ནོ། །
939	terminal-particle	24		རེ་ཞིག་ཡོད་པ་ནི་སྐྱེ་བར༌[^518]རིགས་པ་མ་ཡིན་ཏེ། སྐྱེ་བར་བརྟག་པ་དོན་མེད་པ་ཉིད་ཡིན་
940	terminal-particle	88		འདི་ལྟར་ཡོད་པ་ལ་ཡང་སྐྱེ་བས་ཅི་ཞིག་བྱ། མེད་པ་ཡང་སྐྱེ་བར་རིགས་པ་མ་ཡིན་ཏེ། ཅིའི་ཕྱི
941	terminal-particle	31		དེ་ལ་འདི་སྙམ་དུ་ཡོད་མེད་གཅིག་སྐྱེ་བར་སེམས་ན། བཤད་པ། ཡོད་མེད་ཉིད་ཀྱང་མ་ཡིན་ཏེ། ཡོ
942	terminal-particle	15		གལ་ཏེ་ཇི་ལྟར་ཞེ་ན། བཤད་པ། གོང་དུ་བསྟན་པ་ཉིད་ཡིན་ནོ། །
943	line-end	4		དེ་ནི་གོང་དུ།
944	verse-stanza	14		རེ་ཞིག་ཡོད་དང་མེད་པ་ཡང་། །↵སྐྱེ་བར་རིགས་པ་མ་ཡིན་ནོ། །
945	line-end	24		ཞེས་བསྟན་པ་ཡིན་ཏེ། ཡོད་མེད་ནི་གཉིས་ལ་སྙེགས་པས་དེ་གཉིས་ནི་དགག་པ་སྔ་མས་བཀག་པ་ཉིད་ཡ
946	line-end	22		ཡང་ན་ཡོད་པ་དང་མེད་པ་དང་ཡོད་མེད་དག་ཇི་ལྟར་སྐྱེ་བར་རིགས་པ་མ་ཡིན་པ་དེ་ནི།
947	ordinal-open	11		དང་པོ་ཁོ་ན༌[^522]བསྟན་ཟིན་ཏོ།[^523] །གང་དུ་ཞེ་ན།
948	verse-stanza	28		གང་ཚེ་ཆོས་ནི་ཡོད་པ་དང་། །↵མེད་དང་ཡོད་མེད་མི་བསྒྲུབ་པ། །↵ཇི་ལྟར་སྒྲུབ་བྱེད་རྒྱུ་ཞ
949	terminal-particle	5		ཞེས་བྱ་བ་དེར་རོ། །
950	line-end	3		ཡང་གཞན་ཡང་།
951	verse-stanza	14		དངོས་པོ་འགག་བཞིན་ཉིད་ལ་ནི། །↵སྐྱེ་བ་འཐད་པར་མི་འགྱུར་རོ། །
952	terminal-particle	29		འདི་ལ་ཁྱོད་ཀྱིས་དངོས་པོ་སྐྱེ་བཞིན་པ་སྐྱེད་པར་བྱེད་དོ་ཞེས་སྨྲས་པས་དངོས་པོ་སྐྱེ་བཞ
953	line-end	16		ཅིའི་ཕྱིར་ཞེ་ན། དངོས་པོ་ནི་འཇིག་པའི་མཚན་ཉིད་ཅན་ཡིན་པའི་ཕྱིར་རོ། །
954	verse-stanza	14		དངོས་པོ་འགག་བཞིན་པ་ལ་ནི། །↵སྐྱེ་བ་འཐད་པར་མི་འགྱུར་ཏེ། །
955	terminal-particle	32		འདི་ལྟར་སྐྱེ་བཞིན་པ་མངོན་པར་འཕེལ་བ་ལ་སྐྱེ་བ་ཡིན་ལ། དེ་ཡང་འཇིག་པ༌[^524]ཟད་པར་འགྱུ
956	line-end	23		ཅི་སྟེ་སྐྱེ་བཞིན་པའི་གནས་སྐབས་ན་འགག་པར་མི་འགྱུར་བ་ཉིད་དོ་སྙམ་ན། དེ་ལ་བཤད་པར་བྱ་ས
957	verse-stanza	14		གང་ཞིག་འགག་བཞིན་མ་ཡིན་པ། །↵དེ་ནི་དངོས་པོར་མི་འཐད་དོ། །
958	line-end	38		གལ་ཏེ་དངོས་པོ་སྐྱེ་བཞིན་པ་ཉིད་ན་འགག་པར་མི་འགྱུར་བ༌[^525]སྐྱེ་བཞིན་པ་ཉིད་དངོས་པོ་
959	terminal-particle	81		འདི་ལྟར་འཇིག་པ་ནི་དངོས་པོའི་མཚན་ཉིད་དུ་བསྟན་པས་དེ་མེད་ན་ཇི་ལྟར་དངོས་པོ་ཡིན་པར་འག
960	terminal-particle	42		གང་རང་གི་བདག་ཉིད་ཀྱང་སྐྱེད་པར་མི་བྱེད་ལ། །གཞན་གྱི་བདག་ཉིད་ཀྱང་སྐྱེད་པར་མི་བྱེད་པ
961	line-end	28		འདིར་སྨྲས་པ། གནས་པ་ནི་ཡོད་དེ། དེ་ཡང་དངོས་པོ་མ་སྐྱེས་པ་ལ་མི་འཐད་པས་སྐྱེ་བ་ཡང་རབ་ཏ
962	line-end	30		བཤད་པ། འདི་ལ་དངོས་པོ་གང་ཞིག་གནས་པར་འགྱུར་ན་དེ་གནས་པ་གནས་སམ། མ་གནས་པ་གནས་སམ། གནས་
963	verse-stanza	21		དངོས་པོ་གནས་པ་མི་གནས་ཏེ། །↵དངོས་པོ་མ༌[^526]གནས་གནས་པ་མིན། །↵གནས་བཞིན་པ་ཡང་མི་གནས
964	terminal-particle	41		རེ་ཞིག་དངོས་པོ་གནས་པ་ནི་གནས་པར་མི་བྱེད་དེ། [^527]གནས་པ་ལ་ཡང་གནས་པས༌[^528]ཅི་བྱ། 
965	terminal-particle	19		དེ་ལྟར་གྱུར་ན་གནས་པ་པོ་ཡང་གཉིས་སུ་ཐལ་བར་འགྱུར་བས་དེ་ནི་མི་འདོད་དོ། །
966	terminal-particle	29		དངོས་པོ་མ་གནས་པ་ཡང་གནས་པར་མི་བྱེད་དེ། ཅིའི་ཕྱིར་ཞེ་ན། གནས་པ་དང་གནས་པ་མ་ཡིན་པ༌[^5
967	line-end	50		གནས་བཞིན༌[^531]ཡང་གནས་པར་མི་བྱེད་དེ། ཅིའི་ཕྱིར་ཞེ་ན། གནས་པ་དང་མ་གནས་པ་མ་གཏོགས་པར
968	line-end	48		ཡང་གཞན་ཡང་། མ་སྐྱེས་གང་ཞིག་གནས་པར་བྱེད། །གང་གི་ཚེ་རིགས་པ་སྔོན་དུ་བཏོང་བས༌[^532]ས
969	verse-stanza	14		དངོས་པོ་འགག་བཞིན་ཉིད་ལ་ནི། །↵གནས་པ་འཐད་པར་མི་འགྱུར་རོ། །
970	terminal-particle	13		དངོས་པོ་འགག་བཞིན་པ་ལ་གནས་པ་འཐད་པར་མི་འགྱུར་རོ། །
971	terminal-particle	16		ཅིའི་ཕྱིར་ཞེ་ན། གནས་པ་དང་འགག་པ་གཉིས་སུ༌[^535]མི་མཐུན་པའི་ཕྱིར་རོ། །
972	line-end	24		དེ་ལ་འདི་སྙམ་དུ་གནས་པའི་གནས་སྐབས་ན་འགག་པར་མི་འགྱུར་བ་ཉིད་དུ་སེམས་ན་དེ་བཤད་པར་བྱ་
973	verse-stanza	14		གང་ཞིག་འགག་བཞིན་མ་ཡིན་པ། །↵དེ་ནི་དངོས་པོར་མི་འཐད་དོ། །
974	terminal-particle	38		གང་གནས་པའི་གནས་སྐབས་ན་འགག་པར༌[^536]མི་འགྱུར་བ་དེ་ནི༌[^537]གནས་པའི་གནས་སྐབས་ན་དངོ
975	terminal-particle	50		འདི་ལྟར་འཇིག་པ་ནི་དངོས་པོའི་མཚན་ཉིད་དུ་བསྟན་པས་དེ་མེད་ན་ཇི་ལྟར་དངོས་པོ༌[^538]ཡིན
976	line-end	3		ཡང་གཞན་ཡང་།
977	verse-stanza	28		དངོས་པོ་ཐམས་ཅད་དུས་ཀུན་དུ། །↵རྒ་དང་འཆི་བའི་ཆོས་ཡིན་ན། །↵གང་དག་རྒ་དང་འཆི་མེད་པར། 
978	line-end	77		གང་གི་ཚེ་དངོས་པོ་ཐམས་ཅད་མི་རྟག་པ་དང་རྗེས་སུ་འབྲེལ་པའི་ཕྱིར། མི་རྟག་པ་ཉིད་ཀྱིས་རྒ
979	terminal-particle	65		གནས་པའི་གནས་པ་ཞེས་གང་སྨྲས་པ་དེ་ལ་བཤད་པར་བྱ་སྟེ། གནས་པ་གནས་པ་གཞན་དང་ནི། །དེ་ཉིད་ཀ
980	line-end	4		ཇི་ལྟར་ཞེ་ན།
981	verse-stanza	14		ཇི་ལྟར་སྐྱེ་བ་རང་དང་ནི། །↵གཞན་གྱིས་བསྐྱེད་པ་མ་ཡིན་ཉིད། །
982	line-end	3		ཇི་སྐད་དུ།
983	verse-stanza	28		སྐྱེ་བ་འདི་ནི་མ་སྐྱེས་པས། །↵རང་གི་བདག་ཉིད་ཇི་ལྟར་བསྐྱེད། །↵ཅི་སྟེ་སྐྱེས་པས་སྐྱེད
984	line-end	48		ཅེས་སྨྲས་པ་དེ་བཞིན་དུ་གནས་པ་ཡང་མི༌[^543]གནས་པས་རང་གི་བདག་ཉིད་གནས་པར་བྱེད་དམ། གནས
985	terminal-particle	20		ཅིའི་ཕྱིར་ཞེ་ན། མེད་པའི་ཕྱིར་ཏེ། འདི་ལྟར་མ་གནས་པ་ལ་ནི་གནས་པ་མི་འཐད་དོ། །
986	terminal-particle	60		གང་མེད་པ་དེས་རང་གི་བདག་ཉིད་གང་ཞིག་ཇི་ལྟར་གནས་པར་བྱེད། ཅི་སྟེ་གནས་པར་བྱེད་ན་ནི་རི
987	line-end	83		གནས་པ་གནས་པས་ཀྱང་རང་གི་བདག་ཉིད་གནས་པར་མི་བྱེད་དེ། ཅིའི་ཕྱིར་ཞེ་ན། གནས་པ་ཉིད་ཀྱི་
988	line-end	20		ཇི་ལྟར་གནས་པ་དེ་གནས་པ་གཞན་གྱིས་གནས་པར་བྱེད་པར་མི་རིགས་ཤེ་ན། ཇི་སྐད་དུ།
989	verse-stanza	28		གལ་ཏེ་སྐྱེ་བ་གཞན་ཞིག་གིས། །↵དེ་སྐྱེད༌[^545]ཐུག་པ་མེད་པར་འགྱུར། །↵ཅི་སྟེ་སྐྱེ་བ་མ
990	terminal-particle	44		ཞེས་སྨྲས་པ་དེ་བཞིན་དུ། གནས་པ་ཡང་གནས་པ་གཞན་ཞིག་གིས་གནས་པར་བྱེད་དམ། གནས་པ་གཞན་མེད་
991	line-end	66		གལ་ཏེ་གནས་པ་གནས་པ་གཞན་གྱིས་གནས་པར་བྱེད་ན། དེ་ལྟ་ན་ཐུག་པ་མེད་པར་ཐལ་བར་འགྱུར་ཏེ། ད
992	terminal-particle	129		ཅི་སྟེ་གནས་པ་དེ་གནས་པ་གཞན་མེད་པར་གནས་པར་བྱེད་དོ་སྙམ་ན་དེ་ལ་བཤད་པར་བྱ་སྟེ། ཇི་ལྟར
993	line-end	25		གང་གནས་པར་མི་བྱེད་པ་དེ་ནི་གནས་པ་ཉིད་ཀྱང་མ་ཡིན་པས་དེའི་ཕྱིར་གནས་པ་ཡང་ཡོད་པ་མ་ཡིན་
994	terminal-particle	37		འདིར་སྨྲས་པ། འགག་པ་ནི་ཡོད་དེ། དེ་ཡང་དངོས་པོ་མ་སྐྱེས་པ་དང་མི་གནས་པ་དག་ལ་མི་འཐད་པས
995	terminal-particle	32		བཤད་པ། གལ་ཏེ་འགག་བཞིན༌[^548]པ༌[^549]ཡོད་པར་གྱུར་ན། དེ་དངོས་པོ་འགག༌[^550]པའམ། མ་འ
996	line-end	6		ཅིའི་ཕྱིར་ཞེ་ན། འདི་ལྟར།
997	verse-stanza	21		འགགས་པ༌[^552]འགག་པར་མི་བྱེད་དེ། །↵མ་འགགས་པ༌[^553]ཡང་འགག་མི་བྱེད། །↵འགག་བཞིན་པ་ཡང
998	terminal-particle	53		དེ་ལ་རེ་ཞིག་འགགས་པ་ནི་འགག་པར་མི་བྱེད་དེ། ཅིའི་ཕྱིར་ཞེ་ན། མེད་པའི་ཕྱིར་ཏེ། མེད་པ་
999	line-end	80		འགག་བཞིན་པ་ཡང་དེ་བཞིན་དུ་འགག་པར་མི་བྱེད་དེ། ཇི་ལྟར་ཞེ་ན། ཇི་སྐད་དུ། སྐྱེ་བཞིན་པ་
1000	terminal-particle	106		ཡང་གཞན་ཡང་། འདི་ལ་འགག་བཞིན་པ་ཞེས་བྱ་བ་ནི་གང་གི་ཅུང་ཟད་ནི་འགགས་ཅུང་ཟད་ནི་མ་འགགས་པ
1001	line-end	35		གལ་ཏེ་ཅུང་ཟད་འགགས་པ་དེ༌[^563]འགག་པ་མེད་པ་ཁོ་ནར་འགགས་ན་ནི་དེའི་ལྷག་མ་ཡང་དེ་བཞིན་ད
1002	terminal-particle	33		ཡང་ན་དེའི་གང་ཅུང་ཟད་ནི་འགག་པ་མེད་པ་ཁོ་ནར་འགགས་ལ། ཅུང་ཟད་ནི་འགགས་པས༌[^564]འགག་པར་
1003	terminal-particle	39		ཅི་སྟེ་དེའི་གང༌[^565]ཅུང་ཟད་འགགས་པ་དེ་ཡང་འགག་པ༌[^566]ཁོ་ནར་བཀག་པ་ནི་དེ་ལྟ་ན་མ་འག
1004	terminal-particle	22		གཞན་ཡང་། དེའི་ཕྱིར༌[^567]ཅུང་ཟད་འགགས་པ་དེ་ནི་འགགས་པས་འགག་པར་མི་བྱེད་དེ། འགགས་ཟིན
1005	terminal-particle	32		དེས་ན། དེའི་ལྷག་མ་མ་འགགས་པ་གང་ཡིན་པ་དེ་འགགས་པས་འགག་པར་བྱེད་དོ་ཞེས་བྱ་བར་འགྱུར་ཏེ
1006	line-end	9		ཞེས་གང་སྨྲས་པ་དེ་ཉམས་པར་གྱུར་ཏོ། །
1007	terminal-particle	64		ཅི་སྟེ་དེའི་གང་ཅུང་ཟད༌[^568]འགགས་པས་འགག༌[^569]པར་བྱེད་ན་ནི་དེ་ལ་འགག་པ་གཉིས་ཀྱིས་
1008	terminal-particle	30		དེ་ལྟ་བས་ན་འགག་བཞིན་པ་འགག་པར་བྱེད་དོ་ཞེས་བྱ་བ་དེ་ཡང་སྙིང་པོ་མེད་པ་ལ་བློས་སྙིང་པོ
1009	terminal-particle	20		ཡང་གཞན་ཡང་། མ་སྐྱེས་གང་ཞིག་འགག་པར་བྱེད། །གང་གི་ཚེ་ཅུང་ཟད་ཀྱང་སྐྱེ་བ་མེད་དོ། །
1010	line-end	35		ཞེས་བྱ་བ་དེ་སྔར་བསྟན་ཟིན་པ་དེའི་ཕྱིར༌[^572]མ་སྐྱེས་པ་གཞན་གང་ཞིག་འགག་པར་བྱེད་ཅེས་
1011	line-end	26		ཡང་གཞན་ཡང་། འགག་པ་ནི་གནས་པའམ། མ་གནས་པ་ལ་བརྟག་གྲང་ན། དེ་ནི་གཉི་ག་ལ་ཡང་མི་རུང་སྟེ།
1012	verse-stanza	14		རེ་ཞིག་དངོས་པོ་གནས་པ་ལ། །↵འགག་པ་འཐད་པར་མི་འགྱུར་རོ། །
1013	terminal-particle	27		གནས་པའི་བྱ་བ་སྐྱེས་པ་ལ་གནས་པ་དང་མི་མཐུན་པའི་འགག་པ་མི་འཐད་དེ། གནས་པའི་ཕྱིར་དེ་ནི་
1014	terminal-particle	14		གལ་ཏེ་མི་གནས་པ་ལ་འགག་པ་ཡོད་པས་ཉེས་པ་མེད་དོ། །
1015	line-end	2		ཞེ་ན།
1016	verse-stanza	15		དངོས་པོ་མི་གནས་པ་ལ་ཡང་། །↵འགག་པ་མི༌[^574]འཐད་པར་མི་འགྱུར་རོ། །
1017	line-end	15		མི་གནས་པའི་ཕྱིར་དཔེར་ན་འགགས་པ༌[^575]བཞིན་ནོ་ཞེས་བྱ་བར༌[^576]དགོངས་སོ། །
1018	terminal-particle	62		སྨྲས་པ། མངོན་སུམ་ལ་གཏན་ཚིགས་ཀྱི་ཚིག་དོན་མེད་པ་དེ་ནི་འཇིག་རྟེན་ལ་གྲགས་པ་ཡིན་ཏེ། ཇ
1019	line-end	18		བཤད་པ། དེ་ལྟ་བས་ན། འདི་ཡང་ཁྱོད་ཀྱི་བློའི་མངོན་སུམ་དུ་བྱ་བའི་རིགས་ཏེ།
1020	verse-stanza	28		གནས་སྐབས་དེ་ཡི༌[^579]གནས་པ་ནི། །↵དེ་ཡིས་འགག་པ་ཉིད་མི་འགྱུར། །↵གནས་སྐབས་གཞན་གྱིས་
1021	terminal-particle	36		དངོས་པོ་གནས་སྐབས་གང་དུ་འཇུག་པར་རྟག་པར༌[^580]དེའི་གནས་སྐབས་དེ་ནི་གནས་སྐབས་དེས་འགག
1022	terminal-particle	23		འདི་ལྟར་འོ་མའི་གནས་སྐབས་ཉིད་ཀྱིས་འོ་མ་འགག་པར་མི་འགྱུར་ཏེ། འོ་མའི་གནས་སྐབས་ཡོད་པའ
1023	terminal-particle	29		གནས་སྐབས་གཞན་གྱིས་ཀྱང་གནས་སྐབས་གཞན་འགག་པ་ཉིད་དུ་མི་འགྱུར་ཏེ། ཅིའི་ཕྱིར་ཞེ་ན། གཞན
1024	terminal-particle	27		འདི་ལྟར་ཞོའི་གནས་སྐབས་སུ་འོ་མའི་གནས་སྐབས་འགག་པར་མི་འགྱུར་ཏེ། ཞོའི་གནས་སྐབས་ན་འོ་
1025	line-end	63		ཅི་སྟེ་ཡོད་ན་ནི། འོ་མ་དང་ཞོ་གཉིས་ལྷན་ཅིག་ན་གནས་པ་དང་། ཞོ་རྒྱུ་མེད་པ་ལས་འབྱུང་བར་
1026	terminal-particle	61		སྨྲས་པ། འགག་པ་ནི་ཡོད་པ་ཁོ་ན་ཡིན་ཏེ། ཅིའི་ཕྱིར་ཞེ་ན། སྔར་ཁས་བླངས་པའི་ཕྱིར་ཏེ། འདི
1027	terminal-particle	9		འདི་ལྟར་མེད་པ་ནི་རྒྱུར་མི་འཐད་དོ། །
1028	line-end	21		བཤད་པ། ཅི་ཁྱོད་རི་མོའི་མེ་གསོད་པར་བྱེད་དམ། ཁྱོད་སྐྱེ་བ་མེད་པ་ལ་འགག་པ་འདོད་ཀོ། །
1029	verse-stanza	28		གང་ཚེ་ཆོས་རྣམས་ཐམས་ཅད་ཀྱི། །↵སྐྱེ་བ་འཐད་པར་མི་འགྱུར་བ། །↵དེ་ཚེ་ཆོས་རྣམས་ཐམས་ཅད་ཀ
1030	line-end	75		གང་གི་ཚེ་ཁོ་བོས་དངོས་པོ་ཐམས་ཅད་ཀྱི་སྐྱེ་བ་མི་འཐད་དོ་ཞེས་སྨྲས་པ་དེའི་ཚེ་དངོས་པོ་ཐ
1031	line-end	28		ཡང་གཞན་ཡང་། འདི་ལ་གལ་ཏེ་རེ་ཞིག་འགག་པ་ཞིག་ཡོད་པར་གྱུར་ན། དེ་དངོས་པོ་ཡོད་པའམ། མེད་
1032	verse-stanza	14		རེ་ཞིག་དངོས་པོ་ཡོད་པ་ལ། །↵འགག་པ་འཐད་པར་མི་འགྱུར་རོ། །
1033	line-end	23		རེ་ཞིག་དངོས་པོ་ཡོད་པ་གནས་པ་ལ་ནི་འགག་པ་འཐད་པར་མི་འགྱུར་ཏེ། ཅིའི་ཕྱིར་ཞེ་ན། འདི་ལྟ
1034	verse-stanza	14		དངོས་དང་དངོས་པོ་མེད་པ་དག །↵གཅིག་ཉིད་ན་ནི་འཐད་པ་མེད། །
1035	terminal-particle	15		དངོས་པོ་ཡོད་པའི་ཡོད་པ་ཉིད་གང་ཡིན་པ་ནི་དངོས་པོ་ཡོད་པའོ། །
1036	line-end	56		དངོས་པོ་འགགས་པའི༌[^584]མེད་པ་ཉིད་གང་ཡིན་པ་ནི་དངོས་པོ་མེད་པ་སྟེ། དངོས་པོ་དང་དངོས་
1037	verse-stanza	14		དངོས་པོ་མེད་པར་གྱུར་པ་ལའང་། །↵འགག་པ་འཐད་པར་མི་འགྱུར་རོ། །
1038	line-end	4		ཇི་ལྟར་ཞེ་ན།
1039	verse-stanza	14		མགོ་གཉིས་པ་ལ་ཇི་ལྟར་ནི། །↵བཅད་དུ་མེད་པ་དེ་བཞིན་ནོ། །
1040	terminal-particle	23		མེད་པ་ལ་ཅི་ཞིག་འགག་པར་འགྱུར་ཏེ། འདི་ལྟར་མགོ་གཉིས་པ་མེད་པར་བཅད་པར་མི་ནུས་པ་བཞིན་ན
1041	line-end	14		འགག་པའི་འགག་པ་ཞེས་གང་སྨྲས་པ་དེ་ལ་བཤད་པར་བྱ་སྟེ།
1042	verse-stanza	14		འགག་པ་འགག་པ་གཞན་དང་ནི། །↵དེ་ཉིད་ཀྱིས་ཀྱང་འགག་མི་རིགས། །
1043	terminal-particle	38		འདི་ལ་གལ་ཏེ་འགག་པ་ལ་འགག་པ་ཞིག་ཡོད་པར་གྱུར་ན་དེ་གཞན་གྱི་བདག་ཉིད་དམ་རང་གི༌[^586]བད
1044	line-end	4		ཇི་ལྟར་ཞེ་ན།
1045	verse-stanza	14		ཇི་ལྟར་སྐྱེ་བ་རང་དང་ནི། །↵གཞན་གྱིས་བསྐྱེད་པ་མ་ཡིན་བཞིན། །
1046	line-end	17		ཇི་སྐད་དུ། སྐྱེ་བ་འདི་ནི་མ་སྐྱེས་པས། །རང་གི་བདག་ཉིད་ཇི་ལྟར་སྐྱེད།[^587] །
1047	verse-stanza	14		ཅི་སྟེ་སྐྱེད་པས༌[^588]སྐྱེད་བྱེད་ན། །↵སྐྱེས་ན་ཅི་ཞིག་བསྐྱེད་དུ་ཡོད། །
1048	line-end	129		ཅེས་སྨྲས་པ་དེ་བཞིན་དུ་འགག་པ་ཡང་མ་འགགས་པས་རང་གི་བདག་ཉིད་འགག་པར་བྱེད་དམ། འགགས་པས་ར
1049	line-end	30		དེ་ལྟར་རེ་ཞིག་འགག་པ་རང་གི་བདག་ཉིད་ཀྱིས་འགག་པར་བྱེད་པར་མི་འཐད་དེ།[^593] །གཞན་གྱི་
1050	verse-stanza	28		གལ་ཏེ་སྐྱེ་བ་གཞན་ཞིག་གིས། །↵དེ་སྐྱེད༌[^594]ཐུག་པ་མེད་པར་འགྱུར། །↵ཅི་སྟེ་སྐྱེ་བ་མ
1051	terminal-particle	91		ཞེས་སྨྲས་པ་དེ་བཞིན་དུ་འགག་པ་ཡང་འགག་པ་གཞན་ཞིག་གིས་འགག་པར་བྱེད་དམ། འགག་པ་གཞན་མེད་པ
1052	line-end	20		ཅི་སྟེ་འགག་པ་དེ་འགག་པ་གཞན་མེད་པར་འགག་གོ་སྙམ་ན། དེ་ལ་བཤད་པར་བྱ་སྟེ།
1053	verse-stanza	14		ཅི་སྟེ་འགག་པ་མེད་འགགས༌[^597]ན། །↵ཐམས་ཅད་དེ་བཞིན་འགག་པར་འགྱུར། །
1054	terminal-particle	36		ཇི་ལྟར་འགག་པ་དེ་འགག་པ་གཞན་མེད་པར་འགགས་པ༌[^598]དེ་བཞིན་དུ་འདུས་བྱས་ཐམས་ཅད་ཀྱང་འགག
1055	terminal-particle	38		ཞེས་བྱ་བ༌[^600]མེད་པའི་རྟོག་པ་འདིས་ཅི་བྱ། ཡང་ན་འདི་ལྟར་འགག་པ་ཉིད་ནི་འགག་པ་གཞན་མེ
1056	terminal-particle	28		ཞེས་ཁྱད་པར་གྱི་གཏན་ཚིགས་བསྟན་པར་བྱ་དགོས་ན༌[^601]མི་བྱེད་པས་དེའི་ཕྱིར་འགག་པ་ནི་འག
1057	terminal-particle	53		དེའི་ཕྱིར་དེ་ལྟར་བརྟགས་ན་སྐྱེ་བ་དང་གནས་པ་དང་འཇིག་པ་དག་ཇི་ལྟར་ཡང་མི་འཐད་དེ།[^602]
1058	line-end	11		ཞེས་བྱ་བ་དེ་ནི་རྟོག་པ་ཙམ་དུ་ཟད་དོ། །
1059	terminal-particle	49		སྨྲས་པ། འདུས་བྱས་ཀྱི་སྤྱིའི་མཚན་ཉིད་དེ་དག་མི་རུང་དུ་ཟིན་ཀྱང་རང་རང་གི་མཚན་ཉིད་ཁོ་
1060	line-end	36		བཤད་པ། ཅི་ཁྱོད་ལ་ལོག་རྟོག་མ་སྐྱེས་པར་ལེགས་སོ་ཞེས་སྒྲོགས་སམ། ཁྱོད་སྐྱེ་བ་དང་གནས་པ
1061	verse-stanza	14		སྐྱེས་དང་གནས་དང་འཇིག་པ་དག །↵མ་གྲུབ་པར༌[^605]ན་འདུས་བྱས་མེད། །
1062	line-end	66		འདི་ལྟར་སྐྱེས་པ་དག་དང་གནས་པ་དང་འཇིག་པ༌[^606]རབ་ཏུ་གྲུབ་ན་ནི་འདུས་བྱས་ཀྱང་རབ་ཏུ་ག
1063	terminal-particle	54		སྨྲས་པ། དངོས་པོ་རྣམས་མཚན་ཉིད་ཁོ་ན་ལས་རབ་ཏུ་འགྲུབ་པར་མ་ངེས་ཀྱི། དངོས་པོ་རྣམས་ནི་ག
1064	line-end	21		བཤད་པ། ཅི་ཁྱོད་སྒྲོན་མེས་ཉི་མ་ཚོལ་ལམ། ཁྱོད་འདུས་མ་བྱས་ཀྱིས་འདུས་བྱས་འགྲུབ་པར་འདོ
1065	verse-stanza	14		འདུས་བྱས་རབ་ཏུ་མ་གྲུབ་པས། །↵འདུས་མ་བྱས་ནི་ཇི་ལྟར་འགྲུབ། །
1066	line-end	62		གལ་ཏེ་ཁྱོད་གཉེན་པོ་ལས་འགྲུབ་པར་སེམས་ན་འདུས་མ་བྱས་ཀྱི་གཉེན་པོ་འདུས་བྱས་ཏེ། མ་གྲུབ
1067	line-end	31		སྨྲས་པ། གལ་ཏེ་ཁྱོད་ལ་སྐྱེ་བ་དང་། གནས་པ་དང་འཇིག་པ་དག་མེད་པ་ཡིན་ན་ནི་འདུས་བྱས་ཡོད་
1068	verse-stanza	14		ཀྱེ་མ་འདུ་བྱེད་མི་རྟག་སྟེ། །↵སྐྱེ་ཞིང་འཇིག་པའི་ཆོས་ཅན་ཡིན། །
1069	line-end	9		ཞེས་གསུངས་པ་དེ་ཇི་ལྟ་བུ། བཤད་པ།
1070	verse-stanza	28		རྨི་ལམ་ཇི་བཞིན་སྒྱུ་མ་བཞིན། །↵དྲི་ཟའི་གྲོང་ཁྱེར་ཇི་བཞིན་དུ། །↵དེ་བཞིན་སྐྱེ་དང་དེ
1071	line-end	88		ཇི་ལྟར་རྨི་ལམ་མཐོང་བ་དང་། སྒྱུ་མ་བྱས་པ་དང་དྲི་ཟའི་གྲོང་ཁྱེར་དག་སྐྱེས་པ་དང་གནས་པ་
1072	terminal-particle	82		དེ་བཞིན་དུ་བཅོམ་ལྡན་འདས་ཀྱིས་འདུ་བྱེད་རྣམས་བདག་མེད་པའི་དཔེར་སྒྱུ་མ་དང་། བྲག་ཆ་དང
1073	terminal-particle	39		ཆོས་ཐམས་ཅད་བདག་མེད་དོ་ཞེས་གསུངས་པ་དང༌[^615]བདག་མེད་པ་ཞེས་བྱ་བ་ནི་ངོ་བོ་ཉིད་མེད་པ
1074	line-end	44		དེ་ལྟ་བས་ན་འདུས་བྱས་ཀྱི་སྐྱེ་བ་དང་གནས་པ་དང་འཇིག་པའི་ཚིག་ནི་ཀུན་རྫོབ་ཀྱི་བདེན་པར་
1075	terminal-particle	45		སྨྲས་པ། ཁྱོད་ཀྱིས་སྐྱེ་བ་དང་། གནས་པ་དང་། འཇིག་པ་བརྟག་པ་དེ༌[^616]བྱས་པས་ཁོ་བོའི་ཡ
1076	terminal-particle	6		བཤད་པ། འདུན་པ་བཞིན་བྱའོ། །
1077	terminal-particle	73		སྨྲས་པ། འདི་ལ་ཐམས་ཅད་དུ་ལས་དགེ་བ་དང་མི་དགེ་བ་ཡང་བསྟན། དེའི་འབྲས་བུ་ཡིད་དུ་འོང་བ་
1078	line-end	24		དེ་ལྟར་བྱེད་པ་པོ་དང་ལས་ཡོད་པས་དེ་ཡོད་པའི་ཕྱིར་དངོས་པོ་ཐམས་ཅད་ཀྱང་རབ་ཏུ་འགྲུབ་པ༌[
1079	line-end	54		བཤད་པ། གལ་ཏེ་བྱེད་པ་པོ་ཞིག་ལས་བྱེད་པར་གྱུར་ན་དེ་ཡིན་པར་འགྱུར་བའམ། མ་ཡིན་པར་གྱུར་
1080	verse-stanza	21		ལས་སུ་གྱུར་པ་མི་བྱེད་དོ། །↵བྱེད་པོ་མ་ཡིན་གྱུར་པ་ཡང་། །↵ལས་སུ་མ་གྱུར་མི་བྱེད་དོ། 
1081	terminal-particle	16		བྱེད་པ་པོ་ཡིན་པར་གྱུར་པ་ནི། ལས་ཡིན་པར་གྱུར་པ་མི་བྱེད་དོ། །
1082	terminal-particle	18		བྱེད་པ་པོ་མ་ཡིན་པར་གྱུར་པ་ཡང་ལས་མ་ཡིན་པར་གྱུར་པ་མི་བྱེད་དོ། །
1083	line-end	6		ཅིའི་ཕྱིར་ཞེ་ན། འདི་ལྟར།
1084	verse-stanza	28		ཡིན་པར་གྱུར་ལ་བྱ་བ་མེད། །↵ལས་ཀྱང་བྱེད་པ་མེད་པར་འགྱུར། །↵ཡིན་པར་གྱུར་ལ༌[^621]བྱ་བ
1085	terminal-particle	38		འདི་ལ་བྱ་བ་དང་ལྡན་པ་ཁོ་ནས་བྱེད་པ་པོ་ཡིན་པར་འགྱུར་ཏེ། འདི་ལྟར་བྱེད་པ་པོ་ཁོ་ན་ནི་བ
1086	terminal-particle	38		དེའི་ཕྱིར་བྱེད་པ་པོ་གང་བྱ་བ་དང་ལྡན་པ་དེ་བྱེད་པ་པོ་ཡིན་པར་གྱུར་པ་ཞེས་བྱ་སྟེ། བྱེད
1087	line-end	8		ཞེས་བྱ་བའི་བྱ་བ་གཞན་མེད་དོ། །
1088	terminal-particle	22		ཅི་སྟེ་ཡོད་ན་ནི་བྱ་བ་གཉིས་སུ་འགྱུར་ཏེ། བྱེད་པ་པོ་གཅིག་ལ་བྱ་བ་གཉིས་ནི་མེད་དོ། །
1089	terminal-particle	41		ཡང་གཞན་ཡང་། ལས་ཀྱང་བྱེད་པོ་མེད་པར་འགྱུར། །བྱེད་པ་པོ་གཞན་ཅི་ཡང་མི་བྱེད་པ་དེ་ལ་ལས་
1090	terminal-particle	66		ཅིའི་ཕྱིར་ཞེ་ན། བྱེད་པ་པོ་ལས་བྱེད་ན་ལས་དེའི་བྱེད་པ་པོར་འགྱུར་ཞིང་། བྱེད་པ་པོ་བྱེ
1091	terminal-particle	45		དེ་བཞིན་དུ་ལས་ཡིན་པར་གྱུར་པ་ལ་བྱ་བ་མེད་དེ། འདི་ལ་ཡང་བྱ་བ་དང་ལྡན་པ་ཁོ་ན་ལས་ཡིན་པར
1092	terminal-particle	31		དེའི་ཕྱིར་ལས་གང་བྱ་བ་དང་ལྡན་པ་དེ་ལས་ཡིན་པར་འགྱུར་ཞེས་བྱ་སྟེ། ལས་ཡིན་པར་གྱུར་པ་དེ
1093	terminal-particle	8		ཞེས་བྱ་བའི་བྱ་བ་གཞན་མེད་དོ། །
1094	line-end	20		ཅི་སྟེ་ཡོད་ན་ནི། བྱ་བ་གཉིས་སུ་འགྱུར་ཏེ། ལས་གཅིག་ལ་བྱ་བ་གཉིས་ནི་མེད་དོ། །
1095	terminal-particle	36		ཡང་གཞན་ཡང་། བྱེད་པ་པོ་ཡང་ལས་མེད་གྱུར།[^623] །ལས་མི་བྱ་བ་དེ་ལ་བྱེད་པ་པོ་ཡོད་པར་ཡོ
1096	terminal-particle	68		ཅིའི་ཕྱིར་ཞེ་ན། བྱེད་པ་པོའི་བྱ་བ་ཡིན་ན་བྱེད་པ་པོ་དེའི་ལས་སུ་འགྱུར་ཞིང་། ལས་བྱ་བ་
1097	terminal-particle	44		དེ་ལྟ་བས༌[^624]ན་བྱ་བ་མེད་པའི་ཕྱིར་ལས་ཀྱང་བྱེད་པ་པོ་མེད་པར་ཐལ་བར་འགྱུར་ལ། བྱེད་པ
1098	terminal-particle	18		བྱེད་པ་པོ་མ་ཡིན་པར་གྱུར་པ་ཡང་ལས་མ་ཡིན་པར་གྱུར་པ་མི་བྱེད་དོ། །
1099	line-end	4		ཇི་ལྟར་ཞེ་ན།
1100	verse-stanza	28		གལ་ཏེ་བྱེད་པོར་མ་གྱུར་པ། །↵ལས་སུ་མ་གྱུར་བྱེད་ན་ནི། །↵ལས་ལ་རྒྱུ་མེད་ཐལ་བར་འགྱུར། 
1101	terminal-particle	24		བྱེད་པ་པོ་དང་ལས་དག་མ་ཡིན་པར་གྱུར་པ་ཞེས་བྱ་བ་ནི་གང་དག་བྱ་བ་དང་བྲལ་བ་དག་གོ། །
1102	terminal-particle	42		དེ་ལ་གལ་ཏེ་བྱེད་པ་པོ་མ་ཡིན་པར་གྱུར་པ་བྱ་བ་དང་བྲལ་བ་ལས་མ་ཡིན་པར་གྱུར་པ་བྱ་བ་དང་བྲ
1103	line-end	32		ཅིའི་ཕྱིར་ཞེ་ན། འདི་ལྟར་བྱེད་པ་པོ་བྱ་བ་དང་ལྡན་པའི་རྒྱུ་ལས་བྱུང་བ་བྱེད་པ་པོ་ཉིད་ཡ
1104	terminal-particle	33		དེ་ལྟ་བས་ན་བྱེད་པ་པོ་དང་ལས་དག་མ་ཡིན་པར་གྱུར་པ་བྱ་བ་དང་བྲལ་བ༌[^628]ཡོངས་སུ་རྟོག་ན
1105	terminal-particle	32		དེ་ལ་འགའ་ཡང་བྱེད་པ་པོ་མ་ཡིན་པར་མི་འགྱུར་ལ་གང་ཡང་ལས་མ་ཡིན་པར་མི་འགྱུར་ཏེ། དེ་ལྟ་ན
1106	terminal-particle	14		འདི་ནི་ལས་ཡིན་ནོ༌[^630]ཞེས་བྱ་བ་དག་མི་སྲིད་པར་འགྱུར་རོ། །
1107	terminal-particle	13		དེ་དག་མི་སྲིད་ན་འདི་ནི་བསོད་ནམས་བྱེད་པ་ཡིན་ནོ། །
1108	terminal-particle	5		འདི་ནི་མ་ཡིན་ནོ། །
1109	terminal-particle	8		འདི་ནི་སྡིག་པ་བྱེད་པ་ཡིན་ནོ། །
1110	terminal-particle	15		འདི་ནི་མ་ཡིན་ནོ་ཞེས་བྱ་བ་དག་ཀྱང་མི་འཐད་པར་འགྱུར་རོ། །
1111	line-end	33		དེ་དག་མི་འཐད་ན་འཆོལ་བའི་ཉེས་པ་ཆེན་པོར་འགྱུར་བས་དེའི་བྱེད་པ་པོ་མ་ཡིན་པར་གྱུར་པ་ལས
1112	verse-stanza	14		རྒྱུ་མེད་ན་ནི་འབྲས་བུ་དང་། །↵རྒྱུ་ཡང་འཐད་པར་མི་འགྱུར་རོ། །
1113	terminal-particle	72		རྒྱུ་མེད་ན་འབྲས་བུ་ཅུང་ཟད་ཀྱང་འཐད་པར་མི་འགྱུར་ཏེ། རྒྱུ་མེད་པ་ལ་འབྲས་བུ་ཇི་ལྟར་འཐ
1114	terminal-particle	7		རྒྱུ་ཡང་འཐད་པར་མི་འགྱུར་རོ། །
1115	terminal-particle	20		ཞེས་བྱ་བ་ནི་རྒྱུ་མེད་ན་རྐྱེན་ཀྱང་འཐད་པར་མི་འགྱུར་རོ་ཞེས་བྱ་བའི་ཐ་ཚིག་གོ། །
1116	terminal-particle	42		དེ་ཡང་ཇི་ལྟར་འཐད་ཅེ༌[^632]ན། དངོས་པོ་རྒྱུ་ལས་བྱུང་བ་རྣམས་ལ་རྐྱེན་ཀྱང་ཕན་འདོགས་པར
1117	line-end	13		ཕན་འདོགས་པར་མི་བྱེད་ན་ནི་ཇི་ལྟར་རྐྱེན་རྣམས་སུ་འགྱུར།
1118	line-end	15		དེ་ལྟ་བས་ན་རྒྱུ་མེད་ན་འབྲས་བུ་ཡང་འཐད་པར་མི་འགྱུར་ལ།
1119	verse-stanza	21		རྒྱུ་ཡང་འཐད་པར་མི་འགྱུར་རོ། །↵དེ་མེད་ན་ནི་བྱ་བ་དང་། །↵བྱེད་པ་པོ་དང་བྱེད་མི་རིགས།
1120	terminal-particle	31		དེ་མེད་ན་ནི་ཞེས་བྱ་བ་ནི་དེ་མེད་ན་སྟེ། འབྲས་བུ་དེ་མེད་ན་བྱ་བ་དང་བྱེད་པ་པོ་དང་། བྱ
1121	line-end	115		ཇི་ལྟར་ཞེ་ན། འདི་ན་གཅད༌[^633]པར་བྱ་བ་གཅོད་པ་ན་གཅོད་པ་པོས་གཅད་པས༌[^634]གཅོད་པར་བྱ
1122	verse-stanza	14		བྱ་བ་ལ་སོགས་མི་རིགས་ན། །↵ཆོས་དང་ཆོས་མིན་ཡོད་མ་ཡིན། །
1123	terminal-particle	25		བྱ་བ་ལ་སོགས་པ་མི་རིགས་པར་ཐལ་བར་གྱུར་ན་ཆོས་དང་ཆོས་མ་ཡིན་པ་དག་ཀྱང་ཡོད་པ་མ་ཡིན་ནོ། 
1124	line-end	72		ཅིའི་ཕྱིར་ཞེ་ན། འདི་ལ་ཆོས་དང་ཆོས་མ་ཡིན་པ་ལུས་དང་ངག་དང་ཡིད་ཀྱི་བྱ་བའི་ཁྱད་པར་ཅན་ད
1125	verse-stanza	14		ཆོས་དང་ཆོས་མིན་མེད་ན་ནི། །↵དེ་ལས་བྱུང་བའི་འབྲས་བུ་མེད། །
1126	terminal-particle	62		དེ་ལྟར་ཆོས་དང་ཆོས་མ་ཡིན་པ་དག་མེད་ན་ཆོས་དང་ཆོས་མ་ཡིན་པ་དེ་དག་ལས་བྱུང་བའི་འབྲས་བུ་
1127	terminal-particle	20		བྱ་བ་ལ་སོགས་པ་མི་རིགས་པའི་ཕྱིར་རོ།[^643] །ཆོས་དང་ཆོས་མ་ཡིན་པ་དེ་དག་མེད་དོ། །
1128	line-end	15		དེ་དག་མེད་པས་དེ་ལས་བྱུང་བའི་འབྲས་བུ་ཡོད་པར་ག་ལ་འགྱུར།
1129	verse-stanza	22		འབྲས་བུ་མེད་ན་ཐར་པ་དང་། །↵མཐོ་རིས་འགྱུར་བའི་ལམ་མི་འཐད། །↵འབྲས་བུ་མེད་པར་ཐལ་བར་གྱ
1130	line-end	17		མཐོ་རིས་སུ་འགྱུར་བ་དང་ཐལ་བར་འགྱུར་བའི་ལམ་ཡང་མི་འཐད་པར་འགྱུར་རོ། །
1131	line-end	166		ཅིའི་ཕྱིར་ཞེ་ན། མཐོ་རིས་དང་བྱང་གྲོལ་དག་ནི་ཆོས་ཀྱི་འབྲས་བུ་ཡིན་ལ་དེ་དག་འཐོབ་པའི་ཐ
1132	terminal-particle	36		དེའི་ཕྱིར་དེ་ལྟར་རྒྱུ་མེད་ན་ཉེས་པ་མང་པོ་དང་ཆེན་པོ་དག་ཏུ་ཐལ་བར་འགྱུར་བས་བྱེད་པ་པོ
1133	terminal-particle	12		ཞེས་བྱ་བ་དེ་ནི་ཤིན་ཏུ་ཚིག་ངན་པ་ཡིན་ནོ། །
1134	line-end	35		དེ་ལ་འདི་སྙམ་དུ་བྱེད་པ་པོ་ཡིན་པ་དང་མ་ཡིན་པར་གྱུར་པ་ལས་ཡིན་པ་དང་མ་ཡིན་པར་གྱུར་པ་བ
1135	verse-stanza	14		བྱེད་པ་པོར་གྱུར་མ་གྱུར་པ། །↵གྱུར་མ་གྱུར་དེ་མི་བྱེད་དེ། །
1136	terminal-particle	24		བྱེད་པ་པོ་ཡིན་པ་དང་མ་ཡིན་པར་གྱུར་པ་ནི་བྱ་བ་དང་ལྡན་པ་དང་བྱ་བ་དང་མི་ལྡན་པའོ། །
1137	terminal-particle	22		ལས་ཡིན་པ་དང་མ་ཡིན་པར་གྱུར་པ་ཡང་བྱ་བ་དང་ལྡན་པ་དང་བྱ་བ་དང་མི་ལྡན་པའོ། །
1138	line-end	23		བྱེད་པ་པོ་ཡིན་པ་དང་མ་ཡིན་པར་གྱུར་པ་ལས་ཡིན་པ་དང་མ་ཡིན་པར་གྱུར་པ་མི་བྱེད་དོ། །
1139	line-end	4		ཅིའི་ཕྱིར་ཞེ་ན།
1140	verse-stanza	14		ཡིན་དང་མ་ཡིན་གྱུར་པ་ནི། །↵ཕན་ཚུན་འགལ་བས་ག་ལ་གཅིག །
1141	terminal-particle	86		གལ་ཏེ་བྱེད་པ་པོ་དང་ལས་དེ་ལྟ་བུ་དག་སྲིད་པར་གྱུར་ན་ནི་བྱེད་པ་པོ་དེ་ལས་དེ་བྱེད་པར་ཡ
1142	line-end	71		དེ་ལྟར་རེ་ཞིག་ཕྱོགས་མཐུན་པ་གསུམ་གྱིས་བྱེད་པ་པོ་དང་ལས་མི་འཐད་དེ། བྱེད་པ་པོ་ཡིན་པར
1143	verse-stanza	15		མ་ཡིན་པར་གྱུར་པ་མི་བྱེད་དོ། །↵མི་མཐུན་པས་ཀྱང་མི་འཐད་དེ། །
1144	line-end	2		འདི་ལྟར།
1145	verse-stanza	14		བྱེད་པ་པོ་དང་ལས་དག་ནི། །↵གྱུར་པ་མ་གྱུར་མི་བྱེད་དོ། །
1146	quote-open	17		མ་གྱུར་པ་ཡང་གྱུར་མི་བྱེད།[^647] །རེ་ཞིག་བྱེད་པ་པོ་ཡིན་པར་གྱུར་པ་ལས།
1147	terminal-particle	8		མ་ཡིན་པར་གྱུར་པ་མི་བྱེད་དོ། །
1148	line-end	16		བྱེད་པ་པོ་མ་ཡིན་པར༌[^648]གྱུར་པ་ལས་ཡིན་པར་གྱུར་པ་མི་བྱེད་དོ། །
1149	line-end	127		ཅིའི་ཕྱིར་ཞེ་ན། འདི་ལྟར། འདིར་ཡང་སྐྱོན་དེར་ཐལ་བར་འགྱུར། །བྱེད་པ་པོ་དང་ལས་རྣམ་པ་ད
1150	verse-stanza	21		བྱེད་པ་པོ་དང་ལས་དག་ནི། །↵གྱུར་དང་བཅས་པ་མ༌[^653]གྱུར་དང་། །↵གྱུར་མ་གྱུར་པ་མི་བྱེད
1151	terminal-particle	25		བྱེད་པ་པོ་ཡིན་པར་གྱུར་པ་ལས་མ་ཡིན་པར་གྱུར་པ་དང་ཡིན་པ་དང་མ་ཡིན་པར་གྱུར་པ་མི་བྱེད་ད
1152	line-end	11		ཅིའི་ཕྱིར་ཞེ་ན། གཏན་ཚིགས་གོང་དུ་བསྟན་ཕྱིར་རོ། །
1153	line-end	45		བྱེད་པ་པོ་ཡིན་པར་གྱུར་པ་ལ་བྱ་བ་མེད་པ་དང་། ལས་མ་ཡིན་པར་གྱུར་པ་ལ་རྒྱུ་མེད་པ་དང་། ལ
1154	verse-stanza	21		བྱེད་པ་པོ་དང་ལས་དག་ནི། །↵མ་གྱུར་པ་ནི་གྱུར་བཅས་དང་། །↵གྱུར་མ་གྱུར་པ་མི་བྱེད་དེ། །
1155	terminal-particle	25		བྱེད་པ་པོ་མ་ཡིན་པར་གྱུར་པ་ལས་ཡིན་པར་གྱུར་པ་དང་། ཡིན་པ་དང་མ་ཡིན་པར་གྱུར་པ་མི་བྱེད
1156	terminal-particle	11		ཅིའི་ཕྱིར་ཞེ་ན། གཏན་ཚིགས་གོང་དུ་བསྟན་ཕྱིར་རོ། །
1157	line-end	46		བྱེད་པ་པོ་མ་ཡིན་པར་གྱུར་པ་ལས་རྒྱུ་མེད་པ་བྱེད།[^655] ལས་མ་ཡིན་པར་གྱུར་པ་ལ་བྱ་བ་མེ
1158	verse-stanza	14		བྱེད་པ་པོར་གྱུར་མ་གྱུར་ནི། །↵ལས་སུ་གྱུར་དང་མ་གྱུར་པ། །
1159	terminal-particle	27		མི་བྱེད། བྱེད་པ་པོ་ཡིན་པ་དང་མ་ཡིན་པར་གྱུར་པ་ལས་ཡིན་པར་གྱུར་པ་དང་། མ་ཡིན་པར་གྱུར་
1160	quote-open	28		ཅིའི་ཕྱིར་ཞེ་ན། འདིར་ཡང་གཏན་ཚིགས་ནི། །གོང་དུ་བསྟན་པས་ཤེས་པར་བྱ། །བྱེད་པ་པོ་ཡིན་པ
1161	line-end	42		ཕན་ཚུན་འགལ་བས་ག་ལ་གཅིག་ཅེས་བྱ་བ་དང་། ལས་ཡིན་པར་གྱུར་པ་ལ་བྱ་བ་མེད་པ་དང་། ལས་མ་ཡིན
1162	line-end	127		དེ་ལྟར་ཕྱོགས་མི་མཐུན་པ་དྲུག་གིས་ཀྱང་བྱེད་པ་པོ་དང་ལས་མི་འཐད་དེ། ཡིན་པར་གྱུར་པ་མ་ཡ
1163	terminal-particle	35		སྨྲས་པ། བྱེད་པ་པོ་འདི་ལས་འདི་བྱེད་དོ་ཞེའམ། མི་བྱེད་དོ༌[^657]ཞེས་བྱ་བ་དེས་ཁོ་བོ་ལ
1164	line-end	104		བཤད་པ། ཅི་ཁྱོད་ཏིལ་མར་འདོད་ལ་དགོན་པའི་ཏིལ་ཀ་ཚོལ་ལམ། ཁྱོད་བྱེད་པ་པོ་དང་ལས་ཞེས་བྱ་
1165	terminal-particle	27		སྨྲས་པ། གལ་ཏེ་དེ་ལྟར་བྱེད་པ་པོ་ཡང་མེད་ལ། ལས་ཀྱང་མེད་ན་ཁྱོད་ཀྱིས་རྒྱུ་མེད་པའི་སྐྱ
1166	line-end	85		ཞེས་གང་དག་བསྟན་པ་དེ་དག་ཐམས་ཅད་ཁྱོད་ལ་རྗེས་སུ་འབྲེལ་བར་མི་འགྱུར་རམ། བཤད་པ། མི་འགྱ
1167	verse-stanza	21		བྱེད་པོ་ལས་ལ་བརྟེན་བྱས་ཤིང་། །↵ལས་ཀྱང་བྱེད་པོ་དེ་ཉིད་ལ། །↵བརྟེན་ནས་འབྱུང་བ་མ་གཏོ
1168	terminal-particle	30		འགྲུབ་པའི་རྒྱུ་ནི་མ་མཐོང་ངོ་།[^660] །བྱེད་པ་པོ་ནི་ལས་ལ་བརྟེན་ཅིང་ལས་ལ་གནས། ལས་ལ་
1169	line-end	20		དེའི་ལས་ཀྱང་བྱེད་པ་པོ་དེ་ཉིད་ལ་བརྟེན་ནས་འབྱུང༌[^661]ཞིང་དེའི་ལས་ཞེས་གདགས་ཤིང་བརྗ
1170	terminal-particle	25		དེའི་ཕྱིར་དེ་གཉིས་ནི་ལྟོས་པ་ཅན་དུ་གདགས་པ་ཡིན་གྱི། ངོ་བོ་ཉིད་དུ་གྲུབ་པ་དང་མ་གྲུབ་
1171	terminal-particle	26		དེའི་ཕྱིར་དེ་ལྟར་དེ་གཉིས་ཡོད་པ་ཉིད་དང་མེད་པ་ཉིད་དུ་ཁས་མ་བླངས་པས་དབུ་མའི་ལམ་དུ་གད
1172	terminal-particle	64		གདགས་པ་དེ་མ་གཏོགས་པར་དེ་གཉིས་འགྲུབ་པའི་མཚན་ཉིད་གཞན་མ་མཐོང་ངོ་། །དེ་བཞིན་ཉེར་ལེན་
1173	line-end	30		དེ་ལ་ཇི་ལྟར་བྱེད་པ་པོ༌[^663]ལ་བརྟེན་ནས་གདགས་པ་དེ་བཞིན་དུ། ཉེ་བར་ལེན་པ་པོ་ཡང་ཉེ་བ
1174	terminal-particle	61		ཇི་ལྟར་ལས་བྱེད་པ་པོ་དེ་ཉིད་ལ་བརྟེན་ནས་གདགས་པ་དེ་བཞིན་དུ་ཉེ་བར་བླང་བ་ཡང་ཉེ་བར་ལེན
1175	terminal-particle	7		བསལ་ཞེས་བྱ་བ་ནི་བཀག་པའོ། །
1176	line-end	56		ཕྱིར་རོ་ཞེས་བྱ་བ་ནི་གཏན་ཚིགས་ཀྱི་དོན་ཏེ། བྱེད་པ་པོ་དང་ལས་དེ་དག་སྔར་རྣམ་པ་དུ་མར་ག
1177	terminal-particle	141		དེ་ལ་ཇི་ལྟར་བྱེད་པ་པོ་ཡིན་པར་གྱུར་པ་ལས་ཡིན་པར་གྱུར་པ་མི་བྱེད་ལ། [^668]བྱེད་པ་པོ་
1178	line-end	12		ཕྱོགས་མི་མཐུན་པ་དག་ལ་ཡང་དེ་བཞིན་དུ་སྦྱར་རོ། །
1179	verse-stanza	14		བྱེད་པ་པོ་དང་ལས་དག་གིས། །↵དངོས་པོ་ལྷག་མ་ཤེས་པར་བྱ། །
1180	line-end	16		བྱེད་པ་པོ་ལས་དག་དང་དངོས་པོ་ལྷག་མ་རྣམས་མཚུངས་པར་ཤེས་པར་བྱའོ། །
1181	terminal-particle	70		ཉེ་བར་ལེན་པ་ལོགས་ཤིག་ཏུ་སྨོས་པ་ནི་གཙོ་བོ་ཡིན་པའི་ཕྱིར་དང་། དོན་འོག་མ་དག་གི་ཕྱིར་
1182	terminal-particle	78		དེ༌[^669]རྒྱུ་ཡིན་པར་གྱུར་པ་འབྲས་བུ་ཡིན་པར་གྱུར་པ་མི་སྐྱེད། [^670]རྒྱུ་མ་ཡིན་པར་
1183	terminal-particle	15		རྒྱུ་ཡང་འབྲས་བུ་སྐྱེད་པར༌[^673]བྱེད་པ་ན༌[^674]ཡིན་པར་གྱུར་པ༌[^675]ཞེས་བྱའོ། །
1184	terminal-particle	10		དེ་ལས་གཞན་པ་ནི་མ་ཡིན་པར་གྱུར་པའོ། །
1185	line-end	14		འབྲས་བུ་ཡང་སྐྱེད་པར་བྱ་བ་ན་ཡིན་པར་གྱུར་པ་ཞེས་བྱའོ། །
1186	terminal-particle	80		དེ་ལས་གཞན་པ་ནི་མ་ཡིན་པར་གྱུར་པའོ།[^676] །དེ་བཞིན་དུ་ཡན་ལག་དང་ཡན་ལག་ཅན་དག་ལ་ཡང་བལ
1187	terminal-particle	47		མེ་ཡིན་པར་གྱུར་པ༌[^678]ཡང་བུད་ཤིང་ཡིན་པར་གྱུར་པ་མི་སྲེག །མ་ཡིན་པར་གྱུར་པ་ཡང་མ་ཡི
1188	terminal-particle	52		ཡོན་ཏན་ཡིན་པར་གྱུར་པ་ཡང་ཡོན་ཏན་ཅན་ཡིན་པར་གྱུར་པ་ལ་མི་འཇུག །མ་ཡིན་པར་གྱུར་པ་ཡང་མ་
1189	line-end	56		མཚན་ཉིད་ཡིན་པར་གྱུར་པ་ཡང་མཚན་ཉིད་ཀྱི་གཞི་ཡིན་པར་གྱུར་པ་མཚོན་པར་མི་བྱེད། མ་ཡིན་པར
1190	terminal-particle	45		ཇི་ལྟར་བྱེད་པ་པོ་ལས་ལ་བརྟེན་ནས་གདགས་ལ། ལས་ཀྱང་བྱེད་པ་པོ་ཉིད་ལ་བརྟེན་ནས་གདགས་པ་དེ
1191	terminal-particle	24		ཡན་ལག་ཅན་ཡང་ཡན་ལག་ལ་བརྟེན་ནས་གདགས་ལ། ཡན་ལག་ཀྱང་ཡན་ལག་ཅན་དེ་ཉིད་ལ་བརྟེན་ནས་གདགས་ས
1192	terminal-particle	20		མེ་ཡང་བུད་ཤིང་ལ་བརྟེན་ནས་གདགས་ལ། །བུད་ཤིང་ཡང་མེ་དེ་ཉིད་ལ་བརྟེན་ནས་གདགས་སོ། །
1193	terminal-particle	24		ཡོན་ཏན་ཅན་ཡང་ཡོན་ཏན་ལ་བརྟེན་ནས་གདགས་ལ། ཡོན་ཏན་ཡང་ཡོན་ཏན་ཅན་དེ་ཉིད་ལ་བརྟེན་ནས་གདག
1194	terminal-particle	26		མཚན་ཉིད་ཀྱི་གཞི་ཡང་མཚན་ཉིད་ལ་བརྟེན་ནས་གདགས་ལ། མཚན་ཉིད་ཀྱང་མཚན་ཉིད་ཀྱི་གཞི་དེ་ཉིད
1195	terminal-particle	25		དེ་ལྟར་དེ་དག་ལ་ལྟོས་ཏེ་གདགས་པ་མ་གཏོགས་པར་རྣམ་པ་གཞན་གང་གིས་ཀྱང་དེ་དག་འགྲུབ་པར་མི་
1196	line-end	17		བྱེད་པ་པོ་དང་ལས་བརྟག་པ་ཞེས་བྱ་བ་སྟེ་རབ་ཏུ་བྱེད་པ་བརྒྱད་པའོ།། །།
1197	line-end	34		དབུ་མ་རྩ་བའི་འགྲེལ་པ་བུད་དྷ་པཱ་ལི་ཏ། བམ་པོ་བཞི་པ། སྨྲས་པ། དེ་བཞིན་ཉེར་ལེན་ཤེས་པར
1198	verse-stanza	28		ལྟ་དང་ཉན་ལ་སོགས་པ་དང་། །↵ཚོར་སོགས་དང་ཡང་དབང་བྱས་པ། །↵གང་གི་ཡིན་པ་དེ་དག་གི། །↵སྔ་
1199	terminal-particle	19		ལྟ་དང་ཉན་ལ་སོགས་པ་དང་། །ཞེས་བྱ་བ་ནི་ལྟ་བ་དང་ཉན་པ་ལ་སོགས་པའོ། །
1200	line-end	55		ལྟ་བ་དང་ཉན་པ་ལ་སོགས་པ་དང་། ཚོར་བ་ལ་སོགས་པ་དག་གང་གི་ཉེ་བར་བླང་པ་ཡིན་པའི་དངོས་པོ་ད
1201	line-end	5		དེ་ཅིའི་ཕྱིར་ཞེ་ན།
1202	verse-stanza	28		དངོས་པོ་ཡོད་པ་མ་ཡིན་ན། །↵ལྟ་ལ་སོགས་པ་ཇི་ལྟར་འགྱུར། །↵དེ་ཕྱིར་དེ་དག་སྔ་རོལ་ན། །↵ད
1203	terminal-particle	59		དངོས་པོ་ཡོད་པ་མ་ཡིན་ན། །ལྟ་བ་ལ་སོགས་པ་དག་ཇི་ལྟར་ཉེ་བར་བླང་བ་ཡིན་པར་འགྱུར། དེའི་ཕ
1204	line-end	28		ཉེ་བར་ལེན་པ་པོ་དེ་ཡོད་ན་ཉེ་བར་བླང་བ་ཡང་ལྟོས་པས་གདགས་སུ་ཡོད་པ་ཡིན་ན་དེ་ལ་ཁྱོད་ཅི་
1205	verse-stanza	28		ལྟ་དང་ཉན་ལ་སོགས་པ་དང་། །↵ཚོར་བ་ལ་སོགས་ཉིད་ཀྱི་ནི། །↵སྔ་རོལ་དངོས་པོ་གང་གནས་པ། །↵ད
1206	terminal-particle	73		འདི་ལ་ལྟ་བ་དང་ཉན་པ་ལ་སོགས་པ་དང་། ཚོར་བ་ལ་སོགས་པ་དག་གིས་ལྟ་བ་པོ་དང་། ཉན་པ་པོ་དང་།
1207	line-end	18		ཞེས་བརྟག་པའི་དངོས་པོ་དེ་འདི་ལྟར་གནས་ཏེ། ཡོད་དོ་ཞེས་གང་གིས་གདགས་པར་བྱ།
1208	terminal-particle	22		སྨྲས་པ། དེ་ནི་ལྟ་བ་ལ་སོགས་པ་དག་མེད་པར་ཡང་རང་ཉིད་ཀྱིས་རབ་ཏུ་གྲུབ་པར་ཡོད་དོ། །
1209	line-end	2		བཤད་པ།
1210	verse-stanza	28		ལྟ་ལ་སོགས་པ་མེད་པར་ཡང་། །↵གལ་ཏེ་དེ་ནི་གནས་གྱུར་ན། །↵དེ་མེད་པར་ཡང་དེ་དག་ནི། །↵ཡོད
1211	terminal-particle	25		ལྟ་བ་ལ་སོགས་པ་དག་མེད་པར་ཡང་གལ་ཏེ་དངོས་པོ་དེ་རང་ཉིད་ཀྱིས་རབ་ཏུ་གྲུབ་ཅིང་གནས་པ་ཡོད
1212	line-end	33		ཞེས་བརྗོད་ན། དངོས་པོ་དེ་མེད་པར་ཡང་ལྟ་བ་ལ་སོགས་པ་དེ་དག་རང་ཉིད་ཀྱིས་རབ་ཏུ་གྲུབ་ཅིང
1213	line-end	83		སྨྲས་པ། ལྟ་བ་ལ་སོགས་པ་དག་ཀྱང་དེ་མེད་པར་གནས་པར་གྱུར་ན་སྐྱོན་ཅི་ཡོད། བཤད་པ། ཐམས་ཅད
1214	verse-stanza	14		ཅི་ཡིས་གང་ཞིག་གསལ་བར་བྱེད། །↵གང་གིས་ཅི་ཞིག་གསལ་བར་བྱེད། །
1215	terminal-particle	57		ལྟ་བ་ལ་སོགས་པ་ཅི་ཞིག་པོ་དག་གིས་དངོས་པོ་གང་ཞིག་ལྟ་བ་པོ་དང་ཉན་པ་པོ་དང་ཚོར་བ་པོ་དང་
1216	terminal-particle	19		དངོས་པོ་གང་ཞིག་པོས་ཀྱང་ལྟ་བ་ལ་སོགས་པ་ཅི་ཞིག་པོ་དག་འདི་ནི་ལྟ་བའོ། །
1217	terminal-particle	4		འདི་ནི་ཉན་པའོ། །
1218	terminal-particle	4		འདི་ནི་ཚོར་བའོ། །
1219	line-end	5		ཞེས་གསལ་བར་བྱེད་དོ། །
1220	line-end	33		དེ་ལྟར་གང་གི་ཕྱིར་ལྟ་བ་ལ་སོགས་པ་དག་གིས་དངོས་པོ་གསལ་བར་བྱེད་པ།[^681] དངོས་པོས་ཀྱང
1221	verse-stanza	14		ཅི་མེད་གང་ཞིག་ག་ལ་ཡོད། །↵གང་མེད་ཅི་ཞིག་ག་ལ་ཡོད། །
1222	line-end	88		ལྟ་བ་ལ་སོགས་པ་ཅི་ཞིག་པོ་དག་མེད་ན་གསལ་བར་བྱེད་པ་མེད་པའི་དངོས་པོ་གང་ཞིག་པོ་གནས་པས་
1223	line-end	2		སྨྲས་པ།
1224	verse-stanza	14		ལྟ་ལ་སོགས་པ་ཐམས་ཅད་ཀྱི། །↵སྔ་རོལ་གང་ཞིག་ཡོད་པ་མིན། །
1225	terminal-particle	21		ལྟ་བ་ལ་སོགས་པ་ཅི་ཞིག་པོ་ཐམས་ཅད་ཀྱི་སྔ་རོལ་ན་དངོས་པོ་གང་ཞིག་པོ་ཡོད་དོ། །
1226	line-end	30		ཞེས་ནི་མི་སྨྲའི། འདི༌[^683]ལྟ་བ་ལ་སོགས་པའི༌[^684]ཅི་ཞིག་པོ་དག་རེ་རེའི་སྔ་རོལ་ན་ད
1227	verse-stanza	14		ལྟ་ལ་སོགས་པ་གཞན་དག་གིས། །↵གཞན་གྱི་ཚེ་ན་གསལ་བར་བྱེད། །
1228	terminal-particle	67		གང་གི་ཕྱིར་དེ་ལྟ་བ་ལ་སོགས་པ་ཐམས་ཅད་ཀྱི་སྔ་རོལ་ན་ཡོད་པ་མ་ཡིན་གྱི། ལྟ་བ་ལ་སོགས་པ་ད
1229	line-end	32		དེ་ལྟ་བས་ན་དེ་ནི་ལྟ་བ་ལ་སོགས་པ་དག་གི་སྔ་རོལ་ན་མེད་པ་ཡང་མ་ཡིན་ལ། གསལ་བར་བྱེད་པ་མེ
1230	line-end	17		བཤད་པ། རང་གི་བློ་གྲོས་ཡང་བར་སྟོན་པར་ཟད་དེ་གྱི་ན་ཞིག་སྨྲས་སོ། །
1231	verse-stanza	28		ལྟ་ལ་སོགས་པ་ཐམས་ཅད་ཀྱི། །↵སྔ་རོལ་གལ་ཏེ་ཡོད་མིན་ན། །↵ལྟ་ལ་སོགས་པ་རེ་རེ་ཡི། །↵སྔ་ར
1232	terminal-particle	37		ལྟ་བ་ལ་སོགས་པ་ཐམས་ཅད་ཀྱི་སྔ་རོལ་ན་གལ་ཏེ་ཡོད་པ་མ་ཡིན་ན། ལྟ་བ་ལ་སོགས་པ་རེ་རེའི་སྔ་
1233	terminal-particle	22		ཅི་སྟེ་རེ་རེའི་སྔ་རོལ་ན་ཡོད་ན་ནི་ཐམས་ཅད་ཀྱི་སྔ་རོལ་ན་ཡང་དེ་ཡོད་པར་གསལ་ལོ། །
1234	line-end	91		ཅི་སྟེ་དེ༌[^685]གང་གི་ཚེ་ལྟ་བའི་སྔ་རོལ་ན་ཡོད་པ་དེའི་ཚེ་ན་ཉན་པ་ལ་སོགས་པ་དག་གི་སྔ་
1235	line-end	3		ཡང་གཞན་ཡང་།
1236	verse-stanza	28		གལ་ཏེ་རེ་རེའི་སྔ་རོལ་ན། །↵ལྟ་པོ་དེ་ཉིད་ཉན་པོ་དེ། །↵ཚོར་བ་པོ་ཡང་དེ་ཉིད་འགྱུར། །↵ད
1237	terminal-particle	50		གལ་ཏེ་དེ་ལྟ་བ་ལ་སོགས་པ་རེ་རེའི་སྔ་རོལ་ན་ཡོད་པར་གྱུར་ན་དེ་ལྟ་བ་པོ་ཡང་དེ་ཉིད་ཡིན་ལ
1238	terminal-particle	40		ཅིའི་ཕྱིར་ཞེ་ན། སྐྱེས་བུ་སྐར་ཁུང་ཐ་དད་པར་འགྲོ་བ་བཞིན་དུ་བདག་དབང་པོ་གཞན་དུ་འགྲོ་བ
1239	line-end	51		ཅི་སྟེ་བདག་དབང་པོ་གཞན་དུ་འགྲོ་བར་ཐལ་བ་དེར་གྱུར་ན་མི་རུང་ངོ་སྙམ་པས་ལྟ་བ་པོ་ཡང་གཞན
1240	verse-stanza	28		གལ་ཏེ་ལྟ་པོ་གཞན་ཉིད་ལ། །↵ཉན་པ་པོ་གཞན་ཚོར་གཞན་ན། །↵ལྟ་པོའི་ཚེ་ན་ཉན་པོ་ཡོད། །↵བདག་
1241	line-end	72		གལ་ཏེ་ལྟ་བ་པོ་ཡང་གཞན་ཉིད་ཡིན་ལ། ཉན་པ་པོ་ཡང་གཞན་ཉིད་ཡིན། ཚོར་བ་པོ་ཡང་གཞན་ཉིད་ཡིན་
1242	terminal-particle	41		ཁོ་བོའི་ལྟ་བ་པོ་ཡང་གཞན་ཉིད་ཡིན་ལ། ཉན་པ་པོ་ཡང་གཞན་ཉིད་ཡིན། །ཚོར་བ་པོ་ཡང་གཞན་ཉིད་ཡ
1243	terminal-particle	46		ཅི་སྟེ་གཞན་ཉིད་ཀྱང་ཡིན་ལ། ལྟ་བ་པོའི་ཚེ་ན་ཉན་པ་པོ་དང་། ཚོར་བ་པོ་མེད་ན་དེ་ལྟ་ན་ཡང་
1244	line-end	41		དེ་ལྟ་བས་ན་ལྟ་བ་ལ་སོགས་པ་རེ་རེའི་སྔ་རོལ་ན་ཡོད་པ་དང་། ལྟ་བ་ལ་སོགས་པ་གཞན་དང་གཞན་གྱ
1245	terminal-particle	16		སྨྲས་པ། ལྟ༌[^687]ལ་སོགས་པ་དག་གི་སྔ་རོལ་ན་བདག་ཡོད་པ་ཉིད་དོ། །
1246	terminal-particle	56		ཅིའི་ཕྱིར་ཞེ་ན། འདི་ལ་མིང་དང་གཟུགས་ཀྱི་རྐྱེན་གྱིས་སྐྱེ་མཆེད་དྲུག་ཅེས་གསུངས་ལ། གཟ
1247	line-end	62		དེ་ལྟ་བས་ན། འབྱུང་བ་ཉེ་བར་ལེན་པ་པོ་འབྱུང་བས་གསལ་བར་བྱས་པའི་བདག་གནས་པ་ཡོད་ན་སྐྱེ་
1248	line-end	2		བཤད་པ།
1249	verse-stanza	28		ལྟ་དང་ཉན་ལ་སོགས་པ་དང་། །↵ཚོར་བ་དག་ལ་སོགས་པ་ཡང་། །↵གང་ལས་འགྱུར་བའི་འབྱུང་དེ་ལའང་།
1250	terminal-particle	39		ལྟ་དང་ཉན་ལ་སོགས་པ་དང་། །ཚོར་བ་ལ་སོགས་པ་དག་རིམ་གྱིས་གང་དག་ལས་འགྱུར་བའི་འབྱུང་བ་དེ
1251	terminal-particle	40		ཅིའི་ཕྱིར་ཞེ་ན། འབྱུང་བ་ཉེ་བར་ལེན་པ་པོ་ཡིན་པའི་ཕྱིར་ཏེ། འབྱུང་བ་ཉེ་བར་ལེན་པ་པོ་ད
1252	line-end	56		གང་འབྱུང་བ་དག་གི་སྔ་རོལ་ན་ཡོད་པ་མ་ཡིན་པ་དེ་ཇི་ལྟར་འབྱུང་བ་དག་གི་ཉེ་བར་ལེན་པ་པོར་
1253	line-end	36		སྨྲས་པ། ལྟ་བ་ལ་སོགས་པ་དག་གི་སྔ་རོལ་ན་དེ་ཡོད་ཀྱང་རུང་མེད་ཀྱང་རུང་སྟེ། ཡོད་ནི་རེ་ཞ
1254	verse-stanza	14		ཅི་མེད་གང་ཞིག་ག་ལ༌[^690]ཡོད། །↵གང་མེད་ཅི་ཞིག་ག་ལ་ཡོད། །
1255	terminal-particle	16		ཅེས་སྨྲས་པས། དེའི་ཕྱིར་ལྟ་བ་ལ་སོགས་པ་ཅི་ཞིག་པོ་དག་ཡོད་དོ། །
1256	terminal-particle	33		གང་ཞིག་མེད་ན་ཅི་ཞིག་ཀྱང་མེད་པས་དེའི་ཕྱིར་ལྟ་བ་ལ་སོགས་པ་ཅི་ཞིག་པོ་དག་གང་གི་ཡིན་པའ
1257	terminal-particle	18		བཤད་པ། གང་མེད་ཅི་ཞིག་ག་ལ་ཡོད། །ཅེས་བྱ་བ་དེས་དེའི་ལན་བཏབ་ཟིན་ཏོ། །
1258	line-end	4		ཇི་ལྟར་ཞེ་ན།
1259	verse-stanza	28		ལྟ་དང་ཉན་ལ་སོགས་པ་དང་། །↵ཚོར་བ་དག་ལ་སོགས་པ་ཡང་། །↵གང་གི་ཡིན་པ་གལ་ཏེ་མེད། །↵དེ་དག
1260	line-end	29		ལྟ་བ་ལ་སོགས་པ་ཅི་ཞིག་པོ་དག་གི༌[^691]སྔ་རོལ་ན་དངོས་པོ་གང་ཞིག་པོ་མེད་དོ་ཞེས་བྱ་བ་ད
1261	line-end	121		གང་མེད་ཅི་ཞིག་ག་ལ་ཡོད་ཅེས་བྱ་བ་དེ་ཡང་བསྟན་ཟིན་ཏེ། དེའི་ཕྱིར་གལ་ཏེ་ལྟ་བ་ལ་སོགས་པ་
1262	line-end	21		སྨྲས་པ། ཅི་ཁྱོད་ཀྱི་དངོས་པོ་གང་ཞིག་པོ་མེད་པ༌[^694]དེ་ཤིན་ཏུ་ངེས་པ༌[^695]ཡིན་ནམ། 
1263	verse-stanza	28		གང་ཞིག་ལྟ་ལ་སོགས་པ་ཡི། །↵སྔ་རོལ་ད་ལྟར་ཕྱི་ན་མེད། །↵དེ་ལ་ཡོད་དོ་མེད་དོ་ཞེས། །↵རྟོ
1264	terminal-particle	132		གང་ཞིག་པོ་ལྟ་བ་ལ་སོགས་པ་དག་གི་སྔ་རོལ༌[^696]དང་ལྟ་བ་ལ་སོགས་པ་དག་དང་། ད་ལྟར་ལྷན་ཅི
1265	terminal-particle	32		དེ་ལྟ་བས་ན་བྱེད་པ་པོ་དང་ལས་དག་བཞིན་དུ་ཉེ་བར་ལེན་པ་དེ་ཡང་གདགས་པར་ཟད་ཀྱི། དེ་མ་གཏོ
1266	line-end	22		ཉེ་བར་ལེན་པ་པོ་དང་ཉེ་བར་བླང་བ་བརྟག་པ་ཞེས་བྱ་བ་སྟེ་རབ་ཏུ་བྱེད་པ་དགུ་པའོ།། །།
1267	terminal-particle	41		སྨྲས་པ། མེ་དང་བུད་ཤིང་དག་བཞིན་དུ། ཉེ་བར་ལེན་པ་པོ་དང་ཉེ་བར་བླང་བ་དག་རབ་ཏུ་འགྲུབ་ཀ
1268	line-end	103		བཤད་པ། གལ་ཏེ་མེ༌[^700]བུད་ཤིང་རབ་ཏུ་གྲུབ་ན་ནི་དེ་དག་ཀྱང་རབ་ཏུ་འགྲུབ་པར་འགྱུར་གྲང
1269	line-end	4		ཇི་ལྟར་ཞེ་ན།
1270	verse-stanza	14		བུད་ཤིང་གང༌[^701]དེ་མེ་ཡིན་ན། །↵བྱེད་པ་པོ་དང་ལས་གཅིག་འགྱུར། །
1271	terminal-particle	53		གལ་ཏེ་རེ་ཞིག་བུད་ཤིང་གང་ཁོ་ན་ཡིན་པ་དེ་ཉིད་མེ་ཡིན་པར་རབ་ཏུ་རྟོག་ན། དེ་ལྟ་ན་བྱེད་པ
1272	terminal-particle	18		ཅི་སྟེ་གཅིག་པ་ཉིད་ཡིན་ཡང་དེ་དག་སྲིད་ན་ནི་མེ་ནི་སྲེག་པར་བྱེད་པའོ། །
1273	terminal-particle	33		བུད་ཤིང་ནི་བསྲེག་པར༌[^702]བྱ་བའོ་ཞེས་བྱ་བ་དག་ཀྱང་སྲིད་པར་འགྱུར་བ་ཞིག་ན་མི་སྲིད་པ
1274	line-end	18		དེ་ལ་བུད་ཤིང་ལས་མེ་གཞན་ཉིད་ཡིན་པར་སེམས་ན། དེ་ལ་བཤད་པར་བྱ་སྟེ།
1275	verse-stanza	14		གལ་ཏེ་ཤིང་ལས་མེ་གཞན་ན། །↵ཤིང་མེད་པར་ཡང་འབྱུང་བར་འགྱུར། །
1276	terminal-particle	51		གལ་ཏེ་བུད་ཤིང་ལས་མེ་གཞན་ཉིད་ཡིན་པར་གྱུར་ན། བུད་ཤིང་མེད་ཅིང་བུད་ཤིང་མ་གཏོགས་པར༌[^
1277	line-end	3		ཡང་གཞན་ཡང་།
1278	verse-stanza	28		རྟག་ཏུ་འབར་བ་ཉིད་དུ་འགྱུར། །↵འབར་བྱེད་མེད་པའི་རྒྱུ་ལས་བྱུང་། །↵རྩོམ་པ་དོན་མེད་ཉི
1279	terminal-particle	32		གལ་ཏེ་བུད་ཤིང་ལས་མེ་གཞན་ཉིད་ཡིན་པར་གྱུར་ན་རྟག་ཏུ་འབར་ན༌[^706]ཉིད་དུ་འགྱུར་ཏེ། འད
1280	terminal-particle	15		དེའི་འབར་བར་བྱེད་པའི་རྒྱུ་གང་ཡིན་པ་དེ་ནི་འབར་བྱེད་ཀྱི་རྒྱུའོ། །
1281	terminal-particle	36		འབར་བར་བྱེད་པའི་རྒྱུ་མེད་པ་ནི་འབར་བྱེད་མེད་པའི་རྒྱུ་ལས་བྱུང་བ་སྟེ། འབར་བར་བྱེད་པ
1282	line-end	10		རྩོམ་པ་དོན་མེད་པ་ཉིད་དུ་ཡང་འགྱུར་རོ། །
1283	terminal-particle	35		དེ་ལྟ་ཡིན་ན་ལས་མེད་པའི་མེར་ཡང་འགྱུར་ཏེ། མེ་ཞེས་བྱ་བ་འདི་ནི་སྲེག་པར་བྱེད་པའོ་ཞེས་
1284	line-end	23		སྨྲས་པ། མེ་འབར་བྱེད་མེད་པའི་རྒྱུ་ལས་བྱུང་བར་འགྱུར་རོ་ཞེས་གང་བཤད་པ་དེ་ཇི་ལྟ་བུ། བ
1285	verse-stanza	14		གཞན་ལ་ལྟོས་པ་མེད་པའི་ཕྱིར། །↵འབར་བྱེད་མེད་པའི་རྒྱུ་ལས་བྱུང་། །
1286	terminal-particle	85		གང་གི་ཕྱིར་བུད་ཤིང་ལས་མེ་གཞན་ཉིད་ཡིན་པར་གྱུར་ན་བུད་ཤིང་མེད་པར་ཡང་འབྱུང་བར་ཐལ་བར་
1287	line-end	59		འབར་བྱེད་མེད་པའི་རྒྱུ་ལས་བྱུང་བར་གྱུར༌[^708]ན་རྟག་ཏུ་འབར་བ་ཉིད་དུ་ཐལ་བར་འགྱུར་ཏེ
1288	verse-stanza	14		རྟག་ཏུ་འབར་བ་ཉིད་ཡིན་ན། །↵རྩོམ་པ་དོན་མེད་ཉིད་དུ་འགྱུར། །
1289	line-end	27		མེ་རྟག་ཏུ་འབར་བ་ཉིད་ཡིན་ན་ནི་བྱུང་བ༌[^709]དང་སྦར་བ༌[^710]ལ་སོགས་པ་རྩོམ་པ་དག་དོན་
1290	line-end	30		དེ་ལྟ༌[^711]ན་ལས་མེད་པར་ཡང་ཐལ་བར་འགྱུར་ཞིང་། རྣམ་པ་དེ་ལྟ་བུ་ནི་མི་འཐད་པས༌[^712]མ
1291	verse-stanza	14		དེ་ལ་གལ་ཏེ་འདི་སྙམ་དུ། །↵སྲེག་ཤིང་བུད་ཤིང་ཡིན་སེམས་ན། །
1292	line-end	75		དེ་ལ་གལ་ཏེ་ལ་ལས་འདི་སྙམ་དུ་གང་གི་ཕྱིར་མེས་ཁྱབ་ཅིང་མེས་བསྲེག༌[^713]བཞིན་པ་བུད་ཤིང
1293	verse-stanza	14		གང་ཚེ་དེ་ཙམ༌[^714]དེ་ཡིན་ན། །↵གང་གིས་བུད་ཤིང་དེ་སྲེག་བྱེད། །
1294	line-end	178		གང་གི་ཚེ་བསྲེག༌[^715]བཞིན་པ་དེ་ཙམ་ན་དེ་ཉིད་ཡིན་ཞིང་གཞན་གང་དང་ལྡན་པས་ཀྱང་བསྲེག་བཞ
1295	line-end	3		ཡང་གཞན་ཡང་།
1296	verse-stanza	28		གཞན་ན་མི་ཕྲད་ཕྲད་མེད་ན། །↵སྲེག་པར་མི་འགྱུར་མི་སྲེག་ན། །↵འཆི་བར་མི་འགྱུར་མི༌[^721
1297	terminal-particle	12		མེ་གཞན་ཡིན་ན་བུད་ཤིང་དང་མི་ཕྲད་པར་འགྱུར་རོ། །
1298	terminal-particle	10		ཕྲད་པ་མེད་ན་དེ་སྲེག་པར་མི་འགྱུར་རོ། །
1299	terminal-particle	52		ཅི་སྟེ་ཕྲད་པ་མེད་ཀྱང་སྲེག་པར་འགྱུར་ན་ནི། ཕྱོགས་གཅིག་ན་འདུག་པས་འགྲོ་བ་མཐའ་དག་སྲེག
1300	terminal-particle	8		མི་སྲེག་ན་འཆི་བར་མི་འགྱུར་རོ། །
1301	terminal-particle	78		ཅིའི་ཕྱིར་ཞེ་ན། འདི་ལྟར་མེས་བུད་ཤིང་བསྲེགས༌[^724]ན་ནི་བུད་ཤིང་ཟད་པས་འཆི་བར་ཡང་འག
1302	line-end	13		ཡང་ན་ནི་དེ་བུད་ཤིང་ལས་གཞན་མ་ཡིན་པར་འགྱུར་རོ། །
1303	line-end	24		སྨྲས་པ། མེ་གཞན་ཡིན་ན་བུད་ཤིང་དང་མི་ཕྲད་པར་འགྱུར་རོ་ཞེས་གང་བཤད་པ་དེ་ལ་སྨྲ་བར་བྱ་ས
1304	verse-stanza	14		གལ་ཏེ་ཤིང་ལས་མེ་གཞན་ཡང་། །↵ཤིང་དང་ཕྲད་དུ་རུང་བར་འགྱུར། །
1305	terminal-particle	19		གལ་ཏེ་བུད་ཤིང་ལས་མེ་གཞན་ཡིན་ན་ཡང་བུད་ཤིང་དང་ཕྲད་དུ་རུང་བར་འགྱུར་རོ། །
1306	line-end	4		ཇི་ལྟར་ཞེ་ན།
1307	verse-stanza	14		ཇི་ལྟར་བུད་མེད་སྐྱེས་པ་དང་། །↵སྐྱེས་པའང་བུད་མེད་ཕྲད་པ་བཞིན། །
1308	line-end	2		བཤད་པ།
1309	verse-stanza	28		གལ་ཏེ་མེ་དང་ཤིང་དག་ནི། །↵གཅིག་གིས་གཅིག་ནི་བསལ་གྱུར་ན། །↵ཤིང་ལས་མེ་གཞན་ཉིད་ཡིན་ཡང
1310	line-end	102		གལ་ཏེ་མེ་དང་བུད་ཤིང་དག་སྐྱེས་པ་དང་བུད་མེད་དག་བཞིན་དུ་གཅིག་གིས་གཅིག་བསལ་བར༌[^727]
1311	terminal-particle	51		སྨྲས་པ། འདིར་དེ་གཉིས་གཅིག་པ་ཉིད་ཀྱང་མ་ཡིན་ལ། གཞན་ཉིད་ཀྱང་མ་ཡིན་པ༌[^730]དེ་ཉིད་རི
1312	line-end	10		བཤད་པ། དེ་ནི་བཞད་གད་ཁོ་ནར་འགྱུར་ཏེ།
1313	verse-stanza	28		གང་དག་དངོས་པོ་གཅིག་པ་དང་། །↵དངོས་པོ་གཞན་པ་ཉིད་དུ་ནི། །↵གྲུབ་པར་གྱུར་པ་ཡོད་མིན་པ།
1314	terminal-particle	23		སྨྲས་པ། ཕན་ཚུན་ལྟོས་པ་ལས་བུད་ཤིང་ལ་ལྟོས༌[^732]ནས་མེ༌[^733]ཡིན་ལ། མེ་ལ་ལྟོས་ནས་བུ
1315	line-end	2		བཤད་པ།
1316	verse-stanza	28		གལ་ཏེ་ཤིང་ལྟོས་མེ་ཡིན་ལ། །↵གལ་ཏེ་མེ་ལྟོས་ཤིང་ཡིན་ན། །↵གང་ལ་ལྟོས་པའི་མེ་དང་ཤིང་། 
1317	line-end	69		གལ་ཏེ་བུད་ཤིང་ལ་ལྟོས་ནས་མེ་ཡིན་ལ། མེ་ལ་ལྟོས་ནས་ཀྱང༌[^734]ཤིང་ཡིན་ན། གང་ལ་ལྟོས་ནས
1318	verse-stanza	14		གལ་ཏེ་ཤིང་ལྟོས་མེ་ཡིན་ན། །↵མེ་གྲུབ་པ་ལ་སྒྲུབ་པར་འགྱུར། །
1319	line-end	32		གལ་ཏེ་བུད་ཤིང་དང་པོར་གྲུབ་པ་ལ་དེ་ལྟོས་ནས་མེ་ཡིན་པར་འགྱུར་ན་དེ་ལྟར༌[^735]ན་མེ་གྲུ
1320	line-end	69		ཅིའི་ཕྱིར་ཞེ་ན། འདི་ལྟར་མེ་གྲུབ་ན་བུད་ཤིང་ལ་ལྟོས་པར་འཐད་ཀྱི། མེ་མ་གྲུབ་ཅིང་མེད་ན
1321	verse-stanza	14		བུད་པར་བྱ་བའི་ཤིང་ལ་ཡང་། །↵མེ་མེད་པར་ནི་འགྱུར་བ་ཡིན། །
1322	terminal-particle	14		དེ་ལྟ་ན་བུད་ཤིང་ལ་ཡང་མེ་མེད་པར་འགྱུར་བ་ཡིན་ནོ། །
1323	terminal-particle	29		འདི་ལྟར་བུད་ཤིང་ཡང་གྲུབ་པ༌[^737]ན་མེ་ལ་ལྟོས་པར་འཐད་ཀྱི། བུད་ཤིང་མ་གྲུབ་ཅིང་མེད་ན
1324	terminal-particle	55		དེའི་ཕྱིར་བུད་ཤིང་དེ་ཉིད་ཀྱང་མེ་མེད་པར་རང་གིས་རབ་ཏུ་གྲུབ་པར་ཐལ་བར་འགྱུར་བ་ལ་ཁྱོད
1325	line-end	23		དེ་བཞིན་དུ་མེ་སྔར་གྲུབ་པ་ལ་ལྟོས་ནས་བུད་ཤིང་འགྲུབ་པར་རྟོག་ན་ཡང་སྐྱོན་དང་ལྡན་པར་འག
1326	line-end	113		སྨྲས་པ། ཅི་མ་སྨྲས་པ་ལ་སྐྱོན་དེ་ལྟ་བུ་འདོགས་པར་བྱེད་དམ། གང་གི་ཚེ་ཁོ་བོས་དེ་དག་ཕན་
1327	line-end	4		ཇི་ལྟར་ཞེ་ན།
1328	verse-stanza	28		གལ་ཏེ་དངོས་པོ་གང་ལྟོས་འགྲུབ། །↵དེ་ཉིད་ལ་ཡང་ལྟོས་ནས་ནི། །↵ལྟོས་བྱ་གང་ཡིན་དེ་འགྲུབ
1329	line-end	130		གལ་ཏེ་བསྒྲུབ་པར༌[^738]བྱ་བའི་དངོས་པོ་གང་ཡིན་པ་ནི་དངོས་པོ་གཞན་ལ་ལྟོས་ནས་འགྲུབ་ཅིང
1330	terminal-particle	143		གང་གི་ཕྱིར་དེ་ལྟ་ཡིན་ན་ཁྱོད་ངོ་ཚ་བོར་ཏེ་དེ་དག་ཕན་ཚུན་ལྟོས་ཏེ་འགྲུབ་པོ་ཞེས་གསང་བས
1331	terminal-particle	24		དངོས་པོ་གྲུབ་ཅིང་ཡོད་པ་ཡང་གྲུབ་པར་བྱ་བའི་ཕྱིར་གཞན་ལ་ལྟོས་པ་ནི་དོན་མེད་པའི་ཕྱིར་མ
1332	terminal-particle	55		དངོས་པོ་གྲུབ་ཅིང་ཡོད་པ་ལ་གཞན་ལ་ལྟོས་པས་ཅི་བྱ། གྲུབ་ཅིང་ཡོད་པ་ལ་གཞན་ལྟོས་པས་ཀྱང་ཇ
1333	line-end	38		མེ་དང་བུད་ཤིང་གི་སྐབས་སུ་དངོས་པོའི་ཚིག་སྨོས་པ་ནི་མེ་དང་བུད་ཤིང་དག་ཀྱང་དངོས་པོ་ཡི
1334	line-end	19		དེའི་ཕྱིར་འདི་ནི་དངོས་པོ་ཐམས་ཅད་བརྟག་པ༌[^746]ཉིད་ཡིན་པའི་ཕྱིར་དངོས་པོ་ཞེས་སྨོས་ས
1335	verse-stanza	28		ཤིང་ལ་ལྟོས་པའི་མེ་མེད་དེ། །↵ཤིང་ལ་མ་ལྟོས་མེ་ཡང་མེད། །↵མེ་ལ་ལྟོས་པའི་ཤིང་མེད་དེ། 
1336	terminal-particle	46		དེའི་ཕྱིར་དེ་ལྟར་རིགས་པ་སྔོན་དུ་བཏང་སྟེ་ཡང་དག་པ་ཇི་ལྟ་བ་བཞིན་དུ་བརྟགས་ན་བུད་ཤིང་
1337	terminal-particle	36		བུད་ཤིང་ལ་མ་ལྟོས་པའི་མེ་ཡང་མེད་དེ། གཞན་ལ་ལྟོས་པ་མེད་པ་དང་། འབར་བྱེད་མེད་པའི་རྒྱུ
1338	terminal-particle	29		ད་ནི་མེ་ལ་ལྟོས་པའི་བུད་ཤིང་ཡང་མེད་དེ། མེ་དང་བུད་ཤིང་གྲུབ་པ་དང་མ་གྲུབ་པ་དག་ལྟོས་པ
1339	line-end	60		མེ་ལ་མ་ལྟོས་པའི་བུད་ཤིང་ཡང་མེད་དེ། འདི་ལྟར་མེ་མེད་ཅིང་བསྲེག༌[^747]བཞིན་པ་མ་ཡིན་པ
1340	verse-stanza	14		མེ་ནི་གཞན་ལས་མི་འོང་སྟེ། །↵ཤིང་ལའང་མེ་ནི་ཡོད་མ་ཡིན། །
1341	terminal-particle	72		མེ་ནི་གཞན་གང་ལས་ཀྱང་མི་འོང་སྟེ། ཅིའི་ཕྱིར་ཞེ་ན། འདི་ལྟར་དེ་གཞན་ལས་འོང་བར་རྣམ་པར་
1342	terminal-particle	30		བུད་ཤིང་ལ་ཡང་མེ་ཡོད་པ་མ་ཡིན་ཏེ། ཅིའི་ཕྱིར་ཞེ་ན། མི་དམིགས་པའི་ཕྱིར་དང་། རྩོམ་པ་དོ
1343	terminal-particle	22		གསལ་བ་དང་ཆེན་པོ་ཉིད་ཀྱང་སྔ་ན་མེད་པའི་ཕྱིར་འབྲས་བུ་སྔ་ན་མེད་པར་ཐལ་བར་འགྱུར་རོ། །
1344	line-end	37		གལ་ཏེ་ཏིལ་དག་ལ་ཏིལ་བར༌[^750]བཞིན་ནོ་ཞེ་ན། དེ་ཡང་མི་རུང་སྟེ། ཏིལ་ནི་བརྡུང་བ་དང་སྣ
1345	verse-stanza	14		སོང་དང་མ་སོང་བགོམ་པ་ཡིས། །↵དེ་བཞིན་ཤིང་ལ་ལྷག་མ་བསྟན། །
1346	terminal-particle	24		རྣམ་པ་དེ་དག་གིས་དེ་བཞིན་དུ་བུད་ཤིང་ལ་ཡང་བརྗོད་པ་ལྷག་མ་དག་བསྟན་པར་ཁོང་དུ་ཆུད་པར་བ
1347	terminal-particle	71		རྣམ་པ་གང་གིས་ཤེ་ན། སོང་བ་དང་མ་སོང་བ་དང་བགོམ་པའི་རྣམ་པ་དག་གིས་ཏེ། ཇི་ལྟར་སོང་བ་ལ་
1348	line-end	58		ཇི་ལྟར་སོང་བ་ལ་འགྲོ་བའི་རྩོམ་པ་དོན༌[^753]མེད་པ་དང་། མ་སོང་བ་ལ་མེད་པ་དང་། བགོམ་པ་
1349	line-end	95		ཇི་ལྟར་འགྲོ་བ་པོ་འགྲོ་བར་མི་བྱེད་པ་དང་། འགྲོ་བ་པོ་མ་ཡིན་པ་མི་བྱེད་པ་དང་། འགྲོ་བ་
1350	verse-stanza	28		ཤིང་ཉིད་མེ་ནི་མ་ཡིན་ཏེ། །↵ཤིང་ལས་གཞན་ལ་མེ་ཡང་མེད། །↵མེ་ནི་ཤིང་དང་ལྡན་མ་ཡིན། །↵མེ
1351	terminal-particle	33		རེ་ཞིག་བུད་ཤིང་གང་ཁོ་ན་ཡིན་པ་དེ་ཉིད་མེ་མ་ཡིན་ཏེ། བྱེད་པ་པོ་དང་ལས་དག་གཅིག་པ་ཉིད་ཀ
1352	terminal-particle	25		བུད་ཤིང་ལས་གཞན་ལ་ཡང༌[^757]མེད་དེ། གཞན་ལ་མི་ལྟོས་པ་ཉིད་ལ་སོགས་པའི་སྐྱོན་དུ་ཐལ་བར་
1353	line-end	44		མེ་བུད་ཤིང་དང་ལྡན་པ་ཡང་མ་ཡིན་ཏེ། ཅིའི་ཕྱིར་ཞེ་ན། ལྡན་པའི་རྐྱེན་འདི་མེ་དང་བུད་ཤིང
1354	terminal-particle	12		སྨྲས་པ། མི་རུང་སྟེ། འཇིག་རྟེན་ན་མཐོང་བའི་ཕྱིར་རོ། །
1355	terminal-particle	15		འདི་ལྟར་དེ་ནི་འཇིག་རྟེན་ན་མེ་འདི་ནི་བུད་ཤིང་དང་ལྡན་ནོ། །
1356	line-end	93		མེ་འདི་ནི་བུད་ཤིང་མེད་པའོ་ཞེས་བྱ་བར་མཐོང་། བཤད་པ། འདི་ནི་དེ་ཁོ་ན་བསམ་པ་ཡིན་པས་འད
1357	verse-stanza	28		མེ་དང་ཤིང་གིས་བདག་དང་ནི། །↵ཉེ་བར་བླང་བའི་རིམ་པ་ཀུན། །↵བུམ་སྣམ༌[^759]སོགས་དང༌[^76
1358	line-end	121		མེ་དང་བུད་ཤིང་དག་གིས་བདག་དང་ཉེ་བར་བླང་བ་དག་གི་གཅིག་པ་ཉིད་དང་། གཞན་ཉིད་དང་ཕན་ཚུན་
1359	terminal-particle	38		ཇི་ལྟར་མེ་གཞན་ལས་ཀྱང་མི་འོང་བུད་ཤིང་ལ་ཡང་ཡོད་པ་མ་ཡིན་པ་དེ་བཞིན་དུ་བདག་ཀྱང་གཞན་ལས
1360	line-end	104		ཇི་ལྟར་བུད་ཤིང་ཉིད་ཀྱང་མེ་མ་ཡིན། །བུད་ཤིང་ལས་གཞན་ལ་ཡང་མེ་མེད། མེ་བུད་ཤིང་དང་ལྡན་
1361	line-end	241		ཇི་ལྟར་མེས་བུད་ཤིང་བསྲེགས་པ་ལ་ཡང་སྲེག་པ་མེད་མ་བསྲེགས་པ༌[^764]ལ་ཡང་མེད། བསྲེག༌[^7
1362	terminal-particle	89		བུམ་སྣམ་ལ་སོགས་པ་ལྷན་ཅིག་ཏུ་ཞེས་བྱ་བ་ནི། མེ་དང་བུད་ཤིང་དག་གིས་བདག་དང་ཉེ་བར་བླང་བ
1363	terminal-particle	58		དེ་ལ་བུམ་པ་དང་སྣམ་བུ་ལ་སོགས་པ་དག་ནི། རྒྱུ་དང་འབྲས་བུར་གྱུར་པ་དང་། ཡན་ལག་དང་། ཡན་
1364	terminal-particle	25		འདི་ལྟ་སྟེ། འཇིམ་པ་ཉིད་བུམ་པ་མ་ཡིན་ཏེ། འཇིམ་པས་འབྲས་བུ་བུམ་པ་བྱེད་པ་མེད་པར་འགྱུར
1365	line-end	27		འཇིམ་པ་ལས་བུམ་པ་གཞན་ཉིད་ཀྱང་མ་ཡིན་ཏེ། གཞན་ལ་ལྟོས་པ་མེད་པ་རྟག་པ་ཉིད་དུ་ཐལ་བར་འགྱུ
1366	terminal-particle	24		དེ་དག་ཕན་ཚུན་ལྟོས་པར་ཡང་མི་འགྲུབ་སྟེ། གྲུབ་པ་དང་མ་གྲུབ་པ་དག་ལྟོས་པར་མི་འཐད་པའི་ཕ
1367	terminal-particle	24		ལོ་མ་ཉིད་ཤིང་ལྗོན་པ་མ་ཡིན་ཏེ། ལོ་མ་ལྷགས་ན་ཤིང་ལྗོན་པ་འཇིག་པར་ཐལ་བར་འགྱུར་བའི་ཕྱི
1368	terminal-particle	28		ལོ་མ་ལས་ཤིང་ལྗོན་པ་གཞན་ཉིད་ཀྱང་མ་ཡིན་ཏེ། གཞན་ལ༌[^771]ལྟོས་པ་མེད་པ་རྟག་པ་ཉིད་དུ་ཐ
1369	terminal-particle	25		དེ་དག་ལ་ཕན་ཚུན་ལྟོས་པར་ཡང་མི་འགྲུབ་སྟེ། གྲུབ་པ་དང་མ་གྲུབ་པ་དག་ལྟོས་པར་མི་འཐད་པའི
1370	terminal-particle	22		སྔོན་པོ་ཉིད་ལོ་མ་མ་ཡིན་ཏེ། སྔོན་པོ་ཡལ་ན་ལོ་མ་ཡིན་པར་ཐལ་བར་འགྱུར་བའི་ཕྱིར་རོ། །
1371	line-end	25		སྔོན་པོ་ལས་ལོ་མ་གཞན་ཉིད་ཀྱང་མ་ཡིན་ཏེ། ལོ་མ་ལྷགས་ཀྱང་སྔོན་པོ་གནས་པར་ཐལ་བར་འགྱུར་བ
1372	terminal-particle	25		དེ་དག་ཕན་ཚུན་ལྟོས་པར་ཡང་མི་འགྲུབ་སྟེ། གྲུབ་པ་དང་མ་གྲུབ་པ་དག་ལྟོས་པར་ཡང༌[^772]མི་
1373	terminal-particle	27		མཚན་ཉིད་མཚན་ཉིད་ཀྱི་གཞི་མ་ཡིན་ཏེ། སྒྲུབ་པ་དང་བསྒྲུབ་པར་བྱ་བ་ཐ་དད་པའི་ཕྱིར་དང་། ག
1374	terminal-particle	29		མཚན་ཉིད་ལས་མཚན་ཉིད་ཀྱི་གཞི་གཞན་ཉིད་ཀྱང་མ་ཡིན་ཏེ། དངོས་པོ་མཚོན་པར་བྱ་བ་མ་ཡིན་པ་རབ
1375	line-end	24		དེ་དག་ཕན་ཚུན་ལྟོས་པར་ཡང་མི་འགྲུབ་སྟེ། གྲུབ་པ་དང་མ་གྲུབ་པ༌[^773]དག་ལྟོས་པར༌[^774]
1376	terminal-particle	131		ཇི་ལྟར་མེ་གཞན་ལས་མི་འོང་བ་དང་། བུད་ཤིང་ཡང་མེ་ཡོད་པ་མ་ཡིན་པ་དང་། བུད་ཤིང་ཉིད་མེ་མ
1377	terminal-particle	17		དེ་བཞིན་དུ་ཐམས་ཅད་ལ་ཡང་ཇི་ལྟར་ཇི༌[^775]སྲིད་པ་བཞིན་དུ་སྦྱར་བར་བྱའོ། །
1378	line-end	34		དེའི་ཕྱིར་དེ་ལྟར་ངོ་བོ་ཉིད་ཀྱིས་བདག་དང་དངོས་པོ་རྣམས་རྣམ་པ་དུ་མར་མི་འཐད་པ་ན་རྟོག་
1379	verse-stanza	28		གང་དག་བདག་དང་དངོས་པོ་རྣམས། །↵དེ་བཅས་ཉིད་དང་ཐ་དད་པར། །↵སྟོན་པ་དེ་དག་བསྟན་དོན་ལ། །
1380	terminal-particle	42		གང་དག་པ༌[^776]དེ་དང་བཅས་པ་ཉིད་དང༌[^777]ཐ་དད་པ་དང་། དངོས་པོ་རྣམས་དེ་དང་བཅས་པ་ཉིད་
1381	terminal-particle	10		དེ་བཅས་ཞེས་བྱ་བ་ནི་དེ་དང་བཅས་པའོ། །
1382	terminal-particle	13		དེ་དང་བཅས་པའི་དངོས་པོ་ནི་དེ་དང་བཅས་པ་ཉིད་དོ། །
1383	terminal-particle	15		བདག་དེ་དང་བཅས་པའི་དངོས་པོ་ནི་བདག་དེ་དང་བཅས་པ་ཉིད་དོ། །
1384	line-end	57		དངོས་པོ་རྣམས་དེ་དང་བཅས་པའི་དངོས་པོ་ཡང་དངོས་པོ༌[^778]རྣམས་དེ་དང་བཅས་པ་ཉིད་དོ།[^77
1385	line-end	430		འདི་ལྟ་སྟེ་ཉེ་བར་བླང་བ་གང་གིས་བདག་ཏུ་གདགས་པའི་ཉེ་བར་བླང་བ་དེ་ཉིད་དང་བཅས་པ་དེ་ནི་
1386	terminal-particle	91		ཅིའི་ཕྱིར་ཞེ་ན། དེ་དང་བཅས་པའི་དངོས་པོ་ནི་དེ་དང་བཅས་པ་ཉིད་དོ་ཞེས་བྱ་བ་གང་ཡིན་པ་དེ
1387	line-end	16		མེ་དང་བུད་ཤིང་བརྟག་པ་ཞེས་བྱ་བ་སྟེ་རབ་ཏུ་བྱེད་པ་བཅུ་པའོ།། །།
1388	terminal-particle	10		སྨྲས་པ། བདག་ནི་ཡོད་པ་ཁོ་ན་ཡིན་ནོ། །
1389	line-end	16		ཅིའི་ཕྱིར་ཞེ་ན། འཁོར་བ་ཡོད་པའི་ཕྱིར་ཏེ། འདི་ལ་བཅོམ་ལྡན་འདས་ཀྱིས།
1390	verse-stanza	14		དམ་ཆོས་རྣམ་པར་མི་ཤེས་པའི། །↵བྱིས་པ་ལ་ནི་འཁོར་བ་རིང་། །
1391	quote-close	3		ཞེས་གསུངས་སོ། །
1392	terminal-particle	33		དེ་བཞིན་དུ་དགེ་སློང་དག་དེ་ལྟ་བས་ན་ཁྱོད་ཀྱིས༌[^782]འཁོར་བ་ཟད་པར་བྱ་བའི་ཕྱིར་ནན་ཏན
1393	terminal-particle	25		དེའི་ཕྱིར། གང་རིང་བར་བསྟན་པ་དང་། གང་ཟད་པར་བྱ་བའི་ཕྱིར་ནན་ཏན་བྱ་བ༌[^783]བསྟན་པའི་
1394	terminal-particle	27		མེད་དུ་ཟིན་ཀྱང༌[^784]ཇི་ལྟ་རིང་བ་དང་ཟད་པར་འགྱུར། དེ་ལྟ་བས་ན། རིང་བ་དང་ཟད་པར་གསུང
1395	terminal-particle	13		འཁོར་བ་ན༌[^785]ཡོད་ན་འཁོར་བ་པོ་ཡང་ཡོད་པར་མངོན་ནོ། །
1396	terminal-particle	34		ཅིའི་ཕྱིར་ཞེ་ན། འོངས་ཤིང་འོངས་ཤིང་ཡང་དང་ཡང་དེར་འགྲོ་བས་ན། འཁོར་བ་ཞེས་བྱ་བའི་ཕྱིར
1397	line-end	10		དེའི་ཕྱིར་བདག་ནི་ཡོད་པ་ཁོ་ན་ཡིན་ནོ། །
1398	line-end	42		བཤད་པ། ཅི་ཁྱོད་ཀྱིས་སྦྲང་རྩི་མཐོང་ལ་གཡང་ས་མ་མཐོང་ངམ། ཁྱོད་ཀྱིས་འཁོར་བ་རིང་བ་དང་ཟ
1399	verse-stanza	21		སྔོན་མཐའ་མངོན་ནམ་ཞེས་ཞུས་ཚེ། །↵ཐུབ་པ་ཆེན་པོས་མིན་ཞེས་གསུངས། །↵འཁོར་བ་ཐོག་མ་ཐ་མེད
1400	terminal-particle	70		དེ་ལ་སྔོན་མེད་ཕྱི་མ་མེད།[^786] །བཅོམ་ལྡན་འདས་ཐམས་ཅད་མཁྱེན་པ། ཐམས་ཅད་གཟིགས་པ། ཐུབ
1401	terminal-particle	98		འདི་ལྟར་གལ་ཏེ་འཁོར་བ་པ་ཞེས་བྱ་བ་དངོས་པོ་འགའ་ཞིག༌[^788]ཡོད་པར་གྱུར་པ༌[^789]ན་དེ་ལ
1402	terminal-particle	25		དེ་ལྟ་བས་ན་ཐོག་མ་དང་ཐ་མ་མེད་པར་གསུངས་པས་འཁོར་བ་ཞེས་བྱ་བ་དངོས་པོ་འགའ་ཡང་མི་འཐད་དོ
1403	line-end	13		དེ་མེད་ན་འཁོར་བ་པོ་ཇི་ལྟ་བུ་ཞིག་འཐད་པར་འགྱུར།
1404	terminal-particle	56		སྨྲས་པ། དེ་ལྟར་འཁོར་བའི་ཐོག་མ་དང་ཐ་མ་བཀག་ཏུ་ཟིན་ཀྱང་། དབུས་མ་བཀག་པས་དེ་ཡོད་པའི་འ
1405	terminal-particle	13		འཁོར་བ་ཡོད་པའི་ཕྱིར་འཁོར་བ་པོ་ཡང་ཡོད་པ་ཁོ་ནའོ། །
1406	line-end	40		བཤད་པ། གལ་ཏེ་དབུས་ཉིད་ཡོད་པར་གྱུར་ན་ནི་དབུས་ཡོད་པའི་ཕྱིར་འཁོར་བ་ཡང་ཡོད་པར་འགྱུར་
1407	verse-stanza	14		གང་ལ་ཐོག་མེད་ཐ་མེད་པ། །↵དེ་ལ་དབུས་ནི་ག་ལ་ཡོད། །
1408	line-end	69		གང་ལ་ཐོག་མ་དང་ཐ་མ་མེད་པ་དེ་ལ་དབུས་ཡོད་པར་ཇི་ལྟར་འགྱུར། འདི་ལྟར་ཐོག་མ་དང་ཐ་མ་ལ་ལྟ
1409	verse-stanza	21		སྐྱེ་བའི་སྔ་རོལ་མི་སྲིད་དེ། །↵གཉིས་གཉིས་དག་ནི་མ་གཏོགས་པར། །↵རེ་རེས་རྩོམ་པར་ཇི་ལྟ
1410	line-end	3		ཞེས་གསུངས་སོ། །
1411	verse-stanza	14		དེ་ཕྱིར་དེ་ལ་སྔ་ཕྱི་དང་། །↵ལྷན་ཅིག་རིམ་པ་མི་འཐད་དོ། །
1412	terminal-particle	16		དེའི་ཕྱིར་དེ་ལ་སྔ་ཕྱི་དང་ལྷན་ཅིག་གི་གོ་རིམས་དག་མི་སྲིད་དོ། །
1413	terminal-particle	42		དེ་ལྟར་གང་གི་ཕྱིར་འཁོར་བ་ལ་ཐོག་མ་དང་དབུས་དང་ཐ་མ་དག་མེད་པ་དེའི་ཕྱིར་འདིར་འཁོར་བ་པ
1414	line-end	6		དེ་དག་ཇི་ལྟར་ཞེ་ན།
1415	verse-stanza	28		གལ་ཏེ་སྐྱེ་བ་སྔར་གྱུར་པ། །↵རྒ་ཤི་འཕྱི་བ་ཡིན་ན་ནི། །↵སྐྱེ་བ་རྒ་ཤི་མེད་པ་དང་། །↵མ་
1416	terminal-particle	36		གལ་ཏེ་སྐྱེ་བ་སྔ་བར་གྱུར་ལ། དེའི་འོག་ཏུ་ཕྱིས༌[^794]རྒ་ཤི་དག་ལ་ཡང་སྔ་ཕྱི༌[^795]འབྱ
1417	terminal-particle	30		དེ་ལ་རྒ་ཤི་མེད་པར་གྱུར༌[^796]ན་ཕྱིས་རྒ་ཤི་ག་ལས་འོང་བར་འགྱུར། ཅི་སྟེ་འོང་ན་ནི་རྒ་
1418	line-end	24		དེ་དང་ཕྲད་དུ་ཟིན་ན་ཡང་དེ་ལ་ཅིར་ཡང་མི་འགྱུར་ཏེ། ངོ་བོ་ཉིད་ཀྱིས་རྒ་ཤི་མེད་པའི་ཕྱིར
1419	terminal-particle	33		ཡང་གཞན་ཡང་། མ་ཤི་བ་ཡང་སྐྱེ་བར་འགྱུར་ཏེ། འདི་ལྟར་སྐྱེ་བ་སྔ་བར་བརྟགས༌[^797]ན་དེ་སྔ
1420	terminal-particle	30		དེ་ལྟ་ན་འཁོར་བ་ཐོག་མ་དང་ལྡན་པར་འགྱུར་ཏེ། དེ་ཡང་མི་འདོད་པས་དེའི་ཕྱིར་སྐྱེ་བ་སྔ་ལ་
1421	line-end	30		ཅི་སྟེ་སྐྱོན་དེ༌[^798]གྱུར་ན་མི་རུང་ངོ་སྙམ་པས་རྒ་ཤི་སྔ་མ་ཁོ་ན་ཡིན་ལ། སྐྱེ་བ་འཕྱི
1422	verse-stanza	28		གལ་ཏེ་སྐྱེ་བ་འཕྱི་གྱུར་ལ། །↵རྒ་ཤི་སྔ་བ་ཡིན་ན་ནི། །↵སྐྱེ་བ་མེད་པའི་རྒ་ཤི་ནི། །↵རྒ
1423	terminal-particle	35		གལ་ཏེ་དེའི་རྒ་ཤི་སྔ་བར་གྱུར་ལ། སྐྱེ་བ་འཕྱི་བར༌[^799]གྱུར་ན་དེ་ལྟ་ན་གཞི་མེད་པའི་ར
1424	terminal-particle	31		འདི་ལྟར་མ་སྐྱེས་ཤིང་མེད་པའི་རྒ་ཤི་གཞི་མེད་ཅིང་རྒྱུ་མེད་པར་ཇི་ལྟར་འབྱུང་བར་འགྱུར།
1425	line-end	16		དེ་ལྟ་བས་ན་སྐྱེ་བ་འཕྱི་ལ་རྒ་ཤི་སྔ་བར་ཡང་མི་འཐད་དོ། །
1426	terminal-particle	22		སྨྲས་པ། དེ་དག་ལ་སྔ་ཕྱི་མེད་དེ། དེ་ནི་རྒ་ཤི་དང་རྗེས་སུ་འབྲེལ་བཞིན་པ་ཁོ་ནར་སྐྱེའོ།
1427	line-end	2		བཤད་པ།
1428	verse-stanza	14		སྐྱེ་བ་དང་ནི་རྒ་ཤི་དག །↵ལྷན་ཅིག་རུང་བ་མ་ཡིན་ནོ། །
1429	terminal-particle	15		སྐྱེ་བ་དང་རྒ་ཤི་དག་ལྷན་ཅིག་ཉིད་དུ་འགྱུར་བར་མི་འཐད་དོ། །
1430	line-end	5		ཅི་སྟེ་འགྱུར་ན་ནི།
1431	verse-stanza	14		སྐྱེ་བཞིན་པ་ན་འཆི་འགྱུར་ཞིང་། །↵གཉི་ག་རྒྱུ་མེད་ཅན་དུ་འགྱུར། །
1432	terminal-particle	102		གལ་ཏེ་སྐྱེ་བ་དང་རྒ་ཤི་དག་ལྷན་ཅིག་ཉིད་དུ་གྱུར་ན་དེ་ལྟ་ན་སྐྱེ་བཞིན་པ་ཉིད་ན། འཆི་བར
1433	line-end	23		སྐྱེ་བ་སྔ་བར་གྱུར་ན་རྒྱུ་མེད་པ་ཅན་དུ་ཐལ་བར་འགྱུར་ཏེ། སློབ་དཔོན་འཕགས་པ་འཇིགས་མེད་
1434	verse-stanza	28		གལ་ཏེ་ལས་ལ༌[^800]ལུས་སྐྱེ་ལ། །↵ལུས་མ་གཏོགས་པར་ལས་མེད་ན། །↵སྔོན་ལུས་ལས་ལས་མ་སྐྱེས
1435	line-end	3		ཞེས་གསུངས་སོ། །
1436	terminal-particle	52		དེ་ལྟར་ལྷན་ཅིག་ཏུ་སྐྱེ་ན་དེའི་རྒ་ཤི་སྐྱེ་བ་ལ་མི་ལྟོས་པར་རང་ལས་རབ་ཏུ་གྲུབ་པ་དང་། 
1437	terminal-particle	17		དེ་ལྟ་བས་ན། སྐྱེ་བ་དང་རྒ་ཤི་དག་ལྷན་ཅིག་ཏུ་ཡང་མི་འཐད་དོ། །
1438	line-end	54		དེའི་ཕྱིར་དེ་ལྟར་འདིར་ཁྱོད་ཀྱིས་བརྟགས་པའི་འཁོར་བ་ལ་སྐྱེ་བ་དང་རྒ་ཤི་དག་གི་སྔ་ཕྱི་
1439	terminal-particle	34		སྨྲས་པ། དེ་དག་ལ་སྔ་ཕྱི་དང་ལྷན་ཅིག་གི༌[^803]རིམ་པ་དག་ཡོད་ཀྱང་རུང་མེད་ཀྱང་རུང་སྟེ།
1440	terminal-particle	31		དེ་དག་ཀྱང་གཞི་མེད་པ་མ་ཡིན་པས་འགའ་ཞིག་ཁོ་ནའི་ཡིན་ཏེ། འགའ་ཞིག་ཡོད་པ་ཉིད་དེ་ནི་བདག་
1441	line-end	9		བཤད་པ། གང་ལ་སྔ་ཕྱི་ལྷན་ཅིག་གི །
1442	verse-stanza	21		རིམ་པ་དེ་དག་མི་སྲིད་པའི། །↵སྐྱེ་བ་དེ་དང་རྒ་ཤི་དེ། །↵ཅི་ཡི་ཕྱིར་ན་སྤྲོས་པར་བྱེད། 
1443	terminal-particle	138		དེ་ལྟར་རིགས་པ་སྔོན་དུ་བཏང་སྟེ་བརྟགས་ན་སྐྱེ་བ་གང་དང༌[^805]རྒ་ཤི་གང་ལ་སྔ་ཕྱི་དང་ལྷ
1444	line-end	25		དེ་མེད་ན་བདག་ཡོད་པར་ཇི་ལྟར་འཐད་པར་འགྱུར་དེའི་ཕྱིར་བདག་ཏུ་སྨྲ་བར་རིགས་པ་དང་འགལ་བ་
1445	verse-stanza	28		[^809]རྒྱུ་དང་འབྲས་བུ་ཉིད་དང་ནི། །↵མཚན་ཉིད་དང་ནི་མཚན་གཞི་ཉིད། །↵ཚོར་དང་ཚོར་པོ་ཉི
1446	line-end	101		ཇི་ལྟར་བརྟགས་ན་སྐྱེ་བ་དང་། །རྒ་ཤི་དག་གི་སྔ་ཕྱི་དང་ལྷན་ཅིག་གི་རིམ་པ་དག་མི་འཐད་པ་ད
1447	terminal-particle	31		ཇི་ལྟར་ཞེ་ན། རེ་ཞིག་གལ་ཏེ་འབྲས་བུ་སྔ་བར་གྱུར་ལ། རྒྱུ་འཕྱི་བར་གྱུར་ན་དེ་ལྟ་ན་འབྲས
1448	terminal-particle	22		འབྲས་བུ་ཡོད་ན་ཡང་རྒྱུས་ཅི་བྱ་སྟེ་རྒྱུར་བརྟགས་པ་དོན་མེད་པ་ཉིད་དུ་ཡང་ཐལ་བར་འགྱུར་ར
1449	terminal-particle	55		ཅི་སྟེ་རྒྱུ་སྔ་བར་གྱུར་ལ་འབྲས་བུ་འཕྱི་བར་གྱུར་ན༌[^811]ཡང་རྒྱུ་འབྲས་བུ་མེད་པ་ཅན་ད
1450	line-end	51		ཅི་སྟེ་རྒྱུ་དང་འབྲས་བུ་དག་ལྷན་ཅིག་ཏུ་གྱུར་ན་དེ་ལྟ་ན༌[^812]ཡང་སྐྱོན་དེ་ཉིད་དེ། གཉ
1451	line-end	149		དེ་བཞིན་དུ་གལ་ཏེ་མཚན་ཉིད་སྔ་བར་གྱུར་ལ། མཚན་ཉིད་ཀྱི་གཞི་འཕྱི་བར་གྱུར་ན་དེ་ལྟ་ན་ཡང
1452	line-end	115		མཚན་ཉིད་དུ་བརྟག་པ་དོན་མེད་པ་ཉིད་དུ་ཡང་འགྱུར་ཏེ། མཚན་ཉིད་ཀྱི་གཞི་རབ་ཏུ་སྒྲུབ་པའི་
1453	terminal-particle	105		དེ་བཞིན་དུ་གལ་ཏེ་ཚོར་བ་པོ་སྔ་བར་གྱུར་ལ་ཚོར་བ་འཕྱི་བར་གྱུར་ན། དེ་ལྟ་ན་ཡང་ཚོར་བ་མེ
1454	line-end	73		ཅི་སྟེ་ཡང་ཚོར་བ་སྔ་བར་གྱུར་ལ་ཚོར་བ་པོ་འཕྱི་བར་གྱུར་ན་དེ་ལྟ་ན་ཡང་ཚོར་བར་མི་བྱེད་བ
1455	terminal-particle	93		ཅི་སྟེ་ཡང་ཚོར་བ་དང་ཚོར་བ་པོ་དག་ལྷན་ཅིག་ཉིད་དུ་རྟོག་ན། དེ་ལྟ་ན་ཡང་སྐྱོན་དེ་ཉིད་དེ
1456	line-end	57		དེ་བཞིན་དུ་གལ་ཏེ་རྣམ་པར་གྲོལ་བས་དེ་ཡང་མི་འཐད༌[^819]མྱ་ངན་ལས་འདས་པ་སྔ་བར་གྱུར་ན་ཀ
1457	terminal-particle	71		ཅི་སྟེ་རྣམ་པར་གྲོལ་བས་མྱ་ངན་ལས་འདས་པ་འཕྱི་བར་གྱུར་ན་ནི་མྱ་ངན་ལས་འདས་པ་མ་ཐོབ་པ་ཉི
1458	line-end	38		མྱ་ངན་ལས་འདས་པ་ནི་མ་སྐྱེས་པ་མ་བྱུང་བ་ཞེས་བྱ་ན། སྔོན་མ་བྱུང་ལ་ཕྱིས༌[^822]བྱུང་བར་
1459	terminal-particle	93		ཅི་སྟེ་ཡང་རྣམ་པར་གྲོལ་བ་དང་། མྱ་ངན་ལས་འདས་པ་གཉིས་ལྷན་ཅིག་ཉིད་དུ་ཡང༌[^823]གྱུར་ན་
1460	line-end	23		དེ་བཞིན་དུ་ཤེས་པ་དང་། ཤེས་བྱ་དང་། ཚད་མ་དང་། གཞལ་བྱ་ལ་སོགས་པ་དག་ལ་ཡང་བལྟ་བར་བྱའོ།
1461	verse-stanza	28		འཁོར་བ་འབའ་ཞིག་སྔོན་གྱི་མཐའ། །↵ཡོད་མ་ཡིན་པར༌[^824]མ་ཟད༌[^825]ཀྱི། །↵དངོས་རྣམས་ཐམ
1462	line-end	103		གང་གི་ཕྱིར་དེ་ལྟར་ཡང་དག་པ་ཇི་ལྟ་བ་བཞིན་དུ་བརྟགས་ན་དངོས་པོ་ཐམས་ཅད་ལ་སྔ་ཕྱི་དང་། ལ
1463	terminal-particle	35		དབུ་མའི་རྩ་བའི་འགྲེལ་པ་བུད་དྷ་པཱ་ལི་ཏ། བམ་པོ་ལྔ་པ། སྨྲས་པ། བདག་ནི་ཡོད་པ་ཁོ་ན་ཡིན
1464	terminal-particle	47		འདི་ན་ལུས་དང་དབང་པོ་འབྱུང་བ་ནི་སྡུག་བསྔལ་ཡིན་ནོ་ཞེས་བྱ་བར་ཐམས་ཅད་ཀྱིས་ཤེས་ལ། བཅོ
1465	line-end	45		གཞི་མེད་པར་སྡུག་བསྔལ་ཡོད་པར་མི་རིགས་པས་སྡུག་བསྔལ་དེ་དག༌[^827]གི་ཡིན་པ་དེ་འགའ་ཞིག
1466	line-end	32		བཤད་པ། གལ་ཏེ་སྡུག་བསྔལ་ཉིད་འཐད་ན་ནི་བདག་ཀྱང་ཡོད་པ་ཞིག་ན། སྡུག་བསྔལ་ཉིད་མི་འཐད་པས
1467	verse-stanza	28		ཁ་ཅིག་སྡུག་བསྔལ་བདག་གིས་བྱས། །↵གཞན་གྱིས་བྱས་དང་གཉི་གས་བྱས། །↵རྒྱུ་མེད་པ་ལས་བྱུང་
1468	terminal-particle	122		འདི་ལ་སྡུག་བསྔལ་དུ་སྨྲ་བ་རྣམས་ལ་ཁ་ཅིག་ནི་སྡུག་བསྔལ་བདག་གིས་བྱས་པར་འདོད། །ཁ་ཅིག་ན
1469	line-end	68		ཅིའི་ཕྱིར་ཞེ་ན། གལ་ཏེ་སྡུག་བསྔལ་བདག་ཉིད་ཀྱིས་བྱེད་པར་གྱུར་ན་ཡོད་པའམ། མེད་པ་ཞིག་བ
1470	terminal-particle	45		སྡུག་བསྔལ་ཡོད་པ་བདག་ཉིད་ཀྱིས་བྱེད་པ་གང་ཡིན་པ་དེ་ནི་རྒྱུ་མེད་པ་ལས་བྱུང་བར་འགྱུར་བ
1471	terminal-particle	44		ཅི་སྟེ་སྡུག་བསྔལ་མེད་པ་བདག་ཉིད་ཀྱིས་བྱེད་དོ་ཞེས་བྱ་བར་རྟོག་ན། ཇི་ལྟར་མེད་པ་བདག་ཉ
1472	terminal-particle	13		དེ་ལྟར་རེ་ཞིག་སྡུག་བསྔལ་བདག་གིས་བྱས་པར་མི་རིགས་སོ། །
1473	terminal-particle	30		སྡུག་བསྔལ་མ་བྱས་ཤིང་མེད་པ་ལ་གཞན་ཡོད་པར་ག་ལ་འགྱུར་ཏེ། གཞན་མེད་པ་ཁོ་ནའི་ཕྱིར་སྡུག་
1474	line-end	21		འདི་ཉིད་ཀྱིས་བདག་དང་གཞན་གྱིས་བྱས་པར་མི་རིགས་པ་ཁོ་ནར་ཡང་རྣམ་པར་བཤད་པ་ཡིན་ནོ། །
1475	line-end	3		ཡང་གཞན་ཡང་།
1476	verse-stanza	28		གལ་ཏེ་བདག་གིས་བྱས་གྱུར་ན། །↵དེ་ཕྱིར་བརྟེན་ནས༌[^834]འབྱུང་མི་འགྱུར། །↵གང་ཕྱིར་ཕུང
1477	line-end	100		གལ་ཏེ་སྡུག་བསྔལ་བདག་གིས་བྱས་པར་གྱུར་ན་དེ་ལྟ༌[^835]ན་བརྟེན་ནས་འབྱུང་བར་མི་འགྱུར་བ
1478	terminal-particle	21		སྨྲས་པ། དེ་དེ་བཞིན་ཏེ་སྡུག་བསྔལ་བདག་གིས་མ་བྱས་ཏེ། འདི་ལྟར་སྡུག་བསྔལ་གཞན་གྱིས་བྱས
1479	terminal-particle	26		ཇི་ལྟར་ཞེ་ན། གང་གི་ཕྱིར་ཕུང་པོ་གཞན་དུ་གྱུར་པ་འདི་དག་ལ་བརྟེན་ནས་ཕུང་པོ་དེ་དག་འབྱུ
1480	line-end	17		བཤད་པ། སྡུག་བསྔལ་གཞན་གྱིས་བྱས་པ་མ་ཡིན་པ་ཉིད་དེ། ཅིའི་ཕྱིར་ཞེ་ན།
1481	verse-stanza	28		གལ་ཏེ་དེ་ལས་འདི་གཞན་ཞིང་། །↵གལ་ཏེ་འདི་ལས་དེ་གཞན་ན། །↵གཞན་དེ་དག་གིས་འདི་བྱས་པས། །
1482	line-end	136		གལ་ཏེ་མ་འོངས་པའི་ཕུང་པོ་དེ་དག་ལས་ད་ལྟར་གྱི་ཕུང་པོ་གང་དག་ཡིན་པ་འདི་དག་གཞན་ཡིན་པར་
1483	verse-stanza	14		གང་ལ༌[^838]བརྟེན་ཏེ་གང་ཡིན་པ། །↵དེ་ནི་དེ་ལས་གཞན་མི་འཐད། །
1484	line-end	15		ཅེས་འབྱུང་བས་དེའི་ཕྱིར་སྡུག་བསྔལ་གཞན་གྱིས་བྱས་པར་ཡང་མི་འཐད་དོ། །
1485	line-end	105		སྨྲས་པ། སྡུག་བསྔལ་ཉིད་ཀྱིས་སྡུག་བསྔལ་བྱས་པས་དེའི་ཕྱིར་སྡུག་བསྔལ་བདག་གིས་བྱས་སོ་ཞ
1486	line-end	2		བཤད་པ།
1487	verse-stanza	28		གལ་ཏེ་གང་ཟག་བདག་གིས་ནི། །↵སྡུག་བསྔལ་བྱས་ན་གང་བདག༌[^842]གིས། །↵སྡུག་བསྔལ་བྱས་པའི་
1488	line-end	106		གལ་ཏེ་གང་ཟག་བདག་གིས༌[^844]ཕུང་པོ་སྡུག་བསྔལ་བྱས་སོ་ཞེས་ཟེར་ན། ཁྱོད་ཀྱི་གང་ཕུང་པོ་
1489	line-end	18		གང་ཟག་གཞན་གྱིས་སྡུག་བསྔལ་བྱས་སོ་ཞེས་གང་སྨྲས་པ་དེ་ལའང་བཤད་པར་བྱ་སྟེ།
1490	verse-stanza	14		གལ་ཏེ་གང་ཟག་གཞན་ལས་ནི། །↵སྡུག་བསྔལ་བྱུང་ན་གཞན་ཞིག་གིས། །
1491	line-end	157		སྡུག་བསྔལ་དེ་བྱས་གང་སྦྱིན་དེ།[^845] །སྡུག་བསྔལ་མེད་པར་ཇི་ལྟར་རུང་། །གལ་ཏེ་གང་ཟག་
1492	line-end	3		ཡང་གཞན་ཡང་།
1493	verse-stanza	14		བདག་གིས་བྱས་པར་མ་གྲུབ་པས། །↵སྡུག་བསྔལ་གཞན་གྱིས་ག་ལ་བྱས། །
1494	line-end	81		འདི་ལ་གལ་ཏེ་སྡུག་བསྔལ་བདག་གིས་བྱས་སོ་ཞེས་བྱ་བ་དེ་རབ་ཏུ་གྲུབ་པར་གྱུར་ན་ནི་དེས་ན་ས
1495	verse-stanza	14		གཞན་གྱིས་སྡུག་བསྔལ་གང་བྱེད་པ། །↵དེ་ནི་དེ་ཡི་བདག་བྱས་འགྱུར། །
1496	line-end	27		གལ་ཏེ་གཞན་གྱིས་སྡུག་བསྔལ་གང་བྱེད་པ་དེ་གཞན་དེའི་བདག་གིས་བྱས་པ་ཉིད་དུ་གྱུར་ན་གཞན་ག
1497	terminal-particle	49		ཅི་སྟེ་དེ་དེས་བདག་གིས༌[^849]བྱས་པ་མ་ཡིན་ན་ཇི་ལྟར། ཅིག་ཤོས་ཀྱི་དེ་གཞན་གྱིས་བྱས་པར
1498	line-end	59		དེའི་ཕྱིར་སྡུག་བསྔལ་བདག་གིས་བྱས་པར་རབ་ཏུ་མ་གྲུབ་པས་སྡུག་བསྔལ་བདག་གིས་བྱས་པ་མེད་ན
1499	line-end	132		སྨྲས་པ། ཅི་ཁྱོད་སྨྲ་བ་པོའི་བསམ་པ་མ་རྟོགས་པར་རང་གི་བློ་གྲོས་ཀྱི་རྟོགས་པས༌[^852]སྦ
1500	terminal-particle	111		བཤད་པ། ཅི་ཁྱོད་ཤིང་ལྗོན་པ་རྩ་བ་རུལ་བ་ལ་ཆུ་ལྡུགས་པར་བྱེད་དམ། ཁྱོད་གང་ཟག་ཉེ་བར་ལེན
1501	line-end	44		དེ་མེད་ན། རེ་ཞིག་སྡུག་བསྔལ་བདག་བྱས་མིན། །གང་ཟག་ཉེ་བར་ལེན་པ་མེད་པ་འབའ་ཞིག་པ་དེ་མེ
1502	terminal-particle	63		སྡུག་བསྔལ་དེ་ལས་གང་ཟག་དེ་གཞན་མ་ཡིན་པས་སྡུག་བསྔལ་གྱིས་སྡུག་བསྔལ་དེ་བྱས་པའི་ཕྱིར་ར
1503	line-end	103		ཅིའི་ཕྱིར་ཞེ་ན། འདི་ལྟར་ཟིན་པའི་སྡུག་བསྔལ་ལས་དེ་གཞན་མ་ཡིན་པར་བརྗོད་པའི་ཕྱིར་ཏེ། 
1504	line-end	32		སྡུག་བསྔལ་གང་ཡིན་པ་དེ་ཉིད་གང་ཟག་མ་ཡིན་པས་རྣམ་གྲངས་ལས་སྡུག་བསྔལ་གཞན་གྱིས་བྱས་སོ་ཞ
1505	verse-stanza	14		གལ་ཏེ་གཞན་བདག་མ་བྱས་ན། །↵སྡུག་བསྔལ་གཞན་བྱས་ག་ལ་འགྱུར། །
1506	line-end	110		གལ་ཏེ་གང་ཟག་དེ་བདག་ཉིད་ཀྱིས་མ་བྱས་ཤིང་བདག་ཉིད་རབ་ཏུ་མ་གྲུབ་སྟེ།[^858] སྡུག་བསྔལ་
1507	terminal-particle	31		སྨྲས་པ། སྡུག་བསྔལ་བདག་དང་གཞན་སོ་སོ༌[^860]བྱས་པར་མི་རིགས་སུ་ཟིན་ཀྱང་། སྡུག་བསྔལ་བ
1508	line-end	2		བཤད་པ།
1509	verse-stanza	14		གལ་ཏེ་རེ་རེས་བྱས་གྱུར་ན། །↵སྡུག་བསྔལ་གཉི་གས་བྱས་པར་འགྱུར། །
1510	line-end	108		གལ་ཏེ་རེ་རེས་བྱས་པ་ཡོད་པར་གྱུར་ན་ནི་སྡུག་བསྔལ་གཉི་གས་བྱས་པ་དེ༌[^862]ཉིད་ཀྱང་ཡོད་
1511	terminal-particle	44		སྨྲས་པ། གལ་ཏེ་སྡུག་བསྔལ་རེ་རེས་ཀྱང་མ་བྱས་ལ་གཉི་གས་བྱས་པར་ཡང་མི་རིགས་ན། འོ་ན་དེ་ལ
1512	line-end	2		བཤད་པ།
1513	verse-stanza	14		གཞན་གྱིས་མ་བྱས་བདག་མ་བྱས། །↵སྡུག་བསྔལ་རྒྱུ་མེད་ག་ལ་འགྱུར། །
1514	terminal-particle	21		གཞན་གྱིས་བྱས་པ་ནི་གཞན་གྱིས་དེ་བྱས་པ་སྟེ། གཞན་གྱིས་དེ་བྱེད་ཅེས་བྱ་བའི་ཐ་ཚིག་གོ། །
1515	terminal-particle	11		གཞན་གྱིས་མ་བྱས་པ་ནི་གཞན་གྱིས་མི་བྱེད་པའོ། །
1516	terminal-particle	21		བདག་གིས་བྱས་པ་ནི་བདག་གིས་དེ་བྱས་པ་སྟེ་བདག་གིས་དེ་བྱེད་ཅེས་བྱ་བའི་ཐ་ཚིག་གོ། །
1517	terminal-particle	11		བདག་གིས་མ་བྱས་པ་ནི་བདག་གིས་མི་བྱེད་པའོ། །
1518	terminal-particle	23		གཞན་གྱིས་མ་བྱས་པ་དང་བདག་གིས་མ་བྱས་པ་ནི་གཞན་གྱིས་མི་བྱེད་པ་དང་བདག་གིས་མི་བྱེད་པའོ
1519	terminal-particle	31		དེ་ལྟར་གཞན་གྱིས་ཀྱང་མ་བྱས་ན་སྡུག་བསྔལ་གློ་བུར་བར་འཐད་པར་ག་ལ་འགྱུར། ཅི་སྟེ་འགྱུར་
1520	terminal-particle	27		དེ་ལྟ་ཡིན་ན་ནི་རྩོམ་པ་ཐམས་ཅད་དོན་མེད་པ་ཉིད་དང་། འདྲེས་པའི་སྐྱོན་ཆེན་པོར་ཡང་འགྱུར
1521	line-end	23		དེ་བས་ན་སྡུག་བསྔལ་རྒྱུ་མེད་པ་ལས་བྱུང་བ་ཞེས་བྱ་བ་དེ་ནི་བཟང་པོ་མ་ཡིན་པ་ཉིད་དོ། །
1522	terminal-particle	25		སྨྲས་པ། གལ་ཏེ་དེ་ལྟར་སྡུག་བསྔལ་མེད་ན། བཅོམ་ལྡན་འདས་ཀྱིས་འོད་སྲུངས་སྡུག་བསྔལ་ཡོད་
1523	line-end	69		མཐོང་ངོ་ཞེས་གསུངས་པ༌[^865]ཇི་ལྟ་བུ། བཤད་པ། སྡུག་བསྔལ་མེད་དོ་ཞེས་དེ་སྐད་དུ་མ༌[^86
1524	verse-stanza	28		སྡུག་བསྔལ་འབའ་ཞིག་རྣམ་པ་བཞི། །↵ཡོད་མ་ཡིན་པ་མ་ཡིན་གྱི། །↵ཕྱི་རོལ་དངོས་པོ་རྣམས་ལ་ཡ
1525	line-end	65		ཕུང་པོ་སྡུག་བསྔལ་འབའ་ཞིག་ལ་བདག་གིས་བྱས་པ་དང་། གཞན་གྱིས་བྱས་པ་དང་། གཉི་གས་བྱས་པ་ད
1526	terminal-particle	17		དེ་ཡང་ཇི་ལྟར་ཞེ་ན། རེ་ཞིག་གཟུགས་ཉིད་ཀྱིས་གཟུགས་བདག་ཉིད་མ་བྱས་སོ། །
1527	terminal-particle	74		གལ་ཏེ་གཟུགས་ཀྱིས་བདག་ཉིད་བྱེད་ན་ཡོད་པའམ། མེད་པ་ཞིག་བྱེད་གྲང་ན། དེ་ལ་རེ་ཞིག་གལ་ཏེ
1528	line-end	23		གཟུགས་བདག་གིས་བྱས་པ་ཡིན་ན། གཟུགས་བརྟེན་ནས་འབྱུང་ངོ་ཞེས་བྱ་བར་མི་འཐད་པས་དེ་ཡང་མི་
1529	line-end	45		དེ་ལ་གཟུགས་དེ་འབྱུང་བ་གཞན་དུ་གྱུར་པ་དག་གིས་བྱས་སོ་སྙམ་ན། དེ་ཡང་མི་རུང་སྟེ། ཅིའི་
1530	verse-stanza	14		གང་ལ༌[^870]བརྟེན་ཏེ་གང་ཡིན་པ། །↵དེ་ནི་དེ་ལས་གཞན་མི་འཐད། །
1531	terminal-particle	40		ཅེས་འབྱུང་སྟེ། གཟུགས་མ་བྱས་པ་མ་སྐྱེས་པ་མེད་པ་ལས་བྱུང་བ༌[^871]རྣམས་ཇི་ལྟར་གཞན་དུ་
1532	terminal-particle	41		གཟུགས་རྒྱུ་མེད་པ་ལས་བྱུང་བ་ཡང་མ་ཡིན་ཏེ། གཞན་གྱིས་མ་བྱས་པ་དང་། བདག་གིས་མ་བྱས་པ་རྒ
1533	terminal-particle	26		དེ་བཞིན་དུ་སྒྲ་ལ་སོགས་པ་དངོས་པོ་ཐམས་ཅད་ལ་ཡང་རྣམ་པ་བཞི་པོ་དག་མི་འཐད་པས་འགྲུབ་པར་བ
1534	line-end	15		སྡུག་བསྔལ་བརྟག་པ་ཞེས་བྱ་བ་སྟེ་རབ་ཏུ་བྱེད་པ་བཅུ་གཉིས་པའོ།། །།
1535	terminal-particle	29		སྨྲས་པ། སྡུག་བསྔལ་ཡང་ཡོད་ཕྱི་རོལ་གྱི་དངོས་པོ་རྣམས་ཀྱང་ཡོད་དེ། དེ་དག་ཡོད་པ་ལ་རྣམ་
1536	terminal-particle	52		རྣམ་པ་བཞི་པོ་དག་མེད་དུ་ཟིན་ཀྱང་རེ་ཞིག །དངོས་པོ་རྣམས་ནི་རབ་ཏུ་གྲུབ་པོ། །བཤད་པ། ཅི
1537	line-end	16		འདིར་ཡང་དག་པ་གང་ཡིན་པ་དེ་ཉིད་གཟུང་བར་བྱ་བའི་རིགས་པ་སྙམ།
1538	line-end	10		སྨྲས་པ། འདིར་ཡང་དག་པ་གང་ཡིན། བཤད་པ།
1539	verse-stanza	28		ཆོས་གང་སླུ་བ༌[^873]དེ་བརྫུན༌[^874]ཞེས། །↵བཅོམ་ལྡན་འདས་ཀྱིས་དེ་སྐད་གསུངས། །↵འདུ་བ
1540	terminal-particle	18		འདི་ལ་བཅོམ་ལྡན་འདས་ཀྱིས་མདོ་སྡེ་གཞན་ལས་ཆོས་གང་སླུ་བ༌[^877]དེ་ནི་བརྫུན༌[^878]པའོ།
1541	quote-close	24		དགེ་སློང་དག་འདི་ལྟ་སྟེ། མི་སླུ་བའི་ཆོས་མྱ་ངན་ལས་འདས་པ་དེ་ནི་བདེན་པའི་མཆོག་གོ་ཞེས
1542	line-end	7		དེ་བཞིན་དུ་བདེན་པ་གཅིག་སྟེ།
1543	ordinal-open	11		གཉིས་པ་མེད་ཅེས་ཚིགས་སུ་བཅད་པ་ཡང་གསུངས་སོ། །
1544	terminal-particle	38		དེ་བཞིན་དུ་གཞན་ནས་ཀྱང་འདུས་བྱས་དེ་ནི་སླུ་བའི༌[^879]ཆོས་ཀྱང་ཡིན། དེ་ནི་རབ་ཏུ་འཇིག
1545	line-end	53		དེའི་ཕྱིར་འདུ་བྱེད་ཐམས་ཅད་སླུ་བའི༌[^881]ཆོས་ཉིད་དེས། ཐམས་ཅད་བརྫུན་པ༌[^882]ཉིད་ཡི
1546	line-end	52		སྨྲས་པ། གལ་ཏེ་འདུ་བྱེད་ཐམས་ཅད་བརྫུན་པ༌[^884]ཡིན་ན་འཛིན་བཞིན་དུ་ཡང་དངོས་པོ་ཐམས་ཅད
1547	verse-stanza	14		བཅོམ་ལྡན་འདས་ཀྱིས་དེ་གསུངས་པ། །↵སྟོང་ཉིད་ཡོངས་སུ་བསྟན་པ་ཡིན། །
1548	line-end	81		གལ་ཏེ་སླུ་བའི༌[^888]ཆོས་ཞེས་གསུངས་པ་གང་ཡིན་པ་དེ་བརྫུན་པ༌[^889]ཡིན་ན། སླུ་བའི༌[^8
1549	terminal-particle	19		དེ་ལྟ་བས་ན་བརྫུན་པ༌[^895]ཞེས་གསུངས་པས་དངོས་པོ་རྣམས་མེད་པར་བསྟན་པ་མ་ཡིན་ནོ། །
1550	line-end	81		བཅོམ་ལྡན་འདས་སྒྲིབ་པ་མི་མངའ་བའི་མཁྱེན་པ་དང་རྣམ་པར་ཐར་པ་བརྙེས་པ་ཡང་དག་པ་ཇི་ལྟ་བ་བ
1551	line-end	36		སྨྲས་པ། བརྫུན་པ༌[^898]ཞེས་གསུངས་པ་ནི། དངོས་པོ་རྣམས་ཀྱི་ངོ་བོ་ཉིད་སྟོང་པ་ཉིད་ཡོངས
1552	verse-stanza	14		དངོས་རྣམས་ངོ་བོ་ཉིད་མེད་དེ། །↵གཞན་དུ་འགྱུར་བ་སྣང་ཕྱིར་རོ། །
1553	line-end	68		བརྫུན་པ༌[^900]ཞེས་གསུངས་པ་ཉིད་གང་ཡིན་པ་དེས་ནི་དངོས་པོ་རྣམས་ལ་ངོ་བོ་ཉིད་མེད་པ་ཁོ་
1554	line-end	6		གལ་ཏེ་ཇི་ལྟར་ཞེ་ན།
1555	verse-stanza	14		ངོ་བོ་ཉིད་མེད་དངོས་མེད་དེ། །↵གང་ཕྱིར་དངོས་རྣམས་སྟོང་པ་ཉིད། །
1556	terminal-particle	62		གང་གི་ཕྱིར་ངོ་བོ་ཉིད་མེད་པའི་དངོས་པོ་མེད་ལ་དངོས་པོ་རྣམས་ཀྱི་སྟོང་པ་ཉིད་ཀྱང་བསྟན་
1557	line-end	13		དེ་ནི་ངེས་པ་ཁོ་ནར་དེ་ལྟར་ཁོང་དུ་ཆུད་པར་བྱའོ།[^901] །
1558	line-end	3		གཞན་དུ་ན།
1559	verse-stanza	14		གལ་ཏེ་ངོ་བོ་ཉིད་མེད་ན། །↵གཞན་དུ་འགྱུར་བ་གང་གི་ཡིན། །
1560	terminal-particle	86		གལ་ཏེ་དངོས་པོ་རྣམས་ལ་ངོ་བོ་ཉིད་མེད་པ་ཁོ་ན་ཡིན་ན། གཞན་དུ་འགྱུར་བ་དེ་གང་གི་ཡིན་པར་
1561	line-end	2		བཤད་པ།
1562	verse-stanza	14		གལ་ཏེ་ངོ་བོ་ཉིད་ཡོད༌[^902]ན། །↵གཞན་དུ་འགྱུར་བ་གང་གི་ཡིན། །
1563	line-end	10		ཞེས་གང་སྨྲས་པ་དེ་ལ་བཤད་པར་བྱ་སྟེ།
1564	verse-stanza	14		གལ་ཏེ་ངོ་བོ་ཉིད་ཡོད་ན། །↵ཇི་ལྟ་བུར་ན་གཞན་དུ་འགྱུར། །
1565	line-end	77		གལ་ཏེ་དངོས་པོ་རྣམས་ལ་ངོ་བོ་ཉིད་ཡོད་ན། གཞན་ལ་མི་ལྟོས་པར་རང་ལས་རབ་ཏུ་གྲུབ་པ་རྟག་པ་
1566	line-end	31		སྨྲས་པ། གལ་ཏེ་ངོ་བོ་ཉིད་ལ་གཞན་དུ་འགྱུར་བ་མི་འཐད་ན། འོ་ན་ངོ་བོ་ཉིད་ལས་གཞན་པ་དེ་ཇི
1567	verse-stanza	14		དེ་ཉིད་ལ་ནི་གཞན་འགྱུར་མེད། །↵གཞན་ཉིད་ལ་ཡང་ཡོད་མ་ཡིན། །
1568	terminal-particle	42		དངོས་པོར་ཡོངས་སུ་བརྟག་པ་གང་ཡིན་པ་དེ་ཉིད་ལ་ཡང་གཞན་དུ་འགྱུར་བ་ཡོད་པར་མི་འཐད་ལ། དེ་
1569	line-end	4		ཅིའི་ཕྱིར་ཞེ་ན།
1570	verse-stanza	13		གང་ཕྱིར་གཞོན་ནུ་མི་རྒ་སྟེ། །↵གང་ཕྱིར་རྒས་པའང་མི་རྒའོ། །
1571	line-end	71		འདི་ལས་གཞན་དུ་འགྱུར་བ་ཞེས་བྱ་བ་ནི་རྒ་བ་སྟེ། རྒ་བ་དེ་ཡང་གང་གི་ཕྱིར་གཞོན་ནུའི༌[^90
1572	terminal-particle	32		གལ་ཏེ་གཞོན་ནུ་གཞོན་ནུའི་གནས་སྐབས་ཉིད་དུ་རྒ་བར་འགྱུར་ན། དེ་ལྟ་ན་རྒས་པ་དང་གཞོན་པ་ག
1573	line-end	93		དེ་ཡང་མི་འཐད་དེ། འདི་ལྟར་མི་མཐུན་པ་གཉིས་གཅིག་ལ་ལྷན་ཅིག་ཇི་ལྟར་གནས་པར་འགྱུར། ཅི་ས
1574	terminal-particle	29		སྨྲས་པ། དེ་ཉིད་གཞན་དུ་འགྱུར་གྱི་གཞན་ནི་མི་འགྱུར་ཏེ། དཔེར་ན་འོ་མ་གཞན་དུ་གྱུར་པའི་
1575	line-end	2		བཤད་པ།
1576	verse-stanza	14		གལ་ཏེ་དེ་ཉིད་གཞན་འགྱུར་ན། །↵འོ་མ་ཉིད་ནི་ཞོར་འགྱུར་རོ། །
1577	terminal-particle	25		གལ་ཏེ་དེ་ཉིད་གཞན་དུ་འགྱུར་བར་སེམས་ན། དེ་ལྟར༌[^911]ན་ཁྱོད་ཀྱི་འོ་མ་ཉིད་ཞོ་ཡིན་པར་
1578	line-end	46		ཅིའི་ཕྱིར་ཞེ་ན། དེ་ཉིད་ཀྱི་ཡིན་གྱི། གཞན་གྱི་མ་ཡིན་པའི་ཕྱིར་ཏེ། ཁྱོད་ཀྱིས་འོ་མའི་
1579	terminal-particle	21		སྨྲས་པ། འོ་མ་ཉིད་ཀྱི་དངོས་པོ་ཞོ་ཡིན་པས་འོ་མ་ཉིད་ཞོ་ཡིན་ནོ་ཞེས་ནི་མི་སྨྲའོ། །
1580	terminal-particle	94		བཤད་པ། འོ་མ་ལས་གཞན་གང་གི་ནི། །དངོས་པོ་ཞོ་ནི་ཡིན་པར་འགྱུར།[^912] །གལ་ཏེ་འོ་མ་ཉིད་
1581	terminal-particle	27		གང་གི་ཕྱིར་དེ་ཉིད་དང་། གཞན་ཡང་གཞན་དུ་འགྱུར་བ་མི་འཐད་པ་དེའི་ཕྱིར་གཞན་དུ་འགྱུར་བ་ཉ
1582	line-end	42		དེའི་ཕྱིར་བརྫུན་པ༌[^917]ཞེས་གསུངས་པ་ནི་དངོས་པོ་རྣམས་ཀྱི་ངོ་བོ་ཉིད་སྟོང་པ་ཉིད་ཡོང
1583	terminal-particle	40		སྨྲས་པ། ཡང༌[^920]རེ་ཞིག་སྟོང་པ་ཉིད་ནི༌[^921]ཡོད་དེ། གཉེན་པོ་མེད་པས༌[^922]ཅུང་ཟད་
1584	line-end	26		བཤད་པ། གཉེན་པོ་ལས་དངོས་པོ་རབ་ཏུ་ཡང༌[^923]འགྲུབ་པར་འདོད་ན་ཡང་སྟོང་པ་ཡིན་པ་མི་འཐད་
1585	verse-stanza	27		སྟོང་པ་མེད་པའི་ཕྱིར་རོ། །↵གལ་ཏེ་སྟོང་མིན་ཅུང་ཟད་ཡོད། །↵སྟོང་པའང་ཅུང་ཟད་ཡོད་པར་འག
1586	line-end	92		སྟོང་པའང་ཡོད་པར་ག་ལ་འགྱུར། །གལ་ཏེ་མི་སྟོང་པ་ཅུང་ཟད་ཅིག་རབ་ཏུ་འགྲུབ་པར༌[^924]གྱུར
1587	line-end	13		སྨྲས་པ། ཁྱོད་གང་སྨྲ་བ་དེ་ཉིད་ཡང་མི་འདོད་དེ་སྔར།
1588	verse-stanza	14		བཅོམ་ལྡན་འདས་ཀྱིས་དེ་གསུངས་པ། །↵སྟོང་ཉིད་ཡོངས་སུ་བསྟན་པ་ཡིན། །
1589	line-end	3		ཞེས་སྨྲས་ལ།
1590	verse-stanza	14		དེ་ནི༌[^927]གལ་ཏེ་སྟོང་མིན༌[^928]ཡོད། །↵སྟོང་པའང་ཅུང་ཟད་ཡོད་པར་འགྱུར། །
1591	line-end	13		ཞེས་སྨྲའམ། བཤད་པ། འདི་ལ་མ་ཁྲོ་བར་རིགས་པ་ཟུང་ཤིག །
1592	verse-stanza	28		[^929]རྒྱལ་བ་རྣམས་ཀྱིས་སྟོང་ཉིད་ནི། །↵ལྟ་ཀུན་ངེས་པར་འབྱིན་པར་གསུངས། །↵གང་དག་སྟོང
1593	line-end	87		རྒྱལ་བ་ཡང་དག་པ་ཇི་ལྟ་བ་བཞིན་དུ་གཟིགས་པ། ཐུགས་རྗེའི་དམ་པ་དང་ལྡན་པ་རྣམས་ཀྱིས་འགྲོ་
1594	terminal-particle	127		དཔེར་ན་སེམས་རྨོངས་པ་འགའ་ཞིག་དྲི་ཟའི་གྲོང་ཁྱེར་ལ་གྲོང་ཁྱེར་རོ་སྙམ་པའི་བློ་གྲོས་བྱ
1595	line-end	71		གང་དག་སྟོང་པ་ཉིད་ཅེས་བརྗོད་པ་ཙམ་མ་གཏོགས་པའི་ཕྱིར། སྟོང་པ་ཉིད་ལ་དངོས་པོར་ལྟ་བ་དེ་
1596	terminal-particle	191		ཅིའི་ཕྱིར་ཞེ་ན། གང་དག་དངོས་པོ་རྣམས་རང་གི་ངོ་བོ་ཉིད་ཀྱིས་ཡོད་པ་མ་ཡིན་ནོ་ཞེས་མངོན་
1597	line-end	43		གང་དག་གིས་སྟོང་པ་ཉིད་ཀྱང་སྟོང་པར་མཐོང་བ་དེ་ཁོ་ན་མཐོང་བ་དེ་དག་ལ་ནི་སྟོང་པ་ཉིད་དུ་
1598	terminal-particle	36		སྨྲས་པ། དངོས་པོ་རྣམས་ངོ་བོ་ཉིད་སྟོང་པ་ཉིད་མ་ཡིན་གྱི། དངོས་པོ་རྣམས་ངོ་བོ་ཉིད་ཡོད་
1599	terminal-particle	22		འདི་ལ་བཅོམ་ལྡན་འདས་དེ་དང་དེར་གཟུགས་དང་རྣམ་པར་ཤེས་པ་དང་མིག་གསུམ་ཕྲད་པ་ནི་རེག་པའོ།
1600	quote-close	20		སྒྲ་དང་། རྣམ་པར་ཤེས་པ་དང་རྣ་བ་ལ་སོགས་པ་དག་ཀྱང་དེ་བཞིན་ནོ་ཞེས་གསུངས་སོ། །
1601	quote-close	28		དེ་བཞིན་དུ་རྗེས་སུ་ཆགས་པ་དང་། ཁོང་ཁྲོ་བ་དང་མ་རིག་པའི་ཀུན་ཏུ་སྦྱོར་བ་དག་གིས་ཀུན་ཏ
1602	line-end	46		དངོས་པོ་རྣམས་ལ་ངོ་བོ་ཉིད་མེད་ན་ཕྲད་པར་མི་འཐད་དེ། འདི་ལྟར་དངོས་པོ་ངོ་བོ་ཉིད་མེད་པ
1603	line-end	48		བཤད་པ། གལ་ཏེ་དངོས་པོ་རྣམས་ཀྱིས༌[^938]ཕྲད་པ་ཉིད་འཐད་ན་ནི། དངོས་པོ་རྣམས་ངོ་བོ་ཉིད་
1604	verse-stanza	28		བལྟ་བྱ་ལྟ་བ་ལྟ་བ་པོ། །↵གསུམ་པོ་དེ་དག་གཉིས་གཉིས་དང་། །↵ཐམས་ཅད་ཀྱང་ནི་ཕན་ཚུན་དུ། །
1605	line-end	84		བལྟ་བར་བྱ་བ་དང་། ལྟ་བ་དང་། ལྟ་བ་པོ་གསུམ་པོ་དེ་དག་ནི་གཉིས་གཉིས་དང་། ཐམས་ཅད་ཀྱང་ཕན
1606	verse-stanza	21		དེ་བཞིན་འདོད་ཆགས་ཆགས་པ་དང་། །↵ཆགས་པར་འགྱུར༌[^941]དང་ཉོན་མོངས་པ། །↵ལྷག་མ་རྣམས་དང་
1607	terminal-particle	116		ལྷག་མའང་རྣམ་པ་གསུམ་གྱིས་ལྟ།[^942] །ཇི་ལྟར་བལྟ་བར་བྱ་བ་དང་། ལྟ་བ་དང་། ལྟ་བ་པོ་དག་
1608	line-end	50		དེ་བཞིན་དུ་ཉོན་མོངས་པ་ལྷག་མ་ཞེ་སྡང་ལ་སོགས་པ་རྣམས་དང་། སྐྱེ་མཆེད་ཀྱི་ལྷག་མ་སྒྲ་དང
1609	line-end	37		སྨྲས་པ། ཅིའི་ཕྱིར་བལྟ་བར་བྱ་བ་ལ་སོགས་པ་དེ་དག་ཕན་ཚུན་ལྷན་ཅིག་ཕྲད་པར་མི་འགྱུར། བཤད
1610	verse-stanza	14		གཞན་དེ་ཡོད་པ་མ་ཡིན་པ། །↵དེ་ཕྱིར་ཕྲད་པར་མི་འགྱུར་རོ། །
1611	line-end	69		འདི་ལ་གལ་ཏེ་ཕྲད་པ་ཞེས་བྱ་བ་འགའ་ཞིག་ཡོད་པར་གྱུར་ན་དེ་ངེས་པར་གཞན་དང་གཞན་ལྷན་ཅིག་ལས
1612	verse-stanza	28		བལྟ་བྱ་ལ་སོགས་འབའ་ཞིག་ལ། །↵གཞན་ཉིད་མེད་པར་མ་ཟད་ཀྱི། །↵གང་ཡང་གང་དང་ལྷན་ཅིག་ཏུ། །↵
1613	terminal-particle	42		བལྟ་བར་བྱ་བ་ལ་སོགས་པ་དེ་དག་འབའ་ཞིག་ལ་ཕན་ཚུན་གཞན་ཉིད་མི་འཐད་པར་མ་ཟད་ཀྱི། འདི་ལྟར་
1614	line-end	16		གཞན་ཉིད་མེད་ན་གང་ཡང་གང་དང་ཡང་ལྷན་ཅིག་ཕྲད་པར་མི་འཐད་དོ། །
1615	line-end	99		སྨྲས་པ། དངོས་པོ་རྣམས་ཀྱི་གཞན་ཉིད་མངོན་སུམ་དུ་དམིགས་བཞིན་དུ་མེད་དོ་ཞེས་སུ་ཞིག་སྨྲ
1616	verse-stanza	14		གཞན་ནི་གཞན་ལ༌[^953]བརྟེན་ཏེ་གཞན། །↵གཞན་མེད་གཞན་ལས་གཞན་མི་འགྱུར། །
1617	line-end	37		གཞན་ཞེས་བྱ་བ་གང་ཡིན་པ་དེ་ནི་དེ་ལས་གཞན་པ་འགའ་ཞིག་ལ་བརྟེན་ཏེ་གཞན་དུ་འགྱུར་བ་མ་ཡིན་
1618	terminal-particle	53		གཞན་གང་ཡིན་པ་ནི་གཞན་ལ་ལྟོས་ནས་གཞན་ཞེས་བྱ་བའི་རང་ལས་གཞན་དུ་མི་འགྱུར་བས་དེ་མངོན་སུ
1619	line-end	18		བཤད་པ། མི་མཁས་པ་ལ་ནི་དེ་ལྟར་འགྱུར་གྱི་མཁས་པ་ལ་ནི་མི་འགྱུར་ཏེ།
1620	verse-stanza	14		གང་ལ༌[^954]བརྟེན་ཏེ་གང་ཡིན་པ། །↵དེ་ནི་དེ་ལས་གཞན་མི་འཐད། །
1621	line-end	29		འདི་ལྟར་གང་ལས༌[^955]བརྟེན་ཏེ་གང་འབྱུང་བ་དེ་དེ་ལས་གཞན་ནོ་ཞེས་དེ་སྐད་སྨྲ་བར་མི་རིག
1622	verse-stanza	14		གལ་ཏེ་གཞན་ནི་གཞན་ལས་གཞན། །↵གཞན་མེད་པར་ཡང་རུང་བར་འགྱུར། །
1623	line-end	77		གལ་ཏེ་གང་ལ་བརྟེན་ནས་གཞན་དུ་འགྱུར་བ་དེ་དེ་ལས༌[^956]གཞན་ཡིན་པར་གྱུར་ན་ནི། དེ་མེད་པ
1624	terminal-particle	18		སྨྲས་པ། དེ་ལས་གཞན་དུ་མ་གྱུར་དུ་ཟིན་གྱིས་ཀྱང་རེ་ཞིག་གཞན་ནི་ཡོད་དོ། །
1625	line-end	205		བཤད་པ། ཅི་ཁྱོད་སྐྲོད་པར་བྱེད་པ་ཉིད་ཀྱི་རྗེས་སུ་འགྲོའམ། ཁྱོད་གཞན་ཉིད་ཟློག་པར་བྱེད
1626	line-end	13		གང་གི་ཕྱིར་ཡང་དག་པ་ཇི་ལྟ་བ་བཞིན་དུ་བརྟགས་ན།
1627	verse-stanza	14		གཞན་ཉིད་གཞན་ལ་ཡོད་མ་ཡིན། །↵གཞན་མ་ཡིན་ལའང་ཡོད་པ་མིན། །
1628	terminal-particle	48		གང་གི་ཕྱིར་རེ་ལྡེ་ལ་ལྟོས་ཏེ་བུམ་པ་གཞན་ཞེས་བྱ་བ་ནི་རེ་ལྡེ་ལ་ལྟོས་པའི་ཕྱིར་དང་། རེ
1629	terminal-particle	46		གང་གི༌[^962]ཕྱིར་རེ་ལྡེ་ལ་མི་ལྟོས་པ་བུམ་པ་གཞན་མ་ཡིན་པ་ཞེས་བྱ་བ་འབའ་ཞིག་ལ་ཡང་། གཞ
1630	line-end	39		དེའི་ཕྱིར་བཅོམ་ལྡན་འདས་ཀྱིས་ཀྱང་ཆུ་ཤིང་གི་ཕུང་པོ་བསྟན་ཏེ། ཆུ་ཤིང་གི་ཕུང་པོ་ནི་ཁོ
1631	terminal-particle	41		སྨྲས་པ། གལ་ཏེ་དེ་ལྟར༌[^964]བུམ་པ་གཞན་མ་ཡིན་ན། དེ་ལྟ་ན་བུམ་པ་དེ་ཉིད་གཞན་མ་ཡིན་པར་
1632	terminal-particle	11		བཤད་པ། གཉེན་པོ་ལས་ཀྱང་གཞན་ཉིད་མི་འཐད་དོ། །
1633	terminal-particle	34		ཅིའི་ཕྱིར་ཞེ་ན། གཞན་མ་ཡིན་པ་མི་འཐད་པའི་ཕྱིར་ཏེ། འདི་ལྟར་གཞན་ལ་ལྟོས་ནས་གཞན་མ་ཡིན་
1634	terminal-particle	87		གཞན་ཉིད་ཡོད་པ་མ་ཡིན་ནོ།[^966] །གཞན་ནམ་དེ་ཉིད་ཡོད་མ་ཡིན། །ད་གཞན་ཉིད་དེ་ཡོད་པ་མ་ཡི
1635	line-end	34		བཤད་པ། གལ་ཏེ་གཞན་ཉིད་དང་ལྡན་པས་གཞན་དུ་འགྱུར་ན་རང་ལས་རབ་ཏུ་མ་གྲུབ་པའི་ཕྱིར། གཞན་ལ
1636	terminal-particle	59		སྨྲས་པ། གཞན་ཉིད་ནི་གཞན་ལ་ངེས་པར་གནས་པ་ཁོ་ན་ཡིན་པས་དེ་ལ་ཡང་ལྟོས་ཅི་དགོས་བཤད་པ། གཞ
1637	terminal-particle	46		ཅིའི་ཕྱིར་ཞེ་ན། གང་གི་ཕྱིར། གཞན་མ་ཡིན་ལའང་ཡོད་པ་མིན། །འདི་ལ་བུམ་པ་ནི་རང་གི་བདག་ཉ
1638	line-end	56		[^970]གལ་ཏེ་གཞན་ཉིད་དེ་གཞན་ལ་ངེས་པར་གནས་པ་ཉིད་དུ་གྱུར་ན་ནི་བུམ་པ་རང་གི་བདག་ཉིད་ལ
1639	terminal-particle	25		དེ་ལྟར་ན་གང་གི་ཕྱིར་བུམ་པ་གཞན་མ་ཡིན་པ་ལ་མེད་པ་དེའི་ཕྱིར་གཞན་ལ་ཡང་ཡོད་པ་མ་ཡིན་ནོ།
1640	terminal-particle	16		གལ་ཏེ་ཡོད་པར་གྱུར་ན་ནི་གནས་སྐབས་ཐམས་ཅད་ན་ཡོད་པར་འགྱུར་རོ། །
1641	terminal-particle	52		ཅི་སྟེ་གང་གི་ཕྱིར་བུམ༌[^971]པ་སྣམ་བུ་ལ་ལྟོས་ན༌[^972]གཞན་ཡིན་པ་དེའི་ཚེ་བུམ་པ་དེ་ལ
1642	line-end	31		གཞན་ཉིད་ལ་བཞག་པ་དང་། བཙལ་བར༌[^976]ཡོད་པ༌[^977]ཡང་དམ་བཅས་པར་ཡང་འགྱུར་བས་དེ་ཡང་མི་
1643	terminal-particle	66		ཡང་གཞན་ཡང་། དངོས་པོ་གཉིས་ཡོད་ན་ཕྲད་པར་འགྱུར་གྱི་མེད་པ་ནི་མི་འགྱུར་བས་དེ་ལ་གལ་ཏེ་
1644	line-end	54		ཅི་སྟེ་བུམ་པ་ངོ་བོ་ཉིད་ཀྱིས་གཞན་ཡིན་ན་ནི་གཞན་ལ་གཞན་ཉིད་དང་ལྡན་པ་བཙལ་ཅི་དགོས། དེ་
1645	terminal-particle	31		སྨྲས་པ། གཞན་ཉིད་གཞན་ལ་ངེས་པར་གནས་ཀྱང་རུང་མི་གནས་ཀྱང་རུང་སྟེ། དོན་གང་ལ་གཞན་ཉིད་དུ
1646	line-end	20		བཤད་པ། ཅི་ཁྱོད་འཇིག་རྟེན་རྒྱུག་པར་རྩོམ་མམ། ཁྱོད་གཞན་ཉིད་མེད་པས་གཞན་བསྒྲུབ་པར༌[^9
1647	verse-stanza	14		གཞན་ཉིད་ཡོད་པ་མ་ཡིན་ནོ། །↵གཞན་ནམ་དེ་ཉིད་ཡོད་མ་ཡིན། །
1648	terminal-particle	52		གཞན་གྱི་དངོས་པོ་གཞན་ཉིད་ཡོད་པ་མ་ཡིན་ན་གཞན་ནམ་དེ་ཉིད་མེད་དོ་ཞེས་བསྟན་པ་ཁོ་ན་མ་ཡིན
1649	terminal-particle	20		ཅི་སྟེ་དེ་མི་འདོད་ན། འོ་ན་ནི་གཞན་གྱི་དངོས་པོ་མེད་པར་གཞན་དུ་མི་འགྱུར་རོ། །
1650	line-end	19		དེའི་ཕྱིར་དེ་ལྟར་བརྟགས་ན་དངོས་པོ་ཐམས་ཅད་ལ་གཞན་ཉིད་ཇི་ལྟར་ཡང་མི་འཐད་དོ། །
1651	terminal-particle	84		གཞན་ཉིད་མེད་ན་བལྟ་བར་བྱ་བ་ལ་སོགས་པ་དང་། འདོད་ཆགས་ལ་སོགས་པ་དག་ཇི་ལྟར་ཕན་ཚུན་ལྷན་ཅ
1652	line-end	7		ཅིའི་ཕྱིར་ཞེ་ན། གང་གི་ཕྱིར།
1653	verse-stanza	14		དེ་ནི་དེ་དང་ཕྲད་པ་མེད། །↵གཞན་དང་གཞན་ཡང་ཕྲད་མི་འགྱུར། །
1654	terminal-particle	35		དེ་ལ་རེ་ཞིག་དེ་ཉིད་ནི་དེ་དང་ཕྲད་པར་མི་འཐད་དེ། ཅིའི་ཕྱིར་ཞེ་ན། དེ་ཙམ་དུ་ཟད་པའི་ཕྱ
1655	line-end	34		ཅི་སྟེ་དེ་ལྟ་ན་ཡང་འགྱུར་ན་ནི་ཅི་ཡང་མི་ཕྲད་པར༌[^985]མི་འགྱུར་བས་དེ་ཡང་མི་འདོད་དེ།
1656	terminal-particle	26		དེ་ནི༌[^986]གང་ལ་འདི་ནི་གཞན་ནོ་འདི་ཡང་གཞན་ནོ་ཞེས་བྱ་བ་དེ༌[^987]ཡོད་པ་དེ་ལ་ཡང་ཕྲད
1657	terminal-particle	12		ཅིའི་ཕྱིར་ཞེ་ན། གཞན་ཉིད་ཡིན་པ་ཁོ་ནའི་ཕྱིར་རོ། །
1658	terminal-particle	39		ཅི་སྟེ་གཞན་ཉིད་ཡིན༌[^988]ཡང་ཕྲད་ན་ནི་དེ་ལྟ་ན་ཅི་ཡང་མི་ཕྲད་པར་མི་འགྱུར་བས་དེ་ཡང་མ
1659	terminal-particle	37		སྨྲས་པ། གཞན་དུ་གྱུར་པ་གཉིས་གཅིག་ཏུ་འགྱུར་བ་གང་ཡིན་པ་དེ་ནི། དཔེར་ན་འོ་མ་དང་ཆུ་གཉི
1660	terminal-particle	31		བཤད་པ། དེ་ལ་ཡང་དེ་ཉིད་གནས་བཞིན་ཏེ། །གང་གི་ཚེ་རེ་ཞིག་འོ་མ་དང་ཆུ་ཐ་དད་པར་གྱུར་ན༌[^
1661	terminal-particle	13		[^992]ཅིའི་ཕྱིར་ཞེ་ན། ཐ་དད་པར་གྱུར་པ་ཉིད་ཀྱི་ཕྱིར་རོ། །
1662	line-end	26		གང་གི་ཚེ་གཅིག་ཉིད་དུ་གྱུར་པ་དེའི་ཚེ་ན་ཡང་། ཕྲད་པ་མེད་དེ། ཅིའི་ཕྱིར་ཞེ་ན། གཅིག་པ་
1663	terminal-particle	15		སྨྲས་པ། གང་གི་ཚེ་གཅིག༌[^993]ཉིད་དུ་གྱུར་པ་ཉིད་ཕྲད་པ་ཡིན་ནོ། །
1664	terminal-particle	37		བཤད་པ། གལ་ཏེ་གཅིག་པ་ཉིད་ཡིན་ཡང་ཕྲད་པར་འགྱུར་ན་ནི་ཅི་ཡང་མི་ཕྲད་པར་མི་འགྱུར་རོ་ཞེས
1665	terminal-particle	15		སྨྲས་པ། གཞན་དུ་གྱུར་པ་དག་ཕྲད་བཞིན་པ་ནི༌[^994]ཕྲད་པ་ཡིན་ནོ། །
1666	terminal-particle	33		བཤད་པ། དེ་ལ་ཡང་དེ་ཉིད་གནས་བཞིན་ཏེ། གལ་ཏེ་ཕྲད་བཞིན་པ་ཞེས་བྱ་བའི་དངོས་པོ་དག་གཅིག་ཡ
1667	terminal-particle	14		འདི་ཡང་གཞན་ནོ་ཞེས་གཞན་ཡིན་པའི་ཕྱིར་ཕྲད་པར་མི་འཐད་དོ། །
1668	terminal-particle	28		ཅི་སྟེ་ཕྲད་བཞིན་པ་ཞེས་བྱ་བ་དེ་གཅིག་པ་ཉིད་དུ་བརྗོད་པ་ཡིན་ན་ནི་ཕྲད་བཞིན་པ་ཞེས་བྱ་བ
1669	line-end	9		གཅིག་པ་ཉིད་ནི༌[^995]ཇི་ལྟར་ཕྲད་པར་འགྱུར།
1670	terminal-particle	21		སྨྲས་པ། ཕྱེད་ཕྲད་པའི་དངོས་པོ་དག་ཕྲད་བཞིན་པ་ཞེས་བྱ་བ་དེ་དག་ལ་ཕྲད་པ་ཡོད་དོ། །
1671	terminal-particle	9		བཤད་པ། དེ་ལ་ཡང་དེ་ཉིད་ཡོད་དོ། །
1672	terminal-particle	37		གལ་ཏེ་རེ་ཞིག་དེ་དག་ཕྱེད་ཕྲད་པ་ན་ཕྱོགས་གཅིག་ཕྲད་པས་བདག་ཉིད་ཐམས་ཅད་ཕྲད་དོ་ཞེས་བྱ་བ
1673	line-end	91		ཅི་སྟེ་ཕྱོགས་གཅིག་ཕྲད་ཀྱང་བདག་ཉིད་ཐ་དད་པ་ཉིད་དུ་འགྱུར་ན་ནི་ཐ་དད་པའི་ཕྱིར་ཕྲད་པར་
1674	terminal-particle	20		སྨྲས་པ། ཕྲད་བཞིན་པ་མེད་ཀྱང་སླ་སྟེ། རེ་ཞིག་ཕྲད་པ་གང་ཡིན་པ་དེ་ནི་ཡོད་དོ། །
1675	terminal-particle	95		ཕྲད་པ་ཡོད་ན་ཕྲད་པ་ཡོད་པས་ཕྲད་པ་ཡང་རབ་ཏུ་གྲུབ་པོ། །བཤད་པ། ཀྱེ་མ་རེ་བ་ཀོ་རེ་ཆེ། །ག
1676	line-end	38		སྨྲས་པ། ཕྲད་པ་མེད་ཀྱང་སླ་སྟེ་རེ་ཞིག་གཅིག་པ་ཉིད་ཀྱི་སྔ་རོལ་ན་གཞན་དུ་འགྱུར་བའི་དངོ
1677	terminal-particle	54		བཤད་པ། ཅི་ཁྱོད་མ་ནིང་ལ་ཕྲག་དོག་ཟའམ། ཁྱོད་ཕྲད་པ་མེད་པར་ཕྲད་པ་པོ་ཡོད་པ་ཉིད་དུ་འདོད
1678	line-end	37		དེ་མེད་ན་ཕྲད་པར་བྱེད་པ་མེད་པ༌[^999]ཕྲད་པ་པོ་ཡོད་པར་ཇི་ལྟར་འགྱུར། དེའི་ཕྱིར་དེ་ལྟ
1679	verse-stanza	14		ཕྲད་བཞིན་པ་དང་ཕྲད་པ་དང་། །↵ཕྲད་པ་པོ་ཡང་ཡོད་མ་ཡིན། །
1680	line-end	40		དེ་དག་མེད་ན་ཁྱོད་ཀྱི་ཕྲད་པ་བསྟན་པའི་གཏན་ཚིགས་ལས་བྱུང་བའི་དངོས་པོའི་ངོ་བོ་ཉིད་འགྲ
1681	line-end	138		སྨྲས་པ། ཁྱོད་དངོས་པོ་ཡོད་པ་མི་དམིགས་པའི་ཕྱིར་དངོས་པོ་འདི་དག་ངོ་བོ་ཉིད་མེད་པ་ཡིན་
1682	line-end	59		བཤད་པ། ཅི་ཁྱོད་རྟ་ལ་ཞོན་བཞིན་ཉིད༌[^1005]དུ་རྟ་མ་མཐོང་ངམ། ཁྱོད་དངོས་པོ་རྣམས་རྟེན་
1683	verse-stanza	14		ངོ་བོ་ཉིད་ནི་རྒྱུ་རྐྱེན་ལས། །↵འབྱུང་བར་རིགས་པ་མ་ཡིན་ནོ། །
1684	line-end	85		འདི་ལ་བདག་གི་དངོས་པོ་ནི་ངོ་བོ་ཉིད་ཅེས་བྱ་བ༌[^1006]སྟེ། བདག་གི་དངོས་པོ་ཡོད་པ་ནི་ཡ
1685	terminal-particle	12		སྨྲས་པ། ངོ་བོ་ཉིད་ནི་བྱས་པ་ཁོ་ན་ཡིན་ནོ། །
1686	terminal-particle	19		ཅིའི་ཕྱིར་ཞེ་ན། འདི་ལྟར་སྣམ་བུའི་དངོས་པོ་སྔོན་མ་བྱུང་བ་ཕྱིས༌[^1008]བྱེད་པའི་ཕྱིར
1687	line-end	2		བཤད་པ།
1688	verse-stanza	14		ངོ་བོ་ཉིད་ནི་བྱས་པ་ཞེས། །↵ཇི་ལྟ་བུར་ན༌[^1009]རུང་བར་འགྱུར། །
1689	terminal-particle	68		ངོ་བོ་ཉིད་བྱས་པ་ཞེས་བྱ་བར་ཇི་ལྟར་རུང་བར་འགྱུར་ཏེ། སྨྲས་པ། [^1010]གང་གི་ཚེ་དོན་དེ
1690	line-end	12		ཞེས་སེམས་དང་བཅས་པ་སུ་ཞིག་དེ་ལྟར་འཛིན་པར་འགྱུར། །
1691	line-end	15		སྨྲས་པ། ཁྱོད་ངོ་བོ་ཉིད་རིགས་པ་གང་དང་ལྡན་པར་སེམས། བཤད་པ།
1692	verse-stanza	14		ངོ་བོ་ཉིད་ནི་བཅོས༌[^1011]མིན་དང་། །↵གཞན་ལ་ལྟོས་པ་མེད་པ་ཡིན། །
1693	terminal-particle	40		གང་བྱ་བས་བསྒྲུབ་པར་མི་འགྱུར་བ་དང་། རྒྱུ་དང་རྐྱེན་ལ་ཡང་ལྟོས་པར༌[^1012]མི་འགྱུར་བ༌
1694	terminal-particle	71		གང་བྱས་པས༌[^1016]བསྒྲུབ་པར་འགྱུར་བ་དང་རྒྱུ་དང་རྐྱེན་ལ་ཡང་ལྟོས་པར་འགྱུར་བ་དེ་ནི་ག
1695	line-end	18		གཞན་གྱི་དངོས་པོ་རབ་ཏུ་གྲུབ་ན། ངོ་བོ་ཉིད་ཀྱང་རབ་ཏུ་འགྲུབ་པར་འགྱུར་རོ། །
1696	terminal-particle	14		བཤད་པ། གཉེན་པོ་ལ་བརྟེན་ནས་ཀྱང་ངོ་བོ་ཉིད་མི་འཐད་དོ། །
1697	line-end	13		ཅིའི་ཕྱིར་ཞེ་ན། གཞན་གྱི་དངོས་པོ་མི་འཐད་པའི་ཕྱིར་ཏེ།
1698	verse-stanza	14		ངོ་བོ་ཉིད་ནི་ཡོད་མིན་ན། །↵གཞན་གྱི་དངོས་པོ་ག་ལ་ཡོད། །
1699	line-end	92		གལ་ཏེ་ངོ་བོ་ཉིད་རབ་ཏུ་གྲུབ་པར་གྱུར་ན་ནི་དེས་ན་དེའི་གཉེན་པོ་གཞན་གྱི་དངོས་པོ་ཡང་ཡོ
1700	verse-stanza	14		གཞན་གྱི་དངོས་པོའི་ངོ་བོ་ཉིད། །↵གཞན་གྱི་དངོས་པོ་ཡིན་ཞེས་བརྗོད། །
1701	terminal-particle	66		འདི་ལྟར་གཞན་གྱི་དངོས་པོའི་ངོ་བོ་ཉིད་གང་ཡིན་པ་དེ་གཞན་གྱི་དངོས་པོ་ཞེས་བརྗོད་པ་ཡིན་
1702	terminal-particle	15		དེ་ལྟ་ན་གཉེན་པོ་ཉིད་མེད་དེ། གཅིག་པ་ཉིད་ཡིན་པའི་ཕྱིར་རོ། །
1703	terminal-particle	23		གཉེན་པོ་མེད་ན་ཇི་ལྟར་གཉེན་པོ་ལ་བརྟེན་ནས་འགྲུབ་པར་འགྱུར། སྨྲས་པ། དངོས་པོའི་ངོ་བོ་
1704	terminal-particle	2		མེད་དོ། །
1705	line-end	16		ཞེས་བྱ་བ་འདིས། ཁོ་བོ་ལ་ཅི་བྱར༌[^1020]ཡོད་རེ་ཞིག་དངོས་པོ༌[^1021]ཡོད་དོ། །
1706	line-end	2		བཤད་པ།
1707	verse-stanza	28		ངོ་བོ་ཉིད་དང་གཞན་དངོས་དག །↵མ་གཏོགས་དངོས་པོ་ག་ལ་ཡོད། །↵ངོ་བོ་ཉིད་དང་གཞན་དངོས་དག །
1708	line-end	96		གལ་ཏེ་དངོས་པོ་འགའ་ཞིག་ཡོད་པར་འགྱུར༌[^1023]ན། ངོ་བོ་ཉིད་དང༌[^1024]གཞན་གྱི་དངོས་པོ
1709	terminal-particle	54		སྨྲས་པ། དེ་ལྟ་ན་དངོས་པོ་རྣམས་ཀྱི་དངོས་པོ་མེད་པ་ཡོད་དེ། དངོས་པོ་མེད་པ་ཡང་མ་ལྟོས་པ
1710	line-end	15		ཅིའི་ཕྱིར་ཞེ་ན། དངོས་པོ་མེད་པ་རབ་ཏུ་མ་གྲུབ་པའི་ཕྱིར་ཏེ།
1711	verse-stanza	14		ངོ་བོ་ཉིད་དང་གཞན་དངོས་དག །↵མ་གཏོགས་དངོས་པོ་ག་ལ་ཡོད། །
1712	terminal-particle	4		ཅེས་སྨྲས་ཟིན་ཏོ། །
1713	line-end	2		དེའི་ཕྱིར།
1714	verse-stanza	14		གལ་ཏེ་དངོས་པོ་མ་གྲུབ་ན། །↵དངོས་མེད་འགྲུབ་པར་མི་འགྱུར་རོ། །
1715	line-end	34		གལ་ཏེ་དངོས་པོ་ཉིད་འགའ་ཡང་རབ་ཏུ་མ་གྲུབ་ན་དངོས་པོ་མེད་པ་འགྲུབ་པར་མི་འགྱུར་བ་ཉིད་དོ
1716	verse-stanza	14		དངོས་པོ་གཞན་དུ་འགྱུར་བ་ནི། །↵དངོས་མེད་ཡིན་པར་སྐྱེ་བོ་སྨྲ། །
1717	terminal-particle	18		འདི་ལྟར་དངོས་པོ་གཞན་དུ་འགྱུར་བ་གང་ཡིན་པ་དེ་དངོས་པོ་མེད་པ་ཡིན་ནོ། །
1718	line-end	42		ཞེས་སྐྱེ་བོ་དག་སྨྲ་ན། དངོས་པོ་དེ་ཡང་མེད་དེ། དེ་མེད་ན་དངོས་པོ་མེད་པ་དེ་གང་གི་ཡིན་
1719	terminal-particle	13		སྨྲས་པ། འདི་ལ་དེ་ཁོ་ན་མཐོང་བས་ཐར་པར་འགྱུར་རོ། །
1720	terminal-particle	29		ཞེས་བྱ་ཞིང་། དེ་ཁོ་ན༌[^1028]ཞེས་བྱ་བ་ཡང་དེའི་དངོས་པོ་ནི་དེ་ཁོ་ན་སྟེ།[^1029] དངོས
1721	terminal-particle	68		དེ་ལ་གལ་ཏེ་དངོས་པོའི་ངོ་བོ་ཉིད་མེད་པ་ཉིད་ཡིན་ན་དེ་ལྟ་ན་ཁྱོད་ལ་དེ་ཁོ་ན་མཐོང་བ་མི་
1722	line-end	7		བཤད་པ། ལོག་པར་མ་འཛིན་ཅིག །
1723	verse-stanza	28		གང་དག་དངོས་ཉིད་གཞན་དངོས་དང་། །↵དངོས་དང་དངོས་མེད་ཉིད་ལྟ་བ། །↵དེ་དག་སངས་རྒྱས་བསྟན་
1724	terminal-particle	44		གང་དག་དེ་ལྟར་ངོ་བོ་ཉིད་དང་གཞན་གྱི་དངོས་པོ་དང་དངོས་པོ་མེད་པ་ཉིད་ལྟ་བ་དེ་དག་ནི་འདི
1725	line-end	63		ཁོ་བོ་ཅག་ནི་རྟེན་ཅིང་འབྲེལ་པར་འབྱུང་བའི་ཉི་མ་ཤར་བས་སྣང་བར་གྱུར་པའི༌[^1032]དངོས་པ
1726	line-end	9		གལ་ཏེ་དེ་ཅིའི་ཕྱིར་ཞེ་ན། འདི་ལྟར།
1727	verse-stanza	28		བཅོམ་ལྡན་དངོས་དང་དངོས་མེད་པ། །↵སྟོན་པས་ཀ་ཏ༌[^1033]ཡ་ན་ཡི། །↵གདམས་ངག་ལས་ནི་ཡོད་པ་
1728	terminal-particle	94		གང་གི་ཕྱིར་བཅོམ་ལྡན་འདས་དོན་དམ་པའི་དེ་ཁོ་ན་ལ་མཁས་པ་དངོས་པོ་དང་དངོས་པོ་མེད་པར༌[^1
1729	terminal-particle	28		ཁོ་བོ་ཅག་ཡོད་པ་ཉིད༌[^1036]མེད་པ་ཉིད་ལ་མངོན་པར་ཞེན་པ་མེད་པར་ཐ་སྙད་བྱེད་པ་དག་ལ་ནི་
1730	line-end	39		གལ་ཏེ་དངོས་པོ་དང་དངོས་པོ་མེད་པར་མཐོང་བ་དེ་ཁོ་ན་མཐོང་བ་ཡིན་ན་ནི་དེ་ཁོ་ན་ལ༌[^1038]
1731	line-end	35		དེ་ལྟ་བས་ན་དངོས་པོ་རྣམས་ཀྱི་ངོ་བོ་ཉིད་མེད་པ་ཉིད་ནི་དེ་ཁོ་ན་ཡིན་ལ་དེ་མཐོང་བ་ཁོ་ནས
1732	verse-stanza	28		སྲིད་པའི་ས་བོན་རྣམ་ཤེས་ཏེ། །↵ཡུལ་རྣམས་དེ་ཡི་སྤྱོད་ཡུལ་ལོ། །↵ཡུལ་ལ་བདག་མེད་མཐོང་ན
1733	quote-close	3		ཞེས་གསུངས་སོ། །
1734	terminal-particle	11		དེ་ནི་དེ་ལྟར་ངེས་པ་ཁོ་ནར་ཤེས་པར་བྱའོ། །
1735	line-end	3		གཞན་དུ་ན།
1736	verse-stanza	14		[^1040]གལ་ཏེ་རང་བཞིན་ཡོད་ཉིད་ན། །↵དེ་ནི་མེད་ཉིད་མི་འགྱུར་རོ། །
1737	terminal-particle	33		གལ་ཏེ་དངོས་པོ་རྣམས་རང་བཞིན་གྱིས་ཡོད་པ་ཉིད་ཡིན་པར་གྱུར་ན་ཡོད་པ་ཉིད་རང་བཞིན་གྱིས་ཡ
1738	line-end	6		ཅིའི་ཕྱིར་ཞེ་ན། འདི་ལྟར།
1739	verse-stanza	14		རང་བཞིན་གཞན་དུ་འགྱུར་བ་ནི། །↵ནམ་ཡང་འཐད་པར་མི་འགྱུར་རོ། །
1740	terminal-particle	50		འདི་ལྟར་འགྱུར་བའི་གཉེན་པོ་ནི་རང་བཞིན་ཡིན་པས་དེའི་ཕྱིར་རང་བཞིན་ནི་མི་འགྱུར༌[^1041
1741	line-end	43		འདིར་སྨྲས་པ། གལ་ཏེ་དངོས་པོ་མེད་པར་མཐོང་བ་ལས་དངོས་པོ་རྣམས་ཀྱི་ངོ་བོ་ཉིད་ཡོད་པ་མ་ཡ
1742	line-end	2		བཤད་པ།
1743	verse-stanza	14		རང་བཞིན་ཡོད་པ་མ་ཡིན་ན། །↵གཞན་དུ་འགྱུར་བ་གང་གི་ཡིན། །
1744	line-end	95		གང་གི་ཚེ་དངོས་པོ་རྣམས་ལ་ཡོད་པ་ཉིད་རང་བཞིན་གྱིས་མེད་དོ་ཞེས་སྨྲས་པ་དེའི་ཚེ། དངོས་པ
1745	line-end	2		བཤད་པ།
1746	verse-stanza	14		རང་བཞིན་ཡོད་པ་ཡིན་ན་ཡང་། །↵གཞན་དུ་འགྱུར་བ༌[^1043]ཇི་ལྟར་རུང་། །
1747	terminal-particle	16		སྔར་ཡང་རང་བཞིན་གཞན་དུ་འགྱུར་བ་ནི། ནམ་ཡང་འཐད་པར་མི་འགྱུར་རོ། །
1748	terminal-particle	42		འདི་ལྟར་འགྱུར་བའི་གཉེན་པོ་ནི་རང་བཞིན་ཡིན་པས་དེའི་ཕྱིར་རང་བཞིན་ནི་མི་འགྱུར་བར་རྟག
1749	line-end	22		དངོས་པོ་རྣམས་ལ་ཡོད་པ་དང་མེད་པ་ཉིད་དུ་ལྟ་བ་ལ་སྐྱོན་གཞན་འདིར་ཡང་ཐལ་བར་འགྱུར་ཏེ།
1750	verse-stanza	27		ཡོད་ཅེས་བྱ་བ་རྟག་པར་འཛིན། །↵མེད་ཅེས་བྱ་བ་ཆད་པར་ལྟ། །↵དེ་ཕྱིར་ཡོད་དང་མེད་པ་ལ། །↵མ
1751	terminal-particle	54		དངོས་པོ་ཡོད་དོ་ཞེས་དངོས་པོར་ལྟ་བ་དེ་ལ་ནི་རྟག་པར་འཛིན་པར་ཐལ་བར་འགྱུར་ལ། དངོས་པོ་མ
1752	line-end	64		དེའི་ཕྱིར་ཡོད་པ་དང་མེད་པ་ཉིད་དུ་ལྟ་ན་རྟག་པ་དང་ཆད་པར་ལྟ་བར་ཐལ་བར་འགྱུར་བས། དེ་ཡང་
1753	line-end	28		སྨྲས་པ། ཡོད་པ་ཉིད་དང་མེད་པ་ཉིད་དུ་ལྟ་ན་ཇི་ལྟར་རྟག་པ་དང་ཆད་པར་ལྟ་བའི་སྐྱོན་དུ་ཐལ་
1754	verse-stanza	28		གང་ཞིག་ངོ་བོ་ཉིད་ཡོད་པ། །↵དེ་ནི་མེད་པ་མིན་པས༌[^1046]རྟག །↵སྔོན་བྱུང་ད་ལྟར་མེད་ཅེ
1755	terminal-particle	41		འདི་ལྟར་གང་ཞིག་ངོ་བོ་ཉིད་ཀྱིས་ཡོད་པ་དེ་ནི་ཕྱིས་མེད་པ་ཉིད་དུ་མི་འཐད་དེ། རང་བཞིན་ན
1756	terminal-particle	30		དངོས་པོ་དེ་སྔོན་དུ༌[^1047]བྱུང་བ་ལ༌[^1048]ད་ལྟར་མེད་དོ་ཞེས་དངོས་པོ་ཡོད་པ་ལ་འཇིག་
1757	terminal-particle	59		དེ་ལྟར་གང་གི་ཕྱིར་དངོས་པོ་རྣམས་ལ་ཡོད་པ་ཉིད་དང་མེད་པ་ཉིད་དུ་ལྟ་བ་སྐྱོན་དུ་མར་འགྱུ
1758	line-end	20		དངོས་པོ་དང་དངོས་པོ་མེད་པ་བརྟག་པ་ཞེས་བྱ་བ་སྟེ་རབ་ཏུ་བྱེད་པ་བཅོ་ལྔ་པའོ།། །།
1759	line-end	91		དབུ་མ་རྩ་བའི་འགྲེལ་པ་བུད་དྷ་པཱ་ལི་ཏ། བམ་པོ་དྲུག་པ། འདིར་སྨྲས་པ། དངོས་པོ་དང་དངོས་
1760	terminal-particle	22		བཤད་པ། གང་ལ་དངོས་པོ་དང་དངོས་པོ་མེད་པར་མཐོང་བ་དེ་ལ་དེ་དག་ཐམས་ཅད་མི་འཐད་དོ། །
1761	terminal-particle	55		གལ་ཏེ་ཇི་ལྟར་ཞེ་ན། འདི་ལ་དངོས་པོར་སྨྲ་བ་དག་དངོས་པོ་དག་ཏུ་ཡོངས་སུ་རྟོག་པ་ན་འདུ་བྱ
1762	line-end	2		དེ་ལ།
1763	verse-stanza	28		གལ་ཏེ་འདུ་བྱེད་འཁོར་ཞེ་ན། །↵དེ་དག་རྟག་ན་མི་འཁོར་ཏེ། །↵མི་རྟག་ན་ཡང་འཁོར་མི་འགྱུར།
1764	line-end	25		དེ་ལ་གལ་ཏེ་རེ་ཞིག་འདུ་བྱེད་རྣམས་འཁོར་བར་ཡོངས་སུ་རྟོག་ན་དེ་མི་འཐད་དེ།[^1051] ཅིའི
1765	verse-stanza	14		དེ་དག་རྟག་ན་མི་འཁོར་ཏེ། །↵མི་རྟག་ན་ཡང་འཁོར་མི་འགྱུར། །
1766	line-end	23		རེ་ཞིག་འདུ་བྱེད་རྣམས་རྟག་ན་མི་འཁོར་ཏེ། ཅིའི་ཕྱིར་ཞེ་ན། རྟག་པ་དག་ནི་མི་འགྱུར་བའི་
1767	terminal-particle	55		འདི་ལ་གང་རྒྱུད་ཀྱི་རྒྱུན་གྱིས་དེ་དང་དེར་སྐྱེ་བ་དང་འགག་པ་དེ་ནི་འཁོར་བ་ཞེས་བྱ་བ༌[^
1768	terminal-particle	82		འདུ་བྱེད་རྣམས་མི་རྟག་པ༌[^1054]ན་ཡང་མི་འཁོར་ཏེ། འདི་ལྟར་འདི་ན་འདུ་བྱེད་གང་ཁོ་ན་དག
1769	terminal-particle	91		དེ་ལ་འདི་སྙམ་དུ་འདུ་བྱེད་རྣམས་ནི་མི་འཁོར་གྱི་སེམས་ཅན་ནི་འཁོར་བར་སེམས་ན། དེ་ལ་བཤད
1770	line-end	20		མི་རྟག་པ་ལ་ཡང་འཁོར་བ་མི་འཐད་དེ་བསྒྲིམ་མི་དགོས་པར་གཏན་དུ་འགགས་པའི་ཕྱིར་རོ། །
1771	terminal-particle	76		འདིར་སྨྲས་པ། རིམ་པ་དེ་ནི་སེམས་ཅན་འཁོར་བ་ལ་མཚུངས་པ༌[^1055]མ་ཡིན་ཏེ། འདི་ལྟར་སེམས་
1772	line-end	2		བཤད་པ།
1773	verse-stanza	28		གལ་ཏེ་གང་ཟག་འཁོར་ཞེ་ན། །↵ཕུང་པོ་སྐྱེ་མཆེད་ཁམས་རྣམས་ལ། །↵དེ་ནི་རྣམ་པ་ལྔས་བཙལ་ན། །
1774	terminal-particle	114		གལ་ཏེ་འདི་ལྟར་གང་ཟག་འཁོར་བར་སེམས་ན། དེ་ནི་ཆེས་ཤིན་ཏུ་མི་འཐད་དེ། ཅིའི་ཕྱིར་ཞེ་ན། 
1775	line-end	12		དེ་མེད་ན་གང་ཞིག་འཁོར་བར་འཁོར་བ་དེ་སྨྲོས་ཤིག །
1776	line-end	3		ཡང་གཞན་ཡང་།
1777	verse-stanza	28		ཉེ་བར་ལེན་ནས་ཉེར་ལེན་པར། །↵འཁོར་ན་སྲིད་པ་མེད་པར་འགྱུར། །↵སྲིད་མེད་ཉེ་བར་ལེན་མེད་
1778	terminal-particle	33		གལ་ཏེ་གང་ཟག་འཁོར་རོ་ཞེས་བརྟགས༌[^1062]ན། དེ་ལྟ་ན་དེ་ཉེ་བར་ལེན་པ་ནས། ཉེ་བར་ལེན་པ་ག
1779	terminal-particle	65		ཅིའི་ཕྱིར་ཞེ་ན། འདི་ལྟར་ཉེ་བར་ལེན་པའི་དབང་གིས་སྲིད་པར་གདགས་པ་ཡིན་ན། དེའི་ཉེ་བར་ལ
1780	line-end	52		གང་སྲིད་པ་མེད་པ་ཉེ་བར་ལེན་པ་མེད་པ་གསལ་བར་བྱེད་པ་མེད་པ་ཐ་སྙད་གདགས་པ་མེད་པ་དེ་གང་ཡ
1781	terminal-particle	43		སྨྲས་པ། དེ་ནི་བར་མ་དོའི་སྲིད་པས་ཉེ་བར་ལེན་པ་དང་བཅས་པ་ཁོ་ན་ཡིན་པས། དེའི་ཕྱིར་ཉེ་བ
1782	terminal-particle	81		བཤད་པ། གང་ཉེ་བར་ལེན་པ་འདི་བོར་ནས་བར་མ་དོའི་སྲིད་པའི་ཉེ་བར་ལེན་པས༌[^1064]འཕོ་བ་དང
1783	line-end	2		ད་ནི།
1784	verse-stanza	14		འདུ་བྱེད་མྱ་ངན་འདའ་བར༌[^1065]ནི། །↵ཇི་ལྟ་བུར་ཡང་མི་འཐད་དོ། །
1785	terminal-particle	32		འདུ་བྱེད་རྣམས་མྱ་ངན་ལས་འདའ་བར་ནི་ཇི་ལྟ་བུར་ཡང་མི་འཐད་དེ། ཅིའི་ཕྱིར་ཞེ་ན། རྟག་པ་ད
1786	terminal-particle	53		དེ་ལ་རེ་ཞིག་གལ་ཏེ་འདུ་བྱེད་རྣམས་རྟག་པར་ཡོངས་སུ་བརྟགས༌[^1066]ན་འདུ་བྱེད་རྣམས༌[^10
1787	line-end	53		ཅི་སྟེ་འདུ་བྱེད་རྣམས་མི་རྟག་ན་ནི་དེ་ལྟ་ན་ཡང་འཇིག་པའི་ཆོས་ཅན་ཡིན་པའི་ཕྱིར་འགགས་ཤི
1788	terminal-particle	68		དེ་ལ་འདི་སྙམ་དུ་སེམས་ཅན་མྱ་ངན་ལས་འདའོ་སྙམ་ན། དེ་ལ་བཤད་པར་བྱ་སྟེ། སེམས་ཅན་མྱ་ངན་ལ
1789	terminal-particle	40		དེ་ལ་རེ་ཞིག་གལ་ཏེ་སེམས་ཅན་རྟག་པར་འགྱུར༌[^1072]ན། རྟག་པར་མི་འགྱུར་བ་རྣམས་ལ་མྱ་ངན་
1790	line-end	122		ཅི་སྟེ་སེམས་ཅན་མི་རྟག་པར་འགྱུར༌[^1073]ན། དེ་ལྟ་ན་ཡང་མི་རྟག་པ་བསྒྲིམ༌[^1074]མི་དག
1791	line-end	107		སེམས་ཅན་ཉེ་བར་ལེན་པ་མེད་པ་མྱ་ངན་ལས་འདའ་བར་བྱ་བ་ཡིན་ན་ཉེ་བར་ལེན་པ་མེད་པ་འབའ་ཞིག་པ
1792	terminal-particle	55		སྨྲས་པ། ཉེ་བར་ལེན་པ༌[^1078]མེད་པ་གང་ཡིན་པ་དེ་ཡོད་པ་ཉིད་དང་མེད་པ་ཉིད་དུ་བརྗོད་པར་
1793	terminal-particle	66		བཤད་པ། གང་ཉེ་བར་ལེན་པ་མེད་པ་གསལ་བར་བྱེད་པ་མེད་པ་དེ་ལ་ཡོད་པ་ཉིད་དུ་གང་གིས་ཤེས་པར་
1794	terminal-particle	26		དེ་ལ་འདི་སྙམ་དུ་གང་གི་ཚེ་ཉེ་བར་ལེན་པ་མེད་པ་ནི་ཡོད་པ་ཉིད་དུ་བརྗོད་པར་བྱ་བ་མ་ཡིན་ན
1795	terminal-particle	153		ཞེས་པ་དེའི་ཚེ་གང་གིས་དེ་ཡོད་པར་ཤེས་པར་བྱ། ཞེས་རྒོལ་བ་དེ་ཇི་ལྟར་རུང་སྙམ་ན། བཤད་པ།
1796	line-end	13		ཞེས་བརྗོད་པར་བྱ་བའི་རིགས་ཏེ། སློབ་དཔོན་འཕགས་པ་ལྷས་ཀྱང་།
1797	verse-stanza	28		ཐར་ལ་གལ་ཏེ་བདག་ཡོད་རྟག །↵གལ་ཏེ་མེད་ན་མི་རྟག་འགྱུར། །↵སྐྱེས་བུ་བརྗོད་པར་བྱ་མིན་ཡང
1798	line-end	3		ཞེས་གསུངས་སོ། །
1799	terminal-particle	18		དེ་ལྟ་བས་ན་སེམས་ཅན་ཡང་ཇི་ལྟར་ཡང་མྱ་ངན་ལས་འདའ་བར་མི་འཐད་དོ། །
1800	terminal-particle	30		སྐྱེ་འཇིག་ཆོས་ཅན་འདུ་བྱེད་རྣམས། །མི་འཆིང་གྲོལ་བར་མི་འགྱུར་ཏེ། འདུ་བྱེད་རྣམས་ནི་འ
1801	line-end	48		ཅིའི་ཕྱིར་ཞེ་ན། འདི་ལྟར་འདུ་བྱེད་སྐྱེ་བ་དང་འཇིག་པའི་ཆོས་ཅན་སྐད་ཅིག་མ་རེ་རེ་ལ་སྐྱ
1802	terminal-particle	13		སྨྲས་པ། འདུ་བྱེད༌[^1079]རྒྱུན་ལ་འཆིང་བ་དང་ཐར་པ་ཡོད་དོ། །
1803	line-end	152		བཤད་པ། གལ་ཏེ་འདུ་བྱེད་ཀྱི་རྒྱུན་ཞེས་བྱ་བའི་དངོས་པོ་འགའ་ཞིག་ཡོད་པར་གྱུར་ན་ནི་ཁྱོད
1804	verse-stanza	14		སྔ་མ་བཞིན་དུ་སེམས་ཅན་ཡང་། །↵མི་འཆིང་གྲོལ་བར་མི་འགྱུར་རོ། །
1805	terminal-particle	12		སེམས་ཅན་ཡང་འཆིང་བར་མི་འགྱུར། ཐར་པར་མི་འགྱུར་རོ། །
1806	terminal-particle	67		གལ་ཏེ་ཇི་ལྟར་ཞེ་ན། སྔ་མ་བཞིན་དུ་སྟེ། ཇི་ལྟར་སྔར་སེམས་ཅན་རྟག་པ་ལ་ཡང་འཁོར་བ་དང་མྱ་
1807	terminal-particle	18		ཅི་སྟེ་འཆིང་བ་དང་ཐར་པར་གྱུར༌[^1081]ན་ནི་འགྱུར་བའི་ཕྱིར་མི་རྟག་པར་འགྱུར་རོ། །
1808	line-end	41		སེམས་ཅན་མི་རྟག་པ་ལ་འགོག་པའི་ཆོས་ཅན་ངེས་པར་མི་གནས་པ་ཡང་བཅིང་བ་དང་ཐར་པར་བྱར་མི་ནུས
1809	terminal-particle	80		འདིར་སྨྲས་པ། སེམས་ཅན་གྱི་ཉེ་བར་ལེན་པ་གང་ཡིན་པ་དེ་ནི་འཆིང་བ་ཞེས་བྱ་ལ་ཉེ་བར་ལེན་པ་
1810	line-end	2		བཤད་པ།
1811	verse-stanza	14		གལ་ཏེ་ཉེ་བར་ལེན་འཆིང་ན། །↵ཉེ་བར་ལེན་བཅས་འཆིང་མི་འགྱུར། །
1812	line-end	30		གལ་ཏེ་ཉེ་བར་ལེན་པ་འཆིང་བ་ཡིན་ན་དེ་ལྟ་ན་རེ་ཞིག་སེམས་ཅན་ཉེ་བར་ལེན་པ་དང་བཅས་པ་ནི་འཆ
1813	terminal-particle	133		ཅིའི་ཕྱིར་ཞེ་ན། བཅིངས་ཟིན་པ་ཁོ་ནའི་ཕྱིར་ཏེ། འདི་ལྟར་བཅིངས་ཟིན་ན་ཡང་བཅིང་བར༌[^108
1814	line-end	19		འོ་ན་ད་ཁྱོད་ཀྱི་སེམས་ཅན་གནས་སྐབས་གང་ཞིག་འཆིང་བར་འགྱུར་བ་དེ་ད་སྨྲོས་ཤིག །
1815	terminal-particle	26		འདིར་སྨྲས་པ། ཉེ་བར་ལེན་པ་འཆིང་བ་ནི་རེ་ཞིག་གསལ་བར་ཡོད་དེ། འདིས་འཆིང་བར་བྱེད་པས་ན་
1816	terminal-particle	20		དེ་ལྟར་འཆིང་བ་ཡོད་པའི་ཕྱིར་གང་དེས་བཅིང་བར་བྱ་བ་ཡང་ཡོད་པ་ཁོ་ན་ཡིན་ནོ། །
1817	line-end	2		བཤད་པ།
1818	verse-stanza	14		གལ་ཏེ་བཅིངས་པའི་སྔ་རོལ་ན། །↵འཆིང་བ་ཡོད་ན་འཆིང་ལ་རག །
1819	line-end	97		དེ་ཡང་མེད་དེ། གལ་ཏེ་བཅིངས་པ་དེ་བས་སྔ་རོལ་ན་ཉེ་བར་ལེན་པ་འཆིང་བ་དེ་ཡོད་པར་གྱུར་ན་ན
1820	line-end	139		ལྷག་མ་ནི། སོང་དང་མ་སོང་བགོམ་པས་བསྟན། །འཆིང་བ་མི་འཐད་པའི་ལྷག་མ་གང་དག་ཡིན་པ་དེ་དག་
1821	terminal-particle	46		འདིར་སྨྲས་པ། རེ་ཞིག་ཐར་པ་ནི་བཅོམ་ལྡན་འདས་ཀྱིས་བསྟན་པའི་དབང་དུ་བྱས་པ་སྟེ་འགྲོ་བ་ར
1822	terminal-particle	18		མ་བཅིངས་པ་ལ་ཡང་ཐར་པ་མེད་པས་བཅིངས་པ་ཡང་ཡོད་པ་ཁོ་ན་ཡིན་ནོ། །
1823	terminal-particle	58		བཤད་པ་གལ་ཏེ། ཐར་པ་ཉིད་འཐད་ན་ནི་བཅིངས་པ་ཡང་ཡོད་པར་འགྱུར་གྲང་ན། ཐར་པ་མི་འཐད་པས་བཅི
1824	line-end	61		ཅིའི་ཕྱིར་ཞེ་ན། འདི་ལྟར་བཅིངས་པ་གང་བཅིངས་པའི་གནས་ཉིད་ལ༌[^1091]འདུག་པ་དེ་ཇི་ལྟར་ག
1825	terminal-particle	17		སྨྲས་པ། བཅིངས་པ་འཆིང་བ་དང་བྲལ་བ་གང་ཡིན་པ་དེ་གྲོལ་བ་ཡིན་ནོ། །
1826	terminal-particle	26		བཤད་པ། དེ་ལ་ཡང་དེ་ཉིད་དེ་བཅིངས་པ་ལ་ནི་འཆིང་བ་དང་བྲལ་བ་མི་འཐད་དེ་བཅིངས་པ་ཁོ་ནའི་ཕ
1827	terminal-particle	14		སྨྲས་པ། འོ་ན་འཆིང་བ་དང་བྲལ་བ་ནི་གྲོལ་བ་ཞེས་བྱའོ། །
1828	line-end	61		བཤད་པ། མ་བཅིངས་པ་ཡང་འགྲོལ་མི་འགྱུར། །འདི་ལྟར་འཆིང་བ་དང་བྲལ་བ་གང་ཡིན་པ་དེ་ནི་མ་བཅ
1829	terminal-particle	15		སྨྲས་པ། བཅིངས་པ་ནི་འགྲོལ་ཏེ་འདི་ལྟར་བཅིངས་པ་གྲོལ་བར་འགྱུར་རོ། །
1830	terminal-particle	12		ཞེས་བྱ་བ་དེ་ནི་འཇིག་རྟེན་ན༌[^1093]གྲགས་པ་ཡིན་ནོ། །
1831	terminal-particle	11		བཤད་པ། དེ་ནི་འཇིག་རྟེན་ན༌[^1094]གྲགས་པ་ཡིན་ནོ། །
1832	terminal-particle	37		ཞེས་གང་སྨྲས་པ་དེ་ནི་ལེགས་པར་སྨྲས་པ་ཡིན་ཏེ། འདི་ལྟར་གང་གི་ཕྱིར་འཇིག་རྟེན་ན་གྲགས་པ
1833	line-end	7		ཇི་ལྟར་ཞེ་ན། གང་གི་ཕྱིར།
1834	verse-stanza	14		བཅིངས་པ་གྲོལ་བཞིན་ཡིན་གྱུར་ན། །↵བཅིངས་དང་གྲོལ་བ་དུས་གཅིག་འགྱུར། །
1835	terminal-particle	69		གལ་ཏེ་བཅིངས་པ་འགྲོལ་བར་འགྱུར་ན། དེ་ལྟ་ན༌[^1095]འཆིང་བ་གང་དང་ལྡན་པས་བཅིངས་པ་ཞེས་བ
1836	line-end	11		ཞེས་བྱ་བ་དེ་ནི་འབྲེལ་པ་མེད་པ་ཡིན་ནོ། །
1837	line-end	109		འདིར་སྨྲས་པ། གལ་ཏེ་དེ་ལྟར་ཐར་པ་ཉིད་མི་འཐད་པ་ཡིན་ན་འཁོར་བས་འཇིགས་པ་རྣམས་ཀྱི་མ༌[^1
1838	line-end	77		བཤད་པ། ཐབས་མ་ཡིན་པས་དོན་དུ་གཉེར་བ་དང་། གདམས་ངག་སྟོན་པ་དང་རྩོམ་པ་དག་དོན་མེད་པ་ཉིད
1839	verse-stanza	28		བདག་ནི་ལེན་མེད་མྱ་ངན་འདའ། །↵མྱང་འདས་བདག་གིར་གྱུར་ཅིག་ཅེས། །↵གང་དག་འཛིན་པ་དེ་དག་ག
1840	terminal-particle	59		འདི་ལ་ཉེ་བར་ལེན་པ་གཏན་དུ་ཉེ་བར་ཞི་བ་གང༌[^1099]ཡིན་པ་དེ་མྱ་ངན་ལས་འདས་པ་ཞེས་བྱ་ན། 
1841	terminal-particle	67		ཉེ་བར་ལེན་པ་མེད་པའི་ཡོངས་སུ་མྱ་ངན་ལས་འདས་པ་བདག་གིར་གྱུར་ཅིག་སྙམ་དུ་རློམ་སེམས་སུ་
1842	line-end	64		ཉེ་བར་ལེན་པ་དང་བཅས་པ་ལ་ཐར་པ་འཐད་པར་ག་ལ་འགྱུར་ཏེ། ཉེ་བར་ལེན་པ་མེད་པར་ཡོངས་སུ་མྱ་ང
1843	terminal-particle	58		འདིར་སྨྲས་པ། རེ་ཞིག་འཁོར་བ་དང་མྱ་ངན་ལས་འདས་པ་དག་ནི་ཡང༌[^1101]ཡོད་པ་ཡིན་ཏེ། དེ་དག
1844	line-end	33		བཤད་པ། ཅི་ཁྱོད་སྣོད་སྟོང་པ་སྲུང་བར་བྱེད་དམ། ཁྱོད་བཅིངས་པ་དང་ཐར་པ་མི་འཐད་པ་དག་ལ། 
1845	verse-stanza	28		གང་ལ་མྱ་ངན༌[^1104]འདས་བསྐྱེད་མེད། །↵འཁོར་བ་བསལ་བའང་ཡོད་མིན་པ། །↵དེ་ལ་འཁོར་བ་ཅི་ཞ
1846	line-end	80		འདི་ལྟར་འཁོར་བ་གང་ལ་སེམས་ཅན་དང་འདུ་བྱེད་བཅིངས་པ་རྣམས་འཁོར་བ་ལས་བསལ་ཅིང་སྤང་བར༌[^
1847	line-end	199		ཡང་ན་འདི་ནི་དོན་གཞན་ཡིན་ཏེ། འདི་ལྟར་གང་ལ་འཁོར་བ་ཡོངས་སུ་ཟད་པར་བྱ་བའི་ཕྱིར་དང་མྱ་
1848	terminal-particle	30		འདིར་སྨྲས་པ། དངོས་པོ་དང་དངོས་པོ་མེད་པར་ལྟ་ན་འཁོར་བ་མི་འཐད་དེ། རྟག་པ་དང་ཆད་པའི་སྐ
1849	line-end	24		ཞེས་གང་བཤད་པ་དེ་མི་རུང་སྟེ། ཅིའི་ཕྱིར་ཞེ་ན། ལས་དང་འབྲས་བུར་འབྲེལ་པའི་ཕྱིར་རོ།[^1
1850	verse-stanza	28		བདག་ཉིད་ལེགས་པར་སྡོམ་པ་དང་། །↵གཞན་ལ་ཕན་འདོགས་བྱམས་སེམས་གང་། །↵དེ་ཆོས་དེ་ནི་འདི་ག
1851	verse-stanza	15		བདག་ཉིད་ལེགས་པར་སྡོམ་པ་ནི། །↵བདག་ཉིད་ལེགས་པར་སྡོམ་པར་བྱེད་པའོ། །
1852	terminal-particle	14		གཞན་ལ་ཕན་འདོགས་པ་ནི་གཞན་དག་ལ་ཕན་འདོགས་པར་བྱེད་པའོ། །
1853	terminal-particle	20		བྱམས་པ་ནི་མཛའ་བཤེས་ལ་འབྱུང་བ་སྟེ་གཅུགས་པ་ལས་བྱུང་བ༌[^1111]ཞེས་བྱ་བའི་ཐ་ཚིག་གོ། །
1854	terminal-particle	27		ཡང་ན་བྱམས་པ་ནི་བྱམས་པ་ཉིད་དེ་སེམས་སྣུམ་པ་ཞེས་བྱ་བའི་ཐ་ཚིག་སྟེ། དེ་ནི་བདག་གི་དོན་
1855	terminal-particle	28		བདག་ཉིད་ལེགས་པར་སྡོམ་པར་བྱེད་པ་དང་། གཞན་ལ་ཕན་འདོགས་པར་བྱེད་པ་དང་། བྱམས་པའི་སེམས་
1856	line-end	21		དེ་ཉིད་འབྲས་བུ་དག་གི་ས་བོན་ཏེ་འདི་དང་གཞན་དག་ཏུ་འབྲས་བུ་དག་གི་རྒྱུ་ཡིན་ནོ། །
1857	terminal-particle	23		འདི་ལྟར་བཅོམ་ལྡན་འདས་ཀྱིས་ཀྱང་བྱམས་པ་བསྒོམས་པ༌[^1112]ན་ཕན་ཡོན་བརྒྱད་ཡོད་དེ། མི་ར
1858	terminal-particle	6		ཞེས་རྒྱ་ཆེར་བཀའ་སྩལ་ཏོ། །
1859	terminal-particle	10		ལས་རྣམ་པ་གསུམ་ཅར་ཡང་ཆོས་ཀྱི་ཕྱིར་རོ། །
1860	line-end	19		སེམས་པ་ནི་ས་བོན་དུ་བསྟན་ཏེ་ལུས་དང་ངག་གཉིས་དེ་ལ་རག་ལས་པའི་ཕྱིར་རོ། །
1861	verse-stanza	29		འདི་ལྟར་བཅོམ་ལྡན་འདས་ཀྱིས་ཀྱང་། །↵ཡིད་ནི་ཆོས་ཀྱི་སྔོན་དུ་འགྲོ། །↵ཞེས་ཚིགས་སུ་བཅད
1862	verse-stanza	21		སེམས་པ་དང་ནི་བསམ་པར་གསུངས། །↵ལས་དེ་དག་གི་བྱེ་བྲག་ནི། །↵རྣམ་པ་དུ་མར་ཡོངས་སུ་བསྒྲག
1863	terminal-particle	45		དྲང་སྲོང་མཆོག་སངས་རྒྱས་བཅོམ་ལྡན་འདས་ཀྱིས་ལས་རྣམས་ནི་འདི་ལྟར་མདོར་བསྡུ་བ་ལས་རྣམ་པ
1864	line-end	36		ལས་རྣམ་པ་གཉིས་པོ་དེ་དག་གི་བྱེ་བྲག་ཀྱང་རྣམ་པ་དུ་མ་ཡོད་པར་བཅོམ་ལྡན་འདས་ཀྱིས་དེ་དང་
1865	verse-stanza	28		དེ་ལ་ལས་གང་སེམས་པ༌[^1115]ཞེས། །↵གསུངས་པ༌[^1116]དེ་ནི་ཡིད་ཀྱིར་འདོད། །↵བསམ་པ་ཞེས་
1866	line-end	17		དེ་ལ་ལས་གང་སེམས་པ་ཞེས་གསུངས་པ་དེ་ནི་ཡིད་ཀྱི་ཡིན་པར་འདོད་དོ། །
1867	line-end	38		ལས་གང་བསམས་པ་ཞེས་གསུངས་པ་བློས་འདི་བྱའོ་སྙམ་དུ་གསུངས་ནས་ལུས་སམ་ངག་གི༌[^1117]བྱེད་
1868	verse-stanza	28		ངག་དང་བསྐྱོད་དང་མི་སྤོང་བའི། །↵རྣམ་རིག་བྱེད་མིན་ཞེས་བྱ་གང་། །↵སྤོང་བའི་རྣམ་རིག་བ
1869	verse-stanza	28		ལོངས་སྤྱོད་ལས་བྱུང་བསོད་ནམས་དང་། །↵བསོད་ནམས་མ་ཡིན་ཚུལ་དེ་བཞིན། །↵སེམས་པ༌[^1118]ད
1870	terminal-particle	13		དེ་ལ་ངག་ཅེས་བྱ་བ་ནི་ཡི་གེ་གསལ་བར༌[^1119]བརྗོད་པའོ། །
1871	terminal-particle	36		བསྐྱོད་པ་ནི་ལུས་གཡོ་བ་སྟེ། དེ་གཉི་ག་ཡང་ལས་ཀྱི་དབང་དུ་བྱས་པའི་ཕྱིར་ལས་ཀྱི་ལམ་དུ་ག
1872	terminal-particle	133		མི་སྤང་བའི༌[^1120]རྣམ་པར་རིག་བྱེད་མ་ཡིན་པ་ཞེས་བྱ་བ་ནི་མི་དགེ་བའི་ལས་འདི་ཞེས་བྱ་བ
1873	terminal-particle	119		སྙམ་དུ་དགེ་བའི་སེམས་ཡང་དག་པར་བླངས་པ་དེ་ཚུན་ཆད་ནས། དགེ་བ་དེ་ལུས་སམ་ངག་གང༌[^1122]ད
1874	terminal-particle	16		ལོངས་སྤྱོད་པ་ལས་བྱུང་བའི་བསོད་ནམས་མ་ཡིན་པ་ཡང་ཚུལ་དེ་བཞིན་ནོ། །
1875	line-end	12		སེམས་པ་ཞེས་བྱ་བ་ནི་སེམས་མངོན་པར་འདུ་བྱེད་པའོ། །
1876	terminal-particle	53		དེ་ལྟར་ལས་རྣམ་པ་དུ་མ་དེ་དག་ཀྱང་ངག་ལ་སོགས་པའི་ཆོས་རྣམས་སུ་འདུས་པས་དེ་ཉིད་ཀྱི་ཕྱིར
1877	terminal-particle	31		དེ་ལྟར་ལས་རྣམ་པ་བདུན་པོ་དེ་དག་འབྲས་བུ་དང་འབྲེལ་པའི་ཕྱིར་འཁོར་བ་ཡང་འཐད་ལ། རྟག་པ་ད
1878	line-end	52		བཤད་པ། གལ་ཏེ་ལས་ཉིད་རྟག་པ་དང་ཆད་པའི་སྐྱོན་དུ་ཐལ་བར་མི་འགྱུར་ན་ནི་དེ་ཡང་སྐྱོན་དུ་
1879	line-end	5		དེ་ཇི་ལྟར་ཞེ་ན།
1880	verse-stanza	14		གལ་ཏེ་སྨིན་པའི་དུས་བར་དུ། །↵གནས་ན་ལས་དེ་རྟག་པར་འགྱུར། །
1881	line-end	72		རེ་ཞིག་གལ་ཏེ་ལས་སྨིན་པའི་དུས་ཀྱི་བར་དུ་གནས་པ་དེ་བཞིན་དུ་དུས་གཞན་དུ་ཡང་གནས་པར་འགྱ
1882	verse-stanza	14		གལ་ཏེ་འགགས་ན་འགགས༌[^1125]གྱུར་པ། །↵ཇི་ལྟར་འབྲས་བུ་བསྐྱེད་པར་འགྱུར། །
1883	line-end	75		གལ་ཏེ་ལས་སྐད་ཅིག་མའི་ཕྱིར་འགགས་ཤིང་ཞིག་པ་ཡིན་ན་དེས་ཇི་ལྟར་འབྲས་བུ་སྐྱེད་པར༌[^112
1884	line-end	72		དེ་ལྟ་བས་ན་ལས་རྣམས་རྟག་པ་དང་ཆད་པའི་སྐྱོན་དུ་ཐལ་བར་འགྱུར་བའི་ཕྱིར། ལས་རྣམས་ཉིད་ཀྱ
1885	verse-stanza	28		མྱུ་གུ་ལ་སོགས་རྒྱུན་གང་ནི། །↵ས་བོན་ལས་ནི་མངོན་པར་འབྱུང་། །↵དེ་ལས་འབྲས་བུ་ས་བོན་ན
1886	verse-stanza	28		གང་ཕྱིར་ས་བོན་ལས་རྒྱུན་དང་། །↵རྒྱུན་ལས་འབྲས་བུ་འབྱུང་འགྱུར་ཞིང་། །↵ས་བོན་འབྲས་བུ
1887	terminal-particle	12		འདི་ལ་ས་བོན་ནི་མྱུ་གུའི་རྒྱུ༌[^1129]བསྐྱེད་ནས་འགག་གོ། །
1888	terminal-particle	46		མྱུ་གུ་ལ་སོགས་པའི་རྒྱུན་གང་ཡིན་པ་དེ་ནི་ས་བོན་ལས་མངོན་པར་འབྱུང་ཞིང་། རྒྱུན་དེ་ལས་
1889	line-end	90		གང་གི་ཕྱིར་ས་བོན་ལས་རྒྱུན་མངོན་པར་འབྱུང་ལ་རྒྱུ་ལས་འབྲས་བུ་མངོན་པར་འབྱུང་བར་འགྱུར
1890	verse-stanza	28		དེ་ཇི་ལྟ་བ་དེ་བཞིན་དུ། །↵སེམས་ཀྱི་རྒྱུན༌[^1133]ནི་གང་ཡིན་པ། །↵སེམས་པ༌[^1134]ལས་ན
1891	verse-stanza	28		མེད་ན་དེ་ཡང་འབྱུང་མི་འགྱུར། །↵གང་ཕྱིར་སེམས་པ་ལས་རྒྱུན་དང་། །↵རྒྱུན་ལས་འབྲས་བུ་འབ
1892	line-end	41		དེ་ཕྱིར་ཆད་མིན་རྟག་མ་ཡིན། །སེམས་ཀྱི་རྒྱུན་གང་ཡིན་པ་དེ་ནི་སེམས་པ་ལས༌[^1136]བརྗོད་
1893	terminal-particle	17		སེམས་པ་མེད་ན་སེམས་ཀྱི་རྒྱུན་དེ་ལ༌[^1138]ཡང་མངོན་པར་འབྱུང་བར་མི་འགྱུར་རོ། །
1894	terminal-particle	101		གང་གི་ཕྱིར་སེམས་པ་ལས་སུ་བརྗོད་པ་ལས་སེམས་ཀྱི་རྒྱུན་མངོན་པར་འབྱུང་ལ། [^1139]སེམས་ཀ
1895	line-end	29		དེའི་ཕྱིར་དེ་ལྟར་རྒྱུན་གྱིས༌[^1142]འབྲས་བུ་འགྲུབ་པས་ན། འཁོར་བ་ཡང་འཐད་ལ་རྟག་པ་དང་
1896	line-end	3		ཡང་གཞན་ཡང་།
1897	verse-stanza	27		ཆོས་སྒྲུབ་པ་ཡི་ཐབས་རྣམས་ནི། །↵དཀར་པོའི་ཕྱོགས༌[^1143]ཀྱི་ལམ་བཅུ་སྟེ། །↵ཆོས་ཀྱི་འབ
1898	terminal-particle	41		འདི་ལ་བཅོམ་ལྡན་འདས་ཀྱིས་ཆོས་སྒྲུབ་པའི་ཐབས་ནི་དགེ་བ་བཅུའི་ལས་ཀྱི་ལམ་རྣམས་ཡིན་པར་བ
1899	line-end	62		དེ་ལ་གལ་ཏེ་ལས་རྣམས་དང་འབྲས་བུར་འབྲེལ་པ་མེད་པར་གྱུར་ན་ཆོས་སྒྲུབ་པའི་ཐབས་བསྟན་པར་ཡ
1900	line-end	5		གཞན་དག་གིས་སྨྲས་པ།
1901	verse-stanza	28		གལ་ཏེ་རྟག་པ་དེར་གྱུར་ན། །↵ཉེས་པ་ཆེན་པོ་མང་པོར་འགྱུར། །↵དེ་ལྟ་བས་ན་རྟག་པ་དེ། །↵འད
1902	terminal-particle	20		གལ་ཏེ་ས་བོན་དང་མྱུ་གུའི་རྒྱུན་འབྲེལ་པ་བཞིན་དུ་ལས་དང༌[^1144]འབྲས་བུར་འབྲེལ་པར་འགྱ
1903	terminal-particle	23		ཞེས་ཁྱོད་ཀྱིས་རྟག་པ་དེ་ལྟར་གྱུར་ན། དེ་ལྟ་ན་ཉེས་པའི་སྐྱོན་ཆེན་པོ་མང་དུ་འབྱུང་བར་འ
1904	line-end	128		དེ་ལ་ཇི་སྙེད་ཅིག་ཀྱང་སྨྲ་བར་ནུས་མོད་ཀྱི། དཔེ་ཙམ་ཞིག་བརྗོད་པར་བྱ་སྟེ། འདི་ལ༌[^114
1905	terminal-particle	53		གལ་ཏེ་སེམས་ཀྱི་རྒྱུན་འབྲེལ་པ་ལས་འབྲས་བུ་འབྱུང་བ་ཡང་དེ་དང་འདྲ་བར་འགྱུར་ན་ནི། མིའི
1906	terminal-particle	39		དེ་ལྟར་གྱུར་ན་འགྲོ་བ་འཁྲུག་པ༌[^1146]མེད་པས་རྩོམ་པ་ཐམས་ཅད་དོན་མེད་པ་ཉིད་དུ་འགྱུར་
1907	terminal-particle	117		དགེ་བ་དང་། མི་དགེ་བ་དང་། བསྒྲིབས་པ་དང་མ་བསྒྲིབས་པའི་ལུང་དུ་མ་བསྟན་པའི་བྱེ་བྲག་ལས
1908	line-end	8		འོ་ན་ཇི་ལྟ་བུར་འཐད་ཅེ་ན།
1909	verse-stanza	28		སངས་རྒྱས་རྣམས་དང་རང་རྒྱལ་དང་། །↵ཉན་ཐོས་རྣམས་ཀྱིས་གསུངས་པ་ཡི། །↵རྟག་པ༌[^1148]གང་ཞ
1910	line-end	5		དེ་ཡང་གང་ཞེ་ན།
1911	verse-stanza	14		ཇི་ལྟར་བུ་ལོན་དཔང་རྒྱ་ལྟར། །↵དེ་ལྟར་ལས་དང་ཆུད་མི་ཟ། །
1912	terminal-particle	58		འདི་ལ་ལས་ནི་སྐད་ཅིག་མ་སྟེ། ལས་སྐད་ཅིག་མ་དེའི་ཆུད་མི་ཟ་བ་ཞེས་བྱ་བ་སྐད་ཅིག་མ་མ་ཡིན
1913	line-end	72		དེ་ལ༌[^1149]དཔེར་ན་བུ་ལོན་གྱི་ནོར་དེ་སྤྱད་ཀྱང་དཔང་རྒྱ་ཡོད་པས་ནོར་བདག་དེའི་ནོར་ཆུ
1914	terminal-particle	94		ཇི་ལྟར་ནོར་བདག་གིས་ནོར་ཕྱིར་བཀུག་སྟེ། འབྲས་བུ་སྤྱད་ཟིན་ན་དཔང་རྒྱ་ཡོད་ཀྱང་ཡང་དང་ཡ
1915	terminal-particle	25		དེ་ཡང་རང་བཞིན་ལུང་མ་བསྟན། །དེ་ཡང་རང་བཞིན་གྱིས་དགེ་བ་དང་མི་དགེ་བར་ལུང་དུ་མ་བསྟན་པ
1916	line-end	58		སྤོང་བས་སྤང་བ་མ་ཡིན་ནོ།[^1154] །བསྒོམ་པས་སྤང་བ་ཉིད་ཀྱང་ཡིན། །དེ་ནི་སྡུག་བསྔལ་དང་
1917	verse-stanza	14		དེ་ཕྱིར་ཆུད་མི་ཟ་བ་ཡིས། །↵ལས་ཀྱི་འབྲས་བུ་བསྐྱེད་པར་འགྱུར། །
1918	line-end	48		དེ་ལྟར་གང་གི་ཕྱིར་དེ་སྡུག་བསྔལ་ལ་སོགས་པ་མཐོང་བས་སྤང་བར་བྱ་བ་དང༌[^1157]སྤོང་བས་སྤ
1919	verse-stanza	28		གལ་ཏེ་སྤོང་བས་སྤང་བ་དང་། །↵ལས་འཕོ་བ་དང་མཐུན་གྱུར་ན། །↵དེ་ལ་ལས་འཇིག་ལ་སོགས་པའི། །
1920	line-end	67		གལ་ཏེ་དེ་སྡུག་བསྔལ་ལ་སོགས་པ་མཐོང་བས་སྤང་བར་བྱ་བ་སྤོང་བ་དང་ལས་འཕོ་བ་དང་རིས་མཐུན་པ
1921	terminal-particle	40		འདི་ལྟར་སོ་སོའི་སྐྱེ་བོས་སྡུག་བསྔལ་ལ་སོགས་པ་མཐོང་བས་སྤང་བར་བྱ་བའི་ཕྲ་རྒྱས་དག་སྤང
1922	line-end	107		གཞན་དུ་ན་མཐོང་བ༌[^1161]ཐོབ་པ་ཡང་སོ་སོའི་སྐྱེ་བོའི་ལས་དང་ལྡན་པར་འགྱུར་ཏེ། མཐོང་བ་
1923	terminal-particle	39		དེ་ལྟ་བས་ན་དེའི་སྡུག་བསྔལ་ལ་སོགས་པ་མཐོང་བས་སྤང་བར་བྱ་བ་སྤོང་བ༌[^1164]ལས་བཞིན་དུ་
1924	line-end	43		འདོད་པར་གཏོགས་པའི་ཆུད་མི་ཟ་བ་ནི། འདོད་པའི་ཁམས་ལས་ཡང་དག་པར་འདས་པས་སྤོང་ལ། གཟུགས་ད
1925	verse-stanza	28		ཁམས་མཚུངས་ལས་ནི་ཆ་མཚུངས་དང་། །↵ཆ་མི་མཚུངས་པ་ཐམས་ཅད་ཀྱི། །↵དེ་ནི་ཉིང་མཚམས༌[^1165]
1926	line-end	51		ཁམས་མཚུངས་པའི་ལས་ཆ་མཚུངས་པ་དང་ཆ་མི་མཚུངས་པ༌[^1166]ཐམས་ཅད་ཀྱི་ཆུད་མི་ཟ་བ་དེའི་ཚེ་
1927	verse-stanza	28		ཚེ་འདི་ལ་ནི་ལས་དང་ལས། །↵རྣམ་པ་གཉིས་པོ་ཐམས་ཅད་ཀྱི། །↵དེ་ནི་ཐ་དད་སྐྱེ་འགྱུར་ཞིང་། 
1928	terminal-particle	45		ཚེ་འདི་ལ་ནི་ལས་དང་ལས་སོ་སོ་བ་སེམས་པ་དང་བསམས་པ་དང༌[^1167]དགེ་བ་དང་མི་དགེ་བ་རྣམ་པ་
1929	terminal-particle	26		རྣམ་པར་སྨིན་ན་ཡང་གནས་པ་ཡིན་ཏེ། དེ་ནི་ལས་རྣམ་པར་སྨིན་པའི་རྒྱུས་འགག་པ་ལྟར་ངེས་པ་ཉི
1930	line-end	52		ལས་རྣམ་པར་སྨིན་ཀྱང་བརྒྱ་ལ་ཇི་སྲིད་དུ་འཁྲུགས་པར་མ་གྱུར་པ་དེ་སྲིད་ཀྱི་བར་དུ་གནས་ཏེ
1931	verse-stanza	28		དེ་ནི་འབྲས་བུ་འཕོས་པ་དང་། །↵ཤི་བར་གྱུར་ན་འགག་པར་འགྱུར། །↵དེ་ཡི་རྣམ་དབྱེ་ཟག་མེད་ད
1932	terminal-particle	29		ལས་དེའི་ཆུད་མི་ཟ་བ་དེའི་འགག་པ་ནི་རྣམ་པ་གཉིས་སུ་ངེས་པ་ཡིན་ཏེ། འབྲས་བུ་འཕོས་པར་གྱུ
1933	terminal-particle	18		དེ་ལ་འབྲས་བུ་འཕོས་པར་གྱུར་པ་ནི་བསྒོམ་པས་སྤང་བ་ཞེས་བསྟན་པ་ཡིན་ནོ། །
1934	terminal-particle	22		ཤི་བར་གྱུར་པ་ནི་འགག་པ་དག་ན་ཉིང་མཚམས་སྦྱོར་བའི་ཚེ་གཅིག་པུ་ཁོ་ན་སྐྱེ་བར་འགྱུར་རོ། 
1935	terminal-particle	5		ཞེས་བསྟན་པ་ཡིན་ནོ། །
1936	terminal-particle	31		དེའི་དེ་ཡང་རྣམ་པར་དབྱེ་ན་རྣམ་པ་གཉིས་སུ་ཤེས་པར་བྱ་སྟེ། ཟག་པ་མེད་པ་དང་ཟག་པ་དང་བཅས་
1937	line-end	29		དེའི་ཕྱིར་དེ་ལྟར་ལས་རྣམས་སྐད་ཅིག་མ་ཉིད་ཡིན་ཡང་ཆུད་མི་ཟ་བའི་ཆོས་ཀྱིས་ཡོངས་སུ་འཛིན
1938	terminal-particle	62		འབྲས་བུ་དང་འབྲེལ་བ་དེ་ཡང་ལས་ཀྱི་བྱེ་བྲག་ལས་འགྲོ་བ་དང་རིགས་དང་། རུས་དང་ཡུལ་དང་དུས
1939	line-end	2		དེའི་ཕྱིར།
1940	verse-stanza	28		སྟོང་པ་ཉིད་དང་ཆད་མིན་དང་། །↵འཁོར་བ་དང་ནི་རྟག་པ་མིན། །↵ལས་རྣམས་ཆུད་མི་ཟ་བའི་ཆོས། 
1941	terminal-particle	71		དེ་ལྟར་གང་གི་ཕྱིར་ལས་དང་འབྲས་བུར༌[^1171]འབྲེལ་པ་དེ་ཡོད་པ༌[^1172]ལ་སོགས་པ་ཐ་དད་པས
1942	terminal-particle	15		སྟོང་པ་ཉིད་ཡིན་ཡང་ཆད་པའི་སྐྱོན་དུ་ཡང་ཐལ་བར་མི་འགྱུར་རོ། །
1943	terminal-particle	7		འཁོར་བ་ཡང་འཐད་པ་ཡིན་ནོ། །
1944	terminal-particle	14		འཁོར་བ་ཡོད་ཀྱང་རྟག་པའི་སྐྱོན་དུ་ཡང་ཐལ་བར་མི་འགྱུར་རོ། །
1945	line-end	39		སངས་རྒྱས་བཅོམ་ལྡན་འདས་སེམས་ཅན་རྣམས་ཀྱི༌[^1174]ལས་དང་རྣམ་པར་སྨིན་པ་མངོན་སུམ་དུ་གྱ
1946	terminal-particle	34		དེ་ལྟ་བས་ན་རྟག་པ་དེ་ཉིད་འདིར་འཐད་ཀྱི། མྱུ་གུའི་རྒྱུ་ལས༌[^1176]འབྲས་བུ་འགྲུབ་པ་བཞ
1947	line-end	113		བཤད་པ། ཅི་ཁྱོད་དྲི་ཟའི་གྲོང་ཁྱེར་གྱི་ར་བ་འཆོས་པས་གཡེན་སྤྱོའམ། ཁྱོད་ལས་མི་འཐད་བཞི
1948	terminal-particle	88		བཤད་པ། འདི་ལྟར། གང་ཕྱིར་ལས་ནི་སྐྱེ་མེད་པ། །གང་གི་ཕྱིར་ལས་ལ་སྐྱེ་བ་མེད་པ་ཉིད་ཡིན་
1949	terminal-particle	35		ཞེས་སྐྱེ་བ་ཡང་འཐད་པར་འགྱུར་ན། ལས་ཀྱི་ངོ་བོ་ཉིད་མེད་ན་ཅི་ཞིག་སྐྱེ་བར་འགྱུར། ཅི་སྟ
1950	terminal-particle	26		གང་ངོ་བོ་ཉིད་དུ་སྐྱེ་བར་མི་འགྱུར་བ་དེ་ནི་ལས་ཉིད་མ་ཡིན་ཏེ། ལས་ཀྱི་ངོ་བོ་ཉིད་མེད་པ
1951	line-end	5		དེའི་ལས་མི་འཐད་དོ། །
1952	terminal-particle	10		སྨྲས་པ། ལས་ནི་སྐྱེ་བ་ཡོད་པ་ཉིད་དོ། །
1953	terminal-particle	26		ཅིའི་ཕྱིར་ཞེ་ན། ལས་རྣམས་ཆུད་མི་ཟ་བའི་ཕྱིར་ཏེ། འདི་ལྟར་བཅོམ་ལྡན་འདས་ཀྱིས་ཀྱང་ལས་ར
1954	terminal-particle	34		ཞེས་གསུངས་པས། གལ་ཏེ་ལས་ལ་སྐྱེ་བ་མེད་ན་ཆུད་མི་ཟ་བ་དེ་གང༌[^1181]ཡིན་པར་འགྱུར། དེ་ལ
1955	line-end	13		བཤད་པ། སྐྱེ་བ་ཡོད་ན་ཆུད་མི་ཟ་བ་མི་འཐད་དེ།
1956	verse-stanza	14		གང་ཕྱིར་དེ་ནི་མ་སྐྱེས་པ། །↵དེ་ནི་ཆུད་ཟར་མི་འགྱུར་རོ། །
1957	quote-close	26		བཅོམ་ལྡན་འདས་ཀྱིས་གང་ཁོ་ནའི་ཕྱིར་ལས་དེ་མ་སྐྱེས་པ་དེ་ཁོ་ནའི་ཕྱིར་ཆུད་ཟ་བར་མི་འགྱུ
1958	terminal-particle	35		གཞན་དུ་སྐྱེ་ན་ཇི་ལྟར་ཆུད་མི་ཟ་བར་འགྱུར། ཅི་སྟེ་འགྱུར་ན་ནི་སྐྱེས་པ་ཡང་མི་འཆི་བར་འ
1959	line-end	15		དེ་ལྟ་བས་ན་ལས་ཀྱང་སྐྱེས་ནས་ཆུད་མི་ཟ་བར་མི་འགྱུར་རོ། །
1960	terminal-particle	29		སྨྲས་པ། གང་གི་ཚེ་ཁོ་བོས་ལས་སྐད་ཅིག་མ་ཉིད་ཡིན་པའི་ཕྱིར་འགགས་ཀྱང་ཆུད་མི་ཟ་བའི་ཆོས་
1961	terminal-particle	66		ཞེས་སྨྲས་པ་དེའི་ཚེ། ལས་སྐྱེས་ན༌[^1183]ཇི་ལྟར་ཆུད་མི་ཟ་བར་འགྱུར་ཞེས་བྱ་བ་འདི་གང་ག
1962	line-end	45		འདི་ལྟར་ལས་ཀྱི་ཆུད་མི་ཟ་བ་ཡིན་ན། ལས་དེ་ཡང་འགགས་ཏེ་མེད་ན། དེ་མེད་པའི་ཕྱིར་ཆུད་མི་
1963	terminal-particle	17		སྨྲས་པ། ལས་འགགས་ན་ཡང་རྣམ་པར་སྨིན་པ་ཆུད་མི་ཟ་བས་སྐྱོན་མེད་དོ། །
1964	terminal-particle	7		བཤད་པ། དེ་ཡང་མི་འཐད་དོ། །
1965	terminal-particle	152		ཅིའི་ཕྱིར་ཞེ་ན། འདི་ལ་ལས་འདོད་པ་དང་མི་འདོད་པ་དག་གི་འབྲས་བུ་འདོད་པ་དང་མི་འདོད་པ་ད
1966	terminal-particle	107		ཞེས་བྱ་བར་ཤེས་པར་འགྱུར་བ་དེའི་སྐྱེས་པའི་མཚན་ཉིད་གང་ཡིན། གལ་ཏེ་དེ་སྐྱེས་ཀྱང་བྱེད་
1967	line-end	51		འདི་ལྟར་ལས་ནི་ངོ་བོ་ཉིད་མེད་པ་ཁོ་ན་ཡིན་ཏེ། གང་གི་ཕྱིར་ངོ་བོ་ཉིད་མེད་པ་དེའི་ཕྱིར་
1968	line-end	3		གཞན་དུ་ན།
1969	verse-stanza	14		གལ་ཏེ་ལས་ལ༌[^1187]དངོས་ཉིད་ཡོད། །↵རྟག་པར་འགྱུར་བར་ཐེ་ཚོམ་མེད། །
1970	terminal-particle	35		གལ་ཏེ་ལས་ལ་ངོ་བོ་ཉིད་ཡོད་པར་འགྱུར༌[^1188]ན། རྟག་པར་འགྱུར་བར་ཐེ་ཚོམ་མེད་དེ། འདི་ལ
1971	line-end	2		དེའི་ཕྱིར།
1972	verse-stanza	14		ལས་ནི་བྱས་པ་མ་ཡིན་འགྱུར། །↵རྟག་ལ་བྱ་བ་མེད་ཕྱིར་རོ། །
1973	terminal-particle	15		ལས་རྟག་པ་ཉིད་མིན༌[^1189]ན་མ་བྱས་པ་ཉིད་དུ་ཐལ་བར་འགྱུར་རོ། །
1974	terminal-particle	30		ཅིའི་ཕྱིར་ཞེ་ན། རྟག་པ་ལ་བྱ་བ་མེད་པའི་ཕྱིར་ཏེ། འདི་ལྟར་རྟག་པ་མི་འགྱུར་བའི་ཆོས་ཅན་
1975	terminal-particle	26		ལས་མ་བྱས་པ་རྟག་པའི་འབྲས་བུར༌[^1190]ཇི་ལྟར་རྣམ་པར་སྨིན་པར་འགྱུར་ཏེ། འདི་ལྟར་རྟག་པ
1976	line-end	26		ཅི་སྟེ་ལས་རྟག་པ་མི་འགྱུར་བ་ཡིན་ཡང་དེའི་རྒྱུ་ལས་བྱུང་བའི་འབྲས་བུ་དང་ཕྲད་པར་རྟོག་ན
1977	verse-stanza	14		ཅི་སྟེ་ལས་ནི་མ་བྱས་ན། །↵མ་བྱས་པ་དང་ཕྲད་འཇིགས་འགྱུར། །
1978	line-end	68		ཅི་སྟེ་ལས་མ་བྱས་པ་ཡིན་ཡང་འབྲས་བུ་སྐྱེད་པར༌[^1191]འགྱུར་ན། དེ་ལྟ་ན་མ་བྱས་པ་དང་ཕྲད
1979	line-end	2		གཞན་ཡང་།
1980	verse-stanza	14		ཚངས་སྤྱོད་གནས་པ་མ་ཡིན་པའང་། །↵དེ་ལ་སྐྱོན་དུ་ཐལ་བར་འགྱུར། །
1981	terminal-particle	102		ལས་མ་བྱས་པ་ཡིན་ན་དེ་ལ་སྐྱོན་ཆེན་པོ་གཞན་འདིར་ཡང་ཐལ་བར་འགྱུར་ཏེ། གང་གིས་ཚངས་པར་སྤྱ
1982	line-end	3		དེ་བཞིན་དུ།
1983	verse-stanza	14		ཐ་སྙད་ཐམས་ཅད་ཉིད་དང་ཡང་། །↵འགལ་བར་འགྱུར་བར་ཐེ་ཙོམ་མེད། །
1984	terminal-particle	76		དེ་ལྟར་ལས་བྱས་པ་མ་ཡིན་ན་འཇིག་རྟེན་པ་འབྲས་བུའི་དོན་དུ་ཐ་སྙད་རྩོམ་པར་བྱེད་པ་ཞིང་ལས
1985	line-end	25		ཅིའི་ཕྱིར་ཞེ་ན། བྱེད་པ་དང་མི་བྱེད་པ་དག་ལ་དེ་དག་གི་འབྲས་བུ་འོང་བར་ཐལ་བར་འགྱུར་བའི
1986	line-end	2		གཞན་ཡང་།
1987	verse-stanza	14		བསོད་ནམས་དང་ནི་སྡིག་བྱེད་པའི། །↵རྣམ་པར་དབྱེ་བའང་འཐད་མི་འགྱུར། །
1988	terminal-particle	12		ལས་མ་བྱས་པ༌[^1194]ཡིན་ན་འདི་ནི་བསོད་ནམས་བྱེད་པའོ། །
1989	terminal-particle	6		འདི་ནི་སྡིག་པ་བྱེད་པའོ། །
1990	terminal-particle	17		ཞེས་བྱ་བའི་རྣམ་པར་དབྱེ་བ་དེ་དག་ཀྱང་འཐད་པ་ཉིད་དུ་མི་འགྱུར་རོ། །
1991	line-end	38		ཅིའི་ཕྱིར་ཞེ་ན། དགེ་བ་དང་མི་དགེ་བའི་ལས་མ་བྱས་པ་ཐམས་ཅད་ཀྱང་ཡོད་པར་ཐལ་བར་འགྱུར་བ་ད
1992	line-end	3		ཡང་གཞན་ཡང་།
1993	verse-stanza	28		དེ་ཡི་རྣམ་སྨིན་སྨིན་པར་འགྱུར། །↵ཡང་དང་ཡང་དུ་རྣམ་སྨིན་འགྱུར། །↵གལ་ཏེ་གང་ཕྱིར་ལས་ག
1994	terminal-particle	44		གལ་ཏེ་ལས་དེ་ངོ་བོ་ཉིད་ཡོད་པ་ཡང་ཡིན་ལ་འབྲས་བུ་སྐྱེས་པར༌[^1195]འགྱུར་བ་ཡང་ཡིན་ན། ད
1995	terminal-particle	65		ཅིའི་ཕྱིར་ཞེ་ན། གང་གི་ཕྱིར་ལས་ངེས་པར་གནས་པ་ཡིན་ན་དེའི་ཕྱིར་ངོ་བོ་ཉིད་ཡོད་པས། ཇི་
1996	terminal-particle	31		ཡང་ན་ནི་ངེས་པར་གནས་པར་འདྲ་ཡང་གང་གིས་སྔོན་ནི་འབྲས་བུ་བསྐྱེད་པར་གྱུར་པ་ལ་དེ༌[^1197
1997	line-end	13		ཞེས་བྱ་བའི་ཁྱད་པར་གྱི་གཏན་ཚིགས་བསྟན་པར་བྱ་དགོས་སོ། །
1998	terminal-particle	31		སྨྲས་པ། ཁྱོད་ནི་ལས་ངོ་བོ་ཉིད་ཡོད་པའི་སྐྱོན་ཡང་དག་པར་རྫོགས་པ༌[^1199]འབའ་ཞིག་བྱེད་
1999	line-end	54		ཞེས་བྱ་བ་ནི་ཅུང་ཟད་ཀྱང་མི་སྟོན་ན། དེའི་ཕྱིར་གལ་ཏེ་གང་གིས་ལས་དེ་ངོ་བོ་ཉིད་མེད་དོ་
2000	verse-stanza	28		ལས་འདི་ཉོན་མོངས་བདག་ཉིད་ན། །↵ཉོན་མོངས་དེ་དག་ཡང་དག་མིན། །↵གལ་ཏེ་ཉོན་མོངས་ཡང་དག་མི
2001	line-end	40		ལས་ཞེས་བྱ་བ་གང་ཡིན་པ་འདི་ནི་ཉོན་མོངས་པའི་རྒྱུ་ལས་བྱུང་བ༌[^1201]སྟེ། འདི་ལྟར་ཉོན་
2002	terminal-particle	33		དེ་ལྟ་ན་ཉོན་མོངས་པའི་རྒྱུ་ལས་བྱུང་བ་ཉོན་མོངས་པའི་རང་བཞིན་ཅན་ཉོན་མོངས་པའི་བདག་ཉིད
2003	terminal-particle	31		ཉོན་མོངས་དེ་དག་ཡང་དག་མིན། །ཞེས་བྱ་བའི་ལས་གང་གི་བདག་ཉིད་ཡིན་པའི་ཉོན་མོངས་པ་དེ་དག་
2004	terminal-particle	29		དེའི་དངོས་པོ་ནི་ཡང་དག་པ་སྟེ་ཉོན་མོངས་པའི་དངོས་པོ་ཉིད་དུ་ཡོད་པ་མ་ཡིན་པས་ངོ་བོ་ཉིད
2005	line-end	9		ཞེས་བྱ་བའི་ཐ་ཚིག་སྟེ། འོག་ནས་ཀྱང་།
2006	verse-stanza	28		གང་དག་སྡུག་དང་མི་སྡུག་པའི། །↵ཕྱིན་ཅི་ལོག་ལ་རྟེན༌[^1202]འབྱུང་བ། །↵དེ་དག་ངོ་བོ་ཉི
2007	terminal-particle	5		ཅེས་འབྱུང་བའི་ཕྱིར་རོ། །
2008	line-end	78		གལ་ཏེ་ལས་གང་གི་བདག་ཉིད་ཡིན་པའི་ཉོན་མོངས་པ་དེ་དག་ཡང་དག་པ་མ་ཡིན་ཞིང་། ངོ་བོ་ཉིད་ཀྱ
2009	terminal-particle	37		སྨྲས་པ། ལས་དང་ཉོན་མོངས་པ་དག་ནི་ངོ་བོ་ཉིད་ཡོད་པ་ཁོ་ན་ཡིན་ཏེ། ཅིའི་ཕྱིར་ཞེ་ན། དེ་ད
2010	terminal-particle	53		འདི་ལ་ལས་དང་ཉོན་མོངས་པ་དག་ནི་ལུས་རྣམས་ཀྱི་རྐྱེན་དུ་བསྟན་ལ་ལུས་རྣམས་ནི་ངོ་བོ་ཉིད་
2011	line-end	2		བཤད་པ།
2012	verse-stanza	28		ལས་དང་ཉོན་མོངས་པ་དག་ནི། །↵ལུས་རྣམས་ཀྱི་ནི་རྐྱེན་དུ་བསྟན། །↵གལ་ཏེ་ལས་དང་ཉོན་མོངས་
2013	terminal-particle	116		འདི་ལ་ཁྱོད་ཀྱི༌[^1207]ལས་དང་ཉོན་མོངས་པ་དག་ནི་ལུས་རྣམས་ཀྱི་རྐྱེན་དུ་བསྟན་ལ། ཞེས་ས
2014	terminal-particle	16		ཞེས་བྱ་བ་དེ་ཇི་ལྟར་བརྗོད་དེ། ལུས་ངོ་བོ་ཉིད་ཡོད་པ་ཉིད་དོ། །
2015	line-end	15		ཞེས་བྱ་བའི་ཚིག་དེ་ནི་གཙིགས་པ་མ༌[^1208]ཡིན་པ་ཉིད་དུ་ངེས་སོ། །
2016	terminal-particle	29		སྨྲས་པ། ལས་ནི་ཡོད་པ་ཁོ་ན་ཡིན་ཏེ། ཅིའི་ཕྱིར་ཞེ་ན། ལས་ཀྱི་འབྲས་བུ་ལ་ལོངས་སྤྱོད་པའི
2017	line-end	11		འདི་ལ་བཅོམ་ལྡན་འདས་ཀྱིས་དེ་དང་དེ་དག་ཏུ།
2018	verse-stanza	14		མ་རིག་བསྒྲིབས་པའི་སེམས་ཅན་དག །↵སྲེད་པའི་ཀུན་ཏུ་སྦྱོར་དང་ལྡན། །
2019	terminal-particle	34		ཞེས་ཀྱང་གསུངས་ལ། གཞན་ཡང་ཅི་སྟེ་ཁྱོད་རང་ཉིད་ཀྱིས༌[^1209]སྡིག་པའི་ལས་འདི་བྱས་ན། ཁྱ
2020	line-end	6		ཞེས་ཀྱང་གསུངས་པ། དེའི་ཕྱིར།
2021	verse-stanza	14		མ་རིག་བསྒྲིབས་པའི་སྐྱེ་བོ་གང་། །↵སྲེད་ལྡན་དེ་ནི་ཟ་བ་པོ། །
2022	line-end	110		མ་རིག་པས་བསྒྲིབས་པའི་སེམས་ཅན་སྲེད་པའི་ཀུན་ཏུ་སྦྱོར་བ་དང་ལྡན་པ་དང་ཞེས་གང་གསུངས་པ་
2023	verse-stanza	14		དེ་ཡང་བྱེད་ལས་གཞན་མིན་ཞིང་། །↵དེ་ཉིད་དེ་ཡང་མ་ཡིན་ནོ། །
2024	terminal-particle	37		ད་ནི་ལས་ཀྱི་འབྲས་བུ་ལ་ལོངས་སྤྱད་པའི་ཟ་བ་པོ་དེ་ཡང་ལས༌[^1211]དེའི་བྱེད་པ་པོ་ལས་གཞན
2025	terminal-particle	5		ཞེས་གསུངས་པའི་ཕྱིར་རོ། །
2026	terminal-particle	17		གཞན་མ་ཡིན་པ་ཡང་མ་ཡིན་ཏེ། ཉེ་བར་ལེན་པ་གཞན་ཡིན་པའི་ཕྱིར་རོ། །
2027	terminal-particle	21		དེ་ལྟ་ན་འཁོར་བ་ཡང་འཐད་ལ་རྟག་པ་དང་ཆད་པའི་སྐྱོན་དུ་ཡང་ཐལ་བར་མི་འགྱུར་རོ། །
2028	line-end	73		བཤད་པ། ཅི་ཁྱོད་རྩིག་རྨང་མ་བྲེས་པར་པུ་ཤུ་འདོགས་པར་བྱེད་དམ། ཁྱོད་བྱེད་པ་པོ་དང་ལས་ད
2029	verse-stanza	28		གང་གི་ཕྱིར་ན་ལས་འདི་ནི། །↵རྐྱེན་ལས་བྱུང་བ་མ་ཡིན་ཞིང་། །↵རྐྱེན་མིན་ལས་བྱུང་ཡོད་མི
2030	line-end	87		གང་གི་ཕྱིར་རྟེན་ཅིང་འབྲེལ་པར་འབྱུང་བ་སྨྲ་བ༌[^1212]རྣམས་ལ་ལས་འདི་ཞེས་བྱ་བ་དེ་རྐྱེ
2031	line-end	20		གང་གི་ཕྱིར་ལས་ཡོད་པ་མ་ཡིན་པ་དེའི་ཕྱིར་ལས་མེད་པའི་བྱེད་པ་པོ་ཡང་མེད་དོ། །
2032	verse-stanza	28		གལ་ཏེ་ལས་དང་བྱེད་མེད་ན། །↵ལས་སྐྱེས་འབྲས་བུ་ག་ལ་ཡོད། །↵ཅི་སྟེ་འབྲས་བུ་ཡོད་མིན་ན། 
2033	terminal-particle	69		གལ་ཏེ་བརྟགས་ན་ལས་ཀྱང་མེད་ལ་བྱེད་པ་པོ་ཡང་མེད་དེ། དེ་དག་མེད་ན་ལས་ལས་སྐྱེས་པའི་འབྲས
2034	terminal-particle	62		ད་ཅི་སྟེ་འབྲས་བུ་མེད་ན་ཟ་བ་པོ་ཡོད་པར་ག་ལ་འགྱུར་ཏེ། འདི་ལྟར་འབྲས་བུའི་ཟ་བ་པོར་འགྱ
2035	terminal-particle	12		ཞེས་བྱ་བ་དེ་ནི་སླུ་བའི༌[^1213]ཚིག་ཙམ་དུ་ཟད་དོ། །
2036	line-end	23		བྱེད་པ་པོ་དང་ལས་དང་འབྲས་བུ་དང་ཟ་བ་པོ་དག་མི་འཐད་ན། འཁོར་བ་ཇི་ལྟར་འཐད་པར་འགྱུར།
2037	terminal-particle	22		སྨྲས་པ། ཅི་བྱེད་པ་པོ་དང་ལས་དང་འབྲས་བུ་དང་ཟ་བ་པོ་དང་ཉོན་མོངས་པ་དག་མེད་དོ། །
2038	line-end	65		ཞེས་བྱ་བ་དེ་ཤིན་ཏུ་ངེས་པ་ཡིན་ནམ། བཤད་པ། གང་ལ་རྟེན་ཅིང་འབྲེལ་པར་འབྱུང་བ་དེ་ལ་ཡོད་
2039	verse-stanza	28		[^1215]ཇི་ལྟར་སྤྲུལ་པ་སྟོན་བྱེད་པ། །↵རྫུ་འཕྲུལ་ཕུན་སུམ་ཚོགས་པ་ཡིས། །↵སྤྲུལ་ཞིང་ས
2040	verse-stanza	28		དེ་བཞིན་བྱེད་པོས་ལས་གང་བྱས། །↵དེ་ཡང་སྤྲུལ་པའི་རྣམ་པ་བཞིན། །↵དཔེར་ན་སྤྲུལ་པས་སྤྲུ
2041	verse-stanza	28		ཉོན་མོངས་ལས་དང་ལུས་རྣམས་དང་། །↵བྱེད་པ་པོ་དང་འབྲས་བུ་དག །↵དྲི་ཟའི་གྲོང་ཁྱེར་ལྟ་བུ
2042	terminal-particle	61		དེའི་ཕྱིར་དེ་ལྟར་སྤྲུལ་པ་བྱེད་པ་དང་། སྤྲུལ་པ་དང་། དྲི་ཟའི་གྲོང་ཁྱེར་དང་། སྒྱུ་མ་
2043	line-end	79		ཞེའམ་མེད་དོ་ཞེས་ཇི་ལྟར་སྨྲ་བར་ནུས་ཏེ། འདི་ལྟར་དངོས་པོ་དང་དངོས་པོ་མེད་པར་རྟོག་པ་ཐ
2044	terminal-particle	14		དེ་ལྟ༌[^1218]བས་ན་ཁོ་བོས༌[^1219]དངོས་པོ་བརྟེན་ནས་གདགས་པ་ཡིན་ནོ། །
2045	terminal-particle	11		ཞེས་ཤིན་ཏུ་ངེས་པར་བྱས་པ་དེ་གཟུང་བར་བྱའོ། །
2046	line-end	62		དེ་ལྟ་ན་བྱེད་པ་པོ་དང་ལས་དང་འབྲས་བུ་དང་ཟ་བ་པོ་དང་ཉོན་མོངས་པ་དང་ལུས་བསྟན་པ་དག་ཀྱང་
2047	line-end	68		དབུ་མ་རྩ་བའི་འགྲེལ་པ་བུད་དྷ་པཱ་ལི་ཏ། བམ་པོ་བདུན་པ། སྨྲས་པ། གལ་ཏེ་དངོས་པོ་དང་དངོས
2048	ordinal-open	15		དང་པོ་བརྩམས༌[^1221]ཚུན་ཆད་ནས་དེ་ཁོ་ན་རབ་ཏུ་བསྟན་པར་བྱས་སོ། །
2049	line-end	44		མདོར་ན་ཕྱི་དང་ནང་ལ་བདག་མེད་པ་བདག་གི་མེད་པ་ཉིད་དུ་ལྟ་བ་གང་ཡིན་པ་དེ་ནི་དེ་ཁོ་ནའི་ད
2050	line-end	132		སྨྲས་པ། ཇི་ལྟར་ཕྱི་དང་ནང་ལ་བདག་མེད་པ་དང་། བདག་གི་མེད་པ་ཉིད་དུ་ལྟ་བར་འགྱུར། བཤད་པ
2051	line-end	4		ཅིའི་ཕྱིར་ཞེ་ན།
2052	verse-stanza	28		གལ་ཏེ་ཕུང་པོ་བདག་ཡིན་ན། །↵སྐྱེ་དང་འཇིག་པ་ཅན་དུ་འགྱུར། །↵གལ་ཏེ་ཕུང་པོ་རྣམས་ལས་གཞན
2053	terminal-particle	41		རེ་ཞིག་གལ་ཏེ་ཕུང་པོ་རྣམས་ཉིད་བདག་ཉིད་ཡིན་པར་གྱུར་ན། དེ་ལྟ་ན་སྐྱེ་བ་དང་འཇིག་པའི་ཆ
2054	terminal-particle	39		དེ་ལ་བདག་མང་པོ་ཉིད་དུ་ཡང་ཐལ་བར་འགྱུར་ལ། བདག་ཏུ་སྨྲ་བ་དོན་མེད་པ་ཉིད་དུ་ཡང་འགྱུར་ཏ
2055	terminal-particle	13		དེ་ལྟ་བས་ན་རེ་ཞིག་ཕུང་པོ་རྣམས་ཉིད་བདག་ཡིན་ནོ། །
2056	terminal-particle	6		ཞེས་བྱ་བ་མི་འཐད་དོ། །
2057	terminal-particle	60		ཅི་སྟེ་ཡང་ཕུང་པོ་རྣམས་ལས་གཞན་ཡིན་པར་གྱུར་ན། དེ་ལྟ་ན་ཕུང་པོའི་མཚན་ཉིད་མ་ཡིན་པར་འག
2058	terminal-particle	64		དེ་ལྟ་བས་ན་རྟག་པར་འགྱུར་ཏེ། བདག་རྟག་པ་ཡིན་ན་རྩོམ་པ་ཐམས་ཅད་དོན་མེད་པ་ཉིད་དུ་འགྱུར
2059	terminal-particle	15		དེ་ལྟ་བས་ན་བདག་ཕུང་པོ་རྣམས་ལས་གཞན་པར་ཡང་མི་འཐད་དོ། །
2060	line-end	17		དེ་དེ་ལྟར་བློ་གྲོས་ངེས་ནས་ཀྱང་སོ་སོ༌[^1226]ཡང་དག་པར་རྟོག་པར་བྱེད་དེ།
2061	verse-stanza	14		བདག་ཉིད་ཡོད་པ་མ་ཡིན་ན། །↵བདག་གི་ཡོད་པར་ག་ལ་འགྱུར། །
2062	line-end	66		བརྟགས་ན་གལ་ཏེ་བདག་ཉིད་རྣམ་པ་ཐམས་ཅད་དུ་མི་འཐད་ན་བདག་གི་ཡོད་པར་ག་ལ་འགྱུར། འདི་ལྟར་
2063	terminal-particle	32		དེ་ལྟར་ཕྱི་དང་ནང་ལ་བདག་དང་བདག་གིར་མི་ལྟ་བ་དེ་ནི་དེ་ཁོ་ན་མཐོང་བ་ཡིན་ཏེ། དེ་དེ་སྒོ
2064	line-end	24		དེ་སྒོམ་པར༌[^1231]བྱེད་ཅིང་བརྟན་པར༌[^1232]བྱེད་པ་དེའི་བདག་དང་བདག་གིར་མངོན་པར་ཞེན
2065	verse-stanza	14		བདག་དང་བདག་གི་ཞི་བའི་ཕྱིར། །↵ངར་འཛིན་ང་ཡིར་འཛིན་མེད་འགྱུར། །
2066	line-end	29		དེ་ལྟར་བདག་དང་བདག་གིར་མངོན་པར་ཞེན་པ་ཉེ་བར་ཞི་བའི་ཕྱིར་དེ་ལ་ངར་འཛིན་པ་དང་། ང་ཡིར་
2067	terminal-particle	29		སྨྲས་པ། གང་གིས་དེ་ལྟར་ཡང་དག་པ་ཇི་ལྟ་བ་བཞིན་དུ་མཐོང་བ༌[^1233]ན་ངར་འཛིན་པ་དང་ང་ཡིར
2068	terminal-particle	26		ཞེས་བྱ་བ་སྟེ། དེ་ཉིད་བདག་ཡིན་པས་དེ་ཡོད་པའི་ཕྱིར་བདག་དང་བདག་གི་ཡང་ངེས་པ་ཁོ་ནར་ཡོད
2069	line-end	2		བཤད་པ།
2070	verse-stanza	28		ངར་འཛིན་ང་ཡིར་འཛིན་མེད་གང་། །↵དེ་ཡང་ཡོད་པ་མ་ཡིན་ཏེ། །↵ངར་འཛིན་ང་ཡིར་འཛིན་མེད་པར།
2071	line-end	90		དེ་ལྟར་ངར་འཛིན་པ་མེད་པ་དང་། ང་ཡིར་འཛིན་པ་མེད་པ་ཞེས་བྱ་བ་གང་ཡིན་པ་དེ་ཡང་ཡོད་པ་མ་ཡ
2072	terminal-particle	37		དེ་ལྟ་བས་ན་ཉེ་བར་ལེན་པའི་དབང་ཁོ་ནས་བརྗོད་པར་ཟད་ཀྱི། གང་ངར་འཛིན་པ་མེད་པ་དང་ང་ཡིར་
2073	line-end	60		ཅི་སྟེ་ཡོད་ན་ནི་དེ་ཡོད་ན་ཇི་ལྟར་ངར་འཛིན་པ་མེད་པ་དང་ང་ཡིར་འཛིན་པ་མེད་པར་འགྱུར། ཅི
2074	verse-stanza	28		གལ་ཏེ་བདག་ཅེས་བྱ་བ་ཡོད། །↵བདག་མེད་ཅེས་བྱ་དེ་མི་རིགས། །↵ཡང་ན་དེ་ཉིད་རྟོགས་པ་འམ། །
2075	line-end	3		ཞེས་གསུངས་སོ། །
2076	line-end	40		དེ་ལྟ་བས་ན་ངར་འཛིན་པ་མེད་པ་དང་། ང་ཡིར་འཛིན་པ་མེད་པར་གང་གིས་མཐོང་བ་ལོག་པར་ལྟ་བ་བླ
2077	verse-stanza	28		ནང་དང་ཕྱི་རོལ་ཉིད་དག་ལ། །↵བདག་དང་བདག་གི་ཟད་གྱུར་ན། །↵ཉེ་བར་ལེན་པ་འགག་འགྱུར་ཞིང་།
2078	terminal-particle	92		ད་ནང་དང་ཕྱི་རོལ་ཉིད་དག་ལ་དེའི་བདག་ཅེས་བྱ་བ་དང་། བདག་གི་ཞེས་བྱ་བར་དེ་དག་ལ་ལོག་པར་
2079	line-end	29		དེ་ལྟར་ཡང་དག་པ་ཇི་ལྟ་བ་བཞིན་དུ་མཐོང་བ་དེས་དེ་ཁོ་ན་རྟོགས་པ་ཡིན་ལ། དེ་ཁོ་ན་རྟོགས་པ
2080	verse-stanza	28		ལས་དང་ཉོན་མོངས་ཟད་པས་ཐར། །↵ལས་དང་ཉོན་མོངས་རྣམ་རྟོག་ལས། །↵དེ་དག་སྤྲོས་ལས་སྤྲོས་པ་
2081	terminal-particle	26		འདི་ལ་ལས་དང་ཉོན་མོངས་པ་དག་ནི་སྐྱེ་བའི་རྒྱུ་ཡིན་པའི་ཕྱིར་ལས་དང་ཉོན་མོངས་པ་ཟད་པས་ཐ
2082	terminal-particle	33		ལས་དང་ཉོན་མོངས་པ་དེ་དག་ཀྱང་ཡང་དག་པ་མ་ཡིན་པའི་རྣམ་པར་རྟོག་པ་ལས་བྱུང་བ་ཡིན་གྱི་ངོ་
2083	line-end	59		ཉོན་མོངས་པ་ནི་ཚུལ་བཞིན་མ་ཡིན་པར་རྣམ་པར་རྟོག་པ་ལས་བྱུང་བ་ཡིན་ཏེ། ཇི་ལྟར་ཡུལ་གཅིག་
2084	terminal-particle	60		ཉོན་མོངས་པ་ཅན་གྱི་སེམས་དང་ལྡན་པའི་ལུས་དང་ངག་དང་ཡིད་ཀྱིས་མངོན་པར་འདུ་བྱེད་པ་དག་ནི
2085	terminal-particle	6		ཞེས་རྒྱ་ཆེར་བཀའ་སྩལ་ཏོ། །
2086	terminal-particle	27		དེ་ལྟ་བས་ན་ལས་དང་ཉོན་མོངས་པ་དག་ནི་ཡང་དག་པ་མ་ཡིན་པའི་རྣམ་པར་རྟོག་པའི་རྒྱུ་ལས་བྱུང
2087	line-end	79		ད་ཡང་དག་པ་མ་ཡིན་པའི་རྣམ་པར་རྟོག་པ་དེ་དག་ནི་སྤྲོས་པ་ལས་བྱུང་བ་ཡིན་ཏེ་འཇིག་རྟེན་པའ
2088	terminal-particle	35		སྤྲོས་པ་ནི་སྟོང་པ་ཉིད་ཀྱིས་འགག་པར་འགྱུར་ཏེ། དེའི་རྙེད་པ་དང་མ་རྙེད་པ་ལ་སོགས་པ་འཇི
2089	terminal-particle	20		དངོས་པོའི་ངོ་བོ་ཉིད་སྟོང་པ་ཉིད་དུ་རྟོགས་པར༌[^1239]འགགས་ཏེ། སྟོང་པ་ཉིད་རྟོགས་ནས་འ
2090	line-end	46		དེ་ལྟ་བས་ན་སྟོང་པ་ཉིད་ནི་དེ་ཁོ་ན་ཡིན་ལ་སྟོང་པ་ཉིད་བསྒོམས་པ༌[^1240]ཁོ་ནས་ནི་དེ་ཁོ
2091	verse-stanza	28		མདོར་ན་ཆོས་ནི་མི་འཚེ་སྟེ། །↵མྱ་ངན་འདས་པ་སྟོང་པ་ཉིད། །↵འདི་ལ་དེ་གཉིས་འབའ་ཞིག་ཅེས།
2092	line-end	3		ཞེས་གསུངས་སོ། །
2093	terminal-particle	35		སྨྲས་པ། གལ་ཏེ་དེ་ལྟར་བདག་དང་བདག་གི་མེད་ན་ཇི་ལྟར་སངས་རྒྱས་བཅོམ་ལྡན་འདས་རྣམས་ཀྱིས་
2094	line-end	11		ཞེས་བྱ་བ་དེ་ཡང་མི་སྨྲ་སྟེ། འོག་ནས་ཀྱང་།
2095	verse-stanza	28		དེ་ལྟར་ལེན་ལས་གཞན་མ་ཡིན། །↵དེ་ནི་ཉེར་ལེན་ཉིད་ཀྱང་མིན། །↵བདག་ནི་ཉེ་བར་ལེན་མེད་མིན
2096	line-end	38		ཞེས་འབྱུང་ངོ་། །འོན་ཀྱང་སངས་རྒྱས་བཅོམ་ལྡན་འདས་སེམས་ཅན་རྣམས་ཀྱི་བསམ་པ་དང་བག་ལ་ཉལ་
2097	verse-stanza	28		བདག་གོ་ཞེས་ཀྱང་བཏགས་གྱུར་ཅིང་། །↵བདག་མེད་ཅེས་ཀྱང་བསྟན་པར་གྱུར། །↵སངས་རྒྱས་རྣམས་ཀ
2098	terminal-particle	12		དེ་ལ་གདུལ་བྱ་གང་དག་ལ་འཇིག་རྟེན་འདི་མེད་དོ། །
2099	terminal-particle	6		འཇིག་རྟེན་ཕ་རོལ་མེད་དོ། །
2100	line-end	79		སེམས་ཅན་རྫུས་ཏེ་སྐྱེ་བ་མེད་དོ་སྙམ་པའི་ལྟ་བ་དེ་ལྟ་བུ་བྱུང་བར་གྱུར་པ། ལོག་པར་འཛིན་
2101	terminal-particle	58		གདུལ་བྱ་གང་དག་ལ་ལས་དགེ་བ་དང་མི་དགེ་བ་རྣམས་ཀྱི་བྱེད་པ་པོ་དང་དེ་དག་གི་འབྲས་བུ་འདོད
2102	terminal-particle	77		གཞན་དུ་ན་བདག་མེད་ན་དེ་དག་ཐམས་ཅད་དོན་མེད་པ་ཉིད་དུ་འགྱུར་རོ་སྙམ་པའི་ལྟ་བ་དེ་ལྟ་བུ་
2103	terminal-particle	4		ཞེས་ཀྱང་བསྟན་ཏོ། །
2104	terminal-particle	75		གདུལ་བ་བཟང་པོ་གང་དག་དགེ་བའི་ཚོགས་ཡོངས་སུ་སྨིན་པ། སྲིད་པའི་ཆུ་བོ་ལས་བརྒལ་བར་ནུས་པ
2105	line-end	9		ཞེས་སྟོན་ཏེ། སློབ་དཔོན་འཕགས་པ་ལྷས་ཀྱང་།
2106	verse-stanza	28		མེད་དང་ཡོད་དང་གཉི་ག་དང་། །↵གཉི་ག་མིན་པའང་སྟོན་མཛད་དེ། །↵ནད་ཀྱི་དབང་གིས་ངེས་པར་ནི
2107	line-end	3		ཞེས་གསུངས་སོ། །
2108	terminal-particle	50		ཡང་ན་འདི་ནི་གཞན་ཏེ༌[^1247]དེ་ཁོ་ན་མཐོང་བ་ལ་རྒྱབ་ཀྱིས་ཕྱོགས་པ། ཐམས་ཅད་ཤེས་པ་མ་ཡིན
2109	terminal-particle	12		ཞེས་སྐྲག་པ་ཁ་ཅིག་གིས་བདག་གོ་ཞེས་ཀྱང་བཏགས༌[^1249]སོ། །
2110	terminal-particle	38		དེ་བཞིན་དུ་བློ་གྲོས་རྣམ་པར་རྨོངས་པ་མེད་པ་དག༌[^1250]གིས་འཇིག་རྟེན་ན་ཕུང་པོར༌[^125
2111	terminal-particle	42		སངས་རྒྱས་བཅོམ་ལྡན་འདས་སྒྲིབ་པ་མེད་པའི་རྣམ་པར་ཐར་པའི་མཁྱེན་པ་བརྙེས་པ་ཐམས་ཅད་མཁྱེན
2112	line-end	35		ཞེས་ངེས་པར་གསལ་ཏེ། དབུ་མའི་ལམ་བདག་དང་བདག་མེད་པ་མ་ཡིན་པ་འདི་ཡོད་པས་འདི་འབྱུང་ལ། འ
2113	terminal-particle	14		འདིར་སྨྲས་པ། སྤྲོས་པ་ནི་སྟོང་པ་ཉིད་ཀྱིས་འགག་པར་འགྱུར་རོ། །
2114	line-end	98		ཞེས་གང་སྨྲས་པ་དེ་ལ་རིགས་པ་གང་ཡིན། འདིར་བཤད་པ། བརྗོད་པར་བྱ་བ་ལྡོག་པ་སྟེ། གང་གི་ཕྱ
2115	terminal-particle	9		བཤད་པ། སེམས་ཀྱི་སྤྱོད་ཡུལ་ལྡོག་པས་སོ། །
2116	line-end	80		སེམས་ཀྱི་ཡུལ་ནི་གཟུགས་ལ་སོགས་པ་ཡུལ་རྣམས་ཏེ། གང་གི་ཕྱིར་དེའི་སེམས་ཀྱི་སྤྱོད་ཡུལ་ག
2117	verse-stanza	14		མ་སྐྱེས་པ་དང་མ་འགགས་པ། །↵ཆོས་ཉིད་མྱ་ངན་འདས་དང་མཚུངས། །
2118	terminal-particle	46		གང་གི་ཕྱིར་དེས་ཡང་དག་པ་ཇི་ལྟ་བ་བཞིན་དུ་མཐོང་བ༌[^1253]མ་སྐྱེས་པ་དང་མ་འགགས་པའི་ཆོས
2119	line-end	21		དེ་ལྟ་བས་ན་སྤྲོས་པ་ནི་སྟོང་པ་ཉིད་ཀྱིས་འགག་པར་འགྱུར་ཏེ། སློབ་དཔོན་འཕགས་པ་ལྷས་ཀྱང་
2120	verse-stanza	28		སྲིད་པའི་ས་བོན་རྣམ་ཤེས་ཏེ། །↵ཡུལ་རྣམས་དེ་ཡི་སྤྱོད་ཡུལ་ལོ། །↵ཡུལ་ལ་བདག་མེད་མཐོང་ན
2121	line-end	3		ཞེས་གསུངས་སོ། །
2122	terminal-particle	8		སྨྲས་པ། གང་འཇིག་རྟེན་འདི་མེད་དོ། །
2123	terminal-particle	6		འཇིག་རྟེན་ཕ་རོལ་མེད་དོ། །
2124	terminal-particle	8		སེམས་ཅན་རྫུས༌[^1254]ཏེ་སྐྱེ་བ་མེད་དོ། །
2125	terminal-particle	64		ཞེས་བྱ་བ་ལ་སོགས་པར་ལྟ་བ་དེ་དང་། གང་དངོས་པོ་ཐམས་ཅད་མ་སྐྱེས་པ་དང་མ་འགགས་པ་ཞེས་བྱ་བ
2126	line-end	161		འདི་ལ་སོ་སོར་མ་བརྟགས་པར་བཏང་སྙོམས་བྱེད་པ་གང་ཡིན་པ་དང་། སོ་སོར་བརྟགས་ནས་བཏང་སྙོམས
2127	terminal-particle	16		གཞན་ཡང་མེད་པ་དེ་ཉིད་མ་མཐོང་བ་བཞིན་དུ་འཇིག་རྟེན་འདི་མེད་དོ། །
2128	terminal-particle	17		ཞེས་ཚིག་འབའ་ཞིག་བརྗོད་པ་དེ་ལ་ནི། དཔེར་ན་དམུས་ལོང་ཕྱོགས་འདི་ལ༌[^1256]བདེའོ། །
2129	terminal-particle	29		ཞེས་བརྗོད་ཀྱང་མིག་མེད་པའི་ཕྱིར་མི་མཐོང་བས་དེར་འཁྲུལ་པ་དང་། བརྡེག་འཆའ་བར་འགྱུར་བ་
2130	terminal-particle	20		ཞེས་བརྗོད་ཀྱང་ཤེས་པའི་མིག་མེད་པའི་ཕྱིར་མི་མཐོང་བས། སྐྱོན་དེ་དག་གིས་གོས་པར་འགྱུར་
2131	line-end	117		གཞན་ཡང་དཔེར་ན་ཁ་ཅིག་རྩོད་པ་ན་དོན་བདེན་པར་འགྱུར་བ་ཁོ་ན་ལ་ཆེ་བཞི་གཉིས་སྟོན་པར་གྱུར
2132	line-end	143		ཅིག་ཤོས་ཀྱིས་ནི་དོན་དེ་སྨྲས་པ་ན་དོན་དེ་མངོན་སུམ་དུ་གྱུར་པའི༌[^1259]ཕྱིར་བདེན་པར་
2133	verse-stanza	28		ཁྱོད་ཉིད་མཐོང་ན་འཆིང་འགྱུར་ཏེ། །↵མ་མཐོང་ན་ཡང་འཆིང་བར་འགྱུར། །↵ཁྱོད་ཉིད་མཐོང་ན་གྲ
2134	quote-close	3		ཞེས་གསུངས་སོ། །
2135	line-end	47		དེ་ལྟ་ན་འདི་ནི་དེ་ཁོ་ན་ཉིད༌[^1264]ཤེས་པའི་བློ་གྲོས་ཀྱི་མིག་དྲི་མ་མེད་པ་དང་ལྡན་པའ
2136	line-end	190		གཞན་ཡང་ཁྱོད་མཁས་པར་རློམ་པ་ཉིད་ཀྱི༌[^1265]བློ་སྔོན་དུ་བཏང་སྟེ་ལྟ་བ་སེམས་པར་མཚུངས་
2137	line-end	69		སྨྲས་པ། གལ་ཏེ་དེ་ལྟར་དངོས་པོ་ཐམས་ཅད་མྱ་ངན་ལས་འདས་པ་དང་མཚུངས་པ་ཡིན་ན་ཆོས་དང་ཆོས་མ
2138	verse-stanza	15		སྔར་བརྗོད་པར་བྱ་བ་ལྡོག་པ་སྟེ། །↵སེམས་ཀྱི་སྤྱོད་ཡུལ་ལྡོག་པས་སོ། །
2139	terminal-particle	32		ཞེས་བསྟན་ཟིན་པས། དེའི་ཕྱིར༌[^1272]རྣམ་པར་རྨོངས་པའི་སེམས་དང་ལྡན་པ་ལ་རྩོམ་པ་ཡོད་ཀྱ
2140	line-end	7		ཇི་སྐད་དུ་བྱ་བ་བྱས་སོ། །
2141	terminal-particle	39		འདི་ལས་གཞན་མེད་དོ་ཞེས་གསུངས་པ་དང་། དེ་བཞིན་དུ་གང་ཟག་མ་རིག་པ་དང་ལྡན་པ་འདི་ནི་བསོད
2142	terminal-particle	5		ཞེས་གསུངས་པ་ལྟ་བུའོ། །
2143	line-end	6		སློབ་དཔོན་འཕགས་པ་ལྷས་ཀྱང་།
2144	verse-stanza	28		ཀུན་མེད་ཅི་ཞིག་བྱར་ཡོད་ཅེས། །↵ཁྱོད་ནི་འཇིགས་པ་སྐྱེ་བར་འགྱུར། །↵གལ་ཏེ་བྱ་བ་ཡོད་ན་
2145	terminal-particle	26		ཞེས་གསུངས་ཏེ། དེ་ལྟ་བས་ན། ཆོས་ཉིད་མྱ་ངན་འདས་དང་མཚུངས། །ཞེས་པ་འདི་ནི་དོན་དམ་པའི་ཕ
2146	line-end	42		འཇིག་རྟེན་གྱི་ཐ་སྙད༌[^1273]ཀྱི་ཕྱིར། ཐམས་ཅད་ཡང་དག་ཡང་དག་མིན། ཡང་དག་ཡང་དག་མ་ཡིན་ཉ
2147	terminal-particle	14		གང་འཇིག་རྟེན་ལ་མེད་པར་གྲགས་པ་དེ་ང་ཡང་མེད་པར་སྨྲའོ། །
2148	terminal-particle	40		ཞེས་གསུངས་པས། དེའི་ཕྱིར་གང་གི་ཚེ་འཇིག་རྟེན་གྱི་ཐ་སྙད་བྱ་བ་དེའི་ཚེ་ན་གང་འཇིག་རྟེན
2149	quote-close	3		ཞེས་གསུངས་སོ། །
2150	terminal-particle	25		གང་འཇིག་རྟེན་ལ་ཡང་དག་པ་ཉིད་མ་ཡིན་པར་གྲགས་པ་དེ་བཅོམ་ལྡན་འདས་ཀྱིས་ཀྱང་ཡང་དག་པ་མ་ཡི
2151	quote-close	3		ཞེས་གསུངས་སོ། །
2152	terminal-particle	40		གང་འཇིག་རྟེན་ལ༌[^1274]ཡང་དག་པ་ཉིད་དང་། ཡང་དག་པ་ཉིད་མ་ཡིན་པ་ཉིད་དུ་གྲགས་པ་དེ་བཅོམ
2153	line-end	3		ཞེས་གསུངས་སོ། །
2154	terminal-particle	58		འདི་ལྟ་སྟེ་དཔེར་ན། གྲོང་མི་གཉིས་ཞིག་བྱ་བ་འགའ་ཞིག་ལ་གྲོང་ཁྱེར་དུ་དོང་བ་ན་ལྟད་མོའི
2155	terminal-particle	15		ལག་ན་འཁོར་ལོ་ཐོགས་པ་གང་ཡིན་པ་འདི་ནི་དབང་ཕྱུག་ཆེན་པོའོ། །
2156	terminal-particle	24		ཅིག་ཤོས་ཀྱིས༌[^1275]སྨྲས་པ་ཁྱོད་ཀྱིས་ལོག་པར་བཟུང་སྟེ། ལག་ན་མདུང་རྩེ་གསུམ་པ་ཐོགས་
2157	terminal-particle	11		ལག་ན་འཁོར་ལོ་ཐོགས་པ་ནི་སྲེད་མེད་ཀྱི་བུའོ། །
2158	terminal-particle	41		ཞེས་དེ་གཉིས་རྩོད་པ་ན་ཉེ་འཁོར་ན་ཀུན་ཏུ་རྒྱུ་ཞིག་འདུག་པའི་གན་དུ་དོང་སྟེ་ཕྱག་འཚལ་ནས
2159	terminal-particle	11		ཞེས་སྨྲས་པ་དང་། [^1276]ཅིག་ཤོས་ལ་ནི་མི་བདེན་ནོ། །
2160	terminal-particle	42		ཞེས་གང༌[^1277]སྨྲས་ན།[^1278] དེ་ལ་ཀུན་ཏུ་རྒྱུ་དེས་ཇི་ལྟར་འདི་ན་དབང་ཕྱུག་ཆེན་པོ་ཡ
2161	terminal-particle	20		ཞེས་བྱ་བ་དེ་ལྟར་ཤེས་མོད་ཀྱི། འཇིག་རྟེན་གྱི་ཐ་སྙད་ཀྱི་དབང་གིས་འདི་ནི་བདེན་ནོ། །
2162	terminal-particle	5		འདི་ནི་མི་བདེན༌[^1280]ནོ། །
2163	terminal-particle	47		ཞེས་སྨྲས་པ་ལ་བརྫུན༌[^1281]གྱི་ཚིག་གི་སྐྱོན་ཅན་དུ་མ་གྱུར་པ་དེ་བཞིན་དུ་བཅོམ་ལྡན་འད
2164	line-end	9		འདི་ནི་ཡང་དག་པ་ཉིད་མ་ཡིན་ནོ། །
2165	verse-stanza	14		འདི་ནི་ཡང་དག་པ་ཉིད་དང་། །↵ཡང་དག་པ་ཉིད་མ་ཡིན་ནོ། །
2166	line-end	3		ཞེས་གསུངས་སོ། །
2167	line-end	4		དོན་དམ་པར་ནི།
2168	verse-stanza	14		ཡང་དག་མིན་མིན་ཡང་དག་མིན། །↵དེ་ནི་སངས་རྒྱས་རྗེས༌[^1282]བསྟན་པའོ། །
2169	terminal-particle	85		དངོས་པོ་ངོ་བོ་ཉིད་སྟོང་པ་སྒྱུ་མ་དང་། རྨི་ལམ་དང་། སྨིག་རྒྱུ་དང་། གཟུགས་བརྙན་དང་། 
2170	terminal-particle	18		ཡང་ན་འདི་ནི་དོན་གཞན་ཏེ༌[^1284]ཁ་ཅིག་ན་རེ་ཐམས་ཅད་ཡོད་པ་ཉིད་ལས་སྐྱེའོ། །
2171	terminal-particle	3		ཞེས་ཟེར་རོ། །
2172	terminal-particle	15		གཞན་དག་ན་རེ་རྒྱུ་ལ་འབྲས་བུ་སྔ་ན་མེད་པ་དག་ལས་སྐྱེའོ། །
2173	terminal-particle	3		ཞེས་ཟེར་རོ། །
2174	terminal-particle	11		ཁ་ཅིག་ན་རེ་ཡོད་པ་དང་མེད་པ་ལས་སྐྱེའོ། །
2175	terminal-particle	3		ཞེས་ཟེར་རོ། །
2176	terminal-particle	59		སངས་རྒྱས་བཅོམ་ལྡན་འདས་རྣམས་ཀྱི་བསྟན་པ་ནི་དངོས་པོ་རྒྱུ་དང་རྐྱེན་ལས་གདགས་པར་ཟད་ཀྱི
2177	line-end	3		ཞེས་གསུངས་སོ། །
2178	terminal-particle	67		དེ་ལྟ་བས་ན་སངས་རྒྱས་བཅོམ་ལྡན་འདས་རྣམས་ཀྱིས་འཇིག་རྟེན་གྱི་ཐ་སྙད་ཀྱི་དབང་གིས་ཀྱང་ད
2179	line-end	11		སྨྲས་པ། དེ་ཁོ་ནའི་མཚན་ཉིད་གང་ཡིན། བཤད་པ།
2180	verse-stanza	28		གཞན་ལས་ཤེས་མིན་ཞི་བ་དང་། །↵སྤྲོས་པ་རྣམས་ཀྱིས་མ་སྤྲོས་པ། །↵རྣམ་རྟོག་མེད་དོན་ཐ་དད་
2181	terminal-particle	38		གཞན་ལས་ཤེས་མིན་ཞེས་བྱ་བ་ནི། འདི་ལ་གཞན་ལས་ཤེས་པ་མེད་པ་སྟེ། ལུང་མེད་པར་བདག་གི་མངོན
2182	terminal-particle	17		ཞི་བ༌[^1288]ཞེས་བྱ་བ་ནི་ངོ་བོ་ཉིད་སྟོང་པ་ཞེས་བྱ་བའི་ཐ་ཚིག་གོ། །
2183	terminal-particle	25		སྤྲོས་པ་རྣམས་ཀྱིས་མ་སྤྲོས་པ། །ཞེས་བྱ་བ་ནི་འཇིག་རྟེན་གྱི་ཆོས་རྣམས་དང་བྲལ་བ་ཞེས་བྱ
2184	terminal-particle	22		རྣམ་པར་རྟོག་པ་མེད་པ་ཞེས་བྱ་བ་ནི་འདི་ཞེས་བྱ་བ་དང་འདིའོ་ཞེས་རྣམ་པར་མ་བརྟགས་པའོ། །
2185	terminal-particle	18		དོན་ཐ་དད་པ་མ་ཡིན། ཞེས་བྱ་བ་ནི་འདི་ཡང་ཡིན་ལ། འདི་ཡང་ཡིན་ནོ། །
2186	line-end	5		ཞེས་དོན་དབྱེར་མེད་པའོ། །
2187	terminal-particle	20		དེ་ལ་གང་གི་ཕྱིར་རྣམ་པར་རྟོག་པ་མེད་པ་དེའི་ཕྱིར་སྤྲོས་པ་རྣམས་ཀྱིས་མ་སྤྲོས་པའོ། །
2188	terminal-particle	16		གང་གི་ཕྱིར་འཇིག་རྟེན་པའི་ཆོས་རྣམས་ཀྱིས་མ་སྤྲོས་པ་དེའི་ཕྱིར་ཞི་བའོ། །
2189	terminal-particle	49		གང་གི་ཕྱིར་ཞི་བ་དེའི་ཕྱིར་དོན་ཐ་དད་པ་མ་ཡིན་པ་སྟེ། དེའི་ཕྱིར་དེ་ལྟ་བུའི་རང་བཞིན་ཤ
2190	line-end	10		འདི་ཡང་དེ་ཁོ་ནའི་མཚན་ཉིད་གཞན་ཡིན་ཏེ།
2191	verse-stanza	28		གང་ལ༌[^1290]བརྟེན་ཏེ་གང་འབྱུང༌[^1291]བ། །↵དེ་ནི་རེ་ཞིག་དེ་ཉིད་མིན། །↵དེ་ལས་གཞན་པ
2192	terminal-particle	18		འདི་ལྟར་གང་ལ་བརྟེན་ཏེ་གང་བྱུང་བ་དེ་ནི་རེ་ཞིག་དེ་ཉིད་མ་ཡིན་ནོ། །
2193	line-end	39		དེ་ལས་གཞན་པའང་མ་ཡིན་ཏེ། གལ་ཏེ་དེ་དེ་ལས་གཞན་ཡིན་པར་གྱུར་ན་དེ་མེད་པར་ཡང་འབྱུང་བར་འ
2194	terminal-particle	92		དཔེར་ན་ས་བོན་ལ༌[^1294]བརྟེན་ཏེ་མྱུ་གུ་བྱུང་བ་ནི་ས་བོན་གང་ཁོ་ན་ཡིན་པ་དེ་མྱུ་གུ་ཁོ
2195	terminal-particle	17		འདི་ལྟར་ས་བོན་ཉིད་མྱུ་གུ་ཡིན་པར་གྱུར་ན། ས་བོན་རྟག་པར་འགྱུར་རོ། །
2196	terminal-particle	20		གང་གི་ཕྱིར་ས་བོན་ཉིད་མྱུ་གུ་མ་ཡིན་པ་དེའི་ཕྱིར་ས་བོན་རྟག་པ་མ་ཡིན་ནོ། །
2197	terminal-particle	33		གལ་ཏེ་ས་བོན་ཡང་གཞན་ཉིད་ལ་མྱུ་གུ་ཡང་གཞན་ཡིན་པར་གྱུར་ན་དེ་ལྟ་ན་ས་བོན་རྣམ་པ་ཐམས་ཅད་
2198	line-end	27		གང་གི་ཕྱིར་ས་བོན་ལ༌[^1297]མྱུ་གུ་གཞན་མ་ཡིན་པ་དེའི་ཕྱིར་ས་བོན་ཆད་པ་མ་ཡིན་ཏེ། སློབ
2199	verse-stanza	28		གང་ཕྱིར་དངོས་པོ་འཇུག་འགྱུར་བ། །↵དེས་ན་ཆད་པར་མི་འགྱུར་རོ། །↵གང་ཕྱིར་དངོས་པོ་ལྡོག་
2200	line-end	3		ཞེས་གསུངས་སོ། །
2201	line-end	39		དེ་ལྟ་བས་ན། དེ་ཡང་དེ་ཉིད་དང་གཞན་ཉིད་དུ་བརྗོད་པར་བྱ་བ་མ་ཡིན་པའི་ཕྱིར། རྟག་པ་ཡང་མ་
2202	verse-stanza	28		དོན་གཅིག་མིན་དོན་ཐ་དད་མིན། །↵ཆད་པ་མ་ཡིན་རྟག་མིན་པ། །↵དེ་ནི་སངས་རྒྱས་འཇིག་རྟེན་གྱ
2203	terminal-particle	123		དེ་ལྟར་མཐོ་རིས་དང་བྱང་གྲོལ་གྱི་ལམ་རྣམ་པར༌[^1299]འབྱེད་པ་དོན་གཅིག་པ་ཉིད༌[^1300]མ་
2204	terminal-particle	23		འདི་ལྟར་དེར་ཞུགས་པ་རྣམས་ཀྱི་བདག་ཉིད་ཀྱི་མངོན་སུམ་དུ་གྱུར་པ་འཕྲལ་ཁོ་ན་ལ་འགྲུབ་པར་
2205	line-end	34		གང་དག་ཚོགས་མ་བྱས་པ་ཉིད་ཀྱིས་འཕྲལ་ལ་མ་གྲུབ་པ་དེ་དག་ལ་ཡང་ཚེ་རབས་གཞན་དག་ལ་ངེས་པར་འག
2206	verse-stanza	28		དེ་ཉིད་ཤེས་པས་འདི་ལ་ནི། །↵འདོད་ཆགས་བྲལ་བ་མ་ཐོབ་ཀྱང་། །↵ཚེ་རབས་གཞན་ལ་འབད་མེད་པར། 
2207	line-end	3		ཞེས་གསུངས་སོ། །
2208	verse-stanza	28		རྫོགས་སངས་རྒྱས་རྣམས་མ་བྱུང་ཞིང་། །↵ཉན་ཐོས་རྣམས་ནི་ཟད་གྱུར་ཀྱང་། །↵རང་སངས་རྒྱས་ཀྱ
2209	terminal-particle	77		ཅི་སྟེ་ཡང་འདི་ལ་ཅུང་ཟད་གོམས་པར་བྱས་པ་རྣམས་ལ་བརྒྱ་ལ༌[^1306]རྫོགས་པའི་སངས་རྒྱས་རྣམ
2210	line-end	81		དེའི་དེ་ལྟར་བསྟན་པ་བདུད་རྩི་འདི་བསྒྲུབ་པ༌[^1309]ལ་འབྲས་བུ་ཡོད་པར་འགྱུར་བས། དེ་ལྟ
2211	terminal-particle	78		སྨྲས་པ། འདི་ལ་ཁྱོད་ཀྱིས་བྱེད་པ་པོ་ལས་བརྟག་པའི་ཞར་ལ་འོངས་པ་དེ་གའི༌[^1310]རིགས་པ་ར
2212	line-end	4		བཤད་པ་ལེགས་སོ། །
2213	terminal-particle	34		སྨྲས་པ། འདི་ལ་བཅོམ་ལྡན་འདས་ཀྱིས་དེ་དང་དེར་དུས་གསུམ་བསྟན་པ་མཛད་དེ། མེད་ན་ནི་བསྟན་
2214	terminal-particle	29		བཤད་པ། བཅོམ་ལྡན་འདས་ཀྱིས་འཇིག་རྟེན་གྱི་ཐ་སྙད་ཀྱི་དབང་གིས་དུས་གསུམ་བསྟན་པ་མཛད་ཀྱི
2215	terminal-particle	89		དེ་ཇི་ལྟར་ཞེ་ན། འདི་ལ་རེ་ཞིག་གལ་ཏེ་མ་འོངས་པའི་དུས་སུ་གྱུར་ནས་རིམ་གྱིས་ད་ལྟར༌[^13
2216	terminal-particle	36		ཅི་སྟེ་ཡང་མ་འོངས་པ་ཡང་གཞན་ཉིད་ལ་ད་ལྟར་ཡང་གཞན་འདས་པ་ཡང་གཞན་ཡིན་པར་གྱུར་ན་ནི། དེ་ལ
2217	line-end	22		རྟག་པ་ཉིད་ཡིན་ན་དུས་སུ་བརྟག་པ་དོན་མེད་པ་ཉིད་དུ་འགྱུར་ཏེ་དགོས་པ་མེད་པའི་ཕྱིར་རོ། 
2218	line-end	55		ཡང་གཞན་ཡང་། འདི་ལ་གལ་ཏེ་དུས་ཞེས་བྱ་བ་དངོས་པོ་འགའ་ཞིག་ཡོད་པར་གྱུར་ན། དེ་རང་ལས་སམ།
2219	verse-stanza	28		ད་ལྟར་བྱུང་དང་མ་འོངས་པ། །↵གལ་ཏེ་འདས་ལ་ལྟོས་གྱུར་ན། །↵ད་ལྟར་བྱུང་དང་མ་འོངས་པ། །↵འ
2220	terminal-particle	42		ད་ལྟར་བྱུང་བ་དང་། མ་འོངས་པའི་དུས་དག་གལ་ཏེ་འདས་པའི་དུས་ལ་ལྟོས་ནས་ཡོད་པར་གྱུར་ན། ད
2221	terminal-particle	16		འདས་པ་ན་ཡོད་པར་གྱུར་ན་དེ་གཉིས་ཀྱང་འདས་པ་ཡིན་པར་འགྱུར་རོ། །
2222	line-end	9		དེ་ལྟ་ན་དུས་གཅིག་ཁོ་ནར་འགྱུར་རོ། །
2223	terminal-particle	38		དུས་གཅིག་ཁོ་ན་ཡིན་ན་ལྟོས་པ་མི་འཐད་དེ་འདི་ལྟར་དེ་ཉིད་དེ་ཉིད་ལ་ཇི་ལྟར་ལྟོས་པར་འགྱུ
2224	line-end	58		ཅི་སྟེ་འདས་པའི་དུས་ཞིག་ཅིང༌[^1315]འགགས་ཏེ་མེད་པ་ཁོ་ན་ཡིན་ན་ནི། དེ་ན་འདི་གཉིས་ཇི་
2225	terminal-particle	64		སྨྲས་པ། གང་གི་ཚེ་ད་ལྟར་བྱུང་བ་དང་མ་འོངས་པ་དག་འདས་པ་ལ་ལྟོས་ནས་འགྲུབ་པོ་ཞེས་སྨྲས་པ
2226	line-end	3		གཞན་དུ་ན།
2227	verse-stanza	28		ད་ལྟར་བྱུང་དང་མ་འོངས་པ། །↵གལ་ཏེ་དེ་ན་མེད་གྱུར་ན། །↵ད་ལྟར་བྱུང་དང་མ་འོངས་པ། །↵ཇི་
2228	terminal-particle	59		ད་ལྟར་བྱུང་བ་དང་མ་འོངས་པའི་དུས་དག་གལ་ཏེ་འདས་པའི་དུས་དེ་ན་མེད་པར་གྱུར་ན། ད་ལྟར་བྱ
2229	line-end	48		ཅི་སྟེ་ཡང་དེ་ན་ཡོད་པར་གྱུར་ན་ནི་དེ་གཉིས་ཡོད་པ་ལ་ཡང་ལྟོས་པས་ཅི་ཞིག་བྱ། དེ་ལྟ་བས་ན
2230	line-end	32		དེ་ལ་འདི་སྙམ་དུ་ད་ལྟར་བྱུང་བ་དང་མ་འོངས་པ་དག་འདས་པ་ལ་མ་ལྟོས་པ་ཁོ་ནར་འགྲུབ་པར་སེམས
2231	verse-stanza	14		འདས་པ་ལ་ནི་མ་ལྟོས་པར། །↵དེ་གཉིས་འགྲུབ་པ་ཡོད་མ་ཡིན། །
2232	line-end	30		འདས་པའི་དུས་ལ་མ་ལྟོས་པར་ཡང་དེ་ལྟར༌[^1317]བྱུང་བ་དང་། མ་འོངས་པའི་དུས་དེ་གཉིས་རང་ལ
2233	verse-stanza	14		དེ་ཕྱིར་ད་ལྟར་བྱུང་བ་དང་། །↵མ་འོངས་དུས་ཀྱང་ཡོད་མ་ཡིན། །
2234	line-end	61		དེ་ལྟར་གང་གི་ཕྱིར་ད་ལྟར་བྱུང་བ་དང་མ་འོངས་པ་གཉིས་འདས་པའི་དུས་ན་ཡོད་པ་མ་ཡིན་པས་ལྟོ
2235	line-end	7		རིམ་པའི་ཚུལ་ནི་འདི་ཉིད་ཀྱིས།[^1318] །
2236	verse-stanza	21		ལྷག་མ་གཉིས་པོ་བསྣོར་བ་དང་། །↵མཆོག་དང་ཐ་མ་འབྲིང་ལ་སོགས། །↵གཅིག་ལ་སོགས་པའང༌[^1319]
2237	terminal-particle	30		རིམ་པའི་ཚུལ་འདི་ཉིད་ཀྱིས་དུས་ལྷག་མ་གཉིས་པོ་བསྣོར་བ༌[^1320]དང་། མཆོག་དང་ཐ་མ་དང་འབ
2238	terminal-particle	30		ད་ལྟར་བྱུང་བ་དང་འདས་པ་དག་གལ་ཏེ་མ་འོངས་པ་ལ་ལྟོས་ནས་ཡོད་པར་གྱུར་ན་དེ༌[^1321]ལྟ་ན་ད
2239	terminal-particle	41		དེ་ལྟ་ན་ད་ལྟར་བྱུང་བ་དང་འདས་པ་དག་ཀྱང་མ་འོངས་པ་ཡིན་པར་འགྱུར་ཏེ་དེ་ན་ཡོད་པའི་ཕྱིར་
2240	line-end	10		ལྟོས་པ་མེད་པའི་ཕྱིར་དེ་དག་ཀྱང་མེད་དོ། །
2241	terminal-particle	57		མ་འོངས་པ་མ་བྱུང་བ་མེད་པ་ཁོ་ན་གང་ཡིན་པ་དེ་ལ་ཡང་དེ་གཉིས་ཇི་ལྟར་ཡོད་པར་འགྱུར། ཅི་སྟ
2242	terminal-particle	42		ཅི་སྟེ་དེ་གཉིས་དེ་ན་མེད་པར་གྱུར་ན་ནི་དེ་ལ་ཇི་ལྟར་ལྟོས་པར་འགྱུར། འོན་ཀྱང་ལྟོས་པར་
2243	terminal-particle	17		མ་འོངས་པ་ལ་མ་ལྟོས་པར་ཡང་དེ་གཉིས་འགྲུབ་པ་ཡོད་པ་མ་ཡིན་ནོ། །
2244	terminal-particle	33		དེ་བཞིན་དུ་འདས་པ་དང་མ་འོངས་པ་དག་གལ་ཏེ་ད་ལྟར༌[^1326]ལ་ལྟོས༌[^1327]ནས་ཡོད་པར་གྱུར་
2245	line-end	23		དེ་ལྟ་ན་འདས་པ་དང་མ་འོངས་པ་དག་ཀྱང་ད་ལྟར་ཡིན་པར་འགྱུར་ཏེ་དེ་ན་ཡོད་པའི་ཕྱིར་རོ། །
2246	terminal-particle	17		དེ་ལྟ་ན་དུས་གཅིག་ཁོ་ནར་འགྱུར་བས༌[^1328]དེ་ལ་དེ་ལྟོས༌[^1329]པ་མི་འཐད་དོ། །
2247	terminal-particle	10		ལྟོས་པ་མེད་པའི་ཕྱིར་དེ་དག་ཀྱང་མེད་དོ། །
2248	terminal-particle	68		འདས་པ་དང་མ་འོངས་པ་ཞིག་པའི་ཕྱིར་དང་མ་བྱུང་བའི་ཕྱིར་མེད་པ་ཁོ་ན་གང་དག་ཡིན་པ་དེ་དག་ཀ
2249	line-end	30		དེ་ལྟ་བས་ན་འདས་པ་ཡང་ཡོད་པ་མ་ཡིན་ལ་མ་འོངས་པ་ལ་ཡང་ཡོད་པ་མ་ཡིན་ནོ།[^1331] །ད་ལྟར་ཡང
2250	terminal-particle	36		མཆོག་དང་ཐ་མ་དག་ཀྱང་གལ་ཏེ་འབྲིང་ལ་ལྟོས་ནས་ནི༌[^1332]འགྲུབ་ན། དེ་ལྟ་ན་མཆོག་དང་ཐ་མ་
2251	terminal-particle	35		ཅི་སྟེ་འབྲིང་མེད་ན་ནི་ཇི་ལྟར་དེ་ལ་ལྟོས་ནས་མཆོག་དང་ཐ་མ་དག་ཡོད་པར་འགྱུར། འབྲིང་ལ་མ
2252	terminal-particle	58		དེ་ལ་འདི་སྙམ་དུ་འབྲིང་ཡོད་ན་མཆོག་དང་། ཐ་མ་དེ་དག་ཡོད་པར་སེམས་ན་དེ་ལ་བཤད་པར་བྱ་སྟེ
2253	line-end	20		དེ་ལྟ་བས་ན་མཆོག་དང་ཐ་མ་དང༌[^1334]འབྲིང་དག་ངོ་བོ་ཉིད་ལས་ཡོད་པ་མ་ཡིན་ནོ། །
2254	terminal-particle	222		དེ་བཞིན་དུ་མཆོག་དང་འབྲིང་དག་ལ་གལ་ཏེ་ཐ་མ་ལ་ལྟོས་ནས་ཡོད་པར་གྱུར་ཏམ། འབྲིང་དང་ཐ་མ་ད
2255	terminal-particle	23		དེ་ལྟ་བས་ན་དེ་དག་ཐམས་ཅད་ཀྱང་དེ་ཁོ་ནར་རང་ལས་རབ་ཏུ་འགྲུབ་པ་ཡོད་པ་མ་ཡིན་ནོ། །
2256	line-end	12		འཇིག་རྟེན་གྱི་ཐ་སྙད་ཀྱི་དབང་གིས་ནི་བརྗོད་པར་བྱའོ། །
2257	line-end	80		སྨྲས་པ། མ་ལྟོས་པར་ཡང་དེ་དག་འགྲུབ་པ་ཡོད་པ་མ་ཡིན་ནོ་ཞེས་གང་སྨྲས་པ། དེ་རིགས་པ་མ་ཡིན
2258	verse-stanza	28		མི་གནས་དུས་སུ་འཛིན་མི་བྱེད། །↵གང་ཞིག་གཟུང༌[^1337]བར་བྱ་བའི་དུས། །↵གནས་པ་ཡོད་པ་མ་
2259	line-end	69		འདི་ལ་དངོས་པོ་ངེས་པར་གནས་པ་རྣམས་ནི། ཚད་ལས་གཟུང་དུ་རུང་སྟེ། དཔེར་ན་ཤིང་འདི་ནི་མཐོ
2260	terminal-particle	112		འདི་ལྟར་ཡུད་ཙམ་ཡང་ཅུང་ཟད་འདས་པའམ་ཅུང་ཟད་མ་འོངས་པ་ལ་ཡུད་ཙམ་ཞེས་གདགས་པ་ཡིན་གྱི་ཡུད
2261	line-end	124		ངེས་པར་མི༌[^1342]གནས་པ་ཁོ་ནའི་ཕྱིར་དེ་ནི་དེ་ལྟར་ཡང་མ་ཡིན་ཏེ། འཇུག་པའི་ཕྱིར་དེ་ལྟ
2262	terminal-particle	11		འདིར་སྨྲས་པ། དུས་ནི་ཡོད་པ་ཁོ་ན་ཡིན་ནོ། །
2263	terminal-particle	49		ཅིའི་ཕྱིར་ཞེ་ན། རྟགས་ཡོད་པའི་ཕྱིར་ཏེ། སྔ་མ་དང་ཕྱི་མ་དང་ཅིག་ཅར་དང་ཅིག་ཅར་མ་ཡིན་པ་
2264	line-end	51		བཤད་པ། གལ་ཏེ་དུས་ནི་སྔོན་བརྟེན་ན། །གལ་ཏེ་སྔ་མ་དང་ཕྱི་མ་ལ་སོགས་པ་དེ་དག་དུས་ཀྱི་རྟ
2265	terminal-particle	45		སྨྲས་པ། མ་ཡིན་ཏེ༌[^1346]དུས་ནི་རང་ཁོ་ན་ལས་རབ་ཏུ་གྲུབ་པོ། །དུས་ཞེས་བྱ་བ་ནི་སྔ་མ་ད
2266	line-end	151		བཤད་པ། དངོས་མེད་དུས་ནི་ག་ལ་ཡོད། །དངོས་པོ་མ་གཏོགས་པར་ཁྱོད་ཀྱི་དུས་རང་ལས་རབ་ཏུ་གྲུ
2267	verse-stanza	28		འབྲས་བུ༌[^1348]རྒྱུ་ནི་ཐ་དད་པས། །↵དེས་ན་བརྟག་པ༌[^1349]ཡོད་མ་ཡིན། །↵ཡང་ན་གང་ན་རྒྱ
2268	line-end	3		ཞེས་གསུངས་སོ། །
2269	terminal-particle	42		ཅི་སྟེ་དེ་གཉིས་ཐ་མི་དད་ཀྱང་དུས་ཀྱི༌[^1350]ཐ་དད་པ་མ༌[^1351]ཡིན་ན་ནི། དེ་ལྟ་ན་ཐ་དད
2270	line-end	32		དེ་ལྟ་བས་ན་དངོས་པོ་ཁོ་ན་ལ་བརྟེན་ནས་དུས་གདགས་པར་འཐད་ཀྱི། དངོས་པོ་མ་གཏོགས་པར་དུས་ང
2271	terminal-particle	22		སྨྲས་པ། དུས་ནི་དངོས་པོ་ལ་བརྟེན་ནས་གདགས་པ་ཁོ་ན་ཡིན་ཏེ། ཡུད་ཙམ་ཞིག་འདུག་པར་གྱུར་ཏོ
2272	terminal-particle	4		ཉིན་གཅིག་འདུག་གོ། །
2273	terminal-particle	20		ཟླ་བ་གཅིག་འདུག་པར་འགྱུར་རོ་ཞེས་བྱ་བས་དེའི་ཕྱིར་དུས་ནི་ཡོད་པ་ཁོ་ན་ཡིན་ནོ། །
2274	line-end	22		བཤད་པ། གལ་ཏེ་དངོས་པོ་ཉིད་ཡོད་པར་གྱུར་ན་ནི། དུས་དངོས་པོ་ལ་བརྟེན་པར་ཡང༌[^1352]འགྱུ
2275	verse-stanza	21		དངོས་པོ་འགའ་ཡང་ཡོད་མིན་ན། །↵དུས་ལྟ་ཡོད་པར་ག་ལ་འགྱུར། །↵དངོས་པོ་འགའ་ཡང་མི་འཐད་དོ།
2276	terminal-particle	69		ཞེས་བྱ་བ་དེ་ཉིད་སྔར་རབ་ཏུ་བསྒྲུབས་ཟིན་པས། དེའི་ཕྱིར་གལ་ཏེ་དུས་དངོས་པོ་ལ་བརྟེན་ནས
2277	line-end	41		བྱེད་དོ་བྱེད་པར་འགྱུར་རོ་ཞེས་བྱ་བ་དེ་དག་ལ་སོགས་པའི་བརྗོད་པ་དག་མི་འཐད་པ་ཁོ་ནར་འགྱ
2278	terminal-particle	62		བཤད་པ། གང་གི་ཚེ་སྔར། བརྗོད་པར་བྱ་བ་ལྡོག་པས༌[^1354]ཏེ། །ཞེས་བསྟན་པ་དེའི་ཚེ། དེ་དག
2279	terminal-particle	30		འཇིག་རྟེན་གྱི་ཐ་སྙད་ཀྱི་དབང་གིས་ནི་དེ་དག་ཐམས་ཅད་ཀྱང་འཐད་དེ། དེར༌[^1355]ཡང་། ཐམས་
2280	line-end	39		དེ་ལྟ་བས་ན་དུས་ཞེས་བྱ་བ་དངོས་པོ་འགའ་ཡང་མེད་པར་ཤེས་པར་བྱ་སྟེ། བརྟེན་ནས་བརྟགས་པར༌[
2281	terminal-particle	10		སྨྲས་པ། དུས་ནི་ཡོད་པ་ཁོ་ན་ཡིན་ནོ། །
2282	line-end	92		ཅིའི་ཕྱིར་ཞེ་ན། དུས་དང་ཚོགས་པ་ཉིད་ལས་འབྲས་བུ་འགྲུབ་པའི་ཕྱིར་ཏེ། འདི་ན་ས་དང་ས་བོན
2283	terminal-particle	86		བཤད་པ། གལ་ཏེ་འབྲས་བུ་སྐྱེ་བ་ཉིད་འཐད་པར་འགྱུར་ན་ནི་འབྲས་བུ་སྐྱེ་བས་དུས་ཀྱང་ཡོད་པར
2284	line-end	4		ཇི་ལྟར་ཞེ་ན།
2285	verse-stanza	28		གལ་ཏེ་རྒྱུ་དང་རྐྱེན་རྣམས་ཀྱི། །↵ཚོགས་པ་ཉིད་ལས་སྐྱེ་འགྱུར༌[^1359]ན། །↵ཚོགས་ལ་འབྲས
2286	line-end	9		ཚོགས་པའི་དངོས་པོ་ནི་ཚོགས་པ་ཉིད་དོ། །
2287	terminal-particle	102		གལ་ཏེ་རྒྱུ་དང་རྐྱེན་རྣམས་ཀྱི་ཚོགས་པ་ཉིད་ལས་འབྲས་བུ་སྐྱེ་བར་གྱུར༌[^1360]ན། ཚོགས་པ
2288	line-end	44		ཅི་སྟེ་ཡང་འདི་སྙམ་དུ་རྒྱུ་དང་རྐྱེན་རྣམས་ཀྱི་ཚོགས་པ་ཉིད་ལ་འབྲས་བུ་མེད་དེ་རྒྱུ་དང་
2289	verse-stanza	28		གལ་ཏེ་རྒྱུ་དང་རྐྱེན་རྣམས་ཀྱི། །↵ཚོགས་པ་ཉིད་ལས་སྐྱེ་གྱུར་ན། །↵ཚོགས་ལ་འབྲས་བུ་མེད་
2290	line-end	91		གལ་ཏེ་རྒྱུ་དང་རྐྱེན་རྣམས་ཀྱི་ཚོགས་པ་ཉིད་ལས་འབྲས་བུ་སྐྱེ་བར་གྱུར༌[^1363]ན། ཚོགས་པ
2291	line-end	3		ཡང་གཞན་ཡང་།
2292	verse-stanza	28		གལ་ཏེ་རྒྱུ་དང་རྐྱེན་རྣམས་ཀྱི། །↵ཚོགས་ལ་འབྲས་བུ་ཡོད་ན་ནི། །↵ཚོགས༌[^1368]ལ་གཟུང༌[^
2293	line-end	77		གལ་ཏེ་རྒྱུ་དང་རྐྱེན་རྣམས་ཀྱི་ཚོགས་པ་ཉིད་ལ་འབྲས་བུ་དེ་ཡོད་པ་ཉིད་ཡིན་པར་གྱུར་ན་ཚོག
2294	verse-stanza	28		གལ་ཏེ་རྒྱུ་དང་རྐྱེན་རྣམས་ཀྱི། །↵ཚོགས་ལ་འབྲས་བུ་མེད་ན་ནི། །↵རྒྱུ་རྣམས་དང་ནི་རྐྱེན
2295	line-end	71		གལ་ཏེ་རྒྱུ་དང་རྐྱེན་རྣམས་ཀྱི་ཚོགས་པ་ཉིད་ལ་འབྲས་བུ་དེ་མེད་པ་ཉིད་ཡིན་པར་གྱུར་ན། རྒ
2296	terminal-particle	12		སྨྲས་པ། མ་ཡིན་ཏེ་རྒྱུ་དང་རྐྱེན་ངེས་པའི་ཕྱིར་རོ། །
2297	terminal-particle	113		གལ་ཏེ་ཐམས་ཅད་ཐམས་ཅད་ཀྱི་རྒྱུ་དང་རྐྱེན་དག་ཡིན་པར་གྱུར་ན་ནི། དེ་ལྟ་ན་ཐམས་ཅད་ལས་ཐམས
2298	terminal-particle	14		བཤད་པ། མི་རུང་སྟེ་ངེས་པའི་གཏན་ཚིགས་མ་བསྟན་པའི་ཕྱིར་རོ། །
2299	line-end	20		ཁྱོད་ཀྱིས་འདི་ལྟར་རྒྱུ་དང་རྐྱེན་དག་ངེས་སོ་ཞེས་བྱ་བར་ངེས་པའི་གཏན་ཚིགས་མ་བསྟན་ཏོ། 
2300	terminal-particle	47		གལ་ཏེ་མེད་ན་ནི་དེ་ངེས་པར་གནས༌[^1374]པའི་གཏན་ཚིགས་མེད་པ་ཇི་ལྟར་རུང་བར་འགྱུར། དེ་ལ
2301	line-end	142		དེ་ལྟར་ཐམས་ཅད་ལས་ཐམས་ཅད་འབྱུང་ན། ནས་ཀྱི་ས་བོན་ལ་ཡང་ནས་ཀྱི་མྱུ་གུ་ཡང་མེད་ལ་འབྲས་ཀ
2302	terminal-particle	79		སྨྲས་པ། མངོན་སུམ་ལ་གཏན་ཚིགས་ཀྱི་ཚིག་གི་དོན་མེད་དེ།[^1379] གང་གི་ཚེ་མངོན་སུམ་ཉིད་
2303	line-end	80		དེ་ལྟ་བས་ན་མེད་པ་སྐྱེ་བའི་གཏན་ཚིགས་གཞན་འགའ་ཞིག་བསྟན་པར་བྱ་དགོས་ཏེ། དེས་ན་གཏན་ཚིག
2304	line-end	53		སྨྲས་པ། འདི་ལ་རྒྱུས་འབྲས་བུ་ལ་རྒྱུ་བྱིན་ནས་འགགས་པས༌[^1382]དེའི་ཕྱིར་རྒྱུས་འབྲས་བ
2305	verse-stanza	28		གལ་ཏེ་རྒྱུས་ནི་འབྲས་བུ་ལ། །↵རྒྱུ་བྱིན་ནས་ནི་འགག་འགྱུར་ན། །↵གང་བྱིན་པ་དང་གང་འགགས་
2306	terminal-particle	31		གལ་ཏེ་རྒྱུས་འབྲས་བུ་ལ་རྒྱུ་བྱིན་ནས་འགག་པར་འགྱུར་ན། དེ་ལྟ་ན་གང་བྱིན་པ༌[^1383]དང་ག
2307	terminal-particle	23		རྒྱུའི་བདག་ཉིད་གཉིས་སུ་ནི་མི་འཐད་དེ། འགགས་པ་གང་ཡིན་པ་དེ་ནི་བསྐྱེད་པ་མ་ཡིན་པའི་ཕྱ
2308	terminal-particle	23		རྒྱུ་བྱིན་པ༌[^1384]ཡང་མི་འཐད་དེ། འབྲས་བུ་ཡོད་པ་དང་མེད་པ་ལ་རྒྱུ་སྦྱིན་པར་མི་འཐད་པ
2309	line-end	46		འདི་ལྟར་འབྲས་བུ་ཡོད་པ་ལ་ནི་ཡང་རྒྱུ་བྱིན་པས༌[^1385]ཅི་བྱ། མེད་པ་ལ་ནི་སུ་ལ་སྦྱིན་པ
2310	line-end	2		བཤད་པ།
2311	verse-stanza	28		གལ་ཏེ་རྒྱུས་ནི་འབྲས་བུ་ལ། །↵རྒྱུ་མ་བྱིན་པར་འགགས༌[^1386]གྱུར་ན། །↵རྒྱུ་འགགས་ནས་ནི
2312	terminal-particle	52		གལ་ཏེ་རྒྱུས་འབྲས་བུ་ལ་རྒྱུ་མ་བྱིན་པར་འགགས་པར༌[^1387]གྱུར༌[^1388]ན། རྒྱུ་འགགས་ཤིང
2313	line-end	59		སྨྲས་པ། འབྲས་བུ་ནི་རྒྱུ་དང་ཚོགས་པ་དག་དང་ལྷན་ཅིག་སྐྱེ་སྟེ༌[^1389]མར་མེ་དང་འོད་བཞི
2314	line-end	2		བཤད་པ།
2315	verse-stanza	28		གལ་ཏེ་ཚོགས་དང་ལྷན་ཅིག་ཏུ། །↵འབྲས་བུ་ཡང་ནི་སྐྱེ་འགྱུར༌[^1391]ན། །↵སྐྱེད༌[^1392]པ་
2316	terminal-particle	75		གལ་ཏེ་ཚོགས་པ་དང་འབྲས་བུ་ལྷན་ཅིག་ཁོ་ནར་སྐྱེ་བར་འགྱུར༌[^1393]ན། དེ་ལྟ་ན་སྐྱེད་པ༌[^
2317	line-end	33		འདི་ནི་འདིའི་འབྲས་བུའོ་ཞེས་རྣམ་པར་གཞག་པ༌[^1395]འདི་ཇི་ལྟར༌[^1396]ཡོད་པར་འགྱུར། ད
2318	terminal-particle	33		སྨྲས་པ། འབྲས་བུ་ནི་ཚོགས་པ་ཉིད་ཀྱི་སྔ་རོལ་ཉིད་ན་ཡང་དེ༌[^1397]དེ་ན༌[^1398]ཕྱིས་ཚོག
2319	line-end	2		བཤད་པ།
2320	verse-stanza	28		གལ་ཏེ་ཚོགས་པའི་སྔ་རོལ་ན། །↵འབྲས་བུ་སྐྱེས་པར་གྱུར་ན་ནི། །↵རྒྱུ་དང་རྐྱེན་རྣམས་མེད་
2321	terminal-particle	45		གལ་ཏེ་འབྲས་བུ་སྔ་ན་ཡོད་པ་ཉིད་ཡིན་ལ་ཚོགས་པ་ཕྱིས༌[^1400]འབྱུང་བར་འགྱུར་ན། དེ་ལྟ་ན་
2322	terminal-particle	41		འབྲས་བུ་སྐྱེས་པ་ལ་ཡང་རྒྱུ་དང་རྐྱེན་ཚོགས་པ་ལ་ཡང་སྐྱེ་བར་བརྟགས༌[^1401]པས་ཅི་བྱ། འད
2323	line-end	8		དེ་ལྟ་བས་ན་དེ་ཡང་གྱི་ནའོ། །
2324	terminal-particle	28		སྨྲས་པ། རྒྱུ་ཡོངས་སུ་འགྱུར་བ་ལས་འབྲས་བུར་འགྲུབ་སྟེ། དེའི་ཕྱིར་གནས་སྐབས་སྔ་མ་འགག་
2325	terminal-particle	26		དེ་ལྟ་ན་རྒྱུ་མ་འགགས་པར་ཡང་འབྲས་བུར་མི་འགྱུར་ལ། འབྲས་བུ་དེ༌[^1402]རྒྱུ་མེད་པ་ལས་བ
2326	line-end	2		བཤད་པ།
2327	verse-stanza	28		གལ་ཏེ་རྒྱུ་འགགས་འབྲས་བུ་ན། །↵རྒྱུ་ནི་ཀུན་ཏུ་འཕོ་བར་འགྱུར། །↵སྔོན་སྐྱེས་པ་ཡི་རྒྱུ
2328	terminal-particle	58		གལ་ཏེ་རྒྱུའི་དངོས་པོ་སྔར་འགགས་པ་ན་གནས་སྐབས་གཞན་ཐོབ་པ་འབྲས་བུ་ཞེས་བྱ་ན། དེ་ལྟ་ན་ར
2329	line-end	33		ཅི་སྟེ་ཡང་གནས་སྐབས་གཞན་དུ་ཀུན་ཏུ༌[^1403]འཕོ་བ་ཉིད་སྐྱེ་བ་ཡིན་ན་ནི། དེ་ལྟ་ན་ཡང་སྔ
2330	terminal-particle	27		དེ་ལྟ་ན་ཡང་དངོས་པོ་ཡོངས་སུ་འགྱུར་བའི་ཆོས་ཅན་རྣམས་ངེས་པར་མི་གནས་པའི་ཕྱིར་ནམ་ཡང་མི
2331	line-end	72		སྨྲས་པ་གང་གི་ཚེ་རྒྱུ་འགགས་པ་ན་འབྲས་བུར་འགྱུར་རོ་ཞེས་བརྗོད་པ་དེའི་ཚེ་ཅིའི་ཕྱིར་ཀུ
2332	terminal-particle	88		དེའི་ཕྱིར་ཁྱོད་ཚེགས་ཆེ་བས་ཆོག་གི་འདུག་ཤིག་དང་། ད་ཁོ་བོ་ཉིད་ཀྱིས་ཁྱོད་ཀྱིས་བསྟན་པ
2333	line-end	18		ཇི་ལྟར་ཞེ་ན། འགགས་པ་ནུབ་པར་གྱུར་པ་ཡིས། །འབྲས་བུ་སྐྱེས་པ་ཇི་ལྟར་སྐྱེད།[^1409] །
2334	verse-stanza	14		འབྲས་བུ་དང་ནི་འབྲེལ་པའི་རྒྱུ། །↵གནས་པས་ཀྱང་ནི་ཇི་ལྟར་སྐྱེད། །
2335	terminal-particle	152		གལ་ཏེ་རེ་ཞིག་རྒྱུ་རྣམ་པ་ཐམས་ཅད་དུ་འགགས་པ་ནུབ་པར་གྱུར་པས་འབྲས་བུ་སྐྱེས་པ་སྐྱེད་པར
2336	line-end	18		སྐྱེས་པ་ལ་ནི་ཡང་སྐྱེས་པའི༌[^1411]རྒྱུས་ཅི་བྱ། དེ་ལྟ་བས་ན་དེའང༌[^1412]མི་འཐད་པའོ།
2337	verse-stanza	14		ཅི་སྟེ་རྒྱུ༌[^1414]འབྲས་མི༌[^1415]འབྲེལ་ན། །↵འབྲས་བུ་གང་ཞིག་སྐྱེད་པར་བྱེད། །
2338	line-end	112		ཅི་སྟེ་རྒྱུ་དེ་འབྲས་བུ་དང་མ་འབྲེལ་བ་འབྲས་བུ་དང་མི་ལྡན་པས་འབྲས་བུར་སྐྱེད༌[^1416]པ
2339	line-end	3		ཡང༌[^1420]གཞན་ཡང་།
2340	verse-stanza	14		རྒྱུས་ནི་མཐོང་དང་མ་མཐོང་བར། །↵འབྲས་བུ་སྐྱེད་པར་མི་བྱེད་དོ། །
2341	terminal-particle	29		འདི་ལ་གལ་ཏེ་རྒྱུས་འབྲས་བུ་བསྐྱེད་པར་གྱུར་ན་མཐོང་ནས་སམ་མ་མཐོང་བར་སྐྱེད་པར༌[^1421]
2342	terminal-particle	47		ཇི་ལྟར་ཞེ་ན། གལ་ཏེ་རེ་ཞིག་མཐོང་བས་སྐྱེད༌[^1422]པར་འགྱུར་ན། དེ་ལྟར་ན་སྐྱེས་པ་སྐྱེ
2343	terminal-particle	57		ཅི་སྟེ་ཡང་རྒྱུས་མ་མཐོང་བར་འབྲས་བུ་སྐྱེད་པར་བྱེད་པར་རྟོག་ན། དེ་ལྟ་ན་ཡང་རྒྱུས་གང་ད
2344	terminal-particle	35		ཡང་གཞན་ཡང་། འདི་ལ་གལ་ཏེ་རྒྱུ༌[^1425]འབྲས་བུ་བསྐྱེད་པར་གྱུར་ན། ཕྲད་ནས་སྐྱེད་པར༌[^
2345	line-end	4		ཇི་ལྟར་ཞེ་ན།
2346	verse-stanza	28		འབྲས་བུ་འདས་པ་རྒྱུ་འདས་དང་། །↵མ་སྐྱེས་པ་དང་སྐྱེས་པ་དང་། །↵ལྷན་ཅིག་ཕྲད་པར་འགྱུར་བ
2347	terminal-particle	43		འབྲས་བུ་འདས་པ་ནི་རྒྱུ་འདས་པ་དང་མ་སྐྱེས་པ་དང་ལྷན་ཅིག་ཕྲད་པར་འགྱུར་བ་ནམ་ཡང་ཡོད་པ་མ
2348	line-end	22		འབྲས་བུ་འདས་པ་དང་རྒྱུ་སྐྱེས་པ་ཡང་ལྷན་ཅིག་ཕྲད་པར་འགྱུར་བ་ནམ་ཡང་ཡོད་པ་མ་ཡིན་ཏེ།
2349	verse-stanza	27		འབྲས་བུ་མེད་པའི་ཕྱིར་རོ། །↵འབྲས་བུ་མ་སྐྱེས༌[^1427]རྒྱུ་མ་སྐྱེས། །↵འདས་པ་དང་ནི་སྐ
2350	line-end	7		ནམ་ཡང་ཡོད་པ་མ་ཡིན་ནོ། །
2351	terminal-particle	44		འབྲས་བུ་མ་སྐྱེས་པ་ནི་རྒྱུ་མ་སྐྱེས་པ་དང་འདས་པ་དང་ལྷན་ཅིག་ཕྲད་པར་འགྱུར་བ་ནམ་ཡང་ཡོད
2352	line-end	23		འབྲས་བུ་མ་སྐྱེས་པ་དང་རྒྱུ་སྐྱེས་པ་ཡང་ལྷན་ཅིག་ཕྲད་པར་འགྱུར་བ་ནམ་ཡང་ཡོད་པ་མ་ཡིན་ཏེ
2353	verse-stanza	27		འབྲས་བུ་མེད་པའི་ཕྱིར་རོ། །↵འབྲས་བུ་སྐྱེས་པ་རྒྱུ་སྐྱེས་དང་། །↵མ་སྐྱེས་པ་དང་འདས་པ་
2354	terminal-particle	7		ནམ་ཡང་ཡོད་པ་མ་ཡིན་ནོ། །
2355	terminal-particle	61		འབྲས་བུ་སྐྱེས་པ་ནི་རྒྱུ་སྐྱེས་པ་དང་ལྷན་ཅིག་ཕྲད་པར་འགྱུར་བ་ནམ་ཡང་ཡོད་པ་མ་ཡིན་ཏེ། 
2356	line-end	41		འབྲས་བུ་སྐྱེས་པ་དང་རྒྱུ་མ་སྐྱེས་པ་དང་འདས་པ་དང་ཡང་ལྷན་ཅིག་ཕྲད་པར་འགྱུར་བ་ནམ་ཡང་ཡོ
2357	verse-stanza	14		ཕྲད་པ་ཡོད་པ་མ་ཡིན་ན། །↵རྒྱུས་ནི་འབྲས་བུ་ཇི་ལྟར་སྐྱེད། །
2358	line-end	123		དེའི་ཕྱིར་དེ་ལྟར་འབྲས་བུ་འདས་པ་དང་མ་འོངས་པ་དང་ད་ལྟར་དང༌[^1428]རྒྱུ་འདས་པ་དང་མ་འོ
2359	terminal-particle	78		ཡང་གཞན་ཡང་། གལ་ཏེ་འབྲས་བུས་སྟོང་པའི་རྒྱུས།[^1434] །ཇི་ལྟར་འབྲས་བུ་སྐྱེད་པར་བྱེད།
2360	terminal-particle	18		ཅི་སྟེ་འཐད་ན་ནི་བྱེ་མས་ཀྱང་ཏིལ་མར་དང་། ཆུས་ཀྱང་མར་སྐྱེད་པར༌[^1436]འགྱུར་རོ། །
2361	line-end	79		ཡང་ན་བྱེ་མ་དང་ཏིལ་དག་ལ་ཡང་ཏིལ་མར་མེད་ལ། ཆུ་དང་ཞོ་དག་ལ་ཡང་མར་མེད་པར་འདྲ་ན། ཏིལ་ཉི
2362	line-end	25		དེ་ལ་འདི་སྙམ་དུ་འབྲས་བུའི་བདག་ཉིད་ཀྱིས་མི་སྟོང་པའི་འབྲས་བུ་སྐྱེད་པར་སེམས་ན། དེ་ལ
2363	verse-stanza	14		གལ་ཏེ་འབྲས་བུ་མི་སྟོང་རྒྱུས། །↵ཇི་ལྟར་འབྲས་བུ་སྐྱེད་པར་བྱེད། །
2364	line-end	92		གལ་ཏེ་འབྲས་བུའི་བདག་ཉིད་ཀྱིས་མི་སྟོང་པའི་རྒྱུ་ཉིད་ཡིན་ན། དེས་ཇི་ལྟར་འབྲས་བུ་དེ་ས
2365	line-end	59		དབུ་མའི་རྩ་བའི་འགྲེལ་པ་བུད་དྷ་པཱ་ལི་ཏ། བམ་པོ་བརྒྱད་པ། ཡང་གཞན་ཡང་། འདི་ལ་རྒྱུས་འབ
2366	verse-stanza	28		འབྲས་བུ་མི་སྟོང་སྐྱེ་མི་འགྱུར། །↵མི་སྟོང་འགག་པར་མི་འགྱུར་རོ། །↵མི་སྟོང་དེ་ནི་མ་འ
2367	terminal-particle	48		འབྲས་བུ་ངོ་བོ་ཉིད་ཀྱིས་མི་སྟོང་པ་རང་གི་བདག་ཉིད་ཀྱིས་ངེས་པར་གནས་པ་གང་ཡིན་པ་དེ་ནི་
2368	line-end	40		འདི་ལྟར་རང་བཞིན་ལ་ནི་འགྱུར་བ་མི་འཐད་པས། དེའི་ཕྱིར་འབྲས་བུ་དེ༌[^1440]མི་སྟོང་བར་ཡ
2369	terminal-particle	21		དེ་ལྟ་བས་ན་འབྲས་བུ་མི་སྟོང་བ་ནི་སྐྱེ་བར་མི་འགྱུར་ཞིང་འགག་པར་ཡང་མི་འགྱུར་རོ། །
2370	line-end	24		དེ་ལ་འདི་སྙམ་དུ་འབྲས་བུ་སྟོང་པ་སྐྱེ་བ་དང་འགག་པར་འགྱུར་བར་སེམས་ན། དེ་ལ་བཤད་པར་བྱ་
2371	verse-stanza	28		སྟོང་པ་ཇི་ལྟར་སྐྱེ་འགྱུར་ཞིང་། །↵སྟོང་པ་ཇི་ལྟར་འགག་པར་འགྱུར། །↵སྟོང་པ་དེ་ཡང་མ་འག
2372	line-end	144		འབྲས་བུ་ངོ་བོ་ཉིད་ཀྱིས་སྟོང་པ་བདག་ཉིད་ཀྱིས་རབ་ཏུ་མ་གྲུབ་པ་གང་ཡིན་པ་དེས༌[^1442]ཇི
2373	terminal-particle	20		དེ་ལྟ་བས་ན་འབྲས་བུ་སྟོང་པ་ཡང་སྐྱེ་བར་མི་འགྱུར་ཞིང་འགག་པར་ཡང་མི་འགྱུར་རོ། །
2374	line-end	29		ཡང་གཞན་ཡང་། གལ་ཏེ་རྒྱུ་དང་འབྲས་བུ་དག་ཏུ་འགྱུར་ན། གཅིག་པ་ཉིད་དམ་གཞན་ཉིད་དུ་འགྱུར་
2375	verse-stanza	28		རྒྱུ་དང་འབྲས་བུ་གཅིག་ཉིད་དུ། །↵ནམ་ཡང་འཐད་པར་མི་འགྱུར་རོ། །↵རྒྱུ་དང་འབྲས་བུ་གཞན་ཉ
2376	line-end	6		ཅིའི་ཕྱིར་ཞེ་ན། འདི་ལྟར།
2377	verse-stanza	28		རྒྱུ་དང་འབྲས་བུ་གཅིག་ཉིད་ན། །↵སྐྱེད་དང་བསྐྱེད་པ་གཅིག་ཏུ་འགྱུར། །↵རྒྱུ་དང་འབྲས་བུ
2378	line-end	64		འདི་ལྟར་གལ་ཏེ་རྒྱུ་དང་འབྲས་བུ་དག་གཅིག་པ་ཉིད་ཡིན་པར་གྱུར་ན། དེ་ལྟ་ན་སྐྱེད་པ་དང་བས
2379	terminal-particle	11		ཅི་སྟེ་ཡང་རྒྱུ་དང་འབྲས་བུ་དག་འདི་ནི་རྒྱུའོ། །
2380	terminal-particle	25		འདི་ནི་འབྲས་བུའོ་ཞེས་གཞན་ཉིད་དུ་གྱུར་ན། དེ་ལྟ་ན་ཡང་རྒྱུ་དང་རྒྱུ་མ་ཡིན་པ་དག་མཚུངས
2381	terminal-particle	84		ཇི་ལྟར་ནས་ཀྱི་མྱུ་གུ་ལས་འབྲས་ཀྱི་ས་བོན་གཞན་ཡིན་པ་དེ་བཞིན་དུ་འབྲས་ཀྱི་མྱུ་གུ་ལས་ཀ
2382	line-end	36		གང་དག་ལ་གཅིག་པ་ཉིད་དང་གཞན་ཉིད་དུ་གྲུབ་པ་ཡོད་པ་མ་ཡིན་པ་དེ་དག་ལ་གྲུབ་པ་མེད་དེ། དེ་
2383	line-end	58		ཡང་གཞན་ཡང་། གལ་ཏེ་རྒྱུས་འབྲས་བུ་སྐྱེད་པར་བྱེད་ན་དེ་ངོ་བོ་ཉིད་ཀྱིས་ཡོད་པར་འགྱུར་བ
2384	verse-stanza	14		འབྲས་བུ་ངོ་བོ་ཉིད་མེད་ན། །↵རྒྱུས་ནི་ཅི་ཞིག་བསྐྱེད་པར་འགྱུར། །
2385	line-end	60		གལ་ཏེ་འབྲས་བུ༌[^1450]ངོ་བོ་ཉིད་ཀྱིས༌[^1451]ཡོད་པར་གྱུར་ན་མ་བྱས་ཀྱང་རྫོགས་པར་ཡོད་
2386	terminal-particle	53		ཅི་སྟེ་འབྲས་བུ་དེ་ངོ་བོ་ཉིད་ཀྱིས༌[^1453]མེད་པར་གྱུར་པ་ཡིན་ན་དེ་རྒྱུས་ཇི་ལྟར་སྐྱེ
2387	line-end	24		དེ་ལྟ་བས་ན་འབྲས་བུ་ཡོད་པར་འགྱུར་བ་དང་འབྲས་བུ་མེད་པར་འགྱུར་བ༌[^1456]ཡང་རྒྱུས་བསྐྱ
2388	verse-stanza	14		སྐྱེད་པར་བྱེད༌[^1457]པ་མ་ཡིན་ན། །↵རྒྱུ་ཉིད་འཐད་པར་མི་འགྱུར་རོ། །
2389	terminal-particle	20		རྒྱུ་གང་གིས་ཀྱང་འབྲས་བུ་སྐྱེད་པར་མི་བྱེད་ན། དེ་རྒྱུ་ཉིད་དུ་འཐད་པར་མི་འགྱུར་རོ། །
2390	line-end	54		འདི་ལྟར་སྐྱེད་པར་བྱེད་པའི༌[^1458]རྒྱུ་ཞེས་བྱ་བ༌[^1459]ན་ཅི་སྟེ་སྐྱེད་པར་བྱེད་པ་མ
2391	line-end	11		དེ་ལྟ་བས་ན་རྒྱུ་ཉིད་འཐད་པར་མི་འགྱུར་རོ། །
2392	verse-stanza	14		རྒྱུ་ཉིད་འཐད་པ་ཡོད་མིན་ན། །↵འབྲས་བུ་གང་གི་ཡིན་པར་འགྱུར། །
2393	terminal-particle	48		གལ་ཏེ་འབྲས་བུ་བསྐྱེད་པའི་རྒྱུ་ཉིད་ཡོད་པ་མ་ཡིན་ན། རྒྱུ་མེད་ན་འབྲས་བུ་དེ་གང་གི་ཡིན
2394	terminal-particle	19		ཅི་སྟེ་འཐད་ན་ནི་ཕ་མེད་པར་ཡང་བུ་ཡོད་པར་འགྱུར་བས་དེ་ཡང་མི་འདོད་དོ། །
2395	terminal-particle	18		དེ་ལྟ་བས་ན། རྒྱུ་ཡོད་པ་མ་ཡིན་ན་འབྲས་བུ་ཡོད་པ་ཡང༌[^1463]མ་ཡིན་ནོ། །
2396	line-end	7		རྒྱུ་རྣམས་དང་ནི་རྐྱེན་དག་གི །
2397	verse-stanza	21		[^1464]ཚོགས་པ་གང་ཡིན་དེ་ཡིས་ནི། །↵བདག་གིས་བདག་ཉིད་མི་སྐྱེད༌[^1465]ན། །↵འབྲས་བུ་ཇ
2398	line-end	54		རྒྱུ་དང་རྐྱེན་རྣམས་ཀྱི་ཚོགས་པ་འབྲས་བུ་སྐྱེད་པར་བྱེད་པ་ཞེས་བྱ་བར་བརྟག་པ་གང་ཡིན་པ་
2399	verse-stanza	28		ཚོགས་པ་གཅིག་པུ་མ་ཡིན་ཏེ། །↵དེ་བཞིན་དངོས་པོ་འགའ་ཡང་མེད། །↵གལ་ཏེ་དེ་ཡང་དེ་ལས་གཞན། 
2400	line-end	3		ཅེས་གསུངས་སོ། །
2401	line-end	55		ད་ཚོགས་པ་གང་ཡིན་པ་བདག་ཉིད་མ་སྐྱེས་པ་བདག་ཉིད་རབ་ཏུ་མ་གྲུབ་པ་དེས་འབྲས་བུ་ཇི་ལྟར་སྐ
2402	verse-stanza	28		དེ༌[^1467]ཕྱིར་ཚོགས་པས་བྱས་པ་དང་། །↵ཚོགས་མིན་བྱས་པའི་འབྲས་བུ་མེད། །↵འབྲས་བུ་ཡོད་
2403	terminal-particle	28		དེ་ལྟར་གང་གི་ཕྱིར་ཚོགས་པ་དེ་བདག་ཉིད་མ་སྐྱེས་ཤིང་རབ་ཏུ་མ་གྲུབ་པ་དེའི་ཕྱིར་ཚོགས་པས
2404	line-end	106		དེ་ལ་འདི་སྙམ་དུ་ཚོགས་པ་མ་ཡིན་པས་བྱས་པའི་འབྲས་བུ་ཡོད་པར་སེམས་ན། དེ་ལ་བཤད་པར་བྱ་སྟ
2405	terminal-particle	41		སྨྲས་པ། འཇིག་རྟེན་པ་དང་འགལ་བ་ཤིན་ཏུ་མང་པོ་ཞིག་བཤད་པ་འདིས་ཅི་བྱ། ཡོད་ན༌[^1469]རེ་
2406	line-end	73		བཤད་པ། ཅི་ཁྱོད་གྲོང་སྟོད་དུ་མཁར་ལྡན་འབེབས་སམ། ཁྱོད་འབྲས་བུ་ཡོད་པ་མ་ཡིན་ན་ཚོགས་པ་
2407	verse-stanza	28		གང་ཕྱིར་འཇིག་རྟེན་ཇི་སྙེད་མིང་། །↵ཚོགས་པ་ཉིད་ལ་སྣང་འགྱུར་བ། །↵དེ་ཕྱིར་དངོས་པོ་ཡོ
2408	quote-close	3		ཞེས་གསུངས་སོ། །
2409	line-end	49		དེ་ལྟ་བས་ན་འབྲས་བུ་ཡོད་པ་མ་ཡིན་པའི་ཕྱིར་ཚོགས་པ་ཡང་ཡོད་པ་མ་ཡིན་པས། དེ་ལ་དུས་དང་ཚོ
2410	terminal-particle	35		སྨྲས་པ། གལ་ཏེ་དུས་ཀྱང་མེད་རྒྱུ་དང་འབྲས་བུ་དང་ཚོགས་པ་ཡང་མེད་ན་གཞན་ཅི་ཞིག་ཡོད་དེ། 
2411	terminal-particle	41		བཤད་པ། མ་ཡིན་ཏེ་ཇི་ལྟར་ཁྱོད་དུས་ལ་སོགས་པ་དག་ངོ་བོ་ཉིད་ལས་ཡོད་པར་ཡོངས་སུ་རྟོག་པར་
2412	line-end	17		རྒྱུ་དང་འབྲས་བུ་བརྟག་པ་ཞེས་བྱ་བ་སྟེ་རབ་ཏུ་བྱེད་པ་ཉི་ཤུ་པའོ།། །།
2413	terminal-particle	36		སྨྲས་པ། དུས་ལ་སོགས་པ་དག་ནི་ཡོད་པ་ཁོ་ན་ཡིན་ཏེ། ཅིའི་ཕྱིར་ཞེ་ན། གང་གི་ཚེ་གང་ན་འགའ་
2414	line-end	63		འདི་ལྟར་གལ་ཏེ་དུས་ལ་སོགས་པ་དག་མེད་པར་འགྱུར༌[^1473]ན། འོ་ན་དེ་ལྟ་ན་ཁྱད་པར་མེད་པས་
2415	line-end	34		བཤད་པ། གལ་ཏེ་འགའ་ཞིག་ལ་འབྱུང་བ་དང་འཇིག་པ་དག་ཉིད་ཡོད་པར་གྱུར་ན་ནི། དུས་ལ་སོགས་པ་ད
2416	verse-stanza	28		འཇིག་པ་འབྱུང་བ་མེད་པར་རམ། །↵ལྷན་ཅིག་ཡོད་པ་ཉིད་མ་ཡིན། །↵འབྱུང་བ་འཇིག་པ་མེད་པར་རམ།
2417	line-end	63		དེའི་ཚེ་གལ་ཏེ་འབྱུང་བ་དང་འཇིག་པ་དག་ཡོད་པར་གྱུར་ན། ཕན་ཚུན་མེད་པར་རམ་ལྷན་ཅིག་ཏུ་འག
2418	verse-stanza	28		འཇིག་པ་འབྱུང་བ་མེད་པར་ནི། །↵ཇི་ལྟ༌[^1475]བུར་ན་ཡོད་པར་འགྱུར། །↵འཆི་བ་སྐྱེ་བ་མེད་
2419	terminal-particle	71		འདི་ལྟར་འཇིག་པ་འབྱུང་བ་མེད་པར་ཇི་ལྟར་ཡོད་པར་འགྱུར་ཏེ། གང་གི་ཚེ་འགའ་ཞིག་བྱུང་ན་འཇ
2420	line-end	34		དེ་ལ་འདི་སྙམ་དུ་འཇིག་པ་ནི་འབྱུང་བ་དང་ལྷན་ཅིག་ཡོད་པ་ཉིད་ཡིན་གྱི་འབྱུང་བ་མེད་པར་ནི
2421	verse-stanza	28		འཇིག་པ་འབྱུང་དང་ལྷན་ཅིག་ཏུ། །↵ཇི་ལྟར་ཡོད་པ་ཉིད་དུ་འགྱུར། །↵འཆི་བ་སྐྱེ༌[^1476]དང་
2422	line-end	88		འདི་ལྟར་འཇིག་པ་འབྱུང་བ་དང་ལྷན་ཅིག་ཇི་ལྟར་ཡོད་པར་འགྱུར་ཏེ། གང་གི་ཚེ་ན༌[^1477]དོན་
2423	terminal-particle	46		སྨྲས་པ། གལ་ཏེ་འཇིག་པ་བྱུང་བ༌[^1480]མེད་པར་ཡང་མི་འཐད་ལ་ལྷན་ཅིག་ཏུ་ཡང་མི་འཐད་པས་འཇ
2424	line-end	2		བཤད༌[^1481]པ།
2425	verse-stanza	28		འབྱུང་བ་འཇིག་པ་མེད་པར་ནི། །↵ཇི་ལྟར་ཡོད་པ་ཉིད་དུ་འགྱུར། །↵དངོས་པོ་རྣམས་ལ་མི་རྟག༌[
2426	terminal-particle	85		འདི་ལྟར་འབྱུང་བ་འཇིག་པ་མེད་པར་ཇི་ལྟར་ཡོད་པ་ཉིད་དུ་འགྱུར་ཏེ། དངོས་པོ་རྣམས་ལ་མི་རྟ
2427	terminal-particle	47		འདི་ལྟར་གལ་ཏེ་དངོས་པོ་སྐད་ཅིག་ཙམ་ཞིག་མི་རྟག་པ་ཉིད་དང་བྲལ་བར་འགྱུར་ན་ནི་དེ་ལྟར་ན་
2428	line-end	31		དེ་ལྟ་བས་ན་དངོས་པོ་རྣམས་ནི་རྟག་ཏུ་མི་རྟག་པ་ཉིད་དང་རྗེས་སུ་འབྲེལ་པས། འབྱུང་བ་འཇིག
2429	line-end	34		དེ་ལ་འདི་སྙམ་དུ་འབྱུང་བ་ནི་འཇིག་པ་དང་ལྷན་ཅིག་ཡོད་པ་ཉིད་ཡིན་གྱི་འཇིག་པ་མེད་པར་ནི་
2430	verse-stanza	28		འབྱུང་བ་འཇིག་དང་ལྷན་ཅིག་ཏུ། །↵ཇི་ལྟར་ཡོད་པ་ཉིད་དུ་འགྱུར། །↵སྐྱེ་བ་འཆི་དང་དུས་གཅི
2431	terminal-particle	85		འདི་ལྟར་འབྱུང་བ་དང༌[^1485]འཇིག་པ་དང་ལྷན་ཅིག་ཇི་ལྟར་ཡོད་པར་འགྱུར་ཏེ། གང་གི་ཚེ་དོན
2432	line-end	29		དེའི་ཕྱིར་དེ་ལྟར་ཡོངས་སུ་བརྟགས་ན་འབྱུང་བ་དང་འཇིག་པ་དག་ཕན་ཚུན་མེད་པར་རམ། ཕན་ཚུན་ལ
2433	verse-stanza	28		གང་དག་ཕན་ཚུན་ལྷན་ཅིག་གམ། །↵ཕན་ཚུན་ལྷན་ཅིག་མ་ཡིན་པར། །↵གྲུབ་པ་ཡོད་པ་མ་ཡིན་པ། །↵དེ
2434	line-end	54		འབྱུང་བ་དང་འཇིག་པ་གང་དག་ཕན་ཚུན་ལྷན་ཅིག་གམ། ཕན་ཚུན་ལྷན་ཅིག་མ་ཡིན་པར་གྲུབ་པ་ཡོད་པ་
2435	terminal-particle	78		དེ་དག་མེད་ན་དུས་ལ་སོགས་པ་དག་ཡོད་པར་ག་ལ་འགྱུར། སྨྲས་པ། གནས་པ་ཡོད་པས་སྐྱོན་མེད་དེ།
2436	terminal-particle	43		བཤད་པ། དེ་ཡང་མི་འཐད་དེ། ཅིའི་ཕྱིར་ཞེ་ན། དངོས་པོ་རྣམས་ནི་མི་རྟག་པ་ཉིད་དང་། རྗེས་ས
2437	line-end	65		དེའི་ཕྱིར། ཟད་ལ་འབྱུང་བ་ཡོད་མ་ཡིན། གང་གི་ཕྱིར་དངོས་པོ་རྣམས་མི་རྟག་པ་ཉིད་དང་ནམ་ཡང
2438	terminal-particle	17		སྨྲས་པ། འབྱུང་བའི་དུས་ན་ཟད་པར་མི་འགྱུར་བས་དེའི་ཕྱིར་འབྱུང་བ་ཡོད་དོ། །
2439	terminal-particle	13		འབྱུང་བ་གནས་པར་འགྱུར་ཞིང་གནས་པ་ཕྱིས་འཇིག་པར་འགྱུར་རོ། །
2440	terminal-particle	35		བཤད་པ། མ་ཟད་པ་ལའང་འབྱུང་བ་མེད། །གང་ཟད་པའི་མཚན་ཉིད་དང་བྲལ་བ་དེ་ལ་ཡང་འབྱུང་བ་མེད་ད
2441	terminal-particle	29		འདི་ལྟར་དངོས་པོ་ནི་ཟད་པའི་མཚན་ཉིད་ཅན་ཡིན་པས་དེའི་ཕྱིར་གང་ཟད་པའི་མཚན་ཉིད་དང་བྲལ་བ
2442	line-end	41		གང་དངོས་པོ་མ་ཡིན་པ་དེ་ལ༌[^1490]ཇི་ལྟར་འབྱུང་བར་འགྱུར་ཏེ། དེ་ལ་དེ་ལྟར༌[^1491]འབྱུ
2443	verse-stanza	15		ཟད་ལ་འཇིག་པ་ཡོད་མ་ཡིན། །↵མ་ཟད་པ་ལ་འང་འཇིག་པ་མེད། །
2444	terminal-particle	52		དེ་ལྟར་གང་གི་ཕྱིར་ཟད་པ་ལ་འབྱུང་བ་མི་འཐད་ལ་འབྱུང་བ་མེད་ན༌[^1492]གནས་པ་ཉིད་ཀྱང་མེད
2445	line-end	55		འབྱུང་བ་དང་འཇིག་པ་གང་དག་ཟད་པ་ལ་ཡོད་པ་མ་ཡིན་ལ། མ་ཟད་པ་ལ་ཡང་ཡོད་པ་མ་ཡིན་པ་དེ་དག༌[^
2446	terminal-particle	28		སྨྲས་པ། རེ་ཞིག་དངོས་པོ་རྣམས་ནི་ཡོད་དེ་མ་བྱུང་བ་ནི་དངོས་པོར་མི་འཐད་པས་འབྱུང་བ་ཡང་
2447	terminal-particle	24		གང་ལས་བྱུང༌[^1497]བ་ཡོད་པ་དེ་ལ་འཇིག་པ་ཡང་ངེས་པར་ཡོད་པས་འཇིག་པ་ཡང་རབ་ཏུ་གྲུབ་པ་ཉི
2448	line-end	56		བཤད་པ། ཅི་ཁྱོད་ཤིང་བི་དུ་ལའི་ཤིང་ཏོག་དག་འདོད་དམ། ཁྱོད་འབྱུང་བ་དང་འཇིག་པ་དག་ཡོད་པ
2449	verse-stanza	14		འབྱུང་དང་འཇིག་པ་མེད་པར་ནི། །↵དངོས་པོ་ཡོད་པ་མ་ཡིན་ནོ། །
2450	line-end	55		འདི་ལྟར་གལ་ཏེ་དངོས་པོ་འབའ་ཞིག་ཡོད་པར་གྱུར་ན་དེ་འབྱུང༌[^1498]བའི་ཆོས་ཅན་ནམ། འཇིག་
2451	verse-stanza	14		དངོས་པོ་ཡོད་པ་མ་ཡིན་པར། །↵འབྱུང་དང་འཇིག་པ་ཡོད་མ་ཡིན། །
2452	line-end	67		དེ་ལྟར་གང་གི་ཕྱིར་ཡོངས་སུ་བརྟགས༌[^1499]ན་དངོས་པོ་ཉིད་མི་འཐད་པ་དེའི་ཕྱིར་དངོས་པོ་
2453	line-end	37		ཡང་གཞན་ཡང་། འདི་ལ་གལ་ཏེ་འབྱུང་བ་དང་འཇིག་པ་དག་ཡོད་པར་གྱུར་ན། དེ་དག་དངོས་པོ་ངོ་བོ་
2454	verse-stanza	14		སྟོང་ལ་འབྱུང་དང་འཇིག་པ་དག །↵འཐད་པ་ཉིད་ནི་མ་ཡིན་ནོ། །
2455	terminal-particle	32		རེ་ཞིག་དངོས་པོ་ངོ་བོ་ཉིད་སྟོང་པ་ལ་འབྱུང་བ་དང་འཇིག་པ་དག་ཡོད་པར་མི་འཐད་དེ། ཅིའི་ཕྱ
2456	terminal-particle	79		འདི་ལྟར་ངོ་བོ་ཉིད་ཡོད་པ་མ་ཡིན་པ་ལ་དེ་དག་གང་གིས་ཡོད་པར་འགྱུར། ངོ་བོ་ཉིད་ཡོད་པ་མ་ཡ
2457	line-end	30		དེ་ལ་འདི་སྙམ་དུ་དངོས་པོ་ངོ་བོ་ཉིད་མི་སྟོང་བ་ལ་འབྱུང་བ་དང་འཇིག་པ་དག་ཡོད་པར་སེམས་ན
2458	verse-stanza	14		མི་སྟོང་པ་ལའང་འབྱུང་འཇིག་དག །↵འཐད་པ་ཉིད་ནི་མ་ཡིན་ནོ། །
2459	terminal-particle	40		དངོས་པོ་རང་གི་བདག་ཉིད་ཀྱིས་ཡོད་པར་འགྱུར་བ་མེད་པ་ལ་འབྱུང་བ་དང་འཇིག་པ་དག་ཡོད་པར་འཐ
2460	line-end	21		དེ་ལྟ་བས་ན་མི་སྟོང་པ་ལ་ཡང་འབྱུང་བ་དང་འཇིག་པ་དག་འཐད་པ་ཉིད་མ་ཡིན་ནོ། །
2461	line-end	29		ཡང་གཞན་ཡང་། འདི་ལ་གལ་ཏེ་འབྱུང་བ་དང་འཇིག་པ་དག་ཡོད་པར་གྱུར་ན། གཅིག་པ་ཉིད་དམ་གཞན་ཉི
2462	verse-stanza	28		འབྱུང་བ་དང་ནི་འཇིག་པ་དག །↵གཅིག་པ་ཉིད་དུ་མི་འཐད་དོ། །↵འབྱུང་བ་དང་ནི་འཇིག་པ་དག །↵ག
2463	line-end	114		རེ་ཞིག་འབྱུང་བ་དང་འཇིག་པ་དག་གཅིག་པ་ཉིད་དུ་མི་འཐད་དེ། ཅིའི་ཕྱིར་ཞེ་ན། འདི་ལྟར་འབྱ
2464	terminal-particle	25		དངོས་པོ་ནི་ངོ་བོ་ཉིད་ལས་གཞན་ཉིད་དུ་མི་འཐད་པས་འབྱུང་བ་དང་འཇིག་པ་དག་གཞན་ཉིད་དུ་མི་
2465	line-end	25		དེ་ལྟར་གང་གི་ཕྱིར་འབྱུང་བ་དང་འཇིག་པ་དག་གཅིག་པ་ཉིད་དང་གཞན་ཉིད་དུ་མི་འཐད་པའི་ཕྱིར་
2466	verse-stanza	22		འཇིག་པ་དག་མི་འཐད་པ་ཉིད་དོ། །↵འབྱུང་བ་དང་ནི་འཇིག་པ་དག །↵མཐོང་ངོ་སྙམ་དུ་ཁྱོད་སེམས་
2467	terminal-particle	31		ཁྱོད་འདི་སྙམ་དུ་དངོས་པོ་རྣམས་ཀྱི་འབྱུང་བ་དང་འཇིག་པ་དག་མངོན་སུམ་ཉིད་དུ་མཐོང་བས་དེ
2468	line-end	13		དེ་ནི་རིགས་པ་མ་ཡིན་ཏེ། ཅིའི་ཕྱིར་ཞེ་ན། འདི་ལྟར།
2469	verse-stanza	14		འབྱུང་བ་དང་ནི་འཇིག་པ་དག །↵གཏི་མུག་ཉིད་ཀྱིས་མཐོང་བ་ཡིན། །
2470	terminal-particle	35		གཏི་མུག་གིས་སེམས་བསྒྲིབས་པ་མི་མཁས་པ་དག་འབྱུང་བ་དང་འཇིག་པ་དག་མཐོང་ངོ་སྙམ་དུ་དེ་ལྟ
2471	line-end	61		ཅིའི་ཕྱིར་ཞེ་ན། འདི་ལྟར་གལ་ཏེ་འབྱུང་བ་དང་འཇིག་པ་དག་ཡོད་པར་འགྱུར༌[^1503]ན་དངོས་པོ
2472	line-end	50		སྨྲས་པ། དངོས་པོ་དང་དངོས་པོ་མེད་པ་དག་ཇི་ལྟར༌[^1505]ཡོད་པ་མ་ཡིན། བཤད་པ། འདི་ལ་གལ་ཏ
2473	verse-stanza	26		དངོས་པོ་དངོས་ལས་མི་སྐྱེ་སྟེ། །↵དངོས་མེད་དངོས་ལས་མི་སྐྱེའོ། །↵དངོས་པོ་དངོས་ཡོད་མི
2474	terminal-particle	27		དེ་ལ་རེ་ཞིག་དངོས་པོ་དངོས་པོ་ལས་སྐྱེ་བ་མེད་དེ། འདི་ལྟར་བུམ་པ་ནི་འཇིམ་པ་ངེས་པར་གནས
2475	terminal-particle	65		ཅི་སྟེ་བུམ་པ་ནི༌[^1506]འཇིམ་པ་བཅོས་པ་ལས་སྐྱེ་བར་སེམས་ན། དེ་ལྟར༌[^1507]ན་ཡང་འཇིམ་
2476	line-end	53		ཅི་སྟེ་ཡང་འདི་སྙམ་དུ་འཇིམ་པའི་དངོས་པོ་ཉིད་བུམ་པ་ཡིན་པར་སེམས་ན། དེ་ལྟ་ན་ཡང་དངོས་པ
2477	terminal-particle	43		དེ་ལ་འདི་སྙམ་དུ་ཤིང་ཏོག་གི་དངོས་པོ་ཤིང་ལྗོན་པའི་དངོས་པོ་ལས་སྐྱེ་བར་སེམས་ན། དེ་ཡང
2478	terminal-particle	13		དེ་ལྟར་རེ་ཞིག་དངོས་པོ་དངོས་པོ་ལས༌[^1509]སྐྱེ་བ་མེད་དོ། །
2479	terminal-particle	40		དངོས་པོ་མེད་པ་ཡང་དངོས་པོ་ལས༌[^1510]སྐྱེ་བ་མེད་དེ། འདི་ལྟར་བུམ་པ་ཆག་པ་ནི་བུམ་པ་ངེ
2480	terminal-particle	24		བུམ་པ་ཆག་པ་བུམ་པའི་དངོས་པོ་ལས་ཀྱང་མི་སྐྱེ་སྟེ། ཆག་ཅིང་མེད་པ་ནི་དངོས་པོ་མེད་པའི་ཕ
2481	line-end	49		དེ་ལ་འདི་སྙམ་དུ་བུམ་པ་དངོས་པོ་མེད་པ་ཐོ་བའི་དངོས་པོ་ལས་སྐྱེ་བར་སེམས་ན་དེ༌[^1511]ཡ
2482	terminal-particle	23		གལ་ཏེ་དངོས་པོ་མེད་པ་སྐྱེ་ན་དངོས་པོ་མེད་པ་ཉིད་དུ་མི་འགྱུར་ཏེ། སྐྱེ་བ་ཡོད་པའི་ཕྱིར
2483	terminal-particle	11		སྐྱེ་བ་ཞེས་བྱ་བ་ཅི་ཡང་མེད་ན་ནི་སྐྱེའོ། །
2484	terminal-particle	27		ཞེས་བྱ་བ་དེ་ལ་སུ་ཞིག་ཡིད་ཆེས་པར་རིགས། དེ་ལྟ་བས་ན་དངོས་པོ་མེད་པ་ཡང་དངོས་པོ་ལས་སྐྱ
2485	terminal-particle	32		དངོས་པོ་ཡང་དངོས་པོ་མེད་པ་ལས་སྐྱེ་བ་མེད་དེ། འདི་ལྟར་བུམ་པ་ནི་འཇིམ་པ་འགགས་པ༌[^1512
2486	terminal-particle	56		ཅི་སྟེ་དངོས་པོ་འགགས་ཤིང་མེད་པ་ལས་སྐྱེ་བར་གྱུར་ན། དེ་ལྟ་ན་དངོས་པོ་སྐྱེ་བ་རྒྱུ་མེད
2487	line-end	30		དེ་ལྟ་བས་ན་དངོས་པོ་ཡང་དངོས་པོ་མེད་པ་ལས་སྐྱེ་བ་མེད་དེ། དངོས་པོ་མེད་པ་ཡང་དངོས་པོ་མ
2488	terminal-particle	48		འདི་ལྟར་དངོས་པོ་མེད་པ་བུམ་པའི་དངོས་པོ་མེད་པ་ལས་མི་སྐྱེ་སྟེ། བུམ་པའི་དངོས་པོ་མེད་
2489	terminal-particle	31		ཅི་སྟེ་ཅི་ཡང་མེད་པ་ཅི་ཡང་མེད་པ་ལས་སྐྱེ་བར་འགྱུར་ན་ནི་དེ་ལྟ་ན་རི་བོང་གི་རྭ་ཡང་རྟའ
2490	terminal-particle	28		ཅི་སྟེ་དངོས་པོ་མེད་པ་ཅི་ཞིག་ཡིན་ན་ནི་ཅི་ཞིག་ཡིན་པའི་ཕྱིར་དངོས་པོ་ཉིད་ཡིན་གྱི་དངོ
2491	line-end	17		དེ་ལྟ་བས་ན་དངོས་པོ་མེད་པ་ཡང་དངོས༌[^1515]མེད་པ་ལས་སྐྱེ་བ་མེད་དོ། །
2492	line-end	37		ཡང་གཞན་ཡང་། འདི་ལྟར་གལ་ཏེ་དངོས་པོ་སྐྱེ་བར་འགྱུར་ན་དེ་བདག་ལས་སམ་གཞན་ལས་སམ་གཉི་ག་ལ
2493	verse-stanza	21		གཞན་ལས་སྐྱེ་བ་ཉིད་མ་ཡིན། །↵བདག་དང་གཞན་ལས་སྐྱེ་བ་ནི། །↵ཡོད་མིན་ཇི་ལྟར་སྐྱེ་བར་འགྱ
2494	terminal-particle	46		རེ་ཞིག་དངོས་པོ་ནི་བདག་ལས་སྐྱེ་བ་མེད་དེ། རང་གི་བདག་ཉིད་ཀྱིས་ཡོད་པ་ལ་ནི་ཡང་སྐྱེ་བར
2495	terminal-particle	34		རང་གི་བདག་ཉིད་ཀྱིས་མེད་པ་ལ་ནི་བདག་ལས་ཞེས་བྱ་བའི་ཚིག་ཀྱང་མི་འཐད་པའི་ཕྱིར་ཏེ། དེ་ལ
2496	line-end	24		དངོས་པོ་ནི་གནས༌[^1517]ལས་ཀྱང་སྐྱེ་བ་མེད་དེ། དངོས་པོ་མ་སྐྱེས་ཤིང་མེད་པ་ལ་གཞན་མི་འ
2497	terminal-particle	59		འདི་ལྟར་འགའ་ཞིག་ཡོད་ན་གཞན་ཡང་ཡོད་པར་འགྱུར་ན་དེ་ཡང་མེད་དེ། དེ་མེད་ན་གཞན་ཡོད་པར་ག་
2498	terminal-particle	47		དེ་ལྟ་བས་ན་མ་སྐྱེས་པས་གཞན་མེད་པ་ཁོ་ནའི་ཕྱིར་དངོས་པོ་ནི་གཞན་ལས་སྐྱེ་བ་མེད་དོ།[^15
2499	terminal-particle	15		དེ་ལྟ་བས་ན་དངོས་པོ་ནི་གཉི་ག་ལས་ཀྱང་སྐྱེ་བ་མེད་དོ། །
2500	terminal-particle	31		དངོས་པོ་གང་བདག་དང་གཞན་དང་གཉི་ག་ལས་སྐྱེ་བ་མེད་པ་དེ་དག་གཞན་གང་ལས་སྐྱེ་བར་སེམས། དེ་
2501	line-end	45		དངོས་པོ་ཡོད་པ་མ་ཡིན་ན་གང་གི་དངོས་པོ་མེད་པར༌[^1520]འགྱུར། དངོས་པོ་དང་དངོས་པོ་མེད་
2502	verse-stanza	28		དངོས་པོ་ཡོད་པར་ཁས་བླངས་ན། །↵རྟག་དང་ཆད་པར་ལྟ་བར་ནི། །↵ཐལ་བར་འགྱུར་ཏེ་དངོས་དེ་ནི། 
2503	terminal-particle	36		དངོས་པོ༌[^1521]ལྟ་བ་ཡོད་ན་སྐྱོན་ཆེན་པོ་གཞན་འདིར་ཡང་འགྱུར་ཏེ། གང་གི་ཕྱིར་དངོས་པོ་
2504	terminal-particle	46		ཇི་ལྟར་ཞེ་ན། འདི་ལྟར་ཡོད་པ༌[^1522]དེ་ནི་རྟག་པ་དང་མི་རྟག་པའི་ཕྱིར་ཏེ། དངོས་པོ་གང་
2505	line-end	44		དེ་ལྟར༌[^1523]རེ་ཞིག་གལ་ཏེ་དངོས་པོ་དེ་རྟག་ན་ནི་རྟག་པའི་སྐྱོན་དུ་ཐལ་བར་འགྱུར་ལ། འ
2506	line-end	2		སྨྲས་པ།
2507	verse-stanza	14		དངོས་པོ་ཡོད་པར་ཁས་བླངས་ཀྱང་། །↵ཆད་པར་མི་འགྱུར་རྟག་མི་འགྱུར། །
2508	terminal-particle	43		འདི་ལྟར་དངོས་པོ་ཡོད་པར་ཁས་བླངས་ཀྱང་། །རྟག་པར་ལྟ་བར་ཐལ་བར་ཡང་མི་འགྱུར་ལ། ཆད་པར་ལྟ
2509	terminal-particle	53		འདི་ལྟར་གལ་ཏེ་དངོས་པོ་ཡོད་པར་ཁས་བླངས་ན། རྟག་པ་དང་ཆད་པའི་སྐྱོན་དུ་ཐལ་བར་འགྱུར་ན། 
2510	terminal-particle	27		དངོས་པོར་ལྟ་བ་ཡོད་ན་ཡང་སྲིད་པ་འཐད་པས་དེའི་ཕྱིར་རྟག་པ་དང་ཆད་པར་ལྟ་བའི་སྐྱོན་དུ་ཐལ
2511	line-end	19		དེ་ཇི་ལྟར་ཞེ་ན། འབྲས་བུ་རྒྱུ་ཡི་འབྱུང་འཇིག་གི །རྒྱུན་དེ་སྲིད་པ་ཡིན་ཕྱིར་རོ། །
2512	terminal-particle	95		འདི་ལྟར་འབྲས་བུ་དང་རྒྱུའི་འབྱུང་བ་དང་འཇིག་པའི་རྒྱུན་གང་ཡིན་པ་དེ་ནི་སྲིད་པ་ཡིན་ཏེ
2513	line-end	9		བཤད་པ། གལ་ཏེ་འབྲས་བུའི་འབྱུང་འཇིག་གི །
2514	verse-stanza	21		རྒྱུན་དེ་སྲིད་པ་ཡིན་གྱུར་ན། །↵འཇིག་ལ་ཡང་སྐྱེ་མེད་པའི་ཕྱིར། །↵རྒྱུ་ནི་ཆད་པར་ཐལ་བར
2515	line-end	63		གལ་ཏེ་འབྲས་བུ་དང་རྒྱུའི་འབྱུང་བ་དང་འཇིག་པའི་རྒྱུན་གང་ཡིན་པ་དེ་སྲིད་པ་ཡིན་པར་གྱུར
2516	terminal-particle	21		དེ་ལྟར་རྒྱུ་འགགས་པ་ལ་ཡང་སྐྱེ་བ་མེད་པའི་ཕྱིར། རྒྱུ་ཆད་པ་ཁོ་ནར་ཐལ་བར་འགྱུར་རོ། །
2517	terminal-particle	16		སྨྲས་པ། མི་འགྱུར་ཏེ་རྒྱུ་ལམ༌[^1524]འབྲས་བུ་གཞན་ཉིད་མ་ཡིན་པའི་ཕྱིར་རོ། །
2518	terminal-particle	13		འདི་ལྟར་རྒྱུ་ལས་འབྲས་བུ་གཞན་ཉིད་ཡིན་པར་མི་འཐད་དོ། །
2519	line-end	3		ཁྱོད་ཀྱིས་ཀྱང་།
2520	verse-stanza	28		གང་ལ༌[^1525]བརྟེན་ཏེ་གང་འབྱུང་བ། །↵དེ་ནི་རེ་ཞིག་དེ་ཉིད་མིན། །↵དེ་ལས་གཞན་པའང་མ་ཡི
2521	line-end	21		ཞེས་སྨྲས་པས། དེས་ན་རྒྱུ་ལས་འབྲས་བུ་གཞན་ཉིད་མ་ཡིན་པའི་ཕྱིར་རྒྱུ་ཆད་པར་མི་འགྱུར་རོ
2522	line-end	93		བཤད་པ། ཁོ་བོས་དེ་སྐད་སྨྲ༌[^1526]མོད་ཀྱི་ཁྱོད་ཀྱིས་དེའི་རྟེན༌[^1527]གྱི་དེ་ཁོ་ན་ཁ
2523	terminal-particle	192		དཔེར་ན་བྲོ་གར་མཁན་གྱིས་ཆ་ལུགས་གཞན་སྤངས་ཏེ། ཆ་ལུགས་གཞན་ལེན་པར་བྱེད་པ་དེ་ལ་ཆ་ལུགས་
2524	line-end	28		དེ་ལྟ་བས་ན་དངོས་པོར་ལྟ་བ་ཡོད་ན་རྒྱུ་འགགས་པ་ཡང་སྐྱེ་བ་མེད་པའི་ཕྱིར་རྒྱུན་ཆད་པ་ཁོ་
2525	line-end	3		ཡང་གཞན་ཡང་།
2526	verse-stanza	14		དངོས་པོ་ངོ་བོ་ཉིད་ཡོད་ན། །↵དངོས་མེད་འགྱུར་བར་མི་རིགས་སོ། །
2527	terminal-particle	37		དངོས་པོ་ངོ་བོ་ཉིད་ཀྱིས་ཡོད་ན་ངོ་བོ་ཉིད་ཡོད་པ་ནི་དངོས་པོ་མེད་པར་འགྱུར་བར་མི་རིགས་
2528	terminal-particle	49		དེའི་ཕྱིར་དངོས་པོར་ལྟ་བ་ཡོད་ན་རྒྱུ་ཡང་འགག་པར་མི་འཐད་ལ་འབྲས་བུ་ཡང་སྐྱེ་བར་མི་འཐད་
2529	line-end	3		ཡང་གཞན་ཡང་།
2530	verse-stanza	14		མྱ་ངན་འདས་པའི་དུས་ན་ཆད། །↵སྲིད་རྒྱུན་རབ་ཏུ་ཞི་ཕྱིར་རོ། །
2531	terminal-particle	29		མྱ་ངན་ལས་འདས་པའི་དུས་ན་དགྲ་བཅོམ་པའི་སྲིད་པའི་རྒྱུན་རབ་ཏུ་ཞི་བའི་ཕྱིར་ཆད་པ་ཁོ་ནའི
2532	line-end	26		དེ་ལྟ་བས་ན་སྲིད་པའི་རྒྱུན་དེ༌[^1531]ཡོད་པར་རྟོག་ན་ཡང་རྟག་པ་དང་ཆད་པ་ཁོ་ནའི་སྐྱོན་
2533	terminal-particle	102		སྨྲས་པ། རེ་ཞིག་སྲིད་པའི་རྒྱུན་ནི་རབ་ཏུ་གྲུབ་པོ། །མྱ་ངན་ལས་འདས་པའི་དུས་ན་དགྲ་བཅོམ
2534	terminal-particle	33		རེ་ཞིག་སྲིད་པའི་རྒྱུན་ནི་རབ་ཏུ་གྲུབ་པོ་ཞེས་གང་སྨྲས་པ་དེ་ཡང་རིགས་པ་མ་ཡིན་ཏེ། སྲིད
2535	line-end	6		ཅིའི་ཕྱིར་ཞེ་ན། འདི་ལྟར།
2536	verse-stanza	14		ཐ་མ་འགགས་པར་གྱུར་པ་ནི། །↵སྲིད་པ་དང་པོར་སྦྱོར་མི་འགྱུར། །
2537	terminal-particle	13		ད་ལྟར་གྱི༌[^1534]སྲིད་པའི་མཇུག་གི་སེམས་ནི་སྲིད་པ་ཐ་མའོ། །
2538	terminal-particle	15		མ་འོངས་པའི་སྲིད་པའི་སེམས་སྐྱེ་བའི་དང་པོ་ནི་སྲིད་པ་དང་པོའོ། །
2539	terminal-particle	35		དེ་ལ་རེ་ཞིག་སྲིད་པ་ཐ་མ་འགགས་པ་ནི་སྲིད་པ་དང་པོ་དང་ཉིང་མཚམས་སྦྱོར་བ་མེད་དེ། སྲིད་པ
2540	terminal-particle	62		འདི་ལྟར་དངོས་པོ་འགགས་ཤིང་མེད་པ་ལས་ཇི་ལྟར་དངོས་པོ་སྐྱེ་བར་འགྱུར། ཅི་སྟེ་སྲིད་པ་ཐ་
2541	line-end	29		དེ་ལ་འདི་སྙམ་དུ་སྲིད་པ་ཐ་མ་མ་འགགས་པ་སྲིད་པ་དང་པོ་དང༌[^1536]ཉིང་མཚམས་སྦྱོར་བར༌[^1
2542	verse-stanza	14		ཐ་མ་འགགས་པར་མ་གྱུར་པ། །↵སྲིད་པ་དང་པོར་སྦྱོར་མི་འགྱུར། །
2543	line-end	47		སྲིད་པ་ཐ་མ་མ་འགགས༌[^1538]པ་ཡང་སྲིད་པ་དང་པོ་དང་ཉིང་མཚམས་སྦྱོར་བ་མེད་དེ།[^1539] ཅི
2544	terminal-particle	33		སྨྲས་པ། སྲིད་པ་ཐ་མ་འགགས་པ་དང་མ་འགགས་པ་སྲིད་པ་དང་པོ་དང་ཉིང་མཚམས་སྦྱོར་བ་མེད་མོད་ཀ
2545	line-end	2		བཤད་པ།
2546	verse-stanza	28		གལ་ཏེ་ཐ་མ་འགག༌[^1541]བཞིན་པ། །↵དང་པོ༌[^1542]སྐྱེ་བར་འགྱུར༌[^1543]ན་ནི། །↵འགག་བཞི
2547	line-end	61		གལ་ཏེ་སྲིད་པ་ཐ་མ་འགག་བཞིན་པ་སྲིད་པ་དང་པོ་དང་ཉིང་མཚམས་སྦྱོར་བར་གྱུར་ན། འགག་བཞིན་པ
2548	terminal-particle	54		སྨྲས་པ། སྲིད་པ་ཐ་མ་འགགས་པ་དང་འགག་བཞིན་པ་སྲིད་པ་དང་པོ་དང་ཉིང་མཚམས་སྦྱོར་བ་མེད་དོ་
2549	line-end	2		བཤད་པ།
2550	verse-stanza	28		གལ་ཏེ་འགག་བཞིན་སྐྱེ་བཞིན་དག །↵ལྷན་ཅིག་སྦྱོར་བའང་ཡོད་མིན་ན། །↵ཕུང་པོ་གང་ལ་འཆི་འགྱ
2551	line-end	26		ལྷན་ཅིག་སྦྱོར་བའང་ཞེས་བྱ་བའི་འང་གི་སྒྲ་ནི་སྲིད་པ་ཐ་མ་འགགས་པ་དང་མ་འགགས་པ་ཡང་བསྡུ་
2552	line-end	120		གལ་ཏེ་སྲིད་པ་ཐ་མ་འགག་བཞིན་པ་སྲིད་པ་དང་པོ་སྐྱེ་བཞིན་པ་དང་ལྷན་ཅིག་ཉིང་མཚམས་སྦྱོར་བ
2553	line-end	21		དེ་ཡང་མི་འདོད་དེ་དེ་ལྟ་བས་ན་དེ༌[^1545]གསུམ་མ་གཏོགས་པར་སྲིད་པ་འབྱུང་བར༌[^1546]མི་
2554	verse-stanza	28		དེ་ལྟར་དུས་གསུམ་དག་ཏུ་ཡང་། །↵སྲིད་པའི་རྒྱུན་ནི་མི་རིགས་ན། །↵དུས་གསུམ་དག་ཏུ་གང་མེ
2555	line-end	126		དེའི་ཕྱིར་དེ་ལྟར་ཡོངས་སུ་བརྟགས་ན་སྲིད་པ་ཐ་མ་འགགས་པ་དང་མ་འགགས་པ་དང་འགག་བཞིན་པ་སྲི
2556	terminal-particle	23		སྨྲས་པ། སྲིད་པའི་རྒྱུན་ནི་ཡོད་པ་ཁོ་ན་སྟེ། ཅིའི་ཕྱིར་ཞེ་ན། དེ་བཞིན་གཤེགས་པ་ཡོད་པའ
2557	terminal-particle	20		དེ་བཞིན་གཤེགས་པ་ནི་བཅོམ་ལྡན་འདས་དགྲ་བཅོམ་པ་ཡང་དག་པར་རྫོགས་པའི་སངས་རྒྱས་ཡོད་དོ། །
2558	terminal-particle	39		དེས་བསྐལ་པ་གྲངས་མེད་པ་དག་གིས་བྱང་ཆུབ་ཡང་དག་པར་བསྒྲུབས༌[^1549]ཏེ། དེ་ལྟར་ཡང་མདོ་ས
2559	line-end	38		དེའི་ཚེ་དེའི་དུས་ན་ང་རྒྱལ་པོ་ང་ལས༌[^1550]ནུ་ཞེས་བྱ་བར་གྱུར་ཏོ་ཞེས་གསུངས་ཏེ། སྲིད
2560	line-end	76		བཤད་པ། གལ་ཏེ་དེ་བཞིན་གཤེགས་པ་ཉིད་འཐད་ན་ནི། སྲིད་པའི་རྒྱུན་ཡང་ཡོད་པར་འགྱུར་གྲང་ན།
2561	verse-stanza	28		སྐུ་མིན་སྐུ་ལས་གཞན་མ་ཡིན། །↵དེ་ལ་སྐུ་མེད་དེ་དེར་མེད། །↵དེ་བཞིན་གཤེགས་པ་སྐུ་ལྡན་མ
2562	line-end	65		རེ་ཞིག་ཕུང་པོ་རྣམས་ཉིད་དེ་བཞིན་གཤེགས་པ་མ་ཡིན་ཏེ། ཅིའི་ཕྱིར་ཞེ་ན། ཕུང་པོ་རྣམས་འབྱ
2563	terminal-particle	81		ཕུང་པོ་རྣམས་ལས་དེ་བཞིན་གཤེགས་པ་གཞན་པ་ཕུང་པོ་མེད་པའི་ཆོས་ལོགས་ཤིག་ན་ཡང་མེད་དེ། ཅི
2564	terminal-particle	43		དེ་བཞིན་གཤེགས་པ་ལ་ཕུང་པོ་རྣམས་གངས་ལ༌[^1552]ཤིང་ལྗོན་པའི་ནགས་ཚལ་བཞིན་དུ་མེད་དེ། ཅ
2565	line-end	36		ཕུང་པོ་རྣམས་ལ་ཡང་དེ་བཞིན་གཤེགས་པ་ཤིང་ལྗོན་པའི་ནགས་ཚལ་ན་སེང་གེ་བཞིན་དུ་མེད་དེ། ཅི
2566	terminal-particle	47		དེ་བཞིན་གཤེགས་པ་ཕུང་པོ་རྣམས་དང་ཤིང་ལྗོན་པའི༌[^1553]སྙིང་པོ་དང་ལྡན་པ་བཞིན་དུ་ལྡན་
2567	line-end	43		དེ་ལྟར་རྣམ་པ་ལྔས་བཙལ་ན་དེ་བཞིན་གཤེགས་པ་ཉེ་བར་ལེན་པ་ལ་མི་སྲིད་ན། ཁྱོད་ཀྱིས་གང་གིས
2568	terminal-particle	85		སྨྲས་པ། ཅི་ཁོ་བོ་ཕུང་པོ་རྣམས་ཉིད་དེ་བཞིན་གཤེགས་པའམ། ཕུང་པོ་རྣམས་ལས་དེ་བཞིན་གཤེགས
2569	terminal-particle	43		དེའི་ཕྱིར་དེ་ཉིད་དུ་བརྗོད་པར་བྱ་བ་མ་ཡིན་པའི་ཕྱིར་མི་རྟག་པ་ཉིད་ཀྱི་སྐྱོན་དུ་མི་འག
2570	line-end	41		བཤད་པ། ཅི་ཁྱོད་ལེགས་པར་སྦྱར་བའི་ཕྱེད་ཀྱིས་གར་བྱེད་དམ། ཁྱོད་བརྟེན་ནས་དེ་བཞིན་གཤེག
2571	verse-stanza	14		གལ་ཏེ་སངས་རྒྱས་ཕུང་པོ་ལ། །↵བརྟེན་ནས་ངོ་བོ་ཉིད་ལས་མེད། །
2572	line-end	30		གལ་ཏེ་སངས་རྒྱས་ཕུང་པོ་རྣམས་ལ་བརྟེན་ནས་གདགས་པར་བྱ་བ་ཡིན་ན། དེའི་དོན་ནི་སངས་རྒྱས་ང
2573	terminal-particle	36		འདི་ལྟར་ངོ་བོ་ཉིད་ལས་ཡོད་པ་ལ་ནི་ཡང༌[^1555]བརྟེན་ནས་གདགས་པས་ཅི་བྱ་སྟེ། དེའི་ངོ་བོ
2574	line-end	38		གང་གི་ཕྱིར་དེ་ངོ་བོ་ཉིད་མེད་པ་དེའི་ཕྱིར་ཉེ་བར་ལེན་པས་གང༌[^1556]གདགས་པར་བྱ་བ༌[^15
2575	verse-stanza	14		ངོ་བོ་ཉིད་ལས་གང་མེད་པ། །↵དེ་གཞན་དངོས་ལས་ག་ལ་ཡོད། །
2576	line-end	62		དེ་བཞིན་གཤེགས་པ་གང་ངོ་བོ་ཉིད་ལས་མེད་པ་དེ་དག་གཞན་གང་ལས་ཡོད་པར་སེམས་ན། [^1558]སྨྲས
2577	line-end	2		བཤད་པ།
2578	verse-stanza	14		གང་ཞིག་གཞན་གྱི་དངོས་བརྟེན་ནས། །↵དེ་དག་ཉིད་དུ་མི་འཐད་དོ། །
2579	line-end	29		གང་ཞིག་གཞན་གྱི་དངོས་པོ་ལ་བརྟེན་ནས་གདགས་པར་བྱ་བ༌[^1560]དེ་ནི་བདག་ཉིད་ཡོད་དོ་ཞེས་བ
2580	verse-stanza	21		རང་ལས་མ་གྲུབ་པའི་ཕྱིར་རོ། །↵གང་ཞིག་བདག་ཉིད་མེད་པ་དེ། །↵ཇི་ལྟར་དེ་བཞིན་གཤེགས་པར་འ
2581	line-end	90		དེ་བཞིན་གཤེགས་པ་གང་ཞིག་རང་གི་བདག་ཉིད་མེད་པ་དེ་ཉིད་ཉེ་བར་ལེན་པ་གཞན་དུ་གྱུར་པས་གདག
2582	line-end	3		ཡང་གཞན་ཡང་།
2583	verse-stanza	28		གལ་ཏེ་ངོ་བོ་ཉིད་མེད་ན། །↵གཞན་དངོས་ཡོད་པར་ཇི་ལྟར་འགྱུར། །↵ངོ་བོ་ཉིད་དང་གཞན་དངོས་ད
2584	terminal-particle	75		གལ་ཏེ་དེ་བཞིན་གཤེགས་པ་ངོ་བོ་ཉིད་མེད་དེ། ངོ་བོ་ཉིད་ཡོད་པ་མ་ཡིན་ན། གཞན་གྱི༌[^1561]
2585	line-end	32		འོ་ན༌[^1563]ངོ་བོ་ཉིད་དང་གཞན་གྱི་དངོས་པོ་དག་མ་གཏོགས་པར་དེ་བཞིན་གཤེགས་པ་དེ་གང༌[^1
2586	terminal-particle	46		སྨྲས་པ། ཁྱོད་བརྟེན་ནས་གདགས་པར་བྱ་བའི་དོན་རྣམ་པར་མི་ཤེས་པར་མི་རིགས་པ་མང་པོ་དེ་སྙེ
2587	line-end	46		དེ་བཞིན་གཤེགས་པ་རྣམས་ལ་བརྟེན་ནས་གདགས་པར་བྱ་བ་གང་ཡིན་པ་དེ་ལ་ཅི་དེ་བཞིན་གཤེགས་པ་ངོ
2588	line-end	5		བཤད་པ། འཇིག་རྟེན་ན།
2589	verse-stanza	14		འདྲེ་ཡིས་བྱ་བ་གང་ཡིན་པ། །↵དེ་ནི་བྱིས་པ་དག་བྱེད་དོ། །
2590	terminal-particle	64		ཞེས་བརྗོད་པ་དེ་ནི་བདེན་པ་ཁོ་ན་སྟེ།[^1566] ཁོ་བོ་ནི་བརྟེན་ནས་གདགས་པར་བྱ་བའི་དོན་ར
2591	line-end	5		དེ་ཇི་ལྟར་ཞེ་ན།
2592	verse-stanza	28		གལ་ཏེ་ཕུང་པོ་མ་བརྟེན་པར། །↵དེ་བཞིན་གཤེགས་པ་འགའ་ཡོད་ན། །↵དེ་ནི་ད་གདོད་རྟེན༌[^1568
2593	line-end	51		གལ་ཏེ་ཕུང་པོ་རྣམས་ཉེ་བར་ལེན་པ་པོའི༌[^1569]སྔ་རོལ་ན། དེ་བཞིན་གཤེགས་པ་ཞེས་བྱ་བ་འགའ
2594	line-end	20		དེ་ཡང་སྐྱེས་པར་གྱུར་ལ་ཕུང་པོ་རྣམས་ཀྱིས་དེ་གསལ་བ་ཙམ་ཞིག་བྱེད་པར་འགྱུར་དུ་ནི།
2595	verse-stanza	28		ཕུང་པོ་རྣམས་ལ་མ་བརྟེན་པར། །↵དེ་བཞིན་གཤེགས་པ་འགའ་ཡང་མེད། །↵གང་ཞིག་མ་བརྟེན་ཡོད་མིན
2596	line-end	39		ཕུང་པོ་རྣམས་ལ་མ་བརྟེན་པར་དེ་བཞིན་གཤེགས་པ་འགའ་ཡང་མི་འཐད་དེ། གང་ཕུང་པོ་རྣམས་ལ་མ་བར
2597	line-end	71		སྨྲས་པ། གཞུང་ལུགས་དང་འགལ་བ་དེ་བཤད་དེ་ཅི་རུང་། འདི་ལྟར་བཅོམ་ལྡན་འདས་ཀྱིས་འཁོར་བ་ལ
2598	line-end	72		བཤད་པ། གལ་ཏེ་འཁོར་བ་ལ་ཐོག་མ་དང་ཐ་མ་མེད་པས་ཉེ་བར་ལེན་པ་པོ་དང་ཉེ་བར་བླངས་པ༌[^1571]
2599	verse-stanza	28		ཉེ་བར་བླངས་པ་མ་ཡིན་པ། །↵ཉེ་བར་ལེན་པར་ཅིས༌[^1572]མི་འགྱུར། །↵ཉེ་བར་ལེན་པ་མེད་པ་ཡི
2600	terminal-particle	71		འདི་ལ་ཉེ་བར་བླངས་པ་ཡིན་པས་ཉེ་བར་ལེན་པ་ཞེས་བྱ་ལ། ཉེ་བར་ལེན་པར་བྱེད་པས་ཉེ་བར་ལེན་པ
2601	line-end	16		འཁོར་བ་ལ་ཐོག་མ་དང་ཐ་མ་མེད་ན་འདི་ནི་ཉེ་བར་བླངས་པའོ།[^1574] །
2602	terminal-particle	15		འདི་ནི་ཉེ་བར་ལེན་པར་བྱེད་པའོ་ཞེས་བྱ་བ་དེ་མི་འཐད་དོ། །
2603	line-end	73		དེ་ལྟར་སྔ་ཕྱི་མེད་ན་ཁྱོད་ཀྱི་ཕུང་པོ་རྣམས་ཇི་ལྟར་ཉེ་བར་བླང་བ་ཡིན་པ་དང་། ཁྱོད་ཀྱིས
2604	terminal-particle	45		སྨྲས་པ། དེ་ནི་འཐད་དེ། ཅིའི་ཕྱིར་ཞེ་ན། དེ་ཉིད་དང་གཞན་ཉིད་དུ་བརྗོད་པར་བྱ་བ་མ་ཡིན་པ
2605	terminal-particle	17		རེ་ཞིག་དེ་ཉིད་དུ་མི་བརྗོད་དེ་བྱེད་པ་པོའི་ཚིག་ཐ་དད་པའི་ཕྱིར་རོ། །
2606	terminal-particle	15		གཞན་ཉིད་དུ་ཡང་མི་བརྗོད་དམ༌[^1575]སོ་སོར་འགྲུབ་པ་མེད་པའི་ཕྱིར་རོ། །
2607	line-end	22		དེ་ལྟ་བས་ན་དེ་གཉི་ག་ཡང་ཡོད་དེ་དེ་ཉིད་དང་གཞན་ཉིད་དུ་ནི་བརྗོད་པར་མི་ནུས་སོ། །
2608	terminal-particle	82		བཤད་པ། ཅི་ཁྱོད་མཛའ་བཤེས་ཀྱི་བློས་དགྲ་བོ་དཔང་དུ་ལེན་ཏམ། [^1576]ཁྱོད་གང་ཁོ་ནས་ཉེ་བ
2609	terminal-particle	59		གང་དག་གཅིག་པ་ཉིད་དུ་ཡང་ཡོད་པ་མ་ཡིན་ལ་གཞན་ཉིད་དུ་ཡང་ཡོད་པ་མ་ཡིན་པ་དེ་དག་གཞན་དུ་ཇི
2610	line-end	45		ཐ་སྙད་ཀྱི་དབང་གིས༌[^1578]ཉེ་བར་ལེན་པ་པོ་དང་ཉེ་བར་བླངས་པ༌[^1579]དག་རྗོད་པར༌[^1580
2611	line-end	30		གཞན་དུ་ན་དེ་བཞིན་གཤེགས་པ་བདག་དང་ཉེ་བར་ལེན་པ་བདག་མེད་པ་དག་ཇི་ལྟར་གཞན་ཉིད་དུ་མི་འག
2612	verse-stanza	28		གང་ཕྱིར་གཟུགས་ལ་བདག་མེད་པ། །↵དེ་ཕྱིར་གཟུགས་ལས་བདག་གཞན་འགྱུར། །↵གྲང་དང་ཚ་བ་ཐ་དད་ཉ
2613	quote-close	3		ཞེས་གསུངས་སོ། །
2614	line-end	17		ཅི་སྟེ་ཡང་ཉེ་བར་ལེན་པ་པོ་ཞིག་ཡོད་པར་གྱུར་ན་དེ་ལྟ་ན༌[^1582]ཡང་།
2615	verse-stanza	28		རྣམ་པ་ལྔས་ནི་བཙལ་བྱས་ན། །↵གང་ཞིག་དེ་ཉིད་གཞན་ཉིད་དུ། །↵མེད་པའི་དེ་བཞིན་གཤེགས་པ་དེ
2616	line-end	71		དེ་བཞིན་གཤེགས་པ་གང་ཉེ་བར་ལེན་པ་གང་གིས་གདགས་པར་བྱ་བ་དེ༌[^1583]ཉིད་ལ་རྣམ་པ་ལྔས་བཙལ
2617	terminal-particle	43		སྨྲས་པ། ཇི་སྲིད་དུ་ཉེ་བར་ལེན་པ་ཞེས་བྱ་བ་ཕུང་པོ་ལྔ་པོ་འདི། སྔོན་དུ༌[^1584]དམིགས་པ
2618	terminal-particle	23		ཁ་ལོ་སྒྱུར་བ་མེད་པར་ཤིང་རྟ་མི་འགྲོ་བས་འདི་ལ་ཉེ་བར་ལེན་པ་པོ་ཡང་ཡོད་པར་འགྱུར་རོ། །
2619	line-end	36		བཤད་པ། ཅི་ཁྱོད་ཆུ་བོ་ཤུགས་དྲག་པོས་ཁྱེར་བ་ན་རྩ་དྲུངས་ཕྱུང༌[^1585]ལ་འཇུའམ། ཁྱོད་ཉེ
2620	verse-stanza	14		གང་ཞིག་ཉེ་བར་བླང་བ་དེ། །↵དེ་ནི་ངོ་བོ་ཉིད་ལས་མེད། །
2621	line-end	25		ཉེ་བར་བླང་བ་གང་ཡོད་དོ་སྙམ་དུ་སེམས་པ༌[^1586]དེ་ཡང་རྟེན་ཅིང་འབྲེལ་པར་འབྱུང་བའི་ཕྱི
2622	terminal-particle	27		སྨྲས་པ། དེ་ནི་རེ་ཞིག་ཡོད་དེ་གལ་ཏེ་བདག་གི་དངོས་པོ་ལས་ཡོད་པ་མ་ཡིན་ཡང་གཞན་གྱི༌[^158
2623	line-end	2		བཤད་པ།
2624	verse-stanza	14		བདག་གི་དངོས་ལས་གང་མེད་པ། །↵དེ་བཞིན༌[^1588]དངོས་ལས་ཡོད་རེ་སྐན། །
2625	line-end	92		ཉེ་བར་ལེན་པ་གང་བདག༌[^1589]གི་དངོས་པོ་ལས་མེད་པ་དེ་གཞན་གྱི༌[^1590]དངོས་པོ་ལས་ཡོད་པ
2626	line-end	116		མངོན་སུམ་དུ་དམིགས་པ་ཞེས་གང་སྨྲས་པ་དེ་ཡང་རང་གི་སེམས་ཀུན་ཏུ་རྨོངས་པའི་སྐྱོན་གྱིས་ས
2627	verse-stanza	21		རྣམ་པ་ཀུན་གྱིས་སྟོང་པ་ཡིན། །↵སྟོང་པས་དེ་བཞིན་གཤེགས་སྟོང་པ། །↵ཇི་ལྟ་བུར་ན་འདོགས་པ
2628	terminal-particle	40		དེ་ལྟར་གང་གི་ཕྱིར་ཉེ་བར་ལེན་པ་ངོ་བོ་ཉིད་ལས་ཀྱང་ཡོད་པ་མ་ཡིན་ལ་གཞན་གྱི་དངོས་པོ་ལས་
2629	line-end	50		གང་གི་ཕྱིར་ཉེ་བར་ལེན་པ་པོ་ཡང་རྣམ་པ་ཀུན་གྱིས་ཡོངས་སུ་བརྟགས་ན་ངོ་བོ་ཉིད་ལས་ཀྱང་ཡོད
2630	line-end	215		དེའི་ཕྱིར་ཁྱོད་དབུ་བ་རྡོས་པ་དང་། ཆུའི་ཆུ་བུར་དང་སྨིག་རྒྱུ་དང་ཆུ་ཤིང་གི་ཕུང་པོ་དང
2631	line-end	72		སྨྲས་པ། གལ་ཏེ་དེ་ལྟར་དེ་དག་ཐམས་ཅད་སྟོང་ངོ་ཞེས་ཀྱང་བརྗོད་པར༌[^1601]མི་བྱ་བ་ཡིན་ན་
2632	verse-stanza	21		མི་སྟོང་ཞེས་ཀྱང་མི་བྱ་ཞིང་། །↵གཉིས་དང་གཉིས་མིན་མི་བྱ་སྟེ། །↵གདགས་པའི་དོན་དུ་བརྗོ
2633	terminal-particle	40		སྟོང་ངོ་ཞེས་ཀྱང་བརྗོད་པར་མི་བྱ། མི་སྟོང་ངོ་ཞེས་ཀྱང་མི་བྱ། སྟོང་པ་དང་མི་སྟོང་པ་དང
2634	line-end	34		ཡང་དག་པ་མ་ཡིན་པའི་ཀུན་ཏུ་རྟོག་པ་སྤང་པའི་ཕྱིར་དང་། དོན་དམ་པའི་དེ་ཁོ་ན་གདགས་པའི་དོ
2635	verse-stanza	28		ཐ་སྙད་ལ་ནི་མ་བརྟེན་པར། །↵དམ་པའི་དོན་ནི་བསྟན་མི་ནུས། །↵དམ་པའི་དོན་ལ་མ་བརྟེན༌[^160
2636	line-end	9		ཞེས་འབྱུང་ངོ་། །སློབ་དཔོན་འཕགས་པ་ལྷས་ཀྱང་།
2637	verse-stanza	28		གལ་ཏེ་དངོས་པོ་རང་བཞིན་ཡོད། །↵སྟོང་མཐོང་ཡོན་ཏན་ཅི་ཞིག་ཡོད། །↵རྟོག་པས་བཅིངས་པ་མཐོང
2638	line-end	3		ཞེས་གསུངས་སོ། །
2639	terminal-particle	29		སྨྲས་པ། གལ་ཏེ་དེ་བཞིན་གཤེགས་པ་ངོ་བོ་ཉིད་ལས་ཀྱང་ཡོད་པ་མ་ཡིན་ལ་གཞན་གྱི་དངོས་པོ་ལས་
2640	terminal-particle	37		ཅིའི་ཕྱིར་རྟག་པ་དང་མི་རྟག་པ་ལ་སོགས་པ་དང་། མཐའ་དང་མཐའ་མེད་པ་ལ་སོགས་པར་བརྗོད་པར་བྱ
2641	terminal-particle	79		ཞེས་གསལ་བ་ཁོ་ནར་བརྗོད་པར་བྱ་བའི་རིགས་པ་སྙམ་བཤད་པ། དེ་བཞིན་གཤེགས་པ་བརྟེན་ནས་གདགས་
2642	line-end	60		གང་ཉེ་བར་ལེན་པ་མེད་པ་ནི༌[^1605]ཡོད་པ་མ་ཡིན་པ་དེ་ཇི་ལྟར་ཡོད་དོ་ཞེས་བརྗོད་པར་བྱ། ད
2643	line-end	43		དེ་ལྟར་གང་གི་ཕྱིར་རེ་ཞིག་དེ་བཞིན་གཤེགས་པ་ངོ་བོ་ཉིད་ལས་ཀྱང་ཡོད་པ་མ་ཡིན་ལ་གཞན་གྱི་
2644	verse-stanza	21		ཞི་བ་འདི་ལ་ག་ལ་ཡོད། །↵མཐའ་དང་མཐའ་མེད་ལ་སོགས་བཞི། །↵ཞི་བ་འདི་ལ་ག་ལ་ཡོད། །
2645	line-end	247		དེ་བཞིན་གཤེགས་པ་ངོ་བོ་ཉིད་སྟོང་པ་ངོ་བོ་ཉིད་ཞི་བ་གང་ཡིན་པ་དེ་ལ་རྟག་པ་དང་མི་རྟག་པ་
2646	verse-stanza	28		དེ་ལྟར་ལེན་ལས་གཞན་མ་ཡིན། །↵དེ་ནི་ཉེར་ལེན་ཉིད་ཀྱང་མིན། །↵བདག་ནི་ཉེ་བར་ལེན་མེད་མིན
2647	line-end	3		ཞེས་འབྱུང་ངོ་། །
2648	line-end	56		དེའི་ཕྱིར་དེ་ལྟར་དེ་བཞིན་གཤེགས་པ་ཡོད་པ་ཉིད་དང་མེད་པ་ཉིད་ཀྱི་ཕྱོགས་དང་བྲལ་བ་ཚེ་འད
2649	verse-stanza	28		གང་གིས་འཛིན་སྡུག་གཟུང་གྱུར་པ། །↵དེ་ནི་མྱ་ངན་འདས་པ་ལ། །↵དེ་བཞིན་གཤེགས་པ་ཡོད་ཅེ་འམ
2650	line-end	71		གང་གིས་འཛིན་པ་སྟུག་པོ་གཟུང་བར་འགྱུར་བ་འདི་ཉིད་བདེན་གྱི་གཞན་ནི་དོན་མེད་པའོ་སྙམ་དུ
2651	terminal-particle	67		དེ་བཞིན་གཤེགས་པ་མྱ་ངན་ལས༌[^1609]འདས་ནས་ཡོད་ཅེའམ། དེ་བཞིན་གཤེགས་པ་མྱ་ངན་ལས་འདས་ནས
2652	line-end	42		གང་དག་བདག་ཉིད་ཆེ་བ་རྟེན་ཅིང་འབྲེལ་པར་འབྱུང་བ་ཤེས་པའི་སྒྲོན་མེའི་སྣང་བས་བློའི་མིག
2653	verse-stanza	28		ངོ་བོ་ཉིད་ཀྱིས༌[^1611]སྟོང་དེ་ལ། །↵སངས་རྒྱས་མྱ་ངན་འདས་ནས་ནི། །↵ཡོད་དོ་ཞེ་འམ་མེད་
2654	line-end	69		དེ་བཞིན་གཤེགས་པ་ངོ་བོ་ཉིད་དང་གཞན་གྱི་དངོས་པོས་སྟོང་པ་སྒྱུ་མ་དང་གཟུགས་བརྙན་དང་སྤྲ
2655	terminal-particle	36		དེ་ལྟར་ཡང་བཅོམ་ལྡན་འདས་ཀྱིས་དགའ་བོ་ཁྱོད་འདི་ལྟར་ཚེ་འདི་ལ་དེ་བཞིན་གཤེགས་པ་ཡང་དག་པ
2656	line-end	27		དེ་བཞིན་གཤེགས་པ་མྱ་ངན་ལས་འདས་ནས་ཡོད་དོ་ཞེའམ། དེ་བཞིན་གཤེགས་པ་མྱ་ངན་ལས་འདས་ནས་མེད
2657	verse-stanza	28		གང་དག་སངས་རྒྱས་སྤྲོས་འདས་ཤིང་། །↵ཟད་པ༌[^1612]མེད་ལ་སྤྲོས་བྱེད་པ། །↵སྤྲོས་པས་ཉམས་
2658	line-end	141		དེའི་ཕྱིར་དེ་ལྟར་གང་དག་སངས་རྒྱས་བཅོམ་ལྡན་འདས་འཇིག་རྟེན་པའི་སྤྲོས་པ་ཐམས་ཅད་ལས་ཡང་
2659	terminal-particle	47		དེ་ལྟ་བས་ན་དེ་བཞིན་གཤེགས་པ་ནི་ངོ་བོ་ཉིད་མེད་པ་ཉིད་ཡིན་པས་དེ་ལ་སྲིད་པའི་རྒྱུན་ནི་
2660	terminal-particle	23		དེ་ལ་འཇིག་རྟེན་ནི་རྣམ་པ་གཉིས་ཏེ། སེམས་ཅན་གྱི་འཇིག་རྟེན་དང་འདུ་བྱེད་ཀྱི་འཇིག་རྟེན
2661	terminal-particle	41		དེ་ལ་དེ་བཞིན་གཤེགས་པ་བརྟགས་པས་ནི་སེམས་ཅན་གྱི་འཇིག་རྟེན་ཡང་བརྟགས་པ་ཡིན་ལ། དེ་བཞིན
2662	line-end	6		ཅིའི་ཕྱིར་ཞེ་ན། འདི་ལྟར།
2663	verse-stanza	14		དེ་བཞིན་གཤེགས་པ༌[^1614]དངོས་ཉིད་གང་། །↵དེ་ནི་འགྲོ་འདིའི་ངོ་བོ་ཉིད། །
2664	line-end	44		གང་གི་ཕྱིར་དེ་བཞིན་གཤེགས་པའི་ངོ་བོ་ཉིད་གང་ཡིན་པ་དེ་ནི་འགྲོ་བ་འདིའི་ངོ་བོ་ཉིད་ཀྱང
2665	line-end	13		སྨྲས་པ། དེ་བཞིན་གཤེགས་པའི་ངོ་བོ་ཉིད་གང་ཡིན། བཤད་པ།
2666	verse-stanza	14		དེ་བཞིན་གཤེགས་པ་དངོས་ཉིད་མེད། །↵འགྲོ་འདི་ངོ་བོ་ཉིད་མེད་དོ། །
2667	terminal-particle	38		ཇི་ལྟར་ཞེ་ན། གང་གི་ཕྱིར་དེ་བཞིན་གཤེགས་པ་ཕུང་པོ་རྣམས་ལ་བརྟེན་ནས་གདགས་པར་བྱ་བ་ཡིན་
2668	terminal-particle	48		འགྲོ་བ་འདི་དག་ཀྱང་དེ་དང་དེ་དག་ལ་བརྟེན༌[^1615]ནས་གདགས་པར་བྱ་བ་ཡིན་གྱི་འདི་དག་ལ་རང
2669	line-end	9		ངོ་བོ་ཉིད་མེད་པའི་ཕྱིར་འདི་ལ་ཡང་།
2670	verse-stanza	28		རྟག་དང་མི་རྟག་ལ་སོགས་བཞི། །↵ཞི་བ་འདི་ལ་ག་ལ་ཡོད། །↵མཐའ་དང་མཐའ་མེད་ལ་སོགས་བཞི། །↵ཞ
2671	line-end	3		ཅེས་བཤད་དོ། །
2672	line-end	32		སྨྲས་པ། དེ་ལྟ་མ་ཡིན་ཏེ། འདུས་བྱས་ནི་གཅིག་ཏུ་མི་རྟག་པ་ཞེས་བརྗོད་ལ། དེ་བཞིན་གཤེགས་
2673	verse-stanza	14		དེ་བཞིན་གཤེགས་པའི་དངོས་ཉིད་གང་། །↵དེ་ནི་འགྲོ་འདིའི་ངོ་བོ་ཉིད། །
2674	line-end	13		ཅེས་བྱ་བར་ཇི་ལྟར་འཐད། བཤད་པ། དེ་ནི་འོག་ནས་ཀྱང་།
2675	verse-stanza	27		སངས་རྒྱས་རྣམས་ཀྱིས༌[^1617]ཆོས་བསྟན་པ། །↵བདེན་པ་གཉིས་ལ་ཡང་དག་བརྟེན། །↵འཇིག་རྟེན་ཀ
2676	terminal-particle	46		ཞེས་འབྱུང་བས་དེ་ལ་འཇིག་རྟེན་གྱི་ཀུན་རྫོབ་ཀྱི་བདེན་པ་གང་གིས་བུམ་པ་ཡོད་དོ་སབ་མ་ཡོད
2677	terminal-particle	64		གང་གི་ཚེ་དེ་ཁོ་ན་སབ་མ་ཙམ་པ་དེའི་ཚེ་ནི་བུམ་པ་དང་སབ་མ་དག་བརྟེན་ནས་གདགས་པར་བྱ་བ་ཡིན
2678	terminal-particle	9		དེ་བཞིན་གཤེགས་པ་མྱ་ངན་ལས་འདས་སོ། །
2679	terminal-particle	7		ཞེས་མི་རྟག་པར་ཡང་བརྗོད་དོ། །
2680	terminal-particle	58		གང་གི་ཚེ་དོན་དམ་པར་བསམ་པ་དེའི་ཚེ་ནི་དེ་བཞིན་གཤེགས་པ་ཉིད་མི་འཐད་ན་བགྲས་པ༌[^1619]ད
2681	line-end	39		དེ་ལྟ་བས་ན་སེམས་ཅན་གྱི་འཇིག་རྟེན་བརྟགས་པས་འདུ་བྱེད་ཀྱི་འཇིག་རྟེན་ཡང་བརྟགས་པར་གྲུ
2682	line-end	18		དབུ་མའི་རྩ་བའི་འགྲེལ་པ་བུད་དྷ་པཱ་ལི་ཏ། བམ་པོ་དགུ་པ། འདིར་སྨྲས་པ།
2683	verse-stanza	28		འདོད་ཆགས་ཞེ་སྡང་གཏི་མུག་རྣམས། །↵ཀུན་ཏུ་རྟོག་ལས་འབྱུང་བར་གསུངས། །↵སྡུག་དང་མི་སྡུག
2684	line-end	61		འདི་ལ་འདོད་ཆགས་དང་ཞེ་སྡང་དང་གཏི་མུག་རྣམས་ནི་ཀུན་ཏུ་རྟོག་པ་ལས་འབྱུང་བར་མདོ་སྡེ་དག
2685	line-end	3		འདིར་བཤད་པ།
2686	verse-stanza	28		གང་དག་སྡུག་དང་མི་སྡུག་པའི། །↵ཕྱིན་ཅི་ལོག་ལ་བརྟེན་འབྱུང་བ། །↵དེ་དག་ངོ་བོ་ཉིད་ལས་མ
2687	terminal-particle	46		གང་དག་ད་ལྟར་སྡུག་པ་དང་མི་སྡུག་པའི་ཕྱིན་ཅི་ལོག་ལ་བརྟེན་ནས་ཀུན་ཏུ་རྟོག་པ་ལས་འབྱུང་
2688	line-end	3		ཡང་གཞན་ཡང་།
2689	verse-stanza	28		བདག་གི་ཡོད་ཉིད་མེད་ཉིད་ནི། །↵ཇི་ལྟ་བུར་ཡང་འགྲུབ་པ་མེད། །↵དེ་མེད་ཉོན་མོངས་རྣམས་ཀྱ
2690	terminal-particle	23		བདག་གི་ཡོད་པ་ཉིད་དང་མེད་པ་ཉིད་ནི་རྣམ་པ་གང་གིས་ཀྱང་ཇི་ལྟ་བུར་ཡང་འགྲུབ་པ་མེད་དོ། །
2691	line-end	25		བདག་དེ་མེད་ན་ཉོན་མོངས་པ་རྣམས་ཀྱི་ཡོད་པ་ཉིད་དང་མེད་པ་ཉིད་ཇི་ལྟར་འགྲུབ་པར་འགྱུར། ཅ
2692	verse-stanza	14		ཉོན་མོངས་དེ་དག་གང་གི་ཡིན། །↵དེ་ཡང་འགྲུབ་པ་ཡོད་མ་ཡིན། །
2693	line-end	34		ཉོན་མོངས་པ་དེ་དག་ནི་འགའ་ཞིག་གི་ཡིན་ཏེ་ཉོན་མོངས་པ་དེ་དག་གང་གི་ཡིན་པ་དེ་ཡང་རྣམ་པ་ཐ
2694	terminal-particle	52		གལ་ཏེ་གང་མེད་ཅི་ཞིག་ཡོད། །ཉོན་མོངས་ཅུང་ཟད་ཡོད་མ་ཡིན། གལ་ཏེ་ཉོན་མོངས་པ་དེ་དག་གང་ག
2695	line-end	28		ཅི་སྟེ་གང་ཡང་མེད་པར་ཉོན་མོངས་པ་རྣམས་ཡོད་དེ་དེ་རྣམས་ནི་སུའི་ཡང་མ་ཡིན་ནོ་སྙམ་ན་དེ་
2696	verse-stanza	28		རང་ལུས་ལྟ་བཞིན་ཉོན་མོངས་རྣམས། །↵ཉོན་མོངས་ཅན་ལ་རྣམ་ལྔར་མེད། །↵རང་ལུས་ལྟ་བཞིན་ཉོན་
2697	line-end	88		ཇི་ལྟར་རང་གི་ལུས་ལ་ལྟ་བ་ཕུང་པོ་ལྔ་པོ་དག་ལ་རྣམ་པ་ལྔར་ཡོད་པ་མ་ཡིན་པ་དེ་བཞིན་དུ་ཉོན
2698	line-end	3		ཡང་གཞན་ཡང་།
2699	verse-stanza	28		སྡུག་དང་མི་སྡུག་ཕྱིན་ཅི་ལོག །↵ངོ་བོ་ཉིད་ལས་ཡོད་མིན་པ། །↵སྡུག་དང་མི་སྡུག་ཕྱིན་ཅི་
2700	terminal-particle	38		སྡུག་པ་དང་མི་སྡུག་པའི་ཕྱིན་ཅི་ལོག་དག་ངོ་བོ་ཉིད་ལས་ཡོད་པ་མ་ཡིན་པ་དེའི་ཚེ། སྡུག་པ་
2701	line-end	59		གང་ཡང་དག་པ་མ་ཡིན་པ་དེ་ནི་ཡོད་པ་མ་ཡིན་ཏེ། སྡུག་པ་དང་མི་སྡུག་པའི་ཕྱིན་ཅི་ལོག་དེ་དག
2702	line-end	2		སྨྲས་པ།
2703	verse-stanza	21		གཟུགས་སྒྲ་རོ་དང་རེག་བྱ་དང་། །↵དྲི་དང་ཆོས་དག་རྣམ་དྲུག་ནི། །↵གཞི་སྟེ་འདོད་ཆགས་ཞེ་ས
2704	line-end	85		གཏི་མུག་གི༌[^1622]ནི་ཡིན་པར༌[^1623]བརྟགས།[^1624] །གཟུགས་དང་སྒྲ་དང་རོ་དང་རེག་པ་དང
2705	line-end	3		འདིར་བཤད་པ།
2706	verse-stanza	28		གཟུགས་སྒྲ་རོ་དང་རེག་པ་དང་། །↵དྲི་དང་ཆོས་དག་འབའ་ཞིག་པ། །↵དྲི་ཟའི་གྲོང་ཁྱེར་ལྟ་བུ་
2707	verse-stanza	28		སྒྱུ་མའི་སྐྱེས་བུ་ལྟ་བུ་དང་། །↵གཟུགས་བརྙན་འདྲ་བ་དེ་དག་ལ། །↵སྡུག་པ་དང་ནི་མི་སྡུག་
2708	line-end	74		གཟུགས་དང་། སྒྲ་དང་། རོ་དང་། རེག་པ་དང་། དྲི་དང་། ཆོས་དག་ནི་འབའ་ཞིག་པ་བྲལ་བ་ཅི་ཡང་
2709	line-end	10		ཡང་གཞན་ཡང་། གང་ལ་བརྟེན་ནས༌[^1628]སྡུག་པ་ཞེས།[^1629] །
2710	verse-stanza	21		མི་སྡུག་པར་ནི་གདགས་བྱ་བ། །↵སྡུག་པ་མི་ལྟོས༌[^1630]ཡོད་མིན་པས། །↵དེ་ཕྱིར་སྡུག་པ་འཐ
2711	terminal-particle	39		གང་ལ་བརྟེན་ནས་མི་སྡུག་པ་མི་སྡུག་པར་གདགས་པར་བྱའི་སྡུག་པ་མི་སྡུག་པ་ལ་མ་ལྟོས་པའི་སྔ
2712	line-end	7		གང་ལ་བརྟེན་ནས་མི༌[^1631]སྡུག་པ།[^1632] །
2713	verse-stanza	21		སྡུག་པ་ཞེས་ནི་གདགས་བྱ་བ། །↵མི་སྡུག་མི་ལྟོས༌[^1633]ཡོད་མིན་པས། །↵དེ་ཕྱིར་མི་སྡུག་
2714	line-end	38		གང་ལ་བརྟེན་ནས་སྡུག་པ་སྡུག་པར་གདགས་པར་བྱའི་མི་སྡུག་པ༌[^1634]སྡུག་པ་ལ་མ་ལྟོས་པའི་ས
2715	verse-stanza	28		སྡུག་པ་ཡོད་པ་མ་ཡིན་ན། །↵འདོད་ཆགས་འབྱུང་བར་ག་ལ་འགྱུར། །↵མི་སྡུག་ཡོད་པ་མ་ཡིན་ན། །↵
2716	terminal-particle	64		སྡུག་པ་ཡོད་པ་མ་ཡིན་ན་འདོད་ཆགས་འབྱུང་བར་ག་ལ་འགྱུར་ཞིང་། མི་སྡུག་པ་ཡོད་པ་མ་ཡིན་ན་ཞ
2717	line-end	48		དེ་ལ་གང་མི་རྟག་པ་ལ་རྟག་པ་ཞེས་འཛིན་པ་དེ་ནི་ཕྱིན་ཅི་ལོག་ཡིན་ལ། གང་མི་རྟག་པ་ལ་མི་རྟ
2718	line-end	3		འདིར་བཤད་པ།
2719	verse-stanza	28		གལ་ཏེ་མི་རྟག་རྟག་པ་ཞེས། །↵དེ་ལྟར་འཛིན་པ་ལོག་ཡིན་ན། །↵སྟོང་ལ་རྟག་པ་ཡོད་མིན་པས། །↵
2720	line-end	62		གལ་ཏེ་མི་རྟག་པ་ལ་རྟག་པ་ཞེས་དེ་ལྟར་འཛིན་པ་ཕྱིན་ཅི་ལོག་མ༌[^1635]ཡིན་ནོ་སྙམ་དུ་སེམས
2721	verse-stanza	29		ལྷག་མ་རྣམས་ལ་ཡང་དེ་བཞིན་ནོ། །↵གལ་ཏེ་མི་རྟག་མི་རྟག་ཅེས། །↵དེ་ལྟར་འཛིན་པ་ལོག་མིན་པ
2722	line-end	70		འཛིན་པ་ཇི་ལྟར་ལོག་མ་ཡིན། །གལ་ཏེ་མི་རྟག་པ་ལ་མི་རྟག་པ་ཞེས་དེ་ལྟར་འཛིན་པ་ཕྱིན་ཅི་ལོ
2723	verse-stanza	29		ལྷག་མ་རྣམས་ལ་ཡང་དེ་བཞིན་ནོ། །↵གང་གིས་འཛིན་དང་འཛིན་གང་དང་། །↵འཛིན་པ་པོ་དང་གང་གཟུང
2724	terminal-particle	17		དེ་ཕྱིར་འཛིན་པ་ཡོད་མ་ཡིན། །གང་གིས་འཛིན་པ་ནི་བྱེད་པར་གྱུར་པས་སོ། །
2725	terminal-particle	10		འཛིན་པ་གང་ཡིན་པ་ནི་དངོས་པོར་གྱུར་པའོ། །
2726	terminal-particle	12		འཛིན་པ་པོ་གང་ཡིན་པ་ནི་བྱེད་པ་པོར་གྱུར་པའོ། །
2727	terminal-particle	8		གང་གཟུང་བ་ནི་ལས་སུ་གྱུར་པའོ། །
2728	line-end	50		དེ་དག་ཐམས་ཅད་ཉེ་བར་ཞི་བ་ནི་ངོ་བོ་ཉིད་ལས་ཉེ་བར་ཞི་བ་སྟེ། དེ་དག་ཇི་ལྟ་བ་དེ་ལྟར་སོང
2729	verse-stanza	28		ལོག་པའམ་ཡང་དག་ཉིད་དུ་ནི། །↵འཛིན་པ་ཡོད་པ་མ་ཡིན་ན། །↵གང་ལ་ཕྱིན་ཅི་ལོག་ཡོད་ཅིང་། །↵
2730	line-end	38		ལོག་པའམ་ཡང་དག་པ་ཉིད་དུ་འཛིན་པ་དེ་དག་ཡོད་པ་མ་ཡིན་ན་གང་ལ་ཕྱིན་ཅི་ལོག་ཡོད་པར་འགྱུར་
2731	verse-stanza	28		ཕྱིན་ཅི་ལོག་ཏུ་གྱུར་པ་ལ། །↵ཕྱིན་ཅི་ལོག་དག་མི་སྲིད་དོ། །↵ཕྱིན་ཅི་ལོག་ཏུ་མ་གྱུར་ལའ
2732	verse-stanza	14		ཕྱིན་ཅི་ལོག་ཏུ་འགྱུར་བཞིན་ལའང་། །↵ཕྱིན་ཅི་ལོག་དག་མི་སྲིད་དོ། །
2733	line-end	71		ཕྱིན་ཅི་ལོག་ཏུ་གྱུར་པ་ལ་ཕྱིན་ཅི་ལོག་དག་མི་སྲིད་ཅིང་། ཕྱིན་ཅི་ལོག་ཏུ་མ་གྱུར་པ་ལ་ཡ
2734	verse-stanza	14		གང་ལ་ཕྱིན་ཅི་ལོག་སྲིད་པ། །↵བདག་ཉིད་ཀྱིས་ནི་རྣམ་པར་དཔྱོད། །
2735	line-end	16		ད་གང་ལ་ཕྱིན་ཅི་ལོག་དག་སྲིད་པ་བདག་ཉིད་ཀྱིས་རྣམ་པར་དཔྱོད་ཅིག །
2736	line-end	3		ཡང་གཞན་ཡང་།
2737	verse-stanza	28		ཕྱིན་ཅི་ལོག་རྣམས་མ་སྐྱེས་ན། །↵ཇི་ལྟ་བུར་ན་ཡོད་པར་འགྱུར། །↵ཕྱིན་ཅི་ལོག་རྣམས་སྐྱེ་
2738	line-end	44		ཕྱིན་ཅི་ལོག་གང་དག་ངོ་བོ་ཉིད་ལས་མ་སྐྱེས་པ་དེ་དག་ཇི་ལྟ་བུར་ན་ཡོད་པར་འགྱུར། ད་ཕྱིན་
2739	verse-stanza	28		དངོས་པོ་བདག་ལས་མི་སྐྱེ་སྟེ། །↵གཞན་ལས་སྐྱེ་བ་ཉིད་མ་ཡིན། །↵བདག་དང་གཞན་ལས་ཀྱང་མིན་ན
2740	line-end	3		ཡང་གཞན་ཡང་།
2741	verse-stanza	28		གལ་ཏེ་བདག་དང་སྡུག་པ་དག །↵རྟག་དང་བདེ་བ་ཡོད་ན་ནི། །↵བདག་ཤེས་སྡུག་ཤེས་རྟག་ཤེས་དང་། 
2742	terminal-particle	57		གལ་ཏེ་བདག་དང་སྡུག་པ་དང་རྟག་པ་དང་བདེ་བ་ཞེས་བྱ་བ་བཞི་པོ་དེ་དག་ཡོད་ན་ནི་དེ་དག་ཡོད་པ
2743	line-end	64		དེ་ལ་འདི་སྙམ་དུ་བདག་དང་སྡུག་པ་དང་རྟག་པ་དང་བདེ་བ་ཞེས་བྱ་བ་བཞི་པོ་དེ་དག་ནི་ཡོད་པ་མ
2744	verse-stanza	28		གལ་ཏེ་བདག་དང་སྡུག་པ་དང་། །↵རྟག་དང་བདེ་བ་མེད་ན་ནི། །↵བདག་མེད་མི་སྡུག་མི་རྟག་དང་། 
2745	terminal-particle	59		གལ་ཏེ་བདག་དང་སྡུག་པ་དང་རྟག་པ་དང་བདེ་བ་ཞེས་བྱ་བ་བཞི་པོ་དེ་དག་མེད་ན་ནི། དེ་དག་མེད་
2746	line-end	16		དེའི་ཕྱིར་རྒྱུའི་ཁྱད་པར་འདིས་ཀྱང་ཕྱིན་ཅི་ལོག་རྣམས་ཡོད་པ་མ་ཡིན་ནོ། །
2747	verse-stanza	28		དེ་ལྟར་ཕྱིན་ཅི་ལོག་འགགས་པས། །↵མ་རིག་པ་ནི་འགག་པར་འགྱུར། །↵མ་རིག་འགགས་པར་གྱུར་ན་ནི
2748	line-end	34		དེ་ལྟར་ལམ་གྱིས༌[^1641]ཕྱིན་ཅི་ལོག་རྣམས་འགག་ལ། ཕྱིན་ཅི་ལོག་འགགས་པས་མ་རིག་པ་འགག །མ
2749	verse-stanza	28		གལ་ཏེ་ལ་ལའི་ཉོན་མོངས་པ། །↵གང་དག་ངོ་བོ་ཉིད་ཡོད་ན། །↵ཇི་ལྟ་བུར་ན་སྤོང་བར་འགྱུར། །↵
2750	line-end	49		གལ་ཏེ་ལ་ལའི་ཉོན་མོངས་པ་གང་དག་ངོ་བོ་ཉིད་ཀྱིས་ཡོད་ཅིང་ཡང་དག་པ་དང་དེ་ཁོ་ན་དང་བདེན་པ
2751	line-end	41		དེ་ལ་འདི་སྙམ་དུ་ཉོན་མོངས་པ་རྣམས་ནི༌[^1643]ངོ་བོ་ཉིད་ཀྱིས་མེད་པ་ཉིད་ཡིན་ཏེ། ངོ་བོ
2752	verse-stanza	28		གལ་ཏེ་ལ་ལའི་ཉོན་མོངས་པ། །↵གང་དག་ངོ་བོ་ཉིད་མེད་ན། །↵ཇི་ལྟ་བུར་ན་སྤོང་བར་འགྱུར། །↵
2753	terminal-particle	51		གལ་ཏེ་ལ་ལའི་ཉོན་མོངས་པ་གང་དག་ངོ་བོ་ཉིད་ཀྱིས་མེད་ཅིང་ཡང་དག་པ་དེ༌[^1644]དང་དེ་ཁོ་ན
2754	line-end	17		ཕྱིན་ཅི་ལོག་བརྟག་པ་ཞེས་བྱ་བ་སྟེ་རབ་ཏུ་བྱེད་པ་ཉི་ཤུ་གསུམ་པའོ།། །།
2755	line-end	3		འདིར་སྨྲས་པ།
2756	verse-stanza	28		གལ་ཏེ་འདི་དག་ཀུན་སྟོང་ན། །↵འབྱུང་བ་མེད་ཅིང་འཇིག་པ་མེད། །↵འཕགས་པའི་བདེན་པ་བཞི་པོ་
2757	verse-stanza	28		འཕགས་པའི་བདེན་པ་བཞི་མེད་པས། །↵ཡོངས་སུ་ཤེས་དང་སྤང་བ་དང་། །↵བསྒོམ༌[^1645]དང་མངོན་ད
2758	verse-stanza	28		དེ་དག་ཡོད་པ་མ་ཡིན་པས། །↵འབྲས་བུ་བཞི་ཡང་ཡོད་མ་ཡིན། །↵འབྲས་བུ་མེད་ན་འབྲས་གནས་མེད། 
2759	verse-stanza	28		གལ་ཏེ་སྐྱེས་བུ་གང་ཟག་བརྒྱད། །↵དེ་དག་མེད་ན་དགེ་འདུན་མེད། །↵འཕགས་པའི་བདེན་རྣམས་མེད
2760	verse-stanza	14		ཆོས་དག༌[^1646]དགེ་འདུན་ཡོད་མིན་ན། །↵སངས་རྒྱས་ཇི་ལྟར་ཡོད་པར་འགྱུར། །
2761	terminal-particle	33		དེ་སྐད་སྨྲས་ན་དཀོན་མཆོག་ནི།[^1647] །གསུམ་ལ་གནོད་པ་བྱེད་པ་ཡིན། །གལ་ཏེ་འགྲོ་བ་འདི་
2762	line-end	19		དེ་དག་མེད་པས་འཕགས་པའི་བདེན་པ་བཞི་པོ་རྣམས་ཁྱོད་ལ་མེད་པར་ཐལ་བར་འགྱུར་རོ། །
2763	terminal-particle	39		འཕགས་པའི་བདེན་པ་བཞི་མེད་པས་སྡུག་བསྔལ་ཡོངས་སུ་ཤེས་པ་དང་ཀུན་འབྱུང་བ་སྤང་བ་དང་ལམ་བས
2764	terminal-particle	43		སྡུག་བསྔལ་ཡོངས་སུ་ཤེས་པ་དང་ཀུན་འབྱུང་བ་སྤང་བ་དང་ལམ་བསྒོམ་པ་དང་འགོག་པ་མངོན་སུམ་དུ
2765	terminal-particle	28		དགེ་སྦྱོང་གི་འབྲས་བུ་མེད་ན། འབྲས་བུ་ལ་གནས་པ་དང་ཞུགས་པ་སྐྱེས་བུ་གང་ཟག་བརྒྱད་པོ་དག
2766	terminal-particle	36		གལ་ཏེ་སྐྱེས་བུ་གང་ཟག་བརྒྱད་པོ་དེ་དག་མེད་ན་དགེ་འདུན་མེད་དེ། ཡང་གཞན་ཡང་། འཕགས་པའི་
2767	line-end	38		དམ་པའི༌[^1648]ཆོས་དང་དགེ་འདུན་ཡོད་པ་མ་ཡིན་ན་སངས་རྒྱས་ཇི་ལྟར་ཡོད་པར་འགྱུར་ཏེ། དེ་
2768	line-end	3		ཡང་གཞན་ཡང་།
2769	verse-stanza	28		སྟོང་ཉིད་འབྲས་བུ་ཡོད་པ་དང་། །↵ཆོས་མ་ཡིན་དང་ཆོས་ཉིད་དང་། །↵འཇིག་རྟེན་པ་ཡི་ཐ་སྙད་ན
2770	line-end	50		སྟོང་པ་ཉིད་བཟུང༌[^1649]ན་ཆོས་མ་ཡིན་པ་དང་ཆོས་ཉིད་དང་དེ་དག་གིས་བྱས་པའི་འབྲས་བུ་ཡོད
2771	verse-stanza	28		དེ་ལ་བཤད་པ་ཁྱོད་ཀྱིས་ནི། །↵སྟོང་ཉིད་དགོས་དང་སྟོང་ཉིད་དང་། །↵སྟོང་ཉིད་དོན་ནི་མ་རྟ
2772	line-end	53		ཁྱོད་ཀྱིས་ནི་སྟོང་པ་ཉིད་བསྟན་པའི་དགོས་པ་གང་ཡིན་པ་དང་། སྟོང་པ་ཉིད་ཀྱི་མཚན་ཉིད་གང་
2773	verse-stanza	27		སངས་རྒྱས་རྣམས་ཀྱིས༌[^1652]ཆོས་བསྟན་པ། །↵བདེན་པ་གཉིས་ལ་ཡང་དག་བརྟེན། །↵འཇིག་རྟེན་ཀ
2774	verse-stanza	28		གང་དག་བདེན་པ་དེ་གཉིས་ཀྱི། །↵རྣམ་དབྱེ་རྣམ་པར་མི་ཤེས་པ། །↵དེ་དག་སངས་རྒྱས་བསྟན་པ་ནི
2775	terminal-particle	82		སངས་རྒྱས་བཅོམ་ལྡན་འདས་རྣམས་ཀྱིས༌[^1655]ཆོས་བསྟན་པ་ནི་བདེན་པ་གཉིས་པོ་འདི་དག་ལ་བརྟ
2776	terminal-particle	50		དོན་དམ་པའི་བདེན་པ་ནི་འཕགས་པ་རྣམས་ཀྱིས་ཕྱིན་ཅི་ལོག་ཏུ༌[^1657]ཐུགས་སུ་ཆུད་པས་ཆོས་ཐ
2777	line-end	46		དེ་ལ་གང་དག་ཀུན་རྫོབ་ཀྱི་བདེན་པ་དང་དོན་དམ་པའི་བདེན་པ་དེ་གཉིས་ཀྱི་རྣམ་པར་དབྱེ་བ༌[^
2778	line-end	50		འདི་ལ་འདི་སྙམ་དུ་སྨྲ་བར་འདོད་པའི་དོན་ནི་ཆོས་ཐམས་ཅད་སྐྱེ་བ་མེད་པ་ཞེས་བྱ་བའི་དོན་ད
2779	verse-stanza	28		ཐ་སྙད་ལ་ནི་མ་བརྟེན་པར། །↵དམ་པའི་དོན་ནི་བསྟན་མི་ནུས། །↵དམ་པའི་དོན་ལ་མ་བརྟེན་པར། །
2780	line-end	47		གང་གི་ཕྱིར་ཐ་སྙད་ལ་མ་བརྟེན་པར་དོན་དམ་པ་བསྟན་པར་མི་ནུས་པ་དང་། གང་གི་ཕྱིར་དོན་དམ་པ
2781	verse-stanza	28		སྟོང་པ་ཉིད་ལ་ལྟ་ཉེས་ན། །↵ཤེས་རབ་ཆུང་རྣམས་ཕུང་བར་བྱེད། །↵ཇི་ལྟར་སྦྲུལ་ལ་བཟུང༌[^16
2782	line-end	99		དོན་དམ་པ་སྟོང་པ་ཉིད་ལ་ལྟ་ཉེས་ན༌[^1661]ཤེས་རབ་ཆུང་ངུ་དང་ལྡན་པ་ཕུང་བར་བྱེད་ཅིང་དེ་
2783	verse-stanza	28		དེ་ཕྱིར་ཞན་པས་ཆོས་འདི་ཡི། །↵གཏིང་རྟོགས་དཀའ་བར་མཁྱེན་གྱུར་ནས། །↵ཐུབ་པའི་ཐུགས་ནི་ཆ
2784	line-end	41		རྒྱུ་དེ་ཁོ་ནའི་ཕྱིར་ཤེས་རབ་ཞན་པ་རྣམས་ཀྱིས་ཆོས་འདིའི་གཏིང་རྟོགས་པར་དཀའ་བ་ཉིད་དུ་མ
2785	verse-stanza	28		ཁྱོད་ནི་ང་ལ་སྟོང་པ་ཉིད། །↵སྐྱོན་དུ་ཐལ་བར་འགྱུར་བ་ཡིས། །↵སྤོང་བར་བྱེད་པ་གང་ཡིན་པ།
2786	terminal-particle	30		ཁྱོད་ང་ལ་སྟོང་པ་ཉིད་སྐྱོན་དུ་ཐལ་བར་འགྱུར་བས་སྤོང་བར༌[^1664]བྱེད་པ་གང་ཡིན་པ་དེ་ནི
2787	line-end	3		ཡང་གཞན་ཡང་།
2788	verse-stanza	28		གང་ལ་སྟོང་པ་ཉིད་རུང་བ། །↵དེ་ལ་ཐམས་ཅད་རུང་བར་འགྱུར། །↵གང་ལ་སྟོང་ཉིད་མི་རུང་བ། །↵ད
2789	line-end	27		གང་ལ་ངོ་བོ་ཉིད་སྟོང་པ་ཉིད་རུང་བ་དེ་ལ་འཇིག་རྟེན་པ་དང་འཇིག་རྟེན་ལས་འདས་པ་ཐམས་ཅད་རུ
2790	line-end	29		གང་ལ་ངོ་བོ་ཉིད་སྟོང་པ་ཉིད་མི་རུང་བ་དེ་ལ་འཇིག་རྟེན་པ་དང་འཇིག་རྟེན་ལས་འདས་པ་ཐམས་ཅད
2791	verse-stanza	28		ཁྱོད་ཉིད་རང་གི་སྐྱོན་རྣམས་ནི། །↵ང་ལ་ཡོངས་སུ་སྒྱུར་བྱེད་པ། །↵རྟ་ལ་མངོན་པར་ཞོན་བཞི
2792	terminal-particle	31		ཁྱོད་ཉིད་རང་གི་སྐྱོན་རྣམས་ང༌[^1668]ལ་ཡོངས་སུ་སྒྱུར་བར༌[^1669]བྱེད་པ་ནི་རྟ་ལ་མངོན
2793	line-end	3		ཡང་གཞན་ཡང་།
2794	verse-stanza	27		གལ་ཏེ་དངོས་རྣམས་དངོས་ཉིད་ལས། །↵ཡོད་པར་རྗེས་སུ་ལྟ་བྱེད་ན། །↵དེ་ལྟ་ཡིན་ན་དངོས་པོ་ར
2795	verse-stanza	28		འབྲས་བུ་དང་ནི་རྒྱུ་ཉིད་དང་། །↵བྱེད་པ་པོ་དང་བྱེད་དང་བྱ། །↵སྐྱེ་བ་དང་ནི་འགག་པ་དང་།
2796	terminal-particle	33		གལ་ཏེ་དངོས་པོ་རྣམས་ངོ་བོ་ཉིད་ལ༌[^1673]ཡོད་པར་རྗེས་སུ་ལྟ་བར་བྱེད་ན། དེ་ལྟ་ན་ཁྱོད་
2797	line-end	34		དེས་ན་འབྲས་བུ་དང་རྒྱུ་ཉིད་དང་བྱེད་པ་པོ་དང་བྱེད་པ་དང་བྱ་བ་དང་སྐྱེ་བ་དང་འགག་པ་དང་འ
2798	verse-stanza	28		རྟེན་ཅིང་འབྲེལ་འབྱུང་གང་ཡིན་པ། །↵དེ་ནི་སྟོང་པ་ཉིད་དུ་བཤད། །↵དེ་ནི་བརྟེན༌[^1674]ན
2799	verse-stanza	28		གང་ཕྱིར་རྟེན་འབྱུང་མ་ཡིན་པའི། །↵ཆོས་འགའ་ཡོད་པ་མ་ཡིན་པ། །↵དེ་ཕྱིར་སྟོང་པ་མ་ཡིན་པའ
2800	line-end	20		ཁོ་བོ་ནི་རྟེན་ཅིང་འབྲེལ་པར་འབྱུང་བ་གང་ཡིན་པ་དེ་ནི་སྟོང་པ་ཉིད་དུ་འཆད་དེ།
2801	verse-stanza	15		དེ་ནི་བརྟེན་ནས་གདགས་པ་ཡིན་ཏེ། །↵དེ་ཉིད་དབུ་མའི་ལམ་ཡིན་ནོ། །
2802	line-end	60		དེ་ལ་དངོས་པོ་འགའ་ཞིག་ཡོད་པ་ཉིད་ཡིན་ན། དེ་ནི་བརྟེན་ནས་འབྱུང་བ་དང་བརྟེན་ནས་གདགས་པ་
2803	verse-stanza	28		གལ་ཏེ་འདི་ཀུན་མི་སྟོང་ན། །↵འབྱུང་བ་མེད་ཅིང་འཇིག་པ་མེད། །↵འཕགས་པའི་བདེན་པ་བཞི་པོ་
2804	terminal-particle	19		གལ་ཏེ་འགྲོ་བ་འདི་ཀུན་མི་སྟོང་ན་དེའི་ཕྱིར་འབྱུང་བ་མེད་ཅིང་འཇིག་པ་མེད་དོ། །
2805	line-end	20		དེ་དག་མེད་པའི་ཕྱིར་འཕགས་པའི་བདེན་པ་བཞི་པོ་རྣམས་ཁྱོད་ལ་མེད་པར་ཐལ་བར་འགྱུར་རོ། །
2806	line-end	8		གལ་ཏེ་ཇི་ལྟ༌[^1675]ཞེ་ན་བཤད་པ།
2807	verse-stanza	28		རྟེན་ཅིང་འབྲེལ་འབྱུང་མ་ཡིན་ན། །↵སྡུག་བསྔལ་ཡོད་པར་ག་ལ་འགྱུར། །↵མི་རྟག་སྡུག་བསྔལ་ག
2808	quote-open	24		རྟེན་ཅིང་འབྲེལ་པར་འབྱུང་བ་མ་ཡིན་ན་སྡུག་བསྔལ་ཡོད་པར་མི་འགྱུར་ཏེ། ཅིའི་ཕྱིར་ཞེ་ན། 
2809	terminal-particle	7		མི་རྟག་པ་ནི་སྡུག་བསྔལ་ལོ། །
2810	terminal-particle	15		ཞེས་གསུངས་པ་དེ་ངོ་བོ་ཉིད་ལས་ཡོད་པ་མ་ཡིན་པའི་ཕྱིར་རོ། །
2811	line-end	3		ཡང་གཞན་ཡང་།
2812	verse-stanza	28		ངོ་བོ་ཉིད་ལས་ཡོད་མིན་ན། །↵ཅི་ཞིག་ཀུན་ཏུ་འབྱུང་བར་འགྱུར། །↵དེ་ཕྱིར་སྟོང་ཉིད་གནོད་
2813	terminal-particle	28		སྡུག་བསྔལ་དེ་ངོ་བོ་ཉིད་ལས་ཡོད་པ་མ༌[^1676]ཡིན་ན། ཅི་ཞིག་ཀུན་ཏུ་འབྱུང་བར་འགྱུར་ཏེ།
2814	line-end	25		གང་གི་ཕྱིར་དེ་ལྟར་ཡིན་པ་དེའི་ཕྱིར་སྟོང་པ་ཉིད་ལ་གནོད་པ་བྱེད་པ་ལ་ཀུན་འབྱུང་ཡོད་པ་མ
2815	verse-stanza	28		སྡུག་བསྔལ་ངོ་བོ་ཉིད་ཡོད་ལ། །↵འགོག་པ་ཡོད་པ་མ་ཡིན་ནོ། །↵ངོ་བོ་ཉིད་ནི་ཡོངས་གནས་ཕྱིར
2816	terminal-particle	21		སྡུག་བསྔལ་ངོ་བོ་ཉིད་ཀྱིས་ཡོད་པ་ལ་འགོག་པ་ཡོད་པ་མ་ཡིན་ཏེ་མི་འཇིག་པའི་ཕྱིར་རོ། །
2817	line-end	19		དེས་ན་ངོ་བོ་ཉིད་ཡོངས་སུ་གནས་པའི་ཕྱིར་འགོག་པ་ལ་གནོད་པ་བྱེད་པ་ཡིན་ནོ། །
2818	verse-stanza	28		ལམ་ནི་ངོ་བོ་ཉིད་ཡོད་ན། །↵བསྒོམ་པ་འཐད་པར་མི་འགྱུར་རོ། །↵ཅི་སྟེ་ལམ་དེ༌[^1677]བསྒོམ
2819	terminal-particle	22		ལམ་ངོ་བོ་ཉིད་ཡོད་པར་འཛིན་ན་བསྒོམ་པ་འཐད་པར་མི་འགྱུར་ཏེ་དོན་མེད་པ་ཉིད་ཀྱི་ཕྱིར་རོ།
2820	line-end	26		འདི་ལྟར་རྟག་པ་གང་ཡིན་པ་དེ་ལ་བསྒོམ་ཞིང་སྒྲུབ་པའི་ཐབས་མེད་པས་དེའི་ཕྱིར༌[^1679]ལམ་བ
2821	terminal-particle	20		ཅི་སྟེ་ལམ་བསྒོམ་པར་བྱ་བ་ཡིན་ན་ནི་ཁྱོད་ཀྱི་ངོ་བོ་ཉིད་ཡོད་པ་མ་ཡིན་ནོ། །
2822	line-end	3		ཡང་གཞན་ཡང་།
2823	verse-stanza	28		གང་ཚེ་སྡུག་བསྔལ་ཀུན་འབྱུང་དང་། །↵འགོག་པ་ཡོད་པ་མ་ཡིན་ན། །↵ལམ་གྱི༌[^1680]སྡུག་བསྔལ
2824	line-end	41		གང་གི༌[^1681]ཚེ་སྡུག་བསྔལ་དང་ཀུན་འབྱུང་བ་དང་འགོག་པའི་ཆོས་གསུམ་པོ་དག་ཡོད་པ་མ་ཡིན་
2825	verse-stanza	28		གལ་ཏེ་ངོ་བོ་ཉིད་ཀྱིས་ནི། །↵ཡོངས་སུ་ཤེས་པ་མ་ཡིན་ན། །↵དེ་ནི་ཇི་ལྟར་ཡོངས་ཤེས་འགྱུར།
2826	line-end	38		གལ་ཏེ་སྡུག་བསྔལ་གང་ངོ་བོ་ཉིད་ཀྱིས་ཡོངས་སུ་ཤེས་པ་མ་ཡིན་ན། དེ་ཇི་ལྟར་ཡོངས་སུ་ཤེས་པ
2827	line-end	15		ཁྱོད་ཀྱི་ངོ་བོ་ཉིད་ཀྱིས༌[^1684]ངེས་པར་གནས་པ་ཡིན་ཞེས་མ་ཡིན་ནམ།
2828	verse-stanza	28		དེ་བཞིན་དུ་ནི་ཁྱོད་ཉིད་ཀྱི། །↵སྤང་དང་མངོན་སུམ་བྱ་བ་དང་། །↵བསྒོམ་དང་འབྲས་བུ་བཞི་ད
2829	terminal-particle	70		དེ་བཞིན་དུ་ཁྱོད་ཉིད་ཀྱིས༌[^1685]ཀུན་འབྱུང་བ་སྤང་བ་དང་། འགོག་པ་མངོན་སུམ་དུ་བྱ་བ་ད
2830	terminal-particle	37		འགོག་པ་ངོ་བོ་ཉིད་ཀྱིས་མངོན་སུམ་དུ་མ་བྱས་པ་གང་ཡིན་པ་དེ་ཡང་མངོན་སུམ༌[^1686]དུ་བྱ་བ
2831	line-end	28		ལམ་ངོ་བོ་ཉིད་ཀྱིས་མ་བསྒོམས་པ༌[^1687]ཉིད་གང་ཡིན་པ་དེ་ཡང་བསྒོམས་པར༌[^1688]མི་ནུས་ཏ
2832	terminal-particle	36		དེ་ལྟར་ན་འཕགས་པའི་བདེན་པ་བཞི་པོ་དེ་དག་ཡོངས་སུ་ཤེས་པ་དང་སྤངས་པ༌[^1690]དང་མངོན་སུམ
2833	line-end	41		ཡང་གཞན་ཡང་། འབྲས་བུ་བཞི་པོ་རྒྱུན་ཏུ་ཞུགས་པ་དང་། ལན་ཅིག་ཕྱིར་འོང་བ་དང་། ཕྱིར་མི་འ
2834	verse-stanza	28		ངོ་བོ་ཉིད་ནི་ཡོངས་འཛིན་པས། །↵འབྲས་བུ་ངོ་བོ་ཉིད་ཀྱིས་ནི། །↵ཐོབ་པ་མིན་པ་གང་ཡིན་དེ།
2835	line-end	31		ངོ་བོ་ཉིད་ཡོངས་སུ་འཛིན་པས་འབྲས་བུ་ངོ་བོ་ཉིད་ཀྱིས་ཐོབ་པ་མ་ཡིན་པ་གང་ཡིན་པ་དེ་དག་ཀྱ
2836	verse-stanza	28		འབྲས་བུ་མེད་ན་འབྲས་གནས་མེད། །↵ཞུགས་པ་དག་ཀྱང་ཡོད་མ་ཡིན། །↵གལ་ཏེ་སྐྱེས་བུ་གང་ཟག་བར
2837	terminal-particle	29		དགེ་སྦྱོང༌[^1691]གི་འབྲས་བུ་རྣམས་མེད་ན་འབྲས་བུ་ལ་གནས་པ་དང་། ཞུགས་པའི་སྐྱེས་བུ་གང
2838	line-end	17		གལ་ཏེ་སྐྱེས་བུ་གང་ཟག་བརྒྱད་པོ་དེ་དག་མེད་ན་དགེ་འདུན་ཡང་མེད་དོ། །
2839	line-end	3		ཡང་གཞན་ཡང་།
2840	verse-stanza	28		འཕགས་པའི་བདེན་རྣམས་མེད་པའི་ཕྱིར། །↵དམ་པའི་ཆོས་ཀྱང་ཡོད་མ་ཡིན། །↵ཆོས་དང་དགེ་འདུན་ཡ
2841	verse-stanza	28		ཁྱོད་ཀྱིས་སངས་རྒྱས་བྱང་ཆུབ་ལ། །↵མ་བརྟེན་པར་ཡང་ཐལ་བར་འགྱུར། །↵ཁྱོད་ཀྱིས་བྱང་ཆུབ་ས
2842	verse-stanza	28		ཁྱོད༌[^1692]ཀྱི་ངོ་བོ་ཉིད་ཀྱིས་ནི། །↵སངས་རྒྱས་མིན་པ་གང་ཡིན་དེས། །↵བྱང་ཆུབ་བྱང་ཆུ
2843	verse-stanza	28		འགའ་ཡང་ཆོས་དང་ཆོས་མིན་པ། །↵ནམ་ཡང་བྱེད་པར་མི་འགྱུར་ཏེ། །↵མི་སྟོང་པ་ལ་ཅི་ཞིག་བྱ། །
2844	verse-stanza	28		ཆོས་དང་ཆོས་མིན་རྒྱུས་བྱུང་བའི། །↵འབྲས་བུ་ཁྱོད་ལ་ཡོད་མ་ཡིན། །↵ཆོས་དང་ཆོས་མིན་མེད་
2845	verse-stanza	28		ཆོས་དང་ཆོས་མིན་རྒྱུས་བྱུང་བའི། །↵འབྲས་བུ་གལ་ཏེ་ཁྱོད་ལ་ཡོད། །↵ཆོས་དང་ཆོས་མིན་ལས་བ
2846	verse-stanza	28		འཇིག་རྟེན་པ་ཡི་ཐ་སྙད་ནི། །↵ཀུན་ལའང་གནོད་པ་བྱེད་པ་ཡིན། །↵རྟེན་ཅིང་འབྲེལ་འབྱུང་གང་
2847	verse-stanza	28		བྱ་བ་ཅི་ཡང་མེད་འགྱུར་ཞིང་། །↵བྱ་བ་རྩོམ་པའང་མེད་པར་འགྱུར། །↵སྟོང་པ་ཉིད་ལ་གནོད་བྱེ
2848	verse-stanza	28		དངོས་ཉིད་ཡོད་ནའང་འགྲོ་བ་རྣམས། །↵གནས་སྐབས་སྣ་ཚོགས་བྲལ་འགྱུར་ཞིང་། །↵མ་སྐྱེས་པ་དང་
2849	line-end	39		ངོ་བོ་ཉིད་ཡོད་པ་མ་ཡིན་ན་འགྲོ་བ་མ་ལུས་པ་རྣམས་གནས་སྐབས་སྣ་ཚོགས་དང་བྲལ་བར་འགྱུར་ཞིང
2850	terminal-particle	31		དེ་ལྟ་བས་ནས་དེ་ལྟར་ངོ་བོ་ཉིད་དུ་སྨྲ་བ་ཡོངས་སུ་འཛིན་ན༌[^1696]ཇི་སྐད་བསྟན་པའི་སྐྱོ
2851	line-end	3		ཡང་གཞན་ཡང་།
2852	verse-stanza	28		གལ་ཏེ་སྟོང་པ་ཡོད་མིན་ན། །↵མ་ཐོབ་ཐོབ་པར་བྱ་བ་དང་། །↵སྡུག་བསྔལ་མཐར་བྱེད་ལས་དང་ནི། 
2853	line-end	73		གལ་ཏེ་ངོ་བོ་ཉིད་ཀྱིས་སྟོང་པ་ཉིད་མ་ཡིན་ན། དེའི་ཕྱིར་འཇིག་རྟེན་པ་དང་འཇིག་རྟེན་ལས་འ
2854	verse-stanza	28		གང་གིས་རྟེན་ཅིང་འབྲེལ་པར་འབྱུང་། །↵མཐོང་བ་དེས་ནི་སྡུག་བསྔལ་དང་། །↵ཀུན་འབྱུང་དང་ན
2855	terminal-particle	34		གང་གིས་རྟེན་ཅིང་འབྲེལ་པར་འབྱུང་བ་མཐོང་བ་དེས་ཆོས་བཞི་པོ་སྡུག་བསྔལ་དང་ཀུན་འབྱུང་དང
2856	line-end	18		འཕགས་པའི་བདེན་པ་བརྟག་པ་ཞེས་བྱ་བ་སྟེ་རབ་ཏུ་བྱེད་པ་ཉི་ཤུ་བཞི་པའོ།། །།
2857	line-end	3		འདིར་སྨྲས་པ།
2858	verse-stanza	28		གལ་ཏེ་འདི་དག་ཀུན་སྟོང་ན། །↵འབྱུང་བ་མེད་ཅིང་འཇིག་པ་མེད། །↵གང་ཞིག་སྤོང༌[^1698]དང་འ
2859	terminal-particle	20		གལ་ཏེ་འགྲོ་བ་འདི་དག་ཀུན་སྟོང་ན་དེ་ལྟ་ན་འབྱུང་བ་མེད་ཅིང་འཇིག་པ་མེད་དོ། །
2860	terminal-particle	32		དེ་དག་མེད་པའི་ཕྱིར་གང་ཞིག་སྤོང་བ༌[^1699]དང་འགག་པ་ལས་མྱ་ངན་ལས་འདས་པར༌[^1700]འགྱུར
2861	terminal-particle	7		དེའི་ཕྱིར་དེ་ལྟ་མ་ཡིན་ནོ། །
2862	line-end	27		སྟོང་པ་མ་ཡིན་ན་ནི་ཉོན་མོངས་པ་སྤོང་བ༌[^1703]དང་ཕུང་པོ་འགག་པ་ལས་མྱ་ངན་ལས་འདས་པ༌[^1
2863	line-end	3		འདིར་བཤད་པ།
2864	verse-stanza	28		གལ་ཏེ་འདི་ཀུན་མི་སྟོང་ན། །↵འབྱུང་བ་མེད་ཅིང་འཇིག་པ་མེད། །↵གང་ཞིག་སྤོང༌[^1705]དང་འ
2865	terminal-particle	21		གལ་ཏེ་འགྲོ་བ་འདི་དག་ཀུན་མི་སྟོང་ན། དེ་ལྟ་ན་འབྱུང་བ་མེད་ཅིང་འཇིག་པ་མེད་དོ། །
2866	terminal-particle	32		དེ་དག་མེད་པའི་ཕྱིར་གང་ཞིག་སྤོང་བ༌[^1706]དང་འགག་པ༌[^1707]ལས་མྱ་ངན་ལས་འདའ་བར་འགྱུར
2867	terminal-particle	20		དེ་ལྟ་བས་ན་རིམ་པ་འདིས་མྱ་ངན་ལས་འདས་པ་མི་འཐད་པར་ཁོང་དུ་ཆུད་པར་བྱའོ། །
2868	line-end	7		འོ་ན་ཇི་ལྟ་བུ་ཞེ་ན།
2869	verse-stanza	28		སྤངས་པ་མེད་པ་ཐོབ་མེད་པ། །↵ཆད་པ་མེད་པ་རྟག་མེད་པ། །↵འགག་པ་མེད་པ་སྐྱེ༌[^1709]མེད་པ།
2870	line-end	17		དེའི་ཕྱིར་མྱ་ངན་ལས་འདས་པའི་མཚན་ཉིད་ནི་དེ་ལྟ་བུ་ཡིན་པར་གདགས་སོ། །
2871	line-end	3		ཡང་གཞན་ཡང་།
2872	verse-stanza	28		མྱ་ངན་འདས་པ་དངོས་པོ་མིན། །↵རྒ་ཤིའི་མཚན་ཉིད་ཐལ་བར་འགྱུར། །↵རྒ་ཤི་འཆི་བ་མེད་པ་ཡི། 
2873	terminal-particle	38		རེ་ཞིག་མྱ་ངན་ལས་འདས་པ་ནི་རྣམ་པ་ཐམས་ཅད་དུ་ཡང་དངོས་པོ་མ་ཡིན་ནོ།[^1710] །གལ་ཏེ་དངོས
2874	terminal-particle	17		ཅིའི་ཕྱིར་ཞེ་ན། རྒ་ཤི་མེད་པའི་དངོས་པོ་ཡོད་པ་མ་ཡིན་པའི་ཕྱིར་རོ། །
2875	line-end	3		ཡང་གཞན་ཡང་།
2876	verse-stanza	28		གལ་ཏེ་མྱ་ངན་འདས་དངོས་ན། །↵མྱ་ངན་འདས་པ་འདུས་བྱས་འགྱུར། །↵དངོས་པོ་འདུས་བྱས་མ་ཡིན་པ
2877	line-end	47		གལ་ཏེ་མྱ་ངན་ལས་འདས་པ་དངོས་པོ་ཡིན་ན་དེའི་ཕྱིར་མྱ་ངན་ལས་འདས་པ་འདུས་བྱས་སུ་འགྱུར་ཏེ
2878	line-end	3		ཡང་གཞན་ཡང་།
2879	verse-stanza	27		གལ་ཏེ་མྱ་ངན་འདས་དངོས་ན། །↵ཇི་ལྟར་མྱང་འདས་དེ་བརྟེན་མིན། །↵དངོས་པོ་བརྟེན་པ་མ་ཡིན་པ
2880	line-end	68		གལ་ཏེ་མྱ་ངན་ལས་འདས་པ་དངོས་པོ་ཡིན་པར་འདོད་ན་མྱ་ངན་ལས་འདས་པ་ལ་བརྟེན་པ་མ་ཡིན་ནོ་ཞེས
2881	terminal-particle	17		འདིར་སྨྲས་པ། འོ་ན་མྱ་ངན་ལས་འདས་པ་ནི་དངོས་པོ་མེད་པ་ཡིན་ནོ། །
2882	line-end	3		འདིར་བཤད་པ།
2883	verse-stanza	14		གལ་ཏེ་མྱ་ངན་འདས་དངོས་མིན། །↵དངོས་མེད་ཇི་ལྟར་རུང་བར་འགྱུར། །
2884	line-end	49		གལ་ཏེ་མྱ་ངན་ལས་འདས་པ་ཇི་ལྟར་དངོས་པོ་ཡིན་པར་མ་གྱུར་པས་ན་དངོས་པོ་མེད་པ་མ༌[^1712]ཡི
2885	terminal-particle	17		དབུ་མའི་རྩ་བའི་འགྲེལ་པ་བུདྡྷ་པཱ་ལི་ཏ། བམ་པོ་བཅུ་པ་སྟེ་ཐ་མའོ། །
2886	line-end	3		ཡང་གཞན་ཡང་།
2887	verse-stanza	14		གང་ལ་མྱ་ངན་འདས་དངོས་མིན། །↵དེ་ལ་དངོས་མེད་ཡོད་མ་ཡིན། །
2888	line-end	62		གང་ལ༌[^1713]མྱ་ངན་ལས་འདས་པ་དངོས་པོ་ཡིན་པར་འདོད་པ་དེ་ལ་དངོས་པོ་མེད་པ་ཡོད་པ་མ་ཡིན་
2889	line-end	3		ཡང་གཞན་ཡང་།
2890	verse-stanza	28		གལ་ཏེ་མྱ་ངན་འདས་དངོས་མིན། །↵ཇི་ལྟར་མྱང་འདས་དེ་བརྟེན་མིན། །↵གང་ཞིག་བརྟེན་པ༌[^1714
2891	line-end	77		གལ་ཏེ་མྱ་ངན་ལས་འདས་པ་དངོས་པོ་ཡོད་པ་མ༌[^1715]ཡིན་པར་འདོད་ན། མྱ་ངན་ལས་འདས་པ་དེ་བརྟ
2892	line-end	19		སྨྲས་པ། འོ་ན་མྱ་ངན་ལས་འདས་པ་ཇི་ལྟ་བུ་ཡིན་པར་བརྗོད་པར་བྱ། བཤད་པ།
2893	verse-stanza	28		འོང་བ་དང་ནི་འགྲོ་བའི་དངོས། །↵རྟེན་ཏམ་རྒྱུར་བྱས་གང་ཡིན་པ། །↵དེ་ནི་བརྟེན༌[^1716]མི
2894	terminal-particle	57		ཕྱིན་ཅི་ལོག་མ་རྟོགས༌[^1717]པས་འོང་བ་དང་འགྲོ་བའི་དངོས་པོ་ཕུང་པོ་རྣམས་རྟེན་ཏམ་རྒྱུ
2895	line-end	3		ཡང་གཞན་ཡང་།
2896	verse-stanza	28		འབྱུང་བ་དང་ནི་འཇིག་པ་དག །↵སྤང་བར་སྟོན་པས་བཀའ་སྩལ་ཏོ། །↵དེ་ཕྱིར་མྱ་ངན་འདས་པ་ནི། །
2897	line-end	38		བཅོམ་ལྡན་འདས་ཀྱིས་འབྱུང་བ་དང་འཇིག་པ་དག་སྤང་བར་བཀའ་སྩལ་པས་དེའི་ཕྱིར་མྱ་ངན་ལས་འདས་
2898	terminal-particle	22		འདིར་སྨྲས་པ། འོ་ན་མྱ་ངན་ལས་འདས་པ་ནི་དངོས་པོ་དང་དངོས་པོ་མེད་པ་གཉི་ག་ཡིན་ནོ། །
2899	line-end	3		འདིར་བཤད་པ།
2900	verse-stanza	28		གལ་ཏེ་མྱ་ངན་འདས་པ་ནི། །↵དངོས་དང་དངོས་མེད་གཉིས་ཡིན་ན། །↵དངོས་དང་དངོས་པོ་མེད་པ་དག 
2901	terminal-particle	53		གལ་ཏེ་མྱ་ངན་ལས་འདས་པ་དངོས་པོ་དང་དངོས་པོ་མེད་པ་གཉི་ག་ཡིན་ན། དེ་ལྟ་ན་དངོས་པོ་དང་དང
2902	line-end	3		ཡང་གཞན་ཡང་།
2903	verse-stanza	28		གལ་ཏེ་མྱ་ངན་འདས་པ་ནི། །↵དངོས་དང་དངོས་མེད་གཉིས་ཡིན་ན། །↵མྱ་ངན་འདས་པ་མ་བརྟེན༌[^171
2904	terminal-particle	52		གལ་ཏེ་མྱ་ངན་ལས་འདས་པ་དངོས་པོ་དང་དངོས་པོ༌[^1720]མེད་པ་གཉིས༌[^1721]ཡིན་ན་དེ་ལྟ་ན་མ
2905	line-end	32		དེ་ནི་མི་འདོད་པས་དེའི་ཕྱིར་མྱ་ངན་ལས་འདས་པ་དངོས་པོ་དང་དངོས་པོ་མེད་པ་གཉི་ག་ཡིན་ནོ་
2906	line-end	10		ཡང་གཞན་ཡང་འདིའི་ཕྱིར་རིགས་པ་མ་ཡིན་ཏེ།
2907	verse-stanza	28		གལ་ཏེ་མྱ་ངན་འདས་པ་ནི། །↵དངོས་དང་དངོས་མེད་གཉིས་ཡིན་ན། །↵མྱ་ངན་འདས་པ་འདུས་མ་བྱས། །
2908	terminal-particle	20		མྱ་ངན་ལས་འདས་པ་ནི་དངོས་པོ་དང་དངོས་པོ་མེད་པ་གཉི་ག་ཡིན་པར་མི་འཐད་དོ། །
2909	terminal-particle	29		ཅིའི་ཕྱིར་ཞེ་ན། མྱ་ངན་ལས་འདས་པ་ནི་འདུས་མ་བྱས་ཡིན་ལ༌[^1722]དངོས་པོ་དང་དངོས་པོ་མེད
2910	terminal-particle	29		དེ་ལྟ་བས་ན་རྒྱུའི་ཁྱད་པར་འདིས་ཀྱང་མྱ་ངན་ལས་འདས་པ་ནི་དངོས་པོ་དང་དངོས་པོ་མེད་པ་གཉི
2911	line-end	37		འདིར་སྨྲས་པ། མྱ་ངན་ལས་འདས་པ་ནི་དངོས་པོ་དང་དངོས་པོ་མེད་པ་གཉི་ག༌[^1724]ཡང་མ་ཡིན་གྱ
2912	line-end	3		འདིར་བཤད་པ།
2913	verse-stanza	28		གལ་ཏེ་མྱ་ངན་འདས་པ་ལ། །↵དངོས་དང་དངོས་མེད་གཉིས་ཡོད་ན། །↵དེ་གཉིས་གཅིག་ལ་ཡོད་མིན་ཏེ།
2914	line-end	86		མྱ་ངན་ལས་འདས་པ་ལ་དངོས་པོ་དང་དངོས་པོ་མེད་པ་གཉིས་ཡོད་པར་ཡང་མི་འཐད་དེ། ཅིའི་ཕྱིར་ཞེ
2915	terminal-particle	22		འདིར་སྨྲས་པ། མྱ་ངན་ལས་འདས་པ་ནི་དངོས་པོ་ཡང་མ་ཡིན། དངོས་པོ་མེད་པ་ཡང་མ་ཡིན་ནོ། །
2916	line-end	3		འདིར་བཤད་པ།
2917	verse-stanza	28		དངོས་མིན་དངོས་པོ་མེད་མིན་པ། །↵མྱ་ངན་འདས་པར་གང་སྟོན་པ། །↵དངོས་པོ་མེད་དང་དངོས་པོ་ད
2918	line-end	120		ཁྱོད་ཀྱིས༌[^1725]མྱ་ངན་ལས་འདས་པ་ནི་དངོས་པོ་ཡང་མ་ཡིན་དངོས་པོ་མེད་པ་ཡང་མ་ཡིན་ནོ་ཞེ
2919	line-end	3		ཡང་གཞན་ཡང་།
2920	verse-stanza	28		གལ་ཏེ་མྱ་ངན་འདས་པ་ནི། །↵དངོས་མིན་དངོས་པོ་མེད་མིན་ན། །↵དངོས་མིན་དངོས་པོ་མེད་མིན་ཞ
2921	line-end	111		གལ་ཏེ་མྱ་ངན་ལས་འདས་པ་དངོས་པོ་ཡང་མ་ཡིན་དངོས་པོ་མེད་པ་ཡང་མ་ཡིན་པ་ཡིན་ན། དངོས་པོ་ཡང
2922	line-end	15		འདིའི་ཕྱིར་ཡང་མྱ་ངན་ལས་འདས་པ་མི་འཐད་དེ། ཇི་ལྟར་ཞེ་ན།
2923	verse-stanza	27		བཅོམ་ལྡན་མྱ་ངན་འདས་གྱུར་ནས། །↵ཡོད་པར་མི་མངོན་དེ་བཞིན་དུ། །↵མེད་དོ་ཞེའམ་གཉི་ག་དང་
2924	verse-stanza	27		བཅོམ་ལྡན་བཞུགས་པར་གྱུར་ན་ཡང་། །↵ཡོད་པ༌[^1727]མི་མངོན་དེ་བཞིན་དུ། །↵མེད་དོ་ཞེའམ་ག
2925	line-end	102		གང་གི་ཕྱིར་བཅོམ་ལྡན་འདས་མྱ་ངན་ལས་འདས་སམ་བཞུགས་པར་གྱུར་ཀྱང་རུང་སྟེ། ཡོད་དོ་ཞེའམ་མ
2926	line-end	10		ཡང་གཞན་ཡང་། འཁོར་བ་མྱ་ངན་ལས་འདས་པས།[^1728] །
2927	verse-stanza	21		ཁྱད་པར་ཅུང་ཟད་ཡོད་མ་ཡིན། །↵མྱ་ངན་འདས་པ་འཁོར་བ་ལས། །↵ཁྱད་པར་ཅུང་ཟད་ཡོད་མ་ཡིན། །
2928	line-end	89		འདི་ལ་ཕུང་པོའི་རྒྱུན་ལ་བརྟེན་ནས་འཁོར་བ་ཞེས་གདགས་ན། ཕུང་པོ་དེ་དག་ནི་ངོ་བོ་ཉིད་ཀྱི
2929	line-end	42		ཇི་ལྟར་འཁོར་བ་མྱ་ངན་ལས་འདས་པ་ལས་ཁྱད་པར་ཅུང་ཟད་ཀྱང་ཡོད་པ་མ་ཡིན་པ་དེ་བཞིན་དུ་མྱ་ངན
2930	verse-stanza	28		མྱ་ངན་འདས་མཐའ་གང་ཡིན་པ། །↵དེ་ནི་འཁོར་བའི་མཐའ་ཡིན་ཏེ། །↵དེ་གཉིས་ཁྱད་པར་ཅུང་ཟད་ནི།
2931	line-end	53		མྱ་ངན་ལས་འདས་པ་དང་། འཁོར་བའི་ཡང་དག་པའི་མཐའ་དང་། སྐྱེ་བ་མེད་པའི་མཐའ་དང་། ཡང་དག་པའ
2932	verse-stanza	28		འགགས་པར་གྱུར་དང་མཐའ་སྩོགས༌[^1729]དང་། །↵རྟག་ལ་སོགས་པར་ལྟ་བ་དག །↵མྱ་ངན་འདས་དང་ཕྱི
2933	terminal-particle	156		དེ་བཞིན་གཤེགས་པ་འགགས་པར་གྱུར་ནས་ཡོད་པ་དང་མེད་པ་དང་། ཡོད་ཀྱང་ཡོད་ལ་མེད་ཀྱང་མེད་པ་
2934	line-end	2		དེ་ལ།
2935	verse-stanza	28		དངོས་པོ་ཐམས་ཅད་སྟོང་པ་ལ། །↵མཐའ་ཡོད་ཅི་ཞིག་མཐའ་མེད་ཅི། །↵མཐའ་དང་མཐའ་མེད་ཅི་ཞིག་ཡི
2936	verse-stanza	28		དེ་ཉིད་ཅི་ཞིག་གཞན་ཅི་ཡིན། །↵རྟག་པ་ཅི་ཞིག་མི་རྟག་ཅི། །↵རྟག་དང་མི་རྟག་གཉི་ག་ཅི། །↵
2937	line-end	7		དམིགས་པ་ཐམས་ཅད་ཉེར་ཞི་ཞིང་།[^1732] །
2938	verse-stanza	21		སྤྲོས་པ་ཉེར་ཞི་ཞི་བ༌[^1733]སྟེ། །↵སངས་རྒྱས་ཀྱིས་ནི་གང་དུ་ཡང་། །↵སུ་ལའང་ཆོས་འགའ་མ
2939	line-end	19		མྱ་ངན་ལས་འདས་པ་བརྟག༌[^1734]པ་ཞེས་བྱ་བ་སྟེ་རབ་ཏུ་བྱེད་པ་ཉི་ཤུ་ལྔ་པའོ།། །།
2940	line-end	42		འདིར་སྨྲས་པ། ཁྱོད་ཀྱིས༌[^1735]ཐེག་པ་ཆེན་པོའི་གཞུང་ལུགས་ཀྱིས་དོན་དམ་པ་ལ་འཇུག་པ་ནི
2941	verse-stanza	28		མ་རིག་བསྒྲིབས་པས་ཡང་སྲིད་ཕྱིར། །↵འདུ་བྱེད་རྣམ་པ་གསུམ་པོ་དག །↵མངོན་པར་འདུ་བྱེད་གང
2942	verse-stanza	28		འདུ་བྱེད་རྐྱེན་ཅན་རྣམ་པར་ཤེས། །↵འགྲོ་བ་རྣམས་སུ་འཇུག་པར་འགྱུར། །↵རྣམ་པར་ཤེས་པ་ཞུག
2943	verse-stanza	28		མིང་དང་གཟུགས་ནི་ཆགས་གྱུར་ན། །↵སྐྱེ་མཆེད་དྲུག་ནི་འབྱུང་བར་འགྱུར། །↵སྐྱེ་མཆེད་དྲུག
2944	line-end	7		མིང་དང་གཟུགས་དང་དྲན་བྱེད་ལ།[^1737] །
2945	verse-stanza	28		བརྟེན་ནས་སྐྱེ་བ་ཁོ་ན་ཡིན། །↵དེ་ལྟར་མིང་དང་གཟུགས་བརྟེན་ནས། །↵རྣམ་པར་ཤེས་པ་སྐྱེ་བར
2946	verse-stanza	28		གསུམ་པོ་འདུས་པ་གང་ཡིན་པ། །↵དེ་ནི་རེག་པ་རེག་དེ་ལས། །↵ཚོར་བ་ཀུན་ཏུ་འབྱུང་བར་འགྱུར།
2947	verse-stanza	28		ཚོར་བའི་དོན་ལ་སྲེད་པར་འགྱུར། །↵སྲེད་པར་གྱུར་ན་ཉེ་བར་ལེན། །↵རྣམ་པ་བཞི་པོ་ཉེར་ལེན་
2948	verse-stanza	28		སྲིད་པ་རབ་ཏུ་འབྱུང་བར་འགྱུར། །↵གལ་ཏེ་ཉེ་བར་ལེན་མེད་ན། །↵གྲོལ་བར་འགྱུར་ཏེ་སྲིད་མི
2949	verse-stanza	28		སྲིད་པ་ལས་ནི་སྐྱེ་བ་འབྱུང་། །↵རྒ་ཤི་དང་ནི་མྱ་ངན་དང་། །↵སྨྲེ་སྔགས་འདོན་བཅས་སྡུག་བ
2950	verse-stanza	28		དེ་དག་སྐྱེ་ལས་རབ་ཏུ་འབྱུང་། །↵དེ་ལྟར་སྡུག་བསྔལ་ཕུང་པོ་ནི། །↵འབའ་ཞིག་པ་འདི་འབྱུང་
2951	verse-stanza	28		རྩ་བའི་འདུ་བྱེད་འདུ་མི་བྱེད། །↵དེ་ཕྱིར་མི་མཁས་བྱེད་པ་ཡིན། །↵མཁས་མིན་དེ་ཉིད་མཐོང་
2952	verse-stanza	28		འདུ་བྱེད་རྣམས་ཀྱང་འབྱུང་མི་འགྱུར། །↵མ་རིག་འགག་པར་འགྱུར་བ་ནི། །↵ཤེས་པ་དེ་ཉིད་བསྒོ
2953	verse-stanza	21		དེ་དང་དེ་ནི་མངོན་མི་འབྱུང་། །↵སྡུག་བསྔལ་ཕུང་པོ་འབའ་ཞིག་པ། །↵དེ་ནི་དེ་ལྟར་ཡང་དག་འ
2954	line-end	40		བྱིས་པ་མ་རིག་པས་བསྒྲིབས་པས་ཡང་སྲིད་པའི་ཕྱིར་སེམས་ཅན་དམྱལ་བ་ལ་སོགས་པ་འདུ་བྱེད་པའི
2955	terminal-particle	40		ལས་དགེ་བ་དང་མི་དགེ་བ་ཇི་ལྟར་མངོན་པར་འདུས་བྱས་པ་ཆེན་པོ་དང་འབྲིང་དང་ཆུང་ངུ་གང་དག་ཡ
2956	terminal-particle	29		དེ་ལ་འདུ་བྱེད་ཀྱི་རྐྱེན་ཅན་གྱིས༌[^1742]རྣམ་པར་ཤེས་པ༌[^1743]ཇི་ལྟར་འགྲོ་བ་རྣམས་སུ
2957	terminal-particle	20		མིང་དང་གཟུགས་ཆགས་པར་གྱུར་ན་མིང་དང་གཟུགས་ཆགས་པ་ལས་སྐྱེ་མཆེད་དྲུག་འབྱུང་བར་འགྱུར་ར
2958	terminal-particle	79		སྐྱེ་མཆེད་དྲུག་ལ་བརྟེན་ནས་དེ་ལས༌[^1744]རེག་པ་འབྱུང་བར་འགྱུར་ཏེ། རེག་པ་དེ་སྐྱེ་བའ
2959	terminal-particle	11		རེག་པ་ལས་ཚོར་བ་ཀུན་ཏུ་འབྱུང་བར་འགྱུར་རོ། །
2960	terminal-particle	15		ཚོར་བའི་རྐྱེན་གྱིས་སྲེད་པ་སྟེ། ཚོར་བའི་དོན་ལ་སྲེད་པར་འགྱུར་རོ། །
2961	terminal-particle	19		སྲེད་པར་གྱུར་ན་ཉེ་བར་ལེན་པ་རྣམ་པ་བཞི་པོ་དག་ཉེ་བར་ལེན་པར་འགྱུར་རོ། །
2962	terminal-particle	72		ཉེ་བར་ལེན་པ་ཡོད་ན་ལེན་པ་པོའི་སྲིད་པ་རབ་ཏུ་འབྱུང་བར་འགྱུར་ཏེ། གལ་ཏེ་ཉེ་བར་ལེན་པ་མ
2963	line-end	59		སྲིད་པ་ལས་ནི་སྐྱེ་བ་འབྱུང་བ་ཡིན་ནོ།[^1746] །སྐྱེ་བ་ལས་རྒ་ཤི་དང་མྱ་ངན་དང་སྨྲེ་སྔག
2964	terminal-particle	17		དེའི་ཕྱིར་མཁས་པ་རྣམས་ནི་འཁོར་བའི་རྩ་བའི་འདུ་བྱེད་རྣམས་འདུ་མི་བྱེད་དོ། །
2965	terminal-particle	53		དེའི་ཕྱིར་མི་མཁས་པ་རྣམས་ནི་འདུ་བྱེད་རྣམས་ཀྱི་བྱེད་པ་པོ་ཡིན་གྱི་མཁས་པ་རྣམས་ནི་མ་ཡ
2966	terminal-particle	30		མ་རིག་པ་འགག་པར་འགྱུར་བ་ནི་ཡན་ལག་བཅུ་གཉིས་ཤེས་པ་དེ་ཉིད་བསྒོམ་པ་གོམས་པར་བྱ་བ་དང་། 
2967	terminal-particle	51		སྲིད་པའི་ཡན་ལག་དེ་དང་དེ་འགགས་པར་གྱུར་པས་སྲིད་པའི་ཡན་ལག་དེ་དང་དེ་མངོན་པར་མི་འབྱུང
2968	terminal-particle	27		སྲིད་པའི་ཡན་ལག་བཅུ་གཉིས་པོ་དེ་དག་ལ་འཇུག་པ་རྒྱ་ཆེར༌[^1751]མདོ་སྡེ་དང་ཆོས་མངོན་པ་ད
2969	terminal-particle	9		མདོར་བསྡུས་པའི་དབང་གིས་འདི་ལའང༌[^1752]བརྗོད་དོ། །
2970	line-end	21		སྲིད་པའི་ཡན་ལག་བཅུ་གཉིས་བརྟག་པ་ཞེས་བྱ་བ་སྟེ། རབ་ཏུ་བྱེད་པ་ཉི་ཤུ་རྩ་དྲུག་པའོ།། །།
2971	line-end	33		འདིར་སྨྲས་པ། ད་ཁྱོད་ཀྱིས་ཉན་ཐོས་ཀྱི་ཐེག་པ་དང་མཐུན་པའི་མདོ༌[^1753]སྡེའི་མཐའ་ལ་བརྟ
2972	verse-stanza	28		འདས་པའི་དུས་ན་བྱུང༌[^1754]ཞེས་དང་། །↵མ་བྱུང་འཇིག་རྟེན་རྟག་སོགས་པར། །↵ལྟ་བ་གང་ཡིན
2973	verse-stanza	28		མ་འོངས་དུས་གཞན་འབྱུང་འགྱུར་དང་། །↵མི་འབྱུང་འཇིག་རྟེན་མཐའ་སོགས༌[^1755]པར། །↵ལྟ་བ་
2974	terminal-particle	67		ཟག་པ་ཐམས་ཅད་སྡོམ་པའི་རྣམ་གྲངས་ཞེས༌[^1756]བྱ་བའི་མདོ་སྡེ་ལས་གསུངས་པ་བདག་སྔོན་འདས་
2975	line-end	54		བདག་མ་འོངས་པའི་དུས་གཞན་དུ་འབྱུང་བར་འགྱུར་ཞེས་བྱ་བ་དང་། བདག་མ་འོངས་པའི་དུས་གཞན་དུ
2976	line-end	16		དེ་དག་ནི་མི་འཐད་དེ། རིགས་པ༌[^1757]གང་གིས་ཤེ་ན། བཤད་པར་བྱ་སྟེ།
2977	verse-stanza	28		འདས་པའི་དུས་ན་བྱུང་གྱུར་ཅེས། །↵བྱ་བ་དེ་ནི་མི་འཐད་དོ། །↵སྔོན་ཚེ་རྣམས་སུ་གང་བྱུང་བ
2978	verse-stanza	28		དེ་ཉིད་བདག་ཏུ་འགྱུར་སྙམ་ན། །↵ཉེ་བར་ལེན་པ་ཐ་དད་འགྱུར། །↵ཉེ་བར་ལེན་པ་མ་གཏོགས་པར། །
2979	verse-stanza	28		ཉེ་བར་ལེན་པ་མ་གཏོགས་པའི། །↵བདག་ཡོད་མ་ཡིན་བྱས་པའི་ཚེ། །↵ཉེ་བར་ལེན་ཉིད་བདག་ཡིན་ན། 
2980	verse-stanza	28		ཉེ་བར་ལེན་ཉིད་བདག་མ་ཡིན། །↵དེ་ནི་འབྱུང་དང་འཇིག་པ་ཡིན། །↵ཉེ་བར་བླང་བ་ཇི་ལྟ་བུར། །
2981	verse-stanza	28		བདག་ནི་ཉེ་བར་ལེན་པ་ལས། །↵གཞན་དུ་འཐད་པ་ཉིད་མ་ཡིན། །↵གལ་ཏེ་གཞན་ན་ལེན་མེད་པར། །↵གཟུ
2982	verse-stanza	28		དེ་ལྟར་ལེན་ནས༌[^1759]གཞན་མ་ཡིན། །↵དེ་ནི་ཉེར་ལེན་ཉིད་ཀྱང་མིན། །↵བདག་ནི་ཉེ་བར་ལེན་
2983	terminal-particle	17		བདག་སྔོན་འདས་པའི་དུས་ན་བྱུང་བར་གྱུར་ཅེས་བྱ་བ་དེ་ནི་མི་འཐད་དོ། །
2984	line-end	26		ཅིའི་ཕྱིར་ཞེ་ན། སྔོན་གྱི་ཚེ་རབས་སུ་གང་བྱུང་བར་གྱུར་པ་དེ་ཉིད་ད་ལྟར༌[^1760]གྱི་བདག
2985	terminal-particle	108		དེ་ལ་འདི་སྙམ་དུ་གལ་ཏེ་སྔོན་གྱི་ཚེ་རབས་རྣམས་སུ་གང་བྱུང་བར་གྱུར་པ་དེ་ཉིད་ད་ལྟར་གྱི
2986	line-end	35		དེ་ལ་ཉེ་བར་ལེན་པ་མ་གཏོགས་པ་ཁྱོད་ཀྱི་བདག་དེ་གང་ཞིག་ཡིན་པར་སྨྲ་བར་ནུས་སམ། ཁོ་བོས་ན
2987	terminal-particle	44		དེ་ལ་འདི་སྙམ་དུ་ཉེ་བར་ལེན་པ་མ་གཏོགས་པའི་བདག་ཡོད་པ་མ་ཡིན་ནོ་སྙམ་དུ་སེམས་ན་ནི། དེའ
2988	terminal-particle	53		ཉེ་བར་ལེན་པ་ཉིད་བདག་ཡིན་ནོ་ཞེས་བྱ་བ་དེ་ཡང་མི་འཐད་དེ། ཅིའི་ཕྱིར་ཞེ་ན། ཉེ་བར་ལེན་པ
2989	line-end	33		ཡང་གཞན་ཡང་། ཉེ་བར་བླང་བ་གང་ཡིན་པ་དེ་ཉིད་ཇི་ལྟ་བུར་ཉེ་བར་ལེན་པ་པོ་ཡིན་པར་འགྱུར་ཏེ
2990	terminal-particle	41		དེ་ལ་འདི་སྙམ་དུ་ཉེ་བར་བླང་བ་ལས་ཉེ་བར་ལེན་པ་པོ་གཞན་ཡིན་པར་སེམས་ན། དེ་ལ་བཤད་པར་བྱ་
2991	terminal-particle	36		ཅིའི་ཕྱིར་ཞེ་ན། གལ་ཏེ་གཞན་ཡིན༌[^1762]ན་ཉེ་བར་ལེན་པ་མེད་པར་ཡང་མིག་ལ་སོགས་པའི་དབང་
2992	terminal-particle	46		དེ་ལྟ་ན་བདག་ཉིད་ཉེ་བར་ལེན་པ་ལས་གཞན་ཡང་མ་ཡིན་ལ། དེ་ནི་ཉེ་བར་ལེན་པ་ཉིད་ཀྱང་མ་ཡིན། 
2993	line-end	22		དེའི་ཕྱིར་རྟག་པ་འདིས་བདག་སྔོན་འདས་པའི་དུས་ན་བྱུང་བར་གྱུར་ཞེས་བྱ་བ་དེ་ནི༌[^1763]མ
2994	line-end	2		ད་ནི།
2995	verse-stanza	28		འདས་པའི་དུས་ན་མ་བྱུང་ཞེས། །↵བྱ་བ་དེ་ཡང་མི་འཐད་དོ། །↵སྔོན་ཚེ་རྣམས་སུ་གང་བྱུང་བ། །
2996	verse-stanza	28		གལ་ཏེ་འདི་ནི་གཞན་གྱུར་ན། །↵དེ་མེད་པར་ཡང་འབྱུང་བར་འགྱུར། །↵དེ་བཞིན་དུ་ནི་གནས་འགྱུ
2997	verse-stanza	28		ཆད་དང་ལས་རྣམས་ཆུད་ཟ་དང་། །↵གཞན་གྱིས༌[^1764]བྱས་པའི་ལས་རྣམས༌[^1765]ནི། །↵གཞན་གྱིས
2998	line-end	7		མ་བྱུང་བ་ལས་བྱུང་མིན་ཏེ།[^1766] །
2999	verse-stanza	21		འདི་ལ་སྐྱོན་དུ་ཐལ་བར་འགྱུར། །↵བདག་ནི་བྱས་པར་འགྱུར་བ་དང་། །↵འབྱུང་བ༌[^1767]རྒྱུ་མ
3000	terminal-particle	20		ད་ནི་བདག་སྔོན་འདས་པའི་དུས་ན་བྱུང་བར་མ་གྱུར་ཅེས་བྱ་བ་དེ་ཡང་མི་འཐད་དོ། །
3001	terminal-particle	24		ཅིའི་ཕྱིར་ཞེ་ན། སྔོན་གྱི་ཚེ་རབས་རྣམས་སུ་གང་བྱུང་བར་གྱུར་པ་དེ་ལས་འདི་གཞན་མ་ཡིན་པའ
3002	line-end	19		གལ་ཏེ་འདི་གཞན་ཡིན་པར་གྱུར་ན་དེའི་ཕྱིར་དེ་མེད་པར་ཡང་འདི་འབྱུང་བར་འགྱུར་རོ། །
3003	terminal-particle	26		ཡང་གཞན་ཡང་། སྔ་མ་དེ་དེ་བཞིན་དུ་དེ་ན་གནས་པར་འགྱུར་ཞིང་འདི་ཡང་དེར་མ་ཤི་བར་འདིར་སྐྱ
3004	terminal-particle	38		དེ་ལྟ་ན་ཆད་པ་དང་ལས་རྣམས་ཆུད་ཟ་བ་དང་གཞན་གྱིས་བྱས་པའི་ལས་རྣམས་གཞན་གྱིས་སོ་སོར་མྱོང
3005	terminal-particle	59		ཡང་གཞན་ཡང་། དེ་ལྟ་ན་བདག་མ་བྱུང་བ་ལས་བྱུང་བར༌[^1768]ཐལ་བར་འགྱུར་ཏེ། བདག་མ་བྱུང་བ་
3006	line-end	23		དེའི་ཕྱིར་རྟག་པ་འདིས་བདག་སྔོན་འདས་པའི་དུས་ན་བྱུང་བར་མ་གྱུར་ཅེས་བྱ་བ་དེ་ཡང་མི་འཐད
3007	verse-stanza	28		དེ་ལྟར་བདག་བྱུང་བདག་མ་བྱུང་། །↵གཉི་ག་གཉི་ག་མ་ཡིན་པར། །↵འདས་ལ་ལྟ་བ་གང་ཡིན་པ། །↵དེ
3008	terminal-particle	95		དེ་ལྟར་ཡོངས་སུ་བརྟགས་ན་བདག་སྔོན་འདས་པའི་དུས་ན་བྱུང་བར་གྱུར་ཅེས་བྱ་བ་དང་། བདག་སྔོ
3009	line-end	2		ད་ནི།
3010	verse-stanza	28		མ་འོངས་དུས་གཞན་འབྱུང་འགྱུར་དང་། །↵འབྱུང་བར་མི་འགྱུར་ཞེས་བྱ་བར། །↵ལྟ་བ་གང་ཡིན་དེ་
3011	line-end	75		ད་ནི་བདག་མ་འོངས་པའི་དུས་གཞན་དུ་འབྱུང་བར་འགྱུར་ཞེས་བྱ་བ་དང་། བདག་མ་འོངས་པའི་དུས་ག
3012	line-end	3		ཡང་གཞན་ཡང་།
3013	verse-stanza	28		གལ་ཏེ་ལྷ་དེ་མི་དེ་ན། །↵དེ་ལྟ་ན་ནི་རྟག་པར་འགྱུར། །↵ལྷ་ནི་མ་སྐྱེས་ཉིད་འགྱུར་ཏེ། །↵
3014	terminal-particle	19		གལ་ཏེ་ལྷ་དེ་ཉིད་མི་དེ་ཉིད་དུ་གྱུར་ན་དེ་ལྟ་ན་ནི་རྟག་པར་འགྱུར་རོ། །
3015	terminal-particle	25		ཡང་གཞན་ཡང་། ལྷ་མ་སྐྱེས་པ་ཉིད་དུ་ཡང་འགྱུར་ཏེ། ཅིའི་ཕྱིར་ཞེ་ན། རྟག་པ་ལ་སྐྱེ་བ་མེད་
3016	line-end	29		གང་གི་ཕྱིར་ལྷ་གང་ཡིན་པ་དེ་ཉིད་མི་མ་ཡིན་ཞིང་། ལྷ་མ་སྐྱེས་པ་ཉིད་ཀྱང་མ་ཡིན་པ་དེའི་ཕ
3017	verse-stanza	28		གལ་ཏེ་ལྷ་ལས་མི་གཞན་ན། །↵དེ་ལྟ་ན་ནི་མི་རྟག་འགྱུར། །↵གལ་ཏེ་ལྷ་མི་གཞན་ཡིན་ནོ། །↵རྒྱ
3018	terminal-particle	17		གལ་ཏེ་ལྷ་ལས་མི་གཞན་ཡིན་ན་དེ་ལྟ་ན་ནི་མི་རྟག་པར་འགྱུར་རོ། །
3019	line-end	22		རྒྱུད་ཀྱི་གཏན་ཚིགས་ཀྱིས་ལྷ་ལས་མི་གཞན་ཡིན་པར་མི་འཐད་པས་དེའི་ཕྱིར་མི་རྟག་པ་མ་ཡིན་ན
3020	verse-stanza	28		གལ་ཏེ་ཕྱོགས་གཅིག་ལྷ་ཡིན་ལ། །↵ཕྱོགས་གཅིག་མི་ནི་ཡིན་གྱུར་ན། །↵རྟག་དང་མི་རྟག་འགྱུར་
3021	line-end	61		གལ་ཏེ་ཕྱོགས་གཅིག་ནི་ལྷ་ཡིན་ལ་ཕྱོགས་གཅིག་ནི་མི་ཡིན་པར་གྱུར་ན་དེ་ལྟ་ན་རྟག་ཀྱང་རྟག་
3022	verse-stanza	14		གལ་ཏེ་རྟག་དང་མི་རྟག་པ། །↵གཉི་ག་གྲུབ་པར་གྱུར་ན་ནི། །
3023	line-end	105		རྟག་པ་མ་ཡིན་མི་རྟག་མིན།[^1771] །འགྲུབ་པར་འགྱུར་བ་འདོད་ལ་རག །གལ་ཏེ་རྟག་པ་དང་མི་རྟ
3024	verse-stanza	28		གལ་ཏེ་གང་ཞིག་གང་ནས་འོངས། །↵ཅི་ཞིག་གང་དུ་འགྲོ་འགྱུར་ན། །↵དེ་ཕྱིར་དེ་ལ་ཐོག་མེད་པས།
3025	line-end	84		གལ་ཏེ་དངོས་པོ་གང་ཞིག་ཡུལ་གང་ནས་འོངས་ཤིང་ཅི་ཞིག་གཅིག་ཏུ་གང་དུ་འགྲོ་བར་འགྱུར་ན་ནི་
3026	verse-stanza	27		གལ་ཏེ་རྟག་པ་འགའ་མེད་ན། །↵མི་རྟག་གང་ཞིག་ཡིན་པར་འགྱུར། །↵རྟག་པ་དང་ནི་མི་རྟག་དང་། །
3027	line-end	78		གལ་ཏེ་དེ་ལྟར་ཤེས་རབ་ཀྱིས་བརྟགས་ན་དངོས་པོ་འགའ་ཡང་མེད་ན་མི་རྟག་པ་གང་ཞིག་ཡིན་པར་གྱུ
3028	line-end	39		ད་ནི། ཕྱི་མའི་མཐའ་ལས་བརྩམས་པའི་མཐའ་དང་མཐའ་མེད་པ་ལ་སོགས་པ་བཞི་པོ་དེ་དག་ཇི་ལྟར་མི་
3029	verse-stanza	28		གལ་ཏེ་འཇིག་རྟེན་མཐའ་ཡོད་ན། །↵འཇིག་རྟེན་ཕ་རོལ་ཇི་ལྟར་འགྱུར། །↵གལ་ཏེ་འཇིག་རྟེན་མཐའ
3030	terminal-particle	37		འཇིག་རྟེན་མཐའ་ཡོད་ཅེས་བྱ་བ་མི་འཐད་དོ།[^1775] །ཅིའི་ཕྱིར་ཞེ་ན། གལ་ཏེ་འཇིག་རྟེན་ཕ་
3031	line-end	30		འཇིག་རྟེན་ཕ་རོལ་ཡང་ཡོད་པས་དེའི་ཕྱིར་འཇིག་རྟེན་མཐའ་ཡོད་ཅེས་བྱ་བ་མི་འཐད་དོ།[^1777]
3032	terminal-particle	25		ཅིའི་ཕྱིར་ཞེ་ན། གལ་ཏེ་འཇིག་རྟེན་མཐའ་མེད་པར་གྱུར་ན་དེའི་ཕྱིར་འཇིག་རྟེན་ཕ་རོལ་མེད་
3033	terminal-particle	32		འཇིག་རྟེན་ཕ་རོལ་ཡང་ཡོད་པས་དེའི་ཕྱིར་འཇིག་རྟེན་མཐའ་མེད་ཅེས་བྱ་བ་ཡང་ཡོད་པས་དེའི་ཕྱ
3034	line-end	14		དེ་གཉིས་ཅིའི་ཕྱིར་མི་འཐད་ཅེ་ན། དེ་ལ་བཤད་པར་བྱ་སྟེ།
3035	verse-stanza	28		གང་ཕྱིར་ཕུང་པོ་རྣམས་ཀྱི་རྒྱུན། །↵འདི༌[^1780]ནི་མར་མེའི་འོད་དང་མཚུངས། །↵དེ་ཕྱིར་མ
3036	line-end	46		གང་གི་ཕྱིར་ཕུང་པོ་རྣམས་ཀྱི་རྒྱུན་འདི་ནི་མར་མེའི་འོད་དང་མཚུངས་པར་རྒྱུ་དང་རྐྱེན་གྱ
3037	line-end	12		ཅིའི་ཕྱིར་མི་རིགས་ཤེ་ན། དེ་ལ༌[^1781]བཤད་པར་བྱ་སྟེ།
3038	verse-stanza	28		གལ་ཏེ་སྔ་མ་འཇིག་འགྱུར་ཞིང་། །↵ཕུང་པོ་འདི་ལ་བརྟེན་བྱས་ནས། །↵ཕུང་པོ་འདི་ནི་མི་འབྱུ
3039	verse-stanza	28		གལ་ཏེ་སྔ་མ་མི་འཇིག་ཅིང་། །↵ཕུང་པོ་འདི་ལ་བརྟེན་བྱས་ནས། །↵ཕུང་པོ་འདི་ནི་མི་འབྱུང་ན
3040	line-end	58		གལ་ཏེ་ཕུང་པོ་སྔ་མ་རྣམས་འཇིག་པར་འགྱུར་ཞིང་། ཕུང་པོ་འདི་དག་ལ་བརྟེན་ནས་ཕུང་པོ་གཞན་ད
3041	terminal-particle	60		གལ་ཏེ་ཕུང་པོ་སྔ་མ་རྣམས་མི་འཇིག་ཅིང་ཕུང་པོ་དེ་དག༌[^1782]ལ་བརྟེན་ནས་ཕུང་པོ་ཕྱི་མ་ད
3042	line-end	6		སློབ་དཔོན་འཕགས་པ་ལྷས་ཀྱང་།
3043	verse-stanza	28		ཉན་པ་པོ་དང་མཉན་བྱ་དང་། །↵སྨྲ་པོ་འབྱུང་བ༌[^1784]ཤིན་ཏུ་དཀོན། །↵དེ་ཕྱིར་མདོར་ན་འཁོ
3044	quote-close	3		ཞེས་གསུངས་སོ། །
3045	line-end	29		ད་ནི་འཇིག་རྟེན་མཐའ་ཡོད་ཀྱང་ཡོད་ལ་མཐའ༌[^1785]མེད་ཀྱང་མེད་ཅེས་བྱ་བ་དེ་ཡང་མི་འཐད་དེ
3046	verse-stanza	28		གལ་ཏེ་ཕྱོགས་གཅིག་མཐའ་ཡོད་ལ། །↵ཕྱོགས་གཅིག་མཐའ་ནི་མེད་གྱུར་ན། །↵འཇིག་རྟེན་མཐའ་ཡོད་
3047	line-end	53		གལ་ཏེ་ཕྱོགས་གཅིག་མཐའ་ཡོད་པར་གྱུར་ལ། ཕྱོགས་གཅིག་མཐའ་མེད་པར་གྱུར་ན་ནི་དེའི་ཕྱིར་འཇ
3048	verse-stanza	28		ཇི་ལྟ་བུར་ན་ཉེར་ལེན་པོ། །↵ཕྱོགས་གཅིག་རྣམ་པར་འཇིག་འགྱུར་ལ། །↵ཕྱོགས་གཅིག་རྣམ་པར་འཇ
3049	verse-stanza	28		ཇི་ལྟ་བུར་ན་ཉེར་བླང་བ། །↵ཕྱོགས་གཅིག་རྣམ་པར་འཇིག་འགྱུར་ལ། །↵ཕྱོགས་གཅིག་རྣམ་པར་འཇི
3050	terminal-particle	46		རེ་ཞིག་ཉེ་བར་ལེན་པ་པོ་རིགས་པ་གང་གིས་ཕྱོགས་གཅིག་རྣམ་པར་འཇིག་པར་འགྱུར་ལ། ཕྱོགས་གཅི
3051	terminal-particle	45		ཉེ་བར་བླང་བ་ཡང་རྣམ་པ་གང་གིས་ཕྱོགས་གཅིག་རྣམ་པར་འཇིག་པར་འགྱུར་ལ། ཕྱོགས་གཅིག་རྣམ་པར
3052	line-end	34		དེ་ལྟར་གང་གི་ཕྱིར་དངོས་པོ་བདག་ཉིད་གཉིས་པ་ཉིད་མི་འཐད་པ་དེའི་ཕྱིར་འཇིག་རྟེན་མཐའ་ཡོ
3053	line-end	31		ད་ནི་འཇིག་རྟེན་མཐའ་ཡོད་པ་ཡང་མ་ཡིན་མཐའ་མེད་པ་ཡང་མ་ཡིན་ཞེས་བྱ་བ་ཡང་མི་འཐད་དེ། ཅིའི
3054	verse-stanza	28		གལ་ཏེ་མཐའ་ཡོད་མཐའ་མེད་པ། །↵གཉི་ག་གྲུབ་པར་གྱུར་ན་ནི། །↵མཐའ་ཡོད་མ་ཡིན་མཐའ་མེད་མིན།
3055	line-end	120		གལ་ཏེ་མཐའ་ཡོད་པ་དང་མཐའ་མེད་པ་ཞེས་བྱ་བ་དེ་གཉི་ག་རབ་ཏུ་གྲུབ་པར་གྱུར་ན་ནི་དེའི་ཕྱིར
3056	verse-stanza	28		ཡང་ན་དངོས་པོ་ཐམས་ཅད་དག །↵སྟོང་ཕྱིར་རྟག་ལ་སོགས་ལྟ་བ། །↵གང་དུ་གང་ལ་གང་དག་ནི། །↵ཅིའ
3057	line-end	30		ཡང་ན་དངོས་པོ་ཐམས་ཅད་སྟོང་པའི་ཕྱིར། རྟག་པ་ལ་སོགས་པར་ལྟ་བ་དག་ཡུལ་དང་དུས་གང་དུ་དངོས
3058	verse-stanza	29		རྒྱུ་ཅིའི་ཕྱིར་ཀུན་དུ་འབྱུང་བར་འགྱུར། །↵གང་གིས་ཐུགས་བརྩེ་ཉེར་བཟུང༌[^1791]ནས། །↵ལ
3059	terminal-particle	8		གཽ་ཏ་མ་དེ་ལ་ཕྱག་འཚལ་ལོ། །
3060	terminal-particle	59		གང་གིས་ཐུགས་བརྩེ་བས་ཉེ་བར་བཟུང་ནས་ལྟ་བ་ཐམས་ཅད་སྤང་བའི་ཕྱིར། དམ་པའི་ཆོས་བསྟན་པར༌[
3061	line-end	19		ལྟ་བ་བརྟག་པ་ཞེས་བྱ་བ་སྟེ་རབ་ཏུ་བྱེད་པ་ཉི་ཤུ་བདུན་པ་སྟེ་ཐ་མའོ།། །།
3062	terminal-particle	226		དབུ་མ་རྩ་བའི་ཚིག་ལེའུར་བྱས་པ་ཤེས་རབ་ཅེས་བྱ་བ་ཐེག་པ་ཆེན་པོའི་ཆོས་མངོན་པ་རྣམ་པར་གཞ
3063	line-end	29		རྒྱ་གར་གྱི་མཁན་པོ་ཛྙཱ་ན་གརྦྷ་དང་། །ཞུ་ཆེན་གྱི་ལོ་ཙཱ་བ་ཅོག་རོ་ཀླུའི་རྒྱལ་མཚན་གྱིས
3064	stanza-break	0		དཀོན་མཆོག་གསུམ་ལ་ཕྱག་འཚལ་ལོ། །
3065	root-quote	7		སྐྱེ་བ་ནམ་ཡང་ཡོད་མ་ཡིན། །
3066	root-quote	7		ཐལ་བར་འགྱུར་ཏེ་གང་གི་ཕྱིར།
3067	root-quote	7		གྲུབ་པར་གྱུར་པ་ཡོད་མིན་ན།
3068	root-quote	7		ལྟ་བས་ལྟ་བར་བྱེད་ཅེས་བྱར།
3069	root-quote	7		ལྟ་པོ་མེད་ན་བལྟ་བྱ་དང་།
3070	root-quote	16		བྱེད་པ་པོ་ཡིན་པར་གྱུར་པ་ནི། ལས་ཡིན་པར་གྱུར་པ་མི་བྱེད་དོ། །
3071	root-quote	7		འགྲུབ་པའི་རྒྱུ་ནི་མ་མཐོང་ངོ་།
3072	root-quote	7		དེ་ལ་སྔོན་མེད་ཕྱི་མ་མེད།
3073	root-quote	7		སྡུག་བསྔལ་དེ་བྱས་གང་སྦྱིན་དེ།
3074	root-quote	7		སྟོང་པའང་ཡོད་པར་ག་ལ་འགྱུར། །
3075	root-quote	7		ལྷག་མའང་རྣམ་པ་གསུམ་གྱིས་ལྟ།
3076	root-quote	16		སྔར་ཡང་རང་བཞིན་གཞན་དུ་འགྱུར་བ་ནི། ནམ་ཡང་འཐད་པར་མི་འགྱུར་རོ། །
3077	stanza-break	0		བདག་ཉིད་ལེགས་པར་སྡོམ་པར་བྱེད་པའོ། །
3078	stanza-break	0		ད་ལྟར་བྱུང་དང་མ་འོངས་པ། །འདས་པའི་དུས་ན༌[^1313]ཡོད་པར་འགྱུར། །
3079	stanza-break	0		ད་ལྟར་བྱུང་དང་མ་འོངས་པ། །ཇི་ལྟར་དེ་ལ་ལྟོས་པར་འགྱུར། །
3080	root-quote	7		ནམ་ཡང་ཡོད་པ་མ་ཡིན་ནོ། །
3081	root-quote	7		ནམ་ཡང་ཡོད་པ་མ་ཡིན་ནོ། །
3082	root-quote	14		འབྲས་བུ་རྒྱུ་ཡི་འབྱུང་འཇིག་གི །རྒྱུན་དེ་སྲིད་པ་ཡིན་ཕྱིར་རོ། །
3083	root-quote	7		དེ་ཕྱིར་འཛིན་པ་ཡོད་མ་ཡིན། །
3084	stanza-break	0		དེ་ཕྱིར་སྟོང་ཉིད་གནོད་བྱེད་ལ། །ཀུན་འབྱུང་ཡོད་པ་མ་ཡིན་ནོ། །
3085	root-quote	19		མྱ་ངན་ལས་འདས་པ་བརྟག༌[^1734]པ་ཞེས་བྱ་བ་སྟེ་རབ་ཏུ་བྱེད་པ་ཉི་ཤུ་ལྔ་པའོ།། །།
3086	root-quote	7		མིང་དང་གཟུགས་དང་དྲན་བྱེད་ལ།
3087	root-quote	7		མ་བྱུང་བ་ལས་བྱུང་མིན་ཏེ།
3088	stanza-break	0		གལ་ཏེ་ལྷ་མི་གཞན་ཡིན་ནོ། །རྒྱུད༌[^1770]ནི་འཐད་པར་མི་འགྱུར་རོ། །
3089	root-quote	7		རྟག་པ་མ་ཡིན་མི་རྟག་མིན།
3090	root-quote	8		གཽ་ཏ་མ་དེ་ལ་ཕྱག་འཚལ་ལོ། །
3091	verse-demoted	14		ཡང་དག་མ་ཡིན་མཐོང་བ་འཆིང་། །ཡང་དག་མཐོང་བ་རྣམ་པར་གྲོལ། །
3092	verse-demoted	18		རེག་པ་མེད་ན་ཚོར་བ་ག་ལ་ཡོད། །ཚོར་བ་མེད་ན་སྲེད་པ་ག་ལ་ཡོད། །
3093	verse-demoted	14		རྣམ་ཤེས་སྒྱུ་མ་ལྟ་བུ་ཞེས། །ཉི་མའི་གཉེན་གྱིས་བཀའ་སྩལ་ཏོ། །
3094	verse-demoted	14		ཅི་སྟེ་འགག་པ་མེད་འགགས༌[^597]ན། །ཐམས་ཅད་དེ་བཞིན་འགག་པར་འགྱུར། །
3095	verse-demoted	14		ཀྱེ་མ་འདུ་བྱེད་མི་རྟག་སྟེ། །སྐྱེ་ཞིང་འཇིག་པའི་ཆོས་ཅན་ཡིན། །
3096	verse-demoted	15		མ་ཡིན་པར་གྱུར་པ་མི་བྱེད་དོ། །མི་མཐུན་པས་ཀྱང་མི་འཐད་དེ། །
3097	verse-demoted	14		དམ་ཆོས་རྣམ་པར་མི་ཤེས་པའི། །བྱིས་པ་ལ་ནི་འཁོར་བ་རིང་། །
3098	verse-demoted	14		ཇི་ལྟར་བུ་ལོན་དཔང་རྒྱ་ལྟར། །དེ་ལྟར་ལས་དང་ཆུད་མི་ཟ། །
3099	verse-demoted	14		མ་རིག་བསྒྲིབས་པའི་སེམས་ཅན་དག །སྲེད་པའི་ཀུན་ཏུ་སྦྱོར་དང་ལྡན། །
3100	verse-demoted	14		འདྲེ་ཡིས་བྱ་བ་གང་ཡིན་པ། །དེ་ནི་བྱིས་པ་དག་བྱེད་དོ། །
3101	verse-demoted	14		དེ་བཞིན་གཤེགས་པ༌[^1614]དངོས་ཉིད་གང་། །དེ་ནི་འགྲོ་འདིའི་ངོ་བོ་ཉིད། །
3102	verse-demoted	14		དེ་བཞིན་གཤེགས་པ་དངོས་ཉིད་མེད། །འགྲོ་འདི་ངོ་བོ་ཉིད་མེད་དོ། །
3103	unit-over-cap	521	STAGE2_REVIEW	འདི་ལྟ་སྟེ་ཉེ་བར་བླང་བ་གང་གིས་བདག་ཏུ་གདགས་པའི་ཉེ་བར་བླང་བ་དེ་ཉིད་དང་བཅས་པ་དེ་ནི་
SUMMARY	quote-balance	4	MISMATCH	open=4 close=17
