index	trigger	syllables	flag	preview
1	terminal-particle	48		༄༅༅། །རྒྱ་གར་སྐད་དུ། ཤྲཱི་ཧེ་བཛྲ་ཏནྟྲ་མ་ཧཱ་རཱ་ཛ་སྱ་པཉྩི་ཀཱ་ནེ་ཏྲ་བི་བྷཾ་ག་ནཱ་མ། 
2	terminal-particle	50		ས་མ་སརྦ༌[^1]ཨརྠ་སིདྡྷཿ། ན་མོ་གུ་རུ་པཱ་དཱ་ཡ། ཨེ་ཝཾ་མ་ཡཱ་ཤྲུ་ཏ་ཨེ་ཀ་སྨིན་ས་མ་ཡེ་བྷ
3	terminal-particle	14		འདི་ཡང་སྒྲའི་ཚུལ་དུ་བཤད་པ་དང་། དོན་གྱི་ཚུལ་དུ་བཤད་པའོ། །
4	terminal-particle	26		སྒྲའི་ཚུལ་ལ་ཡང་གསུམ་སྟེ། སྒྲའི་བྱེད་པའི་གནས་དང་སྦྱར་བ་དང་། ནུས་པའི་རྩལ་དང་མིང་ཁྱ
5	quote-open	45		བྱེད་པའི་དབང་དུ་བྱས་པ་ནི་སྒྲའི་གནས་དང་སྦྱར་ཏེ། དེ་ཡང་སྒྲ་པའི་ལུགས་ཀྱི་ཏི་ངན་ཏིའི
6	terminal-particle	74		འདིར་གང་གིས་ཐོས་ན་བདག་གིས་ཐོས་ཞེས་གསུམ་པ་སྦྱར། གང་གི་ཚེ་སྟེ་དུས་ནི་དང་པོའམ་ཏི་ངན
7	terminal-particle	57		ནུས་པའི་རྩལ་ནི་འདི་སྐད་ཀྱིས་འདི་སྐད་ནས༌[^4]འབྲུ་ལ་ཨའི་རྣམ་པའོ་ཞེས་པ་རྒྱུད་མགོ་ཞབ
8	terminal-particle	34		བདག་གིས་ཞེས་པ་ནི་བདག་གིས་མངོན༌[^6]སུམ་དུ་ཐོས་ཀྱི་རྒྱུད་ཀྱི་བརྒྱུད་པས༌[^7]མ་ཡིན་པ
9	line-end	29		ཐོས་པའི་གནས་སྐབས་ན་ཐོས་ཀྱིས་རྟོགས་པ་ནི་མ་ཡིན་ཏེ་རང་གི༌[^9]བྱས་པ་སྟོན་པ་ལ་ཁྱད་པར་
10	terminal-particle	19		སྡུད་པ་པོའི་གནས་སྐབས་ནི་དོན་དང་ཚིག་དང་བཅས་པར་བསྡུས་པས་ཁྱད་པར་དུ་འགྱུར་རོ། །
11	line-end	48		དུས་གཅིག་གིས་ནི་ཡོན་ཏན་གསུམ་འདྲེན་པར་བྱེད་དེ། དུས་གཅིག་ན་འདི་ཐོས་པ་གཞན་དག་ཀྱང་ཐོ
12	verse-stanza	18		ཤེས་བྱའི་སྒྲིབ་པ་སྤོང་བར་གཙོར་བྱེད་པས་སོ། །↵དེས་ནི་སྡུད་པ་པོ་ཆེ་བར་བསྟན་ཏོ། །
13	terminal-particle	25		ཡང་དུས་གཅིག་གིས་བསྟན་པ་དཀོན་པར་སྟོན་ཏོ།[^12] །དེའི་ཚེ་ཁོ་ན་གསུངས་ཀྱི་གཞན་གང་དུ་ཡ
14	terminal-particle	32		དུས་གཅིག་སྟོན་པ་ཆེ་བར་སྟོན་ཏེ།[^13] སྐད་གཅིག༌[^14]མ་ལ་ཐོས་པས་འཁོར་རྣམས་རྣམ་པར་ཐར
15	line-end	18		བྷ་ག་ཝཱན་གྱིས་ནི་ཡོན་ཏན་གཉིས་འདྲེན་ཏེ། བྷ་ག་རྣམ་པ་དྲུག་ཏུ་བརྗོད། །ཅེས་བྱ་བ།
16	verse-stanza	28		[^15] དཔལ་དང་གྲགས་དང་ཡེ་ཤེས་དང་། །↵དབང་ཕྱུག་དང་ནི་གཟུགས་བཟང་དང་། །↵བརྩོན་འགྲུས་ཕ
17	terminal-particle	10		ཅེས་པས་ཡེ་ཤེས་ཕུན་སུམ་ཚོགས་པར་བསྟན་ཏོ། །
18	terminal-particle	74		ཡང་ན་ཉོན་མོངས་ལ་སོགས་བདུན། །ཞེས་བྱ་སྟེ། བྷ་ག་ཝཱན་ནའི་སྒྲ་ལས་འཇོམས་པ་སྟེ། ཉོན་མོང
19	terminal-particle	24		སརྦ་ཏ་ཐཱ་ག་ཏ་ནི་ཏ་ཐཱའི་སྒྲས་དེ་ཁོ་ན་ཉིད་དུ་གཤེགས་པའམ་སོན་ཞེས་བྱ་སྟེ་ཆོས་སྐུར་གནས
20	terminal-particle	10		ག་ཏས་མི༌[^17]རྟོགས་པའམ་བྱོན་པ་སྟེ་སྐུ་གཉིས་སོ། །
21	line-end	3		དེ་ཡང་།
22	verse-stanza	13		[^18]དཔལ་ལྡན་དེ་བཞིན་ཉིད་གཤེགས་ཤིང་། །↵དེ་བཞིན་སླར༌[^19]ཡང་གཤེགས་པ་ཉིད། །
23	terminal-particle	37		ཅེས་གསུངས་ཏེ། སརྦ་སྟེ་རྣམ་པར་སྣང་མཛད་ལ་སོགས་པ་དེ་རྣམས་ཀྱི་སྐུ་གསུང་ཐུགས་བསྡུས་པ་
24	terminal-particle	44		བཙུན་མོ་ལ་བཞུགས༌[^20]པ་སྟེ། སྤྱན་ལ་སོགས་པ་དེ་རྣམས་འདུས་པ་བྷ་ག་རྣམས༌[^21]ཁྲོ་བ་དང
25	terminal-particle	11		བི་ཛ་ཧ་ར་སྟེ་གཞི༌[^22]མཐུན་པའི་འབྲུ་མང་པོ་པའོ། །
26	line-end	18		ཧ་ར་ནི་འཕྲོག་པ་སྟེ་གཙོ་བོའི་ཡོན་ཏན༌[^23]གྱིས་འཁོར་གྱི་ཐེ་ཚོམ་སྟོན་པས་འཕྲོག་པའོ། 
27	terminal-particle	60		བཞུགས་ཞེས་པས་ཡང་རྒྱལ་པོ་ཕོ་བྲང་ན་བཞུགས་པས་འཁོར་འདྲེན་ཏེ། རྒྱལ་པོ་གཅིག་ཏུ་བཞུགས་པ
28	line-end	48		མིང་ཁྱད་པར་ཅན་དུ་བཏགས་པ་ནི་འདི་སྐད་ལ་ཨེ་སིན་ནམ་ཨི་དཾ་ཞེས་མི་ཟེར་བར་ཨེ་ཝཾ་ཞེས་བཏག
29	verse-stanza	25		བ་ནི་བ་སྨྲ་བ༌[^26]རྣམས་ཀྱི་རྒྱུ། །↵འགྲོ་བའི་རྒྱུ་ནི་དབང་ཕྱུག་སྟེ། །↵དབང་ཕྱུག་གིས
30	line-end	53		ཅེས་ཟེར་བ་དེ་ལྟ་བུ་དགག་པའི་ཆེད་དུ་སྟེ། །ཨེ་ཝཾ་ནི་ཆོས་ཐམས་ཅད་ཀྱི་ཕ་དང་མ༌[^27]ལྟ་བ
31	verse-stanza	19		བི་ན་ཕ་ཞེས་བྱ་བར་གྲགས། །↵ཐིག་ལེ་དེ་ནི་སྦྱོར་བ་སྟེ། །↵སྦྱོར་ཏེ་དེ་ནི་རྨད་བྱུང་བའོ
32	line-end	4		ཞེས་པ་དང་།
33	verse-stanza	25		ཨེ་ནི་ཤེས་རབ་ཉིད་འགྱུར་ལ། །↵ཝཾ་ནི་རབ་དགའི་བདག་པོའོ། །↵འགྲོ་བ་གང་ཞིག་ཡི་གེ་གཉིས། 
34	verse-stanza	25		དེས་ན་སངས་རྒྱས་ཆོས་རྣམས་ལས། །↵ཕྱི་རོལ་སྦྱོར་སྤངས་ཐུབ་པ་བཞིན། །↵ཨེ་ཝཾ་ཡིག་གཉིས་སྒ
35	verse-stanza	12		དམ་ཆོས༌[^29]བསྟན་པའི་ཐོག་མར་ནི། །↵ཨེ་ཝཾ་དེ་ཕྱིར་རབ་ཏུ་བཤད། །
36	terminal-particle	3		ཅེས་གསུངས་སོ། །
37	line-end	46		བདག་གིས་ལ་ཨཱཏྨའི་ཟེར་བ་ནི་མུ་སྟེགས་བདག་ཏུ་འདོད་པ་ཡང་གང་ཟག་བདག་ཏུ་འདོད་པ་སྟེ། གྲང
38	verse-stanza	25		འདི་ཙམ་ཉི་ཤུ་ལྔ་ཤེས་ན། །↵རལ་པའམ་སྤྱི་བོ་གཙུག་ཕུད་ཀྱི། །↵བསྟི་གནས་གང་དུ་འགྲོ་བ་དེ
39	line-end	70		ཅེས་ཟེར་བ་དེ་བཟློག་པའི་ཕྱིར། མ༌[^30]ཡཱ་ནི་སྒྱུ་མའི་བདག་ཉིད་དུ་ཤེས་པར་བྱ་སྟེ། བདག
40	verse-stanza	13		ཉེས་པ་རྣམས་དང་འབྲེལ་བའི་ཕྱིར། །↵སྐྱེས་བུ་མ་བྱས་བདེན་དོན་ཅན། །
41	terminal-particle	38		ཞེས་སྒྲ་རྟག་པར་འདོད་པ་དེ་སྤོང་སྟེ། ཤྲུ་ཏ་རྒྱུ་བས་མ་ཤྲུ་ཏ་རིག་པ་ཤེས་པས་སྒྲ་རྟག་པ་
42	line-end	25		དུས་གཅིག་ན་ཨེ་ཀ་ཀཱ་ལ་མི་ཟེར་པར༌[^32]ས་མ་ཡ་ཟེར་བ་ནི་དུས་ཡོན་ཏན་དུ་འདོད་པ་ཡོད་དེ། 
43	verse-stanza	13		སྐྱེ་དགུ་འདི་དག་དུས་ཀྱིས་བསྡུས། །↵དངོས་པོ་འདི་དག་དུས་ཀྱིས་བྱེད། །
44	terminal-particle	44		ཅེས་ཟེར་ཏེ། རིགས་པ་ཅན་ལ་སོགས་པ་འདོད་པ་བཟློག་པ༌[^33]སྟེ། ས་མ་ཡ་ནི་དམ་ཚིག་དེ་དུས་ད
45	line-end	5		དེ་སྐད་དུ་ཡང་།
46	verse-stanza	19		དུས་ནི་རྣམ་པ་གསུམ་ཡིན་ཏེ། །↵བདེ་བའི་དུས་དང་ངན་པའི་དུས། །↵བསམ་གྱིས་མི་ཁྱབ་དུས་ཡིན
47	quote-close	3		ཞེས་གསུངས་སོ། །
48	line-end	61		བི་ཛ་ཧ་རཾ་ལ་སྟ་ནའམ་སྟི་སྟི་བེ་སེ་པ་མི་ཟེར་བ་ནི་ཐེར་ཟུག་པའི་རྟག་པ་སྤོང་སྟེ། གྲངས་
49	verse-stanza	16		བི་ཛི༌[^34]ཡང་ཡོན་ཏན་དང་འཇོམས་པར་བཞུགས་པའོ། །↵དོན་བཞིན་དུ་བཤད་པ་ནི་གཉིས་ཏེ། །
50	terminal-particle	18		བཤད་ཚུལ་སོ་སོར་སྦྱོར་བ་དང་བརྟག་པ་ཕྱི་མའི་ཚུལ་གྱིས་མདོར་བསྡུས་ཏེ་བསྟན་པའོ། །
51	terminal-particle	11		བཤད་ཚུལ་སྦྱར་བ་ནི་བསྐྱེད་རིམ་དང་རྫོགས་རིམ་མོ། །
52	terminal-particle	19		བསྐྱེད་རིམ་དམིགས་པར་བྱ་བའི་ཡུལ་གླེང་གཞི་བསྟན་པ་དང་། ཉམས་སུ་ལེན་པའི་ཐབས་བསྟན་པའོ།
53	line-end	22		གླེང་གཞི་ནི་འདི་སྐད་བདག་གིས་ཐོས་པ་ཞེས་བྱ་བས་ནི་སྡུད་པ་པོ་ཕུན་སུམ་ཚོགས་པ་སྟོན་ཏོ།
54	terminal-particle	18		སྔར་བསྟན་པའི་ཡོན་ཏན་དང་ལྡན་པའི་ས་བཅུའི་བྱང་ཆུབ་སེམས་དཔའ་རྡོ་རྗེ་སྙིང་པོའོ། །
55	terminal-particle	37		དུས་གཅིག་ནི༌[^36]ཕུན་སུམ་ཚོགས་པ་སྟེ། སྟོན་པ་གནས་དང་འཁོར་ལ་སོགས།[^37] །འདུས་པ་དུས
56	line-end	34		སྟོན་པ་ནི་བྷ་ག་ཝཱན་ཏེ་གོང་མ་ལྟར་སྤངས་པ་དང་། ཡེ་ཤེས་ཏེ་དེ་དང་ལྡན་པའི་རྒྱུའི་རྡོ་ར
57	verse-stanza	25		ཞལ་བརྒྱད་ཕྱག་ནི་བཅུ་དྲུག་སྟེ། །↵དཔའ་བོ་ཐོད་པའི་ཕྲེང་བ་ཅན། །↵ཕྱག་རྒྱ་ལྔ་ནི་འཛིན་ལ
58	terminal-particle	15		གསུངས་པས་དེའི་དགོངས་པ་ཡང་རྒྱུའི་རྡོ་རྗེ་འཆང་འཆད་པ་པོར་འདོད་དོ། །
59	terminal-particle	32		གནས་ཕུན་སུམ་ཚོགས་པ་ནི་སརྦ་ཏ་ཐཱ་ག་ཏ་ནས་བྷ་ག་ག་ལའི་བར་ཏེ་ཁྲོ་བ་དང་ཆགས་པས་འདུལ་བ་ལ་
60	terminal-particle	72		འཁོར་ཕུན་སུམ་ཚོགས་པ་ནི་རྣལ་འབྱོར་གྱི་དབང་ཕྱུག་བྱེ་བྲག་བརྒྱད་ཅུ་སྟེ། རིགས་ལྔ་དང་བ
61	terminal-particle	92		དེ་ལྟ་བུར་བདག་གིས་ཐོབ་པར་བྱ་སྙམ་དུ་འདོད་པར་བྱ་ཞེས་བསྐྱེད་རིམ་གྱིས་དམིགས་པར་བྱས་ལ
62	terminal-particle	35		ནང་གི་ཁྲུས་བདུད་རྩིའི་བྱུག་པ་ལ་སོགས་པ་བྱ་བའོ།[^41] །དེ་ནས་ནང་དུ་མཎྜལ་དང་མཆོད་པ་བ
63	terminal-particle	21		དེ་ནས་མཆོད་པ་བྱིན་གྱིས་བརླབ་སྟེ། རང་རང་གི་ཕྱག་རྒྱ་དང་སྔགས་ཀྱི་རྫས་སུ་བྱིན་གྱིས་བ
64	terminal-particle	43		དེ་ནས་བསོད་ནམས་ཀྱི་ཚོགས་དང་ཡེ་ཤེས་ཀྱི་ཚོགས་བསགས་ལ། རེ་ཕ༌[^45]སྔོན་དུ་ཞེས་པས་ར་བ་
65	line-end	20		ཝཾ་གཞལ་ཡས་ཁང་འབྱུང་བས༌[^46]ཆུ་མེ་རླུང་རྣམས་ཞུ་བ་ལས་བྱུང་བ་དེ་ཡང་འོག་ནས་འཆད་དོ། །
66	line-end	19		ཟེའུ་འབྲུ་དང་བཅས་པར་ཐིག་ལེ་བྱང་ཆུབ་སེམས་ལས་མ༌[^47]ཡཱ་དཀྱིལ་འཁོར་གྱི་བདག་པོ་བསྒོམ
67	verse-stanza	27		དེ་ཡང་ཟླ་བ་མེ་ལོང་ཡེ་ཤེས་ལྡན། །↵བདུན་གྱི་བདུན་པ་མཉམ་པ་ཉིད། །↵རང་ལྷའི་ས་བོན་ཕྱག་མ
68	verse-stanza	12		དེ་རྣམས་གཅིག་གྱུར་བྱ་ནན་ཏན། །↵རྫོགས་པ་ཆོས་དབྱིངས་དག་པའོ། །
69	terminal-particle	16		ཞེས་བྱ་བས་མངོན་པར་བྱང་ཆུབ་པ་ལྔས་རྒྱུའི་རྡོ་རྗེ་འཆང་དུ་སྤྲུལ་ལོ། །
70	terminal-particle	31		ཤྲུ་ཏ་ནི་རིག་མ་དང་བཅས་པ་བཞུགས་པ༌[^48]ལས་བྱུང་བ་དེ་ཡང་། བར་དོར་བཞུགས༌[^49]ནས་བསྲུ
71	terminal-particle	14		དུས་གཅིག་ནི་ཞུ་བ་དང་ལྡན་པའི་རིག་མ་དང་དུས་གཅིག་པའོ། །
72	terminal-particle	31		བཅོམ་ལྡན་འདས་ནི་གླུའི་ངོར་འབྲས་བུ་ཧེ་རུ་ཀར༌[^50]ལངས་ཏེ། ཐིག་ལེ་བཞི་ཆད་ནས་རྐྱེན་ག
73	terminal-particle	35		དེ་བཞིན་གཤེགས་པ་ཐམས་ཅད་ནི་ཉན་པའི་འཁོར་རྫོགས་པ་སྟེ། རང་བཞིན་སངས་རྒྱས་རྣམ་པ་རྡོ་རྗ
74	terminal-particle	26		དེ་ནས་ཉམས་དགའ་བའི་གྲོང་ཁྱེར་ཡིན་པས་བྷ་ག་སྟེ། ཉོན་མོངས་པ་རྣམ་པར་འཇོམས་པ་དག་པའི་ཡེ
75	terminal-particle	33		བཞུགས་སོ་ཞེས་བྱ་བས་ནི་སེམས་དཔའ་སུམ་བརྩེགས་དང་ཡེ་ཤེས་ཀྱི་འཁོར་ལོ་དགུག་པ་དང་། སྐྱེ
76	terminal-particle	32		སྐུ་གསུང་ཐུགས་བྱིན་གྱིས་བརླབ་པ་དང་དབང་བསྐུར་བ་དང་། མཆོད་པ་དང་བསྟོད་པ་དང་བདུད་རྩི
77	line-end	29		དག་པ་རྗེས་སུ་དྲན་པ་དང་སྔགས་བཟླས་པ་དང་གཏོར་མ་དང་ཡེ་ཤེས་པ་གཤེགས་པ་དང་དམ་ཚིག་པ་བསྡུ
78	terminal-particle	33		དོ་ལ་མཉམ་གཞག་དང་རྗེས་ཐོབ་ཀྱི་རྟགས་འབྱུང་སྟེ། ཐུན་བཞིའི་རིམ་པར་ཞག༌[^54]གཉིས་དང་དེ
79	ordinal-open	31		དང་པོ་ནི་ཨེ་སྟེ་ཆོས་ཐམས་ཅད་སྟོང་པ་ཉིད་དང་བ༌[^55]སྟེ་ཐབས་སྣང་བ་དང་། ང་སྟེ་དབྱེར་མ
80	terminal-particle	19		ཤྲུ་ཏ་སྟེ་བདེ་བ་གོང་ནས་གོང་དུ་འཕེལ་བའམ་ཡང་གསལ་རིག་གི་ཆ་མ་འགགས་པའོ། །
81	terminal-particle	46		དུས་ནི་དེ་ཉིད་སྣང་བ་དང་སྟོང་པ་དབྱེར་མེད་པའི་སྒོམ་པ་སྟེ། དེ་ཡང་ཕ་རོལ༌[^56]ཕྱིན་པ་
82	terminal-particle	16		བཅོམ་ལྡན་འདས་ནི་དེས་མི་མཐུན་པ་འཇོམས་པ་དང་ཡེ་ཤེས་དང་ལྡན་པའོ། །
83	line-end	16		དེ་བཞིན་གཤེགས་པ་ཐམས་ཅད༌[^58]ནི་ཕུང་པོ་དང་ཁམས་དང་སྐྱེ་མཆེད་ལ་སོགས་པའོ། །
84	verse-stanza	21		སྐུ་གསུང་ཐུགས་ནི་རྣམ་པར་ཐར་པའི་སྒོ་གསུམ་མོ། །↵ཧྲྀ་ད་ཡ་ནི་སྙིང་པོ་སྟེ་བསྡུས་པའམ་ད
85	line-end	43		བཙུན་མོ་ནི་ཡུམ་ཤེས་རབ་ཀྱི་ཕ་རོལ་ཏུ་ཕྱིན་པ་སྟེ་ཡོན་ཏན་བསྐྱེད་པའོ་ཞེས༌[^59]བཞུགས་ས
86	verse-stanza	13		[^60]ཏིལ་ལ་ཏིལ་མར་ཇི་བཞིན་དུ། །↵བུ་རམ་ཤིང་ལ་བུ་རམ་བཞིན། །
87	quote-close	2		ཞེས་པའོ། །
88	terminal-particle	18		རྟེན་དང་པོ་ནང་ནས་འཇུག་པ་ནི་ཨེ་སྟེ་ཤེས་རབ་ལྷ་མོ་བླ་ན་མེད་པའོ། །
89	terminal-particle	15		བ་ནི་དེ་བརྟེན་པའི་ཐབས་ཏེ་ཡིད་འབྲིད་པའི་དུས་སུ་ཐབས་དུ་མའོ། །
90	terminal-particle	48		ང་ནི་དབང་པོ་རང་སྣང་སྟེ་རབ་འབྲིང་ཐ་མ་གསུམ་སྟེ་གསེར་འགྱུར་གྱི་ཚུལ་དང་བྱ་རོག་ལྡིང༌[
91	line-end	7		མ༌[^63]ཡཱ་ནི་སྤྱོད་ལམ་དང་བསྲེ་སྟེ།
92	verse-stanza	15		ཟ་བ་དང་འགྲོ་ཉལ་དུ་ཡང་སྐྱེའོ། །↵ཤྲུ་ཏ་ནི་དོན་དམ་ལྷན་སྐྱེས་སོ། །
93	terminal-particle	11		དུས་གཅིག་ནི་ཀུན་རྫོབ་ལྷན༌[^64]སྐྱེས་པ་དང་དུས་གཅིག་གོ། །
94	terminal-particle	14		ལྷན་ཅིག་སྐྱེས་པ་དེ་ཉིད་བཅོམ་ལྡན་འདས་ཏེ་སྔ་མ་བཞིན་ནོ། །
95	terminal-particle	17		གནས་གང་ན་བཞུགས་ཤེ་ན། དེ་བཞིན་གཤེགས་པ་ཐམས་ཅད་དེ་སེམས་ཅན་ཐམས་ཅད་དོ། །
96	terminal-particle	38		སྐུ་གསུང་ཐུགས་ཀྱི་ལུས་ངག་ཡིད་གསུམ་སྟེ། དེ་ཁོ་ན་རྡོ་རྗེ་བཙུན་མོ་སྟེ། ཤེས་རབ་ལྷ་མོ
97	terminal-particle	18		དེ་ནི་ཟག་པ་མེད་པའི་བརྟེན་པ་ཡིན་གྱི་ཟག་བཅས་ཀྱི་ཚུལ་ནི་མ་ཡིན་ནོ། །
98	terminal-particle	14		དེའི་ཕྱིར་དབང་རྟེན་མི་གནས་ཏེ། ཞིབ༌[^65]ཀྱང་དབང་པོ་འཇིག་པ་མ་ཡིན་ནོ། །
99	line-end	17		གཉུག་མའི་དབང་པོ་ཡོད་པར་ཅིས་ཤེས་ཤེ་ན། དེ་ལུང་དང་རིགས་པས་ཤེས་ཏེ། ལུང་ནི།
100	verse-stanza	13		ལྟེ་བར་ཕྱག་རྒྱ་ཆེན་པོ་གནས། །↵དང་པོ་དབྱངས་ཡིག་རང་བཞིན་ཏེ། །
101	line-end	5		ཞེས་བྱ་བ་དང་།
102	verse-stanza	13		ཕྱག་རྒྱ་ཆེན་པོ་དབང་བསྐུར་བ། །↵དེ་ནི་འདི་ཡི་བྱིན་རླབས་ཡིན། །
103	terminal-particle	9		ཞེས་གསུངས་པ། དེའི་རྟེན་ཡང་ལུང་དེས་བསྒྲུབ་བོ། །
104	line-end	26		ཕྱག་རྒྱ་ཆེན་པོ་ཉིད་དབང་རབ་དང་རབ༌[^66]ལས་བྱུང་བ་བསྒོམ་པ་རབ་དང་རབ་ཀྱིས་དང་མན་ངག་རབ
105	terminal-particle	41		དེ་ལ་དབང་རྟེན་ཡོད་པར་ཡང་ཡེ་ཤེས་ཡོད་པས་དེའི་རྟེན་ཡོད་དེ། །དཔེར་ན་མིག་གི་རྣམ་པར་ཤེ
106	line-end	10		དེ་ལ་གོམས་པ་ལས་རྟགས་གཞན་ཡང་གསུམ་སྟེ།
107	verse-stanza	25		མི་འགྱུར་བ་ནི་ལྟ་བའི་རྟགས། །↵དངོས་པོ་ཀུན་ལ་ཆགས་མེད་དྲོད། །↵སྒོམ་པའི་རྟགས་སུ་ཤེས་
108	terminal-particle	26		སྤྱོད་པའི་རྟགས་སུ་ཤེས་པར་བྱ། །ཡང་སྔ་མའི་གསུམ་པོ་སེམས་ཟིན་པ་དང་དེ་ཁོ་ན་ལ་འཇུག་པ་ད
109	terminal-particle	14		དེ་ཁོ་ན༌[^67]ལ་ཡང་རྟགས་ལྔ་མཐོང་བའི་ལམ་དང་མཚུངས་པ་ཡིན་ནོ། །
110	terminal-particle	22		དེ་རྣམས་གསུམ་པ་རྟགས་དང་སྦྱར་ནས་སྤྱོད་པ་གསུམ་རིམ་གྱིས་བྱེད་པའམ་ཡང་ན་ཐོད་རྒལ་དུ་ཡང
111	terminal-particle	24		གསུམ་པོས་ཀྱང་ལམ་མཇལ་བྱུང་བ༌[^68]མ་ཡིན་ཏེ། གཉིས་ཀྱིས་ནི་ཕྱག་རྒྱ་ཆེན་པོར་བརྒྱུད་དག
112	line-end	10		གཉིས་ནི་གང་ཟག་གི་རིམ་པས་བཤད་དེ། ཡང་།
113	verse-stanza	12		ལས་ཀྱི་ཕྱག་རྒྱ་འཕྲོ༌[^69]རྒྱུ་ཅན། །↵དེ་ཡང་རིང་དུ་སྤང་བྱ་སྟེ། །
114	line-end	17		རང་ལུས་ཐབས་དང་ལྡན་པར་བསྒོམ་པར་བྱ་བ་དང་། དེ་ལ་སོགས་པ་དང་།
115	verse-stanza	18		རང་བཞིན༌[^70]དོན་ནི་རབ་བསྒྲུབ་ཕྱིར། །↵འཁོར་བར་ཐབས་གཞན་ཡོད་མ་ཡིན། །↵ཞེས་པ་དང་མང་ད
116	terminal-particle	16		དེ་ཡང་རིམ་པར་འགྲོ་བའམ་ཡང་ན་རེ་རེ་ནས་བརྒྱུད་པ་ཡང་སྲིད་དོ། །
117	terminal-particle	58		དེ་ལ་བརྟག་པ་ཕྱི་མའི་ཚུལ་གྱིས་དོན་བསྡུ་བ་ནི་འདི་ལྟར་སྣང་བ་ཐམས་ཅད་ལྷན་སྐྱེས་བདེ་བ་
118	terminal-particle	20		གང་གིས་སྡོམ་ཞེ་ན། མ༌[^72]ཡཱ་སྟེ་དབང་གི་བདག་ཉིད་དང་ནི་ཤེས་རབ་དང་ཐབས་དབང་རྣམས་ཀྱིས
119	terminal-particle	23		ཤྲུ་ཏ་སྟེ་དགོངས་པའི་སྐད་དུ་ཐོས་པ་དེའི་དབང་གིས་དུས་ལ་སོགས་པའི་སྐབས་ངག་བརྡ་དང་ལུས་
120	terminal-particle	31		ཨེ་ཀ་སྨིན༌[^73]ས་མ་ཡ་སྟེ་དགའ་བ་རྣམས་དང་སྐད་ཅིག་གི་དུས་སུ་གཅིག་པ་སྟེ། ཤེས་པ་སྐྱེས
121	terminal-particle	11		ཡང་བཟའ་བ་སྟོན་མོའི་དུས་སུ་དམ་ཚིག་གཅིག་པའོ། །
122	line-end	45		དེ་དག་གིས་ཀྱང་བརྗོད་བྱའི་ཆོས་ཐམས་ཅད་དང་རྗོད་བྱེད་ཀྱི་ཆོས་ཀྱི་ཕུང་པོ་བརྒྱད་ཁྲི་བཞ
123	verse-stanza	25		གཉིས་པ་དུ་བ་ལྟ་བུ་སྟེ། །↵གསུམ་པ་སྲིན་བུ་མེ་ཁྱེར་འདྲ། །↵བཞི་པ་མར་མེ་ལྟ་བུ་སྟེ། །↵
124	terminal-particle	6		སྤྲིན་མེད་ནམ་མཁའ་ལྟ་བུའོ། །
125	line-end	26		གཟུང་བ་དང་བྲལ་བ་དང་། འཛིན་པ་དང་བྲལ་བ་དང་། གཉིས་ག་དང་བྲལ་བ་དང་། ཡེ་ཤེས་རང་རིག་འཆར
126	verse-stanza	24		ཆོས་ཉིད་མཐོང་བ་ལྔ་བའོ། །↵རྗེས་ཐོབ་སྒྱུ་མའི༌[^74]རྨི་ལམ་སོགས། །↵སྒྱུ་མའི་དཔེ་བརྒྱ
127	terminal-particle	19		དེ་ནས་འབྲས་བུ་གོ་འཕང་གནས། །ཞེས་བྱ་སྟེ། གང་ཟག་སྤྲོས་པ་ལ་དགའ་བས་ལམ་དེ་བསྒོམ་མོ། །
128	line-end	57		དེ་ཉིད་རྫོགས་པའི་རིམ་པར་བསྒོམ་པ་ནི་གསུམ་སྟེ། གང་ཟག་དབང་པོ་དམན་པ་ཆགས་པ་ཤས་ཆེ་བས་ག
129	line-end	83		དེ་ལ་དབང༌[^75]བསྐྱེད་པའི་རིམ་པ་ཉུང་ལྡན་ཏེ་སྔར་མཎྜལ་དང་མཆོད་པ་ཅུང་ཟད་ཙམ་ལ་བརྟེན་པ
130	verse-stanza	13		གང་གི་སྲིན་ལག་རྩ་བ་ན། །↵རྡོ་རྗེ་རྩེ་དགུ་པར་གྱུར་པ། །
131	line-end	10		ཞེས་བྱ་བ་ལ་སོགས་པས་བརྟགས་ཤིང་བཙལ་ལ།
132	verse-stanza	12		དགེ་བ་བཅུ་ནས་བརྩམས་ནས་ནི། །↵དེ་ནི༌[^78]ཆོས་ནི་རབ་ཏུ་དབྱེ། །
133	terminal-particle	53		དབང་བསྐུར་སྙིང་རྗེར་ལྡན་པ་དེ་དང་ལྷན་ཅིག་བསྒོམས་ཏེ། དེ་ཡང་ལྷར་མོས་པ་ལ་སོགས་པ་བསྒོ
134	terminal-particle	14		དེ་ཉིད་སྟོན་པའི་བདག་ཉིད་མ༌[^79]ཡཱ་སྟེ་ཕྱག་རྒྱའི་བདག་པོ་བསྒོམ་མོ། །
135	terminal-particle	20		ཤྲུ་ཏ་ནི་འཛག་ཅིང་རྒྱུ་བ་སྟེ་སེམས་དབབ་པ་དང་གཟུང་བ་དང་བཟློག་པ་ལ་སོགས་པའོ། །
136	line-end	14		དུས་གཅིག་ནི་ལྷན་ཅིག་སྐྱེས་པའི་དགའ་བའི་དུས་སུ་གཅིག་པ་སྟེ།
137	verse-stanza	30		དགའ་བ་གསུམ་གྱི་རིམ་གྱིས་བསྐྱེད་ནས་བསྒོམ་པའོ། །↵བཅོམ་ལྡན་འདས་དེ་ཐིག་ལེ་དེ་སྟོན་པར
138	line-end	84		དེ་བཞིན་གཤེགས་པ་ནས་བྷ་ག་རྣམས་ལ་ཡིས་ནི་ཨེ་ཝཾ་དེ་གནས་སུ་བསྟན་པའི་ཕྱིར་ཡོན་ཏན་གྱི་ཁ
139	verse-stanza	19		གཉིས་འདས་ནས་ནི་གཉིས་གནས་པ། །↵རྒྱུ་ལ་འབྲས་བུས་རྒྱས་གདབ་པའམ། །↵འབྲས་བུ་ལ་ཡང་རྒྱུས་
140	terminal-particle	12		ཅེས་བྱ་བས་གནས་པའམ། ལུས་ཀྱི༌[^81]བཛྲ་ཨངྒ་ལ་སོགས་པས་བཞུགས་པའོ། །
141	terminal-particle	40		དེ་ཡང་ཐུན་དང་པོ་ཆུང་ངུ་རུ་བསྒོམ་ཞིང་དེ་ནས་ཇེ་ཆེ་ཇེ་ཆེར་བསྲིང༌[^82]ཞིང་བསྒོམས་པས་
142	line-end	104		དེ་ཁོ་ན་ཉིད་ལ་འཇུག་པའི་རྟགས་ནི་སྔ་མའི་རྣམ་པ་ལྔ་པོ་འབྱུང་ངོ་། །དངོས་གྲུབ་འགྲུབ་པའ
143	terminal-particle	11		མ༌[^85]ཡཱ་ནི་བདག་ཉིད་དེ་རང་གི་ལུས་སུ་བསྒོམ་པའོ། །
144	terminal-particle	32		དུས་གཅིག་ནི་ཡང་ལྷན་ཅིག་སྐྱེས་པའི་དགའ་བ་སྟེ། དམ་ཚིག་གི་དགའ་བ་བཞི་ལུགས་འབྱུང་དང་ལུ
145	terminal-particle	59		བཅོམ་ལྡན་འདས་ནི་རང་ལུས་སུ་བསྒོམ་པ་དེས་མི་མཐུན་པ་འཇོམས་པ་དང་ཡེ་ཤེས་དང་ལྡན་ཏེ་རང་ར
146	line-end	11		དེ་བཞིན་གཤེགས་པ་རྣམས་ཐམས་ཅད་ནི་ཕུང་པོ་ལྔའོ། །
147	verse-stanza	13		སྐུ་གསུང་ཐུགས་ནི་སྒོ་གསུམ་མོ། །↵བཙུན་མོ་ནི་འབྱུང་བ་དག་པའོ། །
148	terminal-particle	26		བྷ་ག་རྣམས་ལ་ཡིད་ནི་ཆོས་ཀུན་རང་གི་ལུས་སུ་བསྒོམས་པས་མི་མཐུན་པ་འཇོམས་པ་དང་ཡེ་ཤེས་དང
149	terminal-particle	14		བཞུགས་སོ་ཞེས་པ་ནི་ལུས་གདོད་མ་ནས་རང་ཉིད་ཀྱིས་དག་པའོ། །
150	terminal-particle	12		དེ་ལ་ཡང་རྟགས་གསུམ་སྔ་མ་དང་འདྲ་བར་སྦྱར་རོ། །
151	line-end	89		དབྱེར་མེད་ཕྱག་རྒྱ་ཆེན་པོ་ནི། ། སྔར་བཞིན་དུ་ཡང་སྒྲུབ་པ་པོས་གནས་ཕུན་སུམ་ཚོགས་པར་བྱ
152	terminal-particle	16		དེ་ལྟར་སྒོམ་པ༌[^90]སྤྱོད་པ༌[^91]པོ་ལ་འཛུམ་པ་མཛད་ཅིང་ཉི་ཚེར་གཟིགས་ནས་གསུངས་པའོ། །
153	terminal-particle	17		དེར་དེ་རྣམས་ཀྱི་ཕྱིར་དེ་ལ་དེ་ནས་ཏེ་གནས་དང་འཁོར་སྐབས་དེར་སྦྱར་རོ། །
154	terminal-particle	6		བཅོམ་ལྡན་འདས་སྔ་མ་དང༌[^92]འདྲའོ། །
155	terminal-particle	38		དེ་བཞིན་གཤེགས་པ་ཐམས་ཅད་ཀྱི་སྐུ་དང་གསུང་དང་ཐུགས་ཏེ་གསང་བར༌[^93]ཞེས་བྱ་བར་ཉོན་ཅིག 
156	terminal-particle	85		དེ་ནི་སྐུ་སྟེ་རྣམ་པར་སྣང་མཛད་སྐུའི་གསང་བ་བྱ་བའི་རྒྱུ༌[^94]དང་། གསུང་སྟེ་སྣང་བ་མཐ
157	terminal-particle	62		རྣམ་པར་སྣང་མཛད་ནི་རྣལ་འབྱོར་གྱི་སྟོན་པ་ཡིན། སྐུ་རྡོ་རྗེ་བྱ་བའི་རྒྱུད་དང་ཇི་ལྟར་འ
158	terminal-particle	20		ཡོ་ག་ཏིང་ངེ་འཛིན་གཙོ་བོར་སྟོན་པས་ཐུགས་མི་བསྐྱོད་པ་དང་ཐུགས་ཀྱི་གསང་བར་རིགས་སོ། །
159	terminal-particle	32		དེ་ནས་རྡོ་རྗེ་སྙིང་པོས་སྟན་ལས་ལངས་ཏེ། བླ་གོས་ཕྲག་པ་གཅིག་ཏུ་གཟར་ནས་པུས་མོ་གཡས་པའི
160	terminal-particle	54		གསང་བ་གསུམ་པོ་དེ་ཞུ་འཚལ། །ཞེས་པ་དང་། དེ་ནས་བཅོམ་ལྡན་འདས་ཀྱིས་བཀའ་སྩལ་པ། ཨེ་མ་ཧོ་
161	terminal-particle	43		སྡུད་པ་པོ་ནི་རྣལ་འབྱོར་གྱི་དབང་ཕྱུག་བྱེ་བ་ཕྲག་བརྒྱད་ཅུའི་ནང་ནས༌[^99]རྡོ་རྗེ་སྙིང
162	terminal-particle	11		བྱང་ཆུབ་སེམས་དཔའ་ནི་བདག་དོན་ཕུན་སུམ་ཚོགས་པའོ། །
163	terminal-particle	12		ཆེན་པོ་ནི་གཞན་དོན་ཕུན་སུམ་ཚོགས་པའི་སྒོ་ནས་སོ། །
164	terminal-particle	21		རྡོ་རྗེ་སྙིང་པོ་ནི་རང་རིག་སྟེ༌[^100]ཤེས་རབ་ཆེན་པོ་སྙིང་རྗེ་ཆེན་པོ་ནི་ཐབས་ཀྱི་སྒོ
165	terminal-particle	22		ལེགས་སོ་ལེགས་སོ་ཞེས་པ་ནི་རང་དོན་དུ་ཞུས་པ་དང་གཞན་དོན་དུ་ཞུས་པས་ལེགས་པ་གཉིས་སོ། །
166	terminal-particle	16		ད་ལྟར་གྱི་དུས་དང་མ་འོངས་པའི་སྒོ་ནས་ལེགས་པར་འགྱུར་བ་གཉིས་སོ། །
167	terminal-particle	18		རང་གི་ངོ་བོ་ལ་ཤེས་རབ་དང་ཐབས་གཉིས་ཀྱི་སྒོ་ནས་ལེགས་སོ་བ་གཉིས༌[^101]གསུངས་སོ། །
168	line-end	71		དེ་ལྟར་གནང་བ༌[^102]ལེགས་སོ་བ་བྱིན་ནས་སྐུ་རྡོ་རྗེ་ལ་སོགས་པ་རྡོ་རྗེ་སེམས་དཔའ་ལ་སོག
169	terminal-particle	59		དེ་ལ་ཤེས་བྱ་ནི་རྡོ་རྗེ་སེམས་དཔའ་སྟེ་སྟོང་པ་ཉིད་ཤེས་རབ་དང་། སེམས་དཔའ་ཆེན་པོ་ནི་ཐབ
170	terminal-particle	19		ལམ་ནི་རྡོ་རྗེ་སེམས་དཔའ་ཞེས་བྱ་བ་ནི་ལྟ་བ་སྟེ། སྟོང་པ་ཡུལ་དང་ཡུལ་ཅན་ནོ། །
171	terminal-particle	12		སེམས་དཔའ་ཆེན་པོ་ནི་སྒོམ་པ་སྟེ་བདེ་བ་ཆེན་པོའོ། །
172	terminal-particle	26		དམ་ཚིག་སེམས་དཔའ་ཞེས་བྱ་བ་ནི་སྤྱོད་པ་སྒོ་གསུམ་གྱི་ཚུལ་དང་སྙིང་པོ་ཞེས་བྱ་བ་ནི་འབྲས
173	terminal-particle	13		དེ་ནི་ཐུན་མོང་ལམ་མངོན་པར་རྟོགས་པའི་དབང་དུ་བྱས་པའོ། །
174	terminal-particle	51		ལམ་ཁྱད་པར་ནི་རྡོ་རྗེ་སེམས་དཔའ་ཞེས་པ་ནི་དགའ་བ་དང་སེམས་དཔའ་ཆེན་པོ་ཞེས་བྱ་བ་ནི་མཆོག
175	line-end	23		དེ་ཡང་ཡོད་པ༌[^103]དང་ཐོབ་པའི་ཁྱད་པར་གཞན་ལུས་ལ་སོགས་པ་སྐྱེ་ལུགས་བླ་མའི་མན་ངག་ལས་ཤ
176	verse-stanza	21		འབྲས་བུའི་རྡོ་རྗེ་སེམས་དཔའ་ནི་ཆོས་སྐུའོ། །↵སེམས་དཔའ་ཆེན་པོ་ནི་ལོངས་སྐུའོ། །↵དམ་ཚ
177	terminal-particle	14		སྙིང་པོ་དགྱེས་པའི་རྡོ་རྗེ་ནི་བདེ་བ་ཆེན་པོའི་སྐུ་བསྟན་པའོ། །
178	terminal-particle	13		རྣམ་གཞག་རྡོ་རྗེ་སེམས་དཔའ་ནི་ཧེ་རུ་ཀ་ཕྱག་གཉིས་པའོ། །
179	terminal-particle	17		སེམས་དཔའ་ཆེན་པོ་ནི་ཕྱག་བཞི་པ་དང་། དམ་ཚིག་སེམས་དཔའ་ནི་ཕྱག་དྲུག་པའོ། །
180	terminal-particle	11		སྙིང་པོ་དགྱེས་པའི་རྡོ་རྗེ་ནི་ཕྱག་བཅུ་དྲུག་པའོ། །
181	terminal-particle	12		དེའི་དོན་རྒྱས་པར་བཤད་པ་ནི་དྲིས་ལན་གྱིས་འཆད་པའོ། །
182	line-end	25		རྒྱས་པའི་ཚུལ་ནི་སྡུད་པ་པོས་མིང་གི་རྣམ་གྲངས་གཞན་དུ་བསྟན་པས་ཐེ་ཚོམ་དུ་གྱུར་ཏེ་ཡང་ད
183	verse-stanza	20		རྡོ་རྗེ་སྙིང་པོས་གསོལ་པ། །↵གང་གི་ཕྱིར་རྡོ་རྗེ་སེམས་དཔའ་ལགས།↵ཞེས་བྱ་བ་ལ་སོགས་པ་གས
184	line-end	2		དེའི་ལན།
185	verse-stanza	25		རྡོ་རྗེ་མི་ཕྱེད་ཅེས་བྱར་བརྗོད། །↵སེམས་དཔའ་སྲིད་པ་གསུམ་གཅིག་པ། །↵འདིས་ནི་ཤེས་རབ་ར
186	terminal-particle	14		ཞེས་བྱ་བ་ནི། [^104]སྟོང་པ་ཉིད་དུ་ཆོས་ཐམས་ཅད་དབྱེར་མི་ཕྱེད་པའོ། །
187	terminal-particle	17		སྲིད་པ་གསུམ་སྟེ་འདོད་ཁམས་གཟུགས་ཁམས་གཟུགས་མེད་པའི་ཁམས་གསུམ་སྟོང་པར་གཅིག་པའོ། །
188	line-end	19		དེ་ཤེས་རབ་ཀྱིས་གཞལ་བར་བྱས་པས་རིག་པ་དེ་ཉིད་རྡོ་རྗེ་དང་ཆོས་མཐུན་པ་སྟེ།
189	verse-stanza	13		སྲ་ཞིང་བརྟན་ལ་ཁོང་སྟོང་མེད། །↵སྟོང་ཉིད་རྡོ་རྗེ་ཞེས་སུ་བཤད། །
190	quote-close	2		ཅེས་པའོ། །
191	terminal-particle	13		ཡེ་ཤེས་ཆེན་པོ་རོས་གང་ལ་ཐབས་རྣམ་པ་སྣ་ཚོགས་པའོ། །
192	terminal-particle	25		རྟག་ཏུ་དམ་ཚིག་ལ་སྤྱོད་ཕྱིར་ནི་སྤྱོད་པས་ཕ་རོལ་ཏུ་ཕྱིན་པ་དྲུག་ལ་སོགས་པས་སེམས་ཅན་གྱ
193	terminal-particle	34		དེ་དག་གི་བཤད་ཚུལ་སྦྱར་བ་ཡང་བསྐྱེད་པའི་རིམ་པ་དང་རྫོགས་པའི་རིམ་པའི༌[^105]ཚུལ་ཏེ། ད
194	terminal-particle	20		རྡོ་རྗེ་མི་ཕྱེད་ཅེས་བྱ་བ་མངོན་པར་བྱང་ཆུབ་པ་ལྔ་པོས་མི་ཕྱེད་པའི་སྐུར་བསྐྱེད་པའོ། །
195	terminal-particle	51		སེམས་དཔའ་སྲིད་པ་ནི་ཕུང་པོ་ལྔ་ལ་སོགས་པའི་རྩ་བར་རྣམ་པར་ཤེས་པའི་ཕུང་པོ་དེའི་དེ་ཁོ་ན
196	terminal-particle	18		རྟག་ཏུ་དམ་ཚིག་ལ་སྤྱོད་ཕྱིར་ནི་གླུའི་ངོར་བྱས་ཏེ། །འབྲས་བུའི་ཧེ་རུ་ཀར་ལངས་པའོ། །
197	terminal-particle	10		ཡང་ཁ་བསྐང་བ་ཡང་སྔ་མ་ལྟར་སྦྱར་རོ། །
198	line-end	26		རྫོགས་པའི་རིམ་པ་ནི་གཞན་ལུས་ཤེས་རབ་ལ་བརྟེན་པ་དང་རང་ལུས་ཐབས་དང་ལྡན་པ་དང་། དབྱེར་མེ
199	terminal-particle	17		གཞན་ལུས་ཤེས་རབ་ལ་བརྟེན་པ་ཡང་རྡོ་རྗེ་མི་ཕྱེད་ནི་ཆོས་འབྱུང་སྟོང་པའོ། །
200	terminal-particle	20		སེམས་དཔའ་སྲིད་པ་ནི་ཨ་ཝ་དྷཱུ་ཏཱི་དང་ལྡན་པའི་བྱ་རོག་གི་གདོང་པ༌[^107]ཅན་གྱི་གནས་སོ།
201	terminal-particle	12		དེ་ནི་ཤེས་རབ་མའི་རིགས་པ་སྟེ། རྡོ་རྗེ་སེམས་དཔར༌[^108]བརྗོད་དོ། །
202	terminal-particle	40		ཡེ་ཤེས་ཆེན་པོ་རོས་གང་བ་ནི་ཐབས་ནོར་བུ་ནི་གཟུང་བའི་མན་ངག་གིས་བཀང་བ་སྟེ། དེ་ནས་ཐབས་
203	terminal-particle	20		རྟག་ཏུ་དམ་ཚིག་ལ་སྤྱོད་ཕྱིར། །ཞེས་བྱ་བ་ནི་རྟག་ཏུ་ནི་མི་འགྱུར་བ་སྟེ་ལྷན་ཅིག་པའོ། །
204	terminal-particle	6		ས་མ་ཡ་ནི་མཉམ་པའོ། །
205	line-end	21		ཡ་ཡོ་ག་སྟེ་དེར་སྦྱོར་བ་ནི་ལུས་མཉམ་པར་སྦྱོར་བ་སྟེ་རྡོ་རྗེ་སྐྱིལ་མོ་ཀྲུང་ངོ་། །
206	verse-stanza	17		རྟེན་མཉམ་པར་སྦྱོར་བ་ཐིག་ལེ་གཉིས་གནས་སོ། །↵དེས་གཞན་དོན་ཡོངས་སུ་རྫོགས་པས་ནི།
207	quote-close	8		དམ་ཚིག་སེམས་དཔར་བརྗོད་པར་བྱ། །ཞེས་པའོ། །
208	line-end	25		དེ་ལ་ཡང་ལུས་ཐབས་དང་ལྡན་པ་ལ་བརྟེན་པ་ཆགས་པ་འབྲིང་ནི་རྡོ་རྗེ་མི་ཕྱེད་ནི་ལྟེ་བའི་གནས
209	verse-stanza	13		སྲིད་པ་གསུམ་ནི་རྩ་གསུམ་མོ། །↵གཅིག་ནི་ཨ་ཝ་དྡྷཱུ་ཏཱིར་བསྡུའོ། །
210	terminal-particle	16		དེར་སྐྱེས་པའི་ཡེ་ཤེས་ནི་གཟུང་འཛིན་དང་བྲལ་བས་ཤེས་རབ་ཀྱི་རིགས་པའོ། །
211	quote-close	20		དེས་ན་སྟོང་པ་ཉིད་ཀྱི་ཡེ་ཤེས་དང་ལྡན་པས་རྡོ་རྗེ་སེམས་དཔའ་ཞེས་བྱར་བརྗོད་ཅེས་པའོ། །
212	terminal-particle	20		ཡེ་ཤེས་ཆེན་པོ་རོས་གང་བ་ནི་བདེ་བ་ཆེན་པོ་ལས་ལུས་ཀུན་དུ་ཞུ་ཞིང་གང་བའོ། །
213	quote-close	33		དེས་ཕུལ་དུ་གྱུར་པའི་ཡེ་ཤེས་མྱོང་བས་སེམས་ཡེ་ཤེས་ཆེན་པོར་གྱུར་པ་ཁྱད་པར་གྱི་རོ་དང་ལ
214	terminal-particle	29		རྟག་ཏུ་དམ་ཚིག་ལ་སྤྱོད་ཕྱིར་ནི་རྟག་ཏུ་སྟེ་སྟེང་འོག་རྒྱུན་མི་འཆད་པར་ས་མ་ཡ་སྟེ། །མཉ
215	line-end	4		ཡ་ཡོ་ག་སྟེ།
216	verse-stanza	22		ལུས་དང་སྦྱོར་བས་མི་འབྲལ་བས་ཚུལ་ལོ། །↵དེས་གཞན་དོན་ཇི་ལྟར་ཡང་འགྲུབ་པས།↵དམ་ཚིག་སེམས
217	quote-close	2		ཞེས་པའོ། །
218	line-end	18		དེ་ལ་ཕྱག་རྒྱ་ཆེན་པོ་ནི་ཆགས་པ་ཆུང་བ་གཉིས་སུ་མེད་པའི་ཡེ་ཤེས་ཏེ། །
219	verse-stanza	15		རྡོ་རྗེ་མི་ཕྱེད་ནི་སྟོང་པ་ཉིད་དོ། །↵སྲིད་པ་གསུམ་ནི་ཁམས་གསུམ་མོ། །
220	terminal-particle	13		གཅིག་པ་ནི་རང་རིག་འོད་གསལ་དང་སྟོང་པ་འོད་གསལ་ལོ། །
221	terminal-particle	15		ཡེ་ཤེས་ཆེན་པོ་རོས་གང་བ་ནི་ཐབས་སྣང་བ་མ༌[^109]བཀག་པར་བསྒོམ་པའོ། །
222	terminal-particle	24		རྟག་ཏུ་དམ་ཚིག་ལ་སྤྱོད་ནི་སྤྱོད་པ་རྒྱུན་མི་འཆད་པ་སྟེ། ཕ་རོལ་ཏུ་ཕྱིན་པ་དང་ཚད་མེད་པ
223	terminal-particle	25		ཆགས་ཅན་གྱི་ལྟ་བུ་ནི་རྡོ་རྗེ་མི་ཕྱེད་པ་ཤེས་རབ་ལྷ་མོ་བླ་ན་མེད་པ་སྟེ། སེམས་ཅན་ཀུན་ག
224	line-end	14		སྲིད་གསུམ་ལུས་དག་བསྡུས་པ་སྤྱི་བོ་དང་། རྐང་པར་བྱ་བ་སྟེ།
225	verse-stanza	12		སྤྱི་གཙུག་ནས་ནི་རྐང་པའི་མཐར། །↵སྡུད་པ༌[^110]གཅིག་ལ་ཡང་དག་བརྟེན། །
226	quote-close	3		ཞེས་གསུངས་སོ། །
227	terminal-particle	21		ཡེ་ཤེས་ཆེན་པོ་རོས་གང་སྟེ་དེར་བདེ་བ་ཆེན་པོ་དབྱེར་མེད་བསྒོམ་པ་སྟེ་ཡེ་ཤེས་རང༌[^111]
228	terminal-particle	10		གང་བ་ནི་དབང་པོ་རང་སྣང་བའི་ཚུལ་ལོ། །
229	terminal-particle	45		རྟག་ཏུ་དམ་ཚིག་ལ་སྤྱོད་ནི་སྤྱོད་ལམ་དང་བསྲེས་པ་སྟེ། རྟག་ཏུའམ་རྒྱུན་མི་འཆད་པར་རང་གི
230	terminal-particle	27		དེ་ལ་ཡང་ལྟ་བའི་རྟགས་མི་འགྱུར་བ་བསྒོམ་པའི་རྟགས་དངོས་པོ་ཀུན་ལ་ཆགས་མེད་དྲོད། སྤྱོད་
231	terminal-particle	21		དེ་ཡང་བསྡུས་པའི་ཚུལ་གྱིས་མིང་བཏགས་ན།[^113] རྡོ་རྗེ་སེམས་དཔའ་ནི་གསང་བའི་དོན་ཏེ་ཤེ
232	terminal-particle	20		སེམས་དཔའ་ཆེན་པོ་ནི་ཤིན་ཏུ་གསང་བའི་དོན་ཏེ་ཐབས་བདེ་བ་ཆེན་པོའི་ཡེ་ཤེས་བསྒོམ་པའོ། །
233	line-end	17		དམ་ཚིག་སེམས་དཔའ་ནི་ཆེས་གསང་བའི་དོན་ཏེ་དབྱེར་མེད་པར་རྟག་ཏུ་སྤྱོད་པའོ། །
234	terminal-particle	144		ཡང་ན་གསང་བ་ཤིན་ཏུ་གསང་བ་ཆེས་གསང་བ་ནི་སྔར་བཞིན་དུ་ཡང་སྦྱར། མིང་བསྡུས་པ༌[^114]ནི་ཇ
235	terminal-particle	35		སྟོན་པ་དོན་བསྡུས་པ་ནི་རྣམ་སྣང་ལ་སོགས་པ་སྐུ༌[^116]རྡོ་རྗེ་ལ་སོགས་པ་ནི་ཡེ་ཤེས་ལྔ་ལ
236	terminal-particle	32		བསྟན་པ་མིང་བསྡུས་པ་གསང་བ་གསུམ་ཀྲྀ་ཡ་ཡོ་ག་ལ་སོགས་པ་གསུམ་ཐ་དད་དུ་བཏགས་པ་དེ་གསང་བ་འ
237	terminal-particle	42		དོན་བསྡུས་པ་ནི་བྱ་བ་དང་སྤྱོད་པ་ལས་རྣམ་གྲངས་དུ་མ་བཤད་པ་ཡང་བྱང་ཆུབ་སེམས་ལས་མི་འདའ་
238	terminal-particle	18		དགྱེས་པའི་རྡོ་རྗེ་མིང་བསྡུས་པས་ནི་དོན་གྱི་སྟེ་སྟོན་པ་དང་། བསྟན་པ་བསྡུས་པའོ། །
239	terminal-particle	20		སྟོན་པ་མིང་བསྡུས་པ་ནི་སྐུ་རྡོ་རྗེ་ལ་སོགས་པ་བཛྲིའི་མིང་གོང༌[^119]མ་ལྟར་གྱུར་པས་བས
240	terminal-particle	20		དོན་བསྡུས་པ་ནི་ཡེ་ཤེས་རྣམས་སེམས་སུ་བསྡུས་ལ་དེ་ཡང་ལྷན་སྐྱེས་བདེ་ཆེན་དུ་འདུས་སོ། །
241	terminal-particle	39		འོ་ན་སྔ་མ་ལས་ཁྱད་པར་ཅི་ཡོད་ཅེ་ན། འདིར་ཁྲོ་བ་དང་ཆགས་པས་འདུལ་བའི་དོན་དུའམ། ཡང་ན་དེ
242	terminal-particle	8		སྔར་གྱི་ནི་དེ་ལྟར་མ་ཡིན་ནོ། །
243	terminal-particle	27		བསྟན་པ་མིང་བསྡུས་པ་ནི༌[^120]ལྷན་སྐྱེས་གཏན་ལ་ཕབ་པའམ་སེམས་དཔའ་གསུམ་ནི་ཧེ་དང་བཛྲ་དང
244	terminal-particle	14		སྔར་གྱི་སེམས་དཔའ་གསུམ་གྱི་ཡོན་ཏན་ཀུན་ལྡན་པར་ཤེས་པར་བྱའོ། །
245	terminal-particle	33		སྟོན་པ་དང་བསྟན་པ་ཡང་འཁོར་མ་འོངས་པའི་གདུལ་བྱ་ལ་དགོངས་ནས་རྣམ་གཞག་ཐ་དད་དུ་བྱ་བའི་དོ
246	terminal-particle	20		ཡང་ན་མིང་དག་ཏུ་གོང་མ་བསྡུས་ཏེ། ཧེ་ནི་ཕྱི་སེམས་ཅན་གྱི་དོན་སྡུག་བསྔལ་དམིགས་ནས༌[^12
247	terminal-particle	32		ཆེན་པོ་ནི་ནང་གི་ལྷན་ཅིག་སྐྱེས་པའི་རོས་ཕུལ་དུ་བྱུང་བའི་སྙིང་རྗེ༌[^123]རང་དབང་མེད་
248	line-end	22		ཧེ་ནི་སྙིང་རྗེ་ཆེན་པོ་སྟེ། ཡེ་ཤེས་ཆེན་པོའི་རང་བཞིན་བདེ་བ་ཆེན་པོ་ཐབས་ཀྱི་སྒོ་ནས་བ
249	terminal-particle	18		བཛྲ་ནི་ཤེས་རབ་སྟེ་སྟོང་པ་ཉིད་རེག་པའི་ཤེས་རབ་ཆེན་པོའི་ལྟ་བས་བསྡུས་པའོ། །
250	terminal-particle	14		དབྱེར་མེད་ནི་བདག་ཉིད་ཀྱི་རྒྱུད་དེ་དམ་ཚིག་སྤྱོད་པས་བསྡུས་སོ། །
251	terminal-particle	23		དེས༌[^124]ན་ཤེས་རབ་ཀྱི་རིགས་པ་དང་ཐབས་ཀྱི་རིགས་པ་དང་དབྱེར་མེད་ཀྱི་རིགས་པས་དགྱེས་པ
252	terminal-particle	22		མིང་བསྡུས་པའི་ཚུལ་ཡང་མིང་གིས་བསྡུས་པ་ཏེ། ཧེ་ནི་སྙིང་རྗེ་སྟེ་རྟག་ཏུ་དམ་ཚིག་སྤྱོད་
253	terminal-particle	10		ཆེན་པོ་ཉིད་ཀྱིས་ཡེ་ཤེས་ཆེན་པོ༌[^125]རོས་གང༌[^126]བསྡུས་པའོ། །
254	terminal-particle	16		བཛྲ་ཤེས་རབ་ཀྱིས་ནི་མི་ཕྱེད་པ་དང་སྲིད་པ་གསུམ་གཅིག་ཏུ་བསྡུས་སོ། །
255	terminal-particle	14		ཐབས་དང་ཤེས་རབ་བདག་ཉིད་རྒྱུད་ནི་རང་བཞིན་པ་དང་བཏགས་པའོ། །
256	line-end	3		རང་བཞིན་གྱི།
257	verse-stanza	18		རྒྱུད་ནི་རྒྱུན་དུ་རབ་ཏུ་གྲགས། །↵དེ་ཡང་རྣམ་པ་གསུམ་ཡིན་ཏེ། །↵རྒྱུ་དང་ཐབས་དང་འབྲས་བ
258	terminal-particle	32		དེ་ལ་རྒྱུའི་རྒྱུད་སེམས་ཅན་རང་འབྱུང་ཡེ་ཤེས་ངོ་བོར་གནས་པ། ཐབས་ཀྱི་རྒྱུད་སྔགས་དང་ཕྱ
259	terminal-particle	30		བཏགས་པ་ལ་ནི་འབྲེལ་བ་དང་མ་ཚང་བ་མེད་པ་དང་མ་འཁྲུགས་ཤིང་འབྲེལ་ན་རྒྱུད་དེ་མངོན་རྟོགས་
260	ordinal-open	34		དང་པོ་དངོས་པོ་གནས་ལུགས་སྟོན་པ་དང་སྡུད་པ་པོའི་སྣང་བ་གཉིས་པ་ནི་སྒྲུབ་པ་པོ་དང་ཉན་པའ
261	terminal-particle	16		དེ་ནི་ང་ཡིས་བཤད་ཀྱིས་ཉོན་ནི། སྔོན་བྱུང་དང་རྗེས་འཇུག་གཉིས་ཀར་སྦྱར་རོ། །
262	terminal-particle	44		དེ་ལྟར་རྗོད་བྱེད་སྟོན་པ་དང་བརྗོད་པར་བྱ་བའི་ཆོས་བསྟན་ནས། དེ་ནས་རྒྱུད་ཀྱི་དོན་བཤད་
263	terminal-particle	15		དམིགས་པར་བྱ་བའི་ཡུལ་ལ་ཡང་གཉིས་ཏེ། བསྐྱེད་པ་དང་རྫོགས་པའི་རིམ་པའོ། །
264	terminal-particle	12		བསྐྱེད་པ་ལ་གཉིས་ཏེ། སོ་སོར་དམིགས་པ་དང་སྤྱིར་དམིགས་པའོ། །
265	terminal-particle	30		སྤྱིར་དམིགས་པ་ནི་ལྟ་སྟངས་དང་ཞེས་པ་ནས་རྣམ་མང་བརྗོད་པར་བྱ་བའི་བར་ཏེ་བརྡ་ནི་དམིགས་པ
266	terminal-particle	8		རེངས་པ་ལ་སོགས་པ་སྟེ། ལས་རྣམ་བཞིའོ། །
267	terminal-particle	25		འོ་ན་བདེ་ཆེན་ནི་རྫོགས་རིམ་ཡིན་ན། བསྐྱེད་རིམ་དུ་འཆད་པ་ཅིའི་ཕྱིར་ཞེ་ན། དེ་ནི་ལྷའི་
268	terminal-particle	19		ཇི་ལྟར་རིགས་པ་རྣལ་འབྱོར་མ་འོག་ནས་ལས་དང་སྔགས་དང་རྣལ་འབྱོར་སོ་སོར་འཆད་དོ། །
269	line-end	4		དེ་ཡང་ཅིས་ཐོབ༌[^128]ན།
270	verse-stanza	25		བསྐྱེད་དང་ཞེས་པ་ནི་ཚོགས་བསགས་པའོ། །↵གནས་དང་ཞེས་པ་ནི་རྟེན་གྱི་དཀྱིལ་འཁོར་རོ། །↵བྱ
271	terminal-particle	19		སོ་སོར་དམིགས་པ་རེངས་པ་ལ་སོགས་པ་ནི་ཇི་ལྟར་རིགས་པ་རྣལ་འབྱོར་རྣམས་ཀྱིས་སོ། །
272	line-end	35		རྫོགས་པའི་རིམ་པའི་དམིགས་པ་ནི་གཞན་གྱི་དོན་བྱེད་པ་དང་རྣམ་ཤེས་ཡེ་ཤེས་སུ་གྲུབ་པ་དང་ལ
273	verse-stanza	25		མཚོན་བྱ་མཚོན་བྱེད་མཚན་ཉིད་ནི། །↵རྣམ་ཤེས་ཀྱིས་ནི་ཡེ་ཤེས་བསམ། །↵ཡེ་ཤེས་ཀྱིས་ནི་ཤེས
274	quote-close	3		ཞེས་གསུངས་སོ། །
275	terminal-particle	27		དེ་ཉམས་སུ་བླང་པའི་ཐབས་ནི་ལམ་གཉིས་ལས་གོ་རིམས་ངེས་པའི་རྒྱུ་མཚན་དང་། ཧེ་རུ་ཀ་ནི་ཞེས
276	terminal-particle	15		བསྐྱེད་པའི་རྒྱུ་ནི་གཉིས་ཏེ་བསྐྱེད་པའི་རིམ་པ་དང་རྫོགས་པའི་རིམ་པའོ། །
277	line-end	11		དེ་ལ་དང་པོ་གཅིག་ནི་བསྐྱེད་པའི་རིམ་པ་སྟེ།
278	verse-stanza	25		སེམས་ཅན་ལས་ཀྱི་དང་པོ་ལ། །↵ལས་རྣམས་ཐམས་ཅད་བསྒྲུབ་པའི་ཕྱིར། །↵ལྷ་ཡི་རྣལ་འབྱོར་རིམ་
279	quote-close	3		ཞེས་གསུངས་སོ། །
280	terminal-particle	58		དེ་ནས་བསྐྱེད་པའི་རིམ་པ་ལ་སྡུད་པ་པོ་ཐེ་ཚོམ་དུ་གྱུར་པ་ཁོང་ནས་དྲང་བ་ཡང་བསྐྱེད་རིམ་ད
281	terminal-particle	26		འོ་ན་དངོས་པོ་མེད་པས་གྲོལ་ལམ་ཞེ་ན་དེ་ཡང་མ་ཡིན་ཏེ། ཤེས་པ་དང་མ་ཤེས་པའི་ཁྱད་པར་ཡིན་པ
282	quote-close	37		དེས་ན་བསྐྱེད་པའི་རིམ་པ་ལ་ཐབས་དང་ཤེས་རབ་མིང༌[^131]དུ་ཤེས་པ་དང་རྨི་ལམ་དང་སྒྱུ་མ་དང
283	terminal-particle	16		དེ་བཞིན་དུ་དངོས་པོ་མེད་པས་ཀྱང་འཆིང་བར་འགྱུར་ཏེ། གྲོལ་བར་ཡང་འགྱུར་རོ། །
284	line-end	10		དངོས་མེད་ལ་ཞེན་ན་ཆད་པའི་ལྟ་བ་སྟེ།
285	verse-stanza	12		མར་མེ་འབར་བ་གསད༌[^132]རུང་གི། །↵ཤི་ནས་ཅི་ཡང་བྱ་རུང་མེད། །
286	line-end	5		གསུངས་པ་དང་ཡང་།
287	verse-stanza	13		རྒྱུ་དང་འདྲ་བའི་འབྲས་བུ་ནི། །↵ཀུན་དུ་མཐོང་བ་མ་ཡིན་ནམ། །
288	line-end	5		ཞེས་བྱ་བ་དང་།
289	verse-stanza	19		ལྟ་བ་རྣམ་པར་ལོག༌[^133]རྣམས་དང་། །↵བདག་ཏུ་ལྟ་བ་བཟློག་པའི་ཕྱིར། །↵སྟོང་པ་རྒྱལ་བ་རྣ
290	terminal-particle	20		ཞེས་པས་དངོས་པོ་སྒྱུ་མ་ཙམ་རང་སྣང་གི་སེམས་སུ་བྱ་སྟེ། དེ་ལྟར་ཧེ་རུ་ཀ་བསྒོམ་བྱའོ། །
291	terminal-particle	27		སྤྱིར་ཀུན་བརྟགས་ཆོས་ལ་ལམ་དུ་བྱེད་པ་དང་། གཞན་དབང་ལུས་ལ་ལམ་དུ་བྱེད་པ་དང་། ཡོངས་གྲུ
292	terminal-particle	46		དེ་ཉིད་དམན་པ་དང་མཆོག་གི་ཤེས་པར་བྱ་སྟེ། ཀུན་བརྟགས་མེད་པ་ལ་ཡོད་པར་བློས་བརྟགས་པ་དང་
293	line-end	31		མཆོག་གི་གསུམ་ནི་སྤྱིར་ལྷའི་འཁོར་ལོ་རུ་བརྟགས་པས༌[^135]ཀུན་བརྟགས། ལུས་རྩ་དང་འཁོར་ལ
294	terminal-particle	44		དེ་ལ་དང་པོ་ལ་གསུམ་སྟེ། ཀུན་བརྟགས་ཀྱི་ཀུན་བརྟགས་ས་བོན་དང་མཚན་མས་བསྐྱེད་པའི་རང་རྒྱ
295	terminal-particle	15		གཞན་དབང་གི་གསུམ་ནི་ཀུན་བརྟགས་ནི་རྩ་ཕལ་པའམ་འཁོར་ལོ་གསུམ་མོ། །
296	terminal-particle	27		རྩ་གསུམ་དང་རྩ་གཅིག་ནི་གཞན་དབང་གི་གཞན༌[^136]དབང་ངོ་། །རྩ་ཨ་ཝ་དྷཱུ་ཏཱིའམ་མཆོག་གི་ད
297	terminal-particle	16		ཡང་ན་ཤེས་རབ་ཀྱི་རྩ་ཀུན་བརྟགས། ཐབས་ཀྱི་རྩ༌[^137]གཞན་དབང་། དབྱེར་མེད་ཡོངས་གྲུབ་བོ།
298	terminal-particle	8		དེ་རྣམས་ཀུན་རྫོབ་རྣམ་པར་གཞག་པའོ། །
299	terminal-particle	12		ཡང་བསྐྱེད་རིམ་དང་རྫོགས་རིམ་དང་། ཡོངས་སུ༌[^138]རྫོགས་པའི་རིམ་པའོ། །
300	terminal-particle	21		ཡོངས་གྲུབ་ཀྱི་ཀུན་བརྟགས་ནི་མཚོན་བྱ་ཀུན་རྫོབ། གཞན་དབང་གི་མཚོན་བྱ་དོན་དམ། ཡོངས་གྲུ
301	terminal-particle	19		ཡང་ན་སྟོང་པ་ཉིད་ཀུན་བརྟགས། རིག་པ་གསལ་བ་གཞན་དབང་། དེ་གཉིས་དབྱེར་མེད་ཡོངས་གྲུབ་བོ།
302	terminal-particle	89		དེ་རྣམས་ཉམས་སུ་བླང་བ་ནི། དེ་ཉིད་ངེས་པར་བྱ་སྟེ། ཆོས་ལ་ལམ་དུ་བྱེད་པ་བསྐྱེད་རིམ་ལྷའ
303	terminal-particle	15		སེམས་ལ་ལམ་དུ་བྱེད་པ་སེམས་ལ་བསླབ་པ་སྟེ། ཐབས་དུ་མས་བསླབ་པའོ། །
304	terminal-particle	42		ལམ་གཉིས་ཏེ་བསྐྱེད་རིམ་མང་བར་བྱ་སྟེ་རྫོགས་རིམ་ཉུང་ལྡན་སྒྲུབ་ཐབས་བཞིན་སྒོམ་པ་དང་རྫ
305	terminal-particle	45		རྫོགས་པའི་རིམ་པ་ལ་བཞི་སྟེ། ངོ་བོ་ཡེ་ཤེས་ཆེན་པོ་བསྟན་པ་དང་རྟེན་རྡོ་རྗེའི་ལུས་ལམ་ད
306	terminal-particle	18		ཡེ་ཤེས་ཆེན་པོའི་རང་བཞིན་ལ་ཤེས་པར་བྱ་བ་དང་། སྒོམ་པ་ཉམས་སུ་ལེན་པའོ། །
307	line-end	16		བསླབ་པ་ཤེས་པར་བྱ་བ་ལ་གཉིས་ཏེ། དེ་ཁོ་ན་ཉིད་བཤད་པ་དང་།
308	verse-stanza	23		རྣམ་པར་གཞག་པའི་ཆ་དབྱེ་བའོ། །↵དེ་ཁོ་ན་ཉིད་ལ་གཉིས་ཏེ།↵ཡེ་ཤེས་དང་ཆོས་ཉིད་དོ། །↵ཡེ་ཤ
309	verse-stanza	19		ལུས་ལ་ཡེ་ཤེས་ཆེན་པོ་གནས། །↵ཞེས་པ་རྟེན་བསྟན་པ་དང་།↵ལུས་གནས་ལུས་ལས་མ་སྐྱེས་པ། །
310	terminal-particle	13		ཞེས་པ་ཚུལ་ལམ་མཚན་ཉིད་རང་འབྱུང་ཡེ་ཤེས་སུ་བསྟན་པའོ། །
311	terminal-particle	36		ཆོས་ཉིད་ལ་གཉིས་ཏེ། དངོས་པོ་ཀུན་ལ་ཁྱབ་ཅེས་པས་རྟེན་བསྟན་པ་དང་། རྟོག་པ་ཐམས་ཅད་ཡང་དག
312	terminal-particle	41		རྣམ་པར་གཞག་པའི་ཆ་དབྱེ་བ་ལ་བཞི་སྟེ། ཚིག་དང་པོས་རྟེན་བསྟན་པ་དང་། རྟོག་པ་གཉིས༌[^141
313	line-end	21		བསྒོམ་པ་ཉམས་སུ་ལེན་པ་ལ་གཉིས་ཏེ། མངོན་རྟོགས་ལམ་དུ་བྱས་པ་དང་། འབྲས་བུ་ལམ་དུ་བྱས་པའ
314	verse-stanza	18		མངོན་རྟོགས་ལམ་དུ་བྱས་པ་ལ་གསུམ་སྟེ།↵ཆགས་ཅན་དང་ཆགས་བྲལ་དང་ཕྱག་རྒྱ་ཆེན་པོའོ། །
315	line-end	49		དེ་ལ་ཆགས་ཅན་ནི་གཞན་ལུས་ཤེས་རབ་ལས་ཀྱི་ཕྱག་རྒྱ་ལ་བརྟེན་པ་སྟེ། དེ་ཡང་ལུས་ལ་ཞེས་པ་ནི
316	terminal-particle	34		དངོས་པོ་ཀུན་ལ་ཁྱབ་པ་པོ་ནི་མཚོན་བྱ་ལྷན་སྐྱེས་དོན་དམ་བདེ་བ་ལ་མི་རྟོག་པ་དང་ཀུན་རྫོབ
317	terminal-particle	33		ལུས་གནས་ལུས་ལས་མ་སྐྱེས་པ།[^143] །ཞེས་པ་ནི་མཚན་བྱ་ལྷན་སྐྱེས་ལ་འཇུག་ཚུལ་གསལ་བྱེད་ཀ
318	line-end	28		ཆགས་བྲལ་ནི་རང་ལུས་ཐབས་ལྡན་དམ་ཚིག༌[^145]ཕྱག་རྒྱ་སྟེ། དེ་ཡང་ལུས་ལ་ཞེས་པ་ནི་ལྟེ་བར་
319	verse-stanza	18		ཡེ་ཤེས་ནི་དོན་དམ་མཚོན་བྱེད་བདེ་བའོ། །↵གནས་ཞེས་པ་ནི་ཀུན་རྫོབ་མཚོན་བྱེད་ཞུ་བའོ། །
320	terminal-particle	6		ཡང་ན་ཡེ་ཤེས་ནི༌[^146]བདེ་བའོ། །
321	terminal-particle	10		ཆེན་པོ་ནི་སྤྱི་བོ་བདེ་ཆེན་གྱི་གནས་སོ། །
322	terminal-particle	15		གནས་ཞེས་པ་ཞུ་བ་བདེ་བ་དང་བཅས་པས༌[^147]འབབ་སྟེ་ལྟེ་བར་གནས་པའོ། །
323	terminal-particle	27		རྟོག་པ་ཐམས་ཅད་ཡང་དག་སྤངས། ། ཞེས་པ་ནི་མཚོན་བྱེད་དབྱེར་མེད་དེ། རྟོག་པ་རང་ཤུགས་སུ་ས
324	terminal-particle	32		དངོས་པོ་ཀུན་ལ་ཁྱབ་པ་པོ། །ཞེས་པ་ནི་མཚོན་བྱ་ལྷན་སྐྱེས་དོན་དམ་བདེ་བ་ལ་མི་རྟོག་པ་དང་
325	terminal-particle	28		ལུས་གནས་ལུས་ལས་མ་སྐྱེས་ཞེས་པ་ནི་མཚོན་བྱ་ལྷན་སྐྱེས་ལ་འཇུག་ཚུལ་གསལ་བྱེད་ཀྱི་རྒྱུ་ཡ
326	terminal-particle	16		ཕྱག་རྒྱ་ཆེན་པོ་ལ་གཉིས་ཏེ་ཆགས་བྲལ་ལྟ་བུ་དང་། ཆགས་ཅན་ལྟ་བུའོ། །
327	line-end	15		དེ་ལ་ཆགས་བྲལ་ལྟ་བུ་དེ་ཉིད་མཆོག་གི་རྣམ་འཕྲུལ་ནི། དེ་ཡང་།
328	verse-stanza	21		དངོས་པོ་ཀུན་ལ་ཁྱབ་པ་པོ། །↵ཞེས་པ་ནི་དོན་སྐྱེ་མེད་ཀྱིས་ཁྱབ་པའོ། །↵ལུས་ལ་ཡེ་ཤེས་ཆེན
329	terminal-particle	33		ཞེས་པ་ནི་ཤེས་བྱེད་ཀྱི་དོན་ཡང་དོན་དམ་པའི་ཡེ་ཤེས་སོ།[^149] །རྟོག་པ་ཐམས་ཅད་ཡང་དག་སྤ
330	terminal-particle	23		ལུས་གནས་ལུས་ལས་མ་སྐྱེས་ཞེས་པ་ནི་ཤེས་བྱ་ཡེ་ཤེས་དེ་ཉིད་ཀྱང་སྐྱེ་མེད་དུ་གཅིག་པར་གྱུ
331	terminal-particle	22		དེ་ལ་ཆགས་ཅན་ལྟ་བུ་ནི་གཉུག་མའི་ལུས་ཏེ་དེ་ཡང་ལུས་ཞེས་པ་ནི་གཉུག་མ་དེ་ཉིད་ལའོ། །
332	terminal-particle	12		ཡེ་ཤེས་ཆེན་པོ་ནི་ཟག་པ་མེད་པའི་ཡེ་ཤེས་སོ། །
333	terminal-particle	17		གནས་ཞེས་པ་ནི་ཞུ་བ་བསྡུས་པས་རྟག་པ་མི་འགྱུར་བར་གནས་པ་ཉིད་དོ། །
334	terminal-particle	32		རྟོག་པ་ཐམས་ཅད་ཡང་དག་སྤངས། །ཞེས་པ་ནི་ཕྱག་རྒྱ་ཆེན་པོ་མཚོན་བྱེད་རང་རིག༌[^150]སྟེ། ར
335	terminal-particle	19		དངོས་པོ་ཀུན་ལ་ཁྱབ་ཅེས་པ་ནི་དབང་པོ་རང་སྣང་ལ་སྦྱར་བའམ། མཚོན་བྱ་ལྷན་སྐྱེས་སོ། །
336	line-end	33		ལུས་གནས་ལུས་ལས་མ་སྐྱེས་པ་ནི་གཉུག་མའི་ལུས་ལ་གནས་ཀྱང་ཐ་མལ་གྱི་ལུས་ལས༌[^151]མ་སྐྱེས
337	terminal-particle	13		འབྲས་བུ༌[^153]ལམ་དུ་བྱས་པ་ནི་སྐུ་བཞི་སྟེ། ཚིག་དང་པོ་ལོངས་སྐུའོ། །
338	terminal-particle	6		ཚིག་གཉིས་པ་ནི་ཆོས་སྐུའོ། །
339	ordinal-open	4		གསུམ་པ་སྤྲུལ་སྐུའོ། །
340	ordinal-open	8		བཞི་པ་ནི་བདེ་བ་ཆེན་པོའི་སྐུའོ། །
341	terminal-particle	36		རྟེན་རྡོ་རྗེའི་ལུས་བསྟན་པ་ནི་ལུས་ལ་ཞེས་པ་ལ་སོགས་པ་སྟེ། རྡོ་རྗེ་སྙིང་པོས་གསོལ་པ་ཞ
342	terminal-particle	40		ཀུན་བརྟགས་ཀྱི་ལུས་ལ་ཀུན་བརྟགས་ཀྱི་རྩ་དུ་མཆིས་པ་དང་། གཞན་དབང་གི་ལུས་ལ་གཞན་དབང་གི་
343	terminal-particle	52		ལན་དུ་རྩ་སུམ་ཅུ་རྩ་གཉིས་ཏེ་ཕྱིར་ལེན༌[^155]བཏབ་སྟེ་ཀུན་བརྟགས་ཀྱི་ལུས་ལ་རྩ་སུམ་ཅུ་
344	terminal-particle	27		ཀུན་བརྟགས་ཀྱི་ལུས་ལ་ཡང་སུམ་ཅུ་རྩ་གཉིས་ཏེ། ཡང་མི་ཕྱེད་མ་དང་ཕྲ་གཟུགས་མ༌[^157]ལ་སོག
345	terminal-particle	25		དེ་ལ་རྣམ་པར་གཞག་པའི་ནི་གྲངས་དང་ལས་དང་སོ་སོའི་མཚན་ཉིད་དང་གནས་དང་། གཙོ་བོ་དང་། ཕལ་
346	line-end	18		དེ་ལ་གྲངས་ནི་སུམ་ཅུ་རྩ་གཉིས་ཏེ། མི་ཕྱེད་མ་དང་ཕྲ་གཟུགས་མ་ལ་སོགས་པའོ། །
347	verse-stanza	14		ལས་ནི་དྲང༌[^158]ངེས་པའི་རྒྱུ་མཚན་ཏེ།↵བྱང་ཆུབ་ཀྱི་སེམས་འབབ་པའི་ཕྱིར་རོ། །
348	terminal-particle	16		སོ་སོའི་མཚན་ཉིད་ནི་ཐབས་དང་ཤེས་རབ་ལ་སོགས་པའི་མཚན་ཉིད་འཛིན་པའོ། །
349	terminal-particle	8		གནས་ནི་གཡས་དང་གཡོན་ལ་སོགས་པའོ། །
350	line-end	13		བརྐྱང༌[^159]མི་མོ་བསྐྱོད་པ་འབབ་པ་སྟེ། སྐྱེས་པ་ལ་གཡོན་ན་གནས་ཏེ།
351	verse-stanza	15		མགྲིན་པར་གནས་ནས༌[^160]བཤང་ལམ་དུ་སེལ་བའོ། །↵རོ་མ་དེ་བཞིན་ཁྲག་འབབ་ཅིང་། །
352	verse-stanza	19		གཡས་ན་གནས་ཏེ་ལྟེ་བ་ལས་མགྲིན་པར་སེལ་བའོ། །↵བུད་མེད་རྣམས་ལ་ནི་གོ་བཟློག༌[^161]ཤེས་པ
353	terminal-particle	51		ཡོངས་གྲུབ་ཀྱི་རྩ་སུམ་ཅུ་རྩ་གཉིས་ནི་བཅོམ་ལྡན་འདས་རྩ་སུམ་ཅུ་རྩ་གཉིས་པོ་འདི་རྣམས་ཇི
354	terminal-particle	34		དེ་རྣམས་ཀྱི་རང་བཞིན་ཡང༌[^162]སྲིད་གསུམ་ཡོངས་གྱུར་ནི་རྩ་འདི་གསུམ་དུ་གྱུར་པ་སྟེ། ད
355	terminal-particle	21		ཡང་ན་ཐབས་ནི༌[^163]ཐམས་ཅད་ཀྱིས།[^164] །དངོས་པོའི་མཚན་ཉིད་དུ་ནི་བརྟག །ཅེས་པ་ཐབས་རྣ
356	terminal-particle	12		གཙོ་བོ་དང་ཕལ་པར་དབྱེ་བ་ནི་གསུམ་དུ་གཞག་གོ། །
357	terminal-particle	43		དེ་ཡང་སེམས་ཅན་རེ་རེ་ལ་རྩ་བྱེ་བ་ཕྱེད་དང་བཅུ་དང་སྟོང་ཕྲག་བདུན་ཅུ་གཉིས་སུ་བསྡུས་ཏེ།
358	line-end	3		དེ་ཡང་།
359	verse-stanza	24		རྩ་རྣམས་བྱེ་བ་ཕྱེད་དང་བཅུ། །↵ལུས་ཀྱི་ལྟེ་བའི་པདྨར་གནས། །↵འཁོར་ལོ་བཞི་ཡི་གྲངས་ཀྱི
360	verse-stanza	13		བྱང་སེམས་སུམ་ཅུ་རྩ་གཉིས་ཀྱི། །↵རྩ་མཆོག་སུམ་ཅུ་རྩ་གཉིས་སོ། །
361	quote-close	3		ཞེས་གསུངས་སོ། །
362	terminal-particle	6		དེ་ནི་རྣམ་པར་གཞག་པའོ། །
363	terminal-particle	42		རང་བཞིན་ནི་བཤད་པའི་ཚུལ་རྣམ་པར་སྦྱར་བ་སྟེ། བཤད་པའི་ཚུལ་སྦྱར་བ་ཡང་ཀུན་ལ་ལྡན་པ་ཡིན་
364	terminal-particle	11		དེ་ཡང་བསྐྱེད་པའི་རིམ་པ་དང་། རྫོགས་པའི་རིམ་པའོ། །
365	line-end	26		བསྐྱེད་པའི་རིམ་པ་ནི། སྲིད་གསུམ་ཡོངས་གྱུར་ཐམས་ཅད་ནི། །ཞེས་པ་ནི་ཆོ་གའི་རིམ་པ་ཐ་མལ་
366	verse-stanza	21		གཟུང་དང་འཛིན་པ་རྣམ་པར་སྤངས། །↵ཞེས་པ་ནི་བདག་མེད་རྣལ་འབྱོར་ལྡན་པའོ། །↵ཡང་ན་ཐབས་ནི་
367	terminal-particle	11		ཞེས་པ་ནི་ཡང་ན་ཧེ་རུ་ཀ་དཔལ་མཚོན་པའོ། །
368	terminal-particle	30		དངོས་པོའི་མཚན་ཉིད་དུ་ནི་བརྟག །ཅེས་པ་ནི་ཕུང་པོ་ལ་སོགས་པའི་ཆོས་ཀུན་ཏེ་གཉིས་སྦྱོར་བ
369	terminal-particle	28		དེ་ལ་རྫོགས་པའི་རིམ་པ་ཡང་གཞན་ལུས་ཤེས་རབ་ལ་བརྟེན་པ་དང་། རང་ལུས་ཐབས་དང་ལྡན་པ་དང་དབྱ
370	terminal-particle	34		ཤེས་རབ་ལ་བརྟེན་པ་ཡང་། སྲིད་གསུམ་ཡོངས་གྱུར་ཐམས་ཅད་ནི། །ཞེས་པ་ནི་ཤེས་རབ་མའི་གསང་བའ
371	line-end	7		གཟུང་དང་འཛིན་པ་རྣམ་པར་སྤངས། །
372	verse-stanza	18		ཞེས་པ་ནི་དེའི་ནང་ཁོང་སྟོང་གི་རྣམ་པའོ། །↵ཡང་ན་ནི་ཨ་ཐ་སྟེ་དེ་ནས་སོ། །
373	terminal-particle	7		ཐམས་ཅད་ནི་ལུས་ཐམས་ཅད་དོ། །
374	terminal-particle	13		ཐབས་ནི་རིན་པོ་ཆེའི་ཟེ་འབྲུའི་བདེ་བ་གནས་པའི་ཐབས་སོ། །
375	terminal-particle	33		དངོས་པོའི་མཚན་ཉིད་དུ་ནི་བརྟག །ཅེས་པ་ནི་དངོས་པོ་ཞུ་བ་དང་མཚན་ཉིད་བདེ་བ་ལྷན་ཅིག་སྐྱ
376	line-end	16		དེ་ལ་རང་ལུས་ཐབས་དང་ལྡན་པ་ནི་སྲིད་པ་གསུམ་གྱི་རྩ་གསུམ་མོ། །
377	verse-stanza	21		ཡོངས་གྱུར་ནི་སྐྱེ་གནས་གྲུ་གསུམ་མོ། །↵ཐམས་ཅད་དེ་ལུས་ཀུན་འདུས་པའོ། །↵གཟུང་དང་འཛིན་
378	line-end	20		ཞེས་པ་ནི་ནང་ཁོང་སྟོང་ལྟ་བུའམ། ཡང་ན༌[^166]འོག་ན་གནས་པ་ཤེས་རབ་ཀྱི་རང་བཞིན་ཡིན་པས་ས
379	verse-stanza	27		ཨ་ཐ་ནི་ཨ་ཀྲ་སྟེ་དེ་ལའོ། །↵ཐབས་ནི་བདེ་བ་ཆེན་པོའི་གནས་སོ། །↵ཐམས་ཅད་ནི་ལུས་ཀུན་ཞུ་བ
380	terminal-particle	11		ཅེས་པ་སྔ་མ་ལྟར་ལྷན་ཅིག་སྐྱེས་པ་བསྒོམ་པའོ། །
381	terminal-particle	20		གཉིས་མེད་ཕྱག་རྒྱ་ཆེན་པོ་ལ་གཉིས་ཏེ། བརྟེན་པ་ཆོས་ལ་འཇུག་པ་དང་། རྟེན་ནང་ནས་འཇུག་པའོ
382	terminal-particle	14		བརྟེན་པ་ཆོས་ལ་འཇུག་པ་ནི་ཤེས་རབ་དང་ཐབས་དབྱེར་མེད་པའོ། །
383	terminal-particle	11		དེ་ལ་ཤེས་རབ་ནི་སྲིད་གསུམ་སྟེ་ཁམས་གསུམ་མོ། །
384	terminal-particle	22		ཡོངས་གྱུར་ནི་གཅིག་དང་དུ་མ་དང་བྲལ་བའི་སྦྱོར་བས་རང་བཞིན་མེད་པས་ཐམས་ཅད་ཡོངས་སུ་གྱུར
385	quote-close	20		དེ་ལ་ཤེས་རབ་ཀྱི་ཇི་ལྟར་བལྟ་ཞེ་ན། དེའི་ཕྱིར། གཟུང་དང་འཛིན་པ་རྣམ་པར་སྤང་། །ཞེས་གསུ
386	terminal-particle	58		དེ་ལ་ཐབས་ཀྱི་ཇི་ལྟར་བལྟ་ཞེ་ན། ཕ་རོལ་ཕྱིན་པའི་ཐེག་པ་ལྟར་གཅིག་དང་དུ་བྲལ་ལ་སོགས་པ་ས
387	terminal-particle	25		ཡང་ན། སྲིད་གསུམ་ཡོངས་གྱུར་ཐམས་ཅད་ནི། །ཞེས་པ་ནི་ལུས་ངག་ཡིད་གསུམ་གྱི་ཁམས་གཉུག་མའི་
388	terminal-particle	24		གཟུང་དང་འཛིན་པ་རྣམ་པར་སྤང་།[^167] །ཞེས་པ༌[^168]ནི་དེར་སྐྱེས་པའི་ཡེ་ཤེས་ཀྱི་རྟོག་
389	terminal-particle	19		ཐབས་ནི་ཞེས་པ་ནི་བདེ་བའི་རོར་རང་སྣང་བས་མི་རྟོག་པ་རང་རྣལ་དུ་འཇུག་པའོ། །
390	terminal-particle	13		ཐམས་ཅད་ཀྱི་ཞེས་པ་ནི་ཐབས་དང་ཤེས་རབ་དབྱེར་མེད་དོ། །
391	terminal-particle	39		དེ་ལྟ་བུའི་ཡེ་ཤེས་ཆེན་པོ་དེ་གང་དུ་གནས་ཤིང་བརྟེན་ཞེ་ན། དེའི་ཕྱིར། དངོས་པོའི་མཚན་ཉ
392	terminal-particle	10		མཚན་ཉིད་ནི་དེར་གནས་པའི་ཡེ་ཤེས་ཆེན་པོའོ། །
393	terminal-particle	20		དུ་ནི་བརྟག་ཅེས་པ་སྟེ་དབང་པོ་རང་སྣང་བ་དང་ཡེ་ཤེས་རང་འབར་བའི་མན་ངག་གོ། །
394	terminal-particle	12		དེ་རྣམས་ལ་ཆོ་ག་ཁ་བསྐང་བ་སྔ་མ་དང་འདྲའོ། །
395	line-end	7		དེ་རྣམས་ཀྱི་རྟགས་ནི་གསུམ་སྟེ།
396	verse-stanza	26		མི་འགྱུར་བ་ནི་ལྟ་བའི་རྟགས་སོ། །↵དངོས་པོ་ཀུན་ལ་ཆགས་མེད་དྲོད། །↵འཇིག་རྟེན་ཆོས་བརྒྱ
397	line-end	2		ཞེས་པའོ། །
398	terminal-particle	19		སྡོམ་པའི་དབྱེ་བ་ལ་དོན་གཉིས་ཏེ། བཤད་ཚུལ་སྦྱར་བ་དང་བརྟག་པ༌[^169]ཕྱི་མའི་རྒྱུ་མཚན་བ
399	terminal-particle	21		བཤད་ཚུལ་སྦྱར་བ་ལ་ཡང་དོན་གསུམ་སྟེ། ངེས་པའི་ཚིག་དང་བཤད་ཚུལ་དབྱེ་བ་དང་མངོན་པར་རྟོགས
400	terminal-particle	26		ངེས་པའི་ཚིག་ལ་གསུམ་སྟེ། མང་བ་ཉུང་བར་སྡོམ་པ་དང་། ཕྱི་རོལ་ལུས་ལ་སྡོམ་པ་དང་། བདེ་བ་
401	terminal-particle	15		ཡང་གང་གིས་སྡོམ་པ༌[^171]དང་གང་དུ་སྡོམ་པ་དང་ཡང་དག་པར་སྡོམ་པའོ། །
402	terminal-particle	25		དེ་ལ་མང་བ་ལ་ཉུང་བར་སྡོམ་པ་ནི་ཐབས་དང་ཤེས་རབ་ལ་སྡོམ་པ་དང་། ལུས་ངག་ཡིད་གསུམ་ལ་སྡོམ་
403	terminal-particle	13		ཕྱི་རོལ་ལུས་ལ་སྡོམ་པ་ནི་འཁོར་ལོ་བཞི་ལ་སྡོམ་པའོ། །
404	line-end	19		བདེ་བ་མཆོག་ཏུ་སྡོམ་པ་ནི་དགའ་བ་དང་སྐད་ཅིག་གོ།[^172] །བཤད་ཚུལ་དབྱེ་བ་ལ་གཉིས་ཏེ།
405	verse-stanza	18		བསྐྱེད་པ་ལྟར༌[^173]སྦྱར་བ་དང་རྫོགས་རིམ་མོ། །↵བསྐྱེད་པ་ལྷ་ལ་གཉིས་ཏེ།↵ལམ་ཆོ་ག་དང་འ
406	terminal-particle	18		དེ་ལ་ལམ་ནི་ཨཱ་ལི་ཀཱ་ལི་ཡོངས་སུ་གྱུར་པ་ལས་ཟླ་བ་དང་ཉི་མའོ། །
407	terminal-particle	5		ཤེས་རབ་དང་ཐབས་སོ། །
408	line-end	12		དེས་ནི་ཆོས་ཀུན་བསྡུས་ཤིང་དབྱེ་བས་སྡོམ་པའི་དབྱེ་བའོ། །
409	verse-stanza	20		འབྲས་བུ་ཡང་སྐུ་གསུམ་དང་རྡོ་རྗེ་གསུམ་མོ། །↵དེར༌[^174]ལྷ་ཀུན་གྱི་འབྲས་བུ་འདུས་པས་ས
410	terminal-particle	28		རྫོགས་པའི་རིམ་པ་ལ་གསུམ་སྟེ། གཞན་ལུས་ཤེས་རབ་ལ་བརྟེན་པ་དང་རང་ལུས་ཐབས་དང་ལྡན་པ་དང་ད
411	terminal-particle	31		དེ་ཡང་གཞན་ལུས་ཤེས་རབ་ལ་སྦྱར་བ་ནི་ཨེ་ཝཾ་མ་ཡཱ་ལྷ་མོ་བཞི་སྟེ། དེ་ཉིད་ཕྱག་རྒྱ་བཞིའམ་
412	terminal-particle	12		དེས་ན་རྟེན་ཐམས་ཅད་དེར་འདུས་པས་སྡོམ་པའི་དབྱེ་བའོ། །
413	terminal-particle	26		རང་ལུས་དང་ཐབས་དང་ལྡན་པ་ནི་འཁོར་ལོ་བཞིའི་འདབ་མའི་གྲངས་དང་རྣམ་པ་སྟེ། དེར་ལུས་ཀུན་འ
414	terminal-particle	15		དེ་ཁོ་ན་ཉིད་དང་སྦྱར་བ་ལ་ཡང་ཐུན་མོང་དང་ཁྱད་པར་རོ། །
415	terminal-particle	17		ཐུན་མོང་ནི་བདེན་པ་བཞི་དང་སྡེ་པ་བཞི་སྟེ་སྡེ་པ་མཆོག་ཏུ་སྡོམ་པའོ། །
416	terminal-particle	24		ཁྱད་པར་ནི་མཆོག་དང༌[^175]མཆོག་མ་ཡིན་པ་སྟེ། དེ་ཡང་མཆོག་ནི་སྐད་ཅིག་དང་དགའ་བ་བཞིའི་བ
417	terminal-particle	20		མཆོག་མ་ཡིན་པ་ནི་དེ་ཁོ་ན་ཉིད་བཞི་བདེ་བ་མཆོག་ཏུ་སྡོམ་པས་སྡོམ་པའི་དབྱེ་བའོ། །
418	terminal-particle	23		བརྟག་པ་ཕྱི་མའི་ཚུལ་དུ་རྒྱུ༌[^176]མཚན་བསྟན་པ་ལ་གཉིས་ཏེ་ཡང་དག་པར་རྫོགས་པའི་སངས་རྒྱ
419	terminal-particle	71		དེ་ལ་ཡང་དག་པར་རྫོགས་པའི་སངས་རྒྱས་ནི་འཁོར་ལོ་བཞི་སྐུ་བཞིར་གྲུབ་པ་དེ།[^177] འབྲས་བ
420	line-end	30		མངོན་པར་རྟོགས་པ་ལ་གཉིས་ཏེ། །རྣམ་པར་རྟོག་པའི་གཉེན་པོ་སྟེང་སྒོ་རླུང་ལ་བསླབ་པ་དང་། 
421	terminal-particle	9		རླུང་ལ་གཉིས་ཏེ། ཤེས་པར་བྱ་བ་དང་། བསྒོམ༌[^178]པའོ། །
422	terminal-particle	16		[^179]དེ་ལ་ཤེས་པ་ནི་ཕྱི་དག་པར་ཤེས་པ་དང་ནང་དག་པར་ཤེས་པའོ། །
423	terminal-particle	27		དེ་ལ་ཕྱི་ནི་རྒྱལ་པོའི་ཕོ་བྲང་དང་དགེ་འདུན་གྱི་གནས་དག་ན་དབྱུ་གུ་དང་ཆུ་ཚོད་ལ་སོགས་ཏ
424	terminal-particle	16		ནང་གི་ལྟེ་བ་སྤྲུལ་པའི་འཁོར་ལོ་ལ་སོགས་པ་འདབ་མའི་གྲངས་སྦྱར་བའོ། །
425	terminal-particle	49		དེ་དག་རྣམ་པར་དག་པའི་རང་བཞིན་དུ་ཤེས་ནས་རླུང་ལ་བསྒོམ་པ་སྟེ། ཟླ་བ་ཉི་མ་ཨཱ་ལི་ཀཱ་ལི་
426	terminal-particle	17		དེ་རེ་རེ་ལ་ཡང་ཐབས་དང་ཤེས་རབ་ཀྱི་ཆས༌[^180]ཆུ་ཚོད་སུམ་ཅུ་རྩ་གཉིས་སོ། །
427	terminal-particle	21		ཡང་ཟླ་ཉི་གང་ཡང་རུང་བ་གཅིག་ལས་བྱུང་བ༌[^181]བཞི་རིམ་གྱིས་འབྱུང་བས་དབྱུ་གུ་དྲུག་ཅུ་
428	terminal-particle	16		དེ་ལྟར་རླུང་ལས་སུ་རུང་ནས་གྲངས་ཀྱི་རྩིས་ནི་གཞན་དུ་ཤེས་པར་བྱའོ། །
429	line-end	14		བསླབ་པ་ནི་གྲངས་ལ་བཅུ་དང་བརྒྱའི་བར་དུ་བསླབ་པ་དང་།
430	verse-stanza	21		རླུང་ལྷན་ཅིག་སྐྱེས་པར་སྦྱོར་བའོ། །↵བྱང་ཆུབ་སེམས་ལ་བསླབ་པ་ལ༌[^182]གཉིས་ཏེ།↵སྒྲའི་
431	line-end	15		དེ་ལ་སྒྲའི་དབྱེ་བ་གང་དུ་འཛག་ནི༌[^183]ལྟེ་བ་སྟེ་གཉིས་པའི་དོན་ཏོ། །
432	verse-stanza	21		གང་འཛག་ན་རི་བོང་ཅན་ཏེ་དང་པོའི་དོན་ཏོ། །↵གང་ལས་འཛག་ན་ཧཾ་ལས་ཏེ་ལྔ་པའི་དོན་ཏོ། །
433	terminal-particle	12		གང་གིས་འཛག་ན་གཏུམ་མོ་སྦར་བ་སྟེ། གསུམ་པའི་དོན་ཏོ། །
434	terminal-particle	19		གང་གི་ཕྱིར་འཛག་ན་དེ་བཞིན་གཤེགས་པ་ལ་སོགས་པ་བསྲེགས་པའི༌[^184]དོན་ཏེ་བཞི་པའི་དོན་ཏོ
435	terminal-particle	17		བཤད་པའི་ཚུལ་སྦྱར་བ་ལ་ཡང་གཉིས་ཏེ། བསྐྱེད་པའི་རིམ་པ་དང་རྫོགས་པའི་རིམ་པའོ། །
436	line-end	12		དེ་ལ་བསྐྱེད་པ་ལ་ཡང་ལྟེ་བར་ནི་སྣ་ཚོགས་པདྨའོ། །
437	verse-stanza	31		གཏུམ་མོ་ནི་རང་གི་རིག་མའོ། །↵ཨཱ་ལི་ཟླ་བ་ཅན་རྡོ་རྗེ་སེམས་དཔའོ། །↵འབར་བ་ནི་དེ་གཉིས་
438	terminal-particle	7		རྡོ་རྗེ་སེམས་དཔའ་ལ་ཡོད་པའོ། །
439	terminal-particle	14		སྤྱན་ལ་སོགས་པ་ནི་འབྱུང་བ་ལྔ་སྟེ་རིག་མ་ལ་ཡོད་པའོ། །
440	terminal-particle	7		བསྲེགས་པ་ནི་ཆགས་པས་ཞུ་བའོ། །
441	terminal-particle	11		རི་བོང་ཅན་ནི་ཁུ་བའི་མིང་གི་རྣམ་གྲངས་སོ། །
442	terminal-particle	8		འཛག་པ་ནི་ཐིག་ལེ་བཞི་ཆད་པའོ། །
443	terminal-particle	5		ཧཾ་ནི་བསྐུལ་བའི་གླུའོ། །
444	terminal-particle	27		རྫོགས་པའི་རིམ་པ་ལ་གསུམ་སྟེ། གཞན་ལུས་ཤེས་རབ་ལ་བརྟེན་པ་དང་། རང་ལུས་ཐབས་དང་ལྡན་པ་དང
445	terminal-particle	15		དེ་ལ་ཤེས་རབ་ལ་བརྟེན་པ༌[^185]ཡང་ཙཎྜ་ལཱི་ཉི་མ། ཨཱ་ལི་ནི་ཟླ་བའོ། །
446	terminal-particle	15		ལྟེ་བ་ནི་རིན་པོ་ཆེའི་ཟེ་འབྲུ་དང་བྱ་རོག་གི་གདོང་ཅན་ནོ། །
447	terminal-particle	7		འབར་པ་ནི་ཆགས་པས་བསྐྱེད་པའོ། །
448	terminal-particle	16		དེ་བཞིན་གཤེགས་པ་ལྔ་ནི་ལུས་ཅན་གྱིས་བསྡུས་པ་བཅུད་ཀྱི་འཇིག་རྟེན་ནོ། །
449	terminal-particle	14		སྤྱན་ལ་སོགས་པ་ནི་འབྱུང་བས་བསྡུས་པ་སྣོད་ཀྱི་འཇིག་རྟེན་ནོ། །
450	terminal-particle	13		བསྲེགས་པ་ནི་ཐ་མལ་པ་མི་དམིགས་པར་འཇུ་བར་བྱེད་པའོ། །
451	terminal-particle	6		རི་བོང་ཅན་ནི་ཞུ་བའོ། །
452	terminal-particle	10		ཧཾ་ནི་བདེ་བ་ཆེན་པོའི་གནས་ལ་ཡོད་པའོ། །
453	terminal-particle	7		འཛག་པ་ནི་དེ་ལ་རྒྱུ་བའོ། །
454	terminal-particle	42		རང་ལུས་ཐབས་ཀྱི་བསྒོམ་པ་རྩ་དང་འཁོར་ལོར་གནས་པ་དེ་ཡང་ལྟེ་བར་ཨཾ་ལས་རླུང་དང་མེ་སྦར་ཏེ
455	line-end	129		མགྲིན་པར་སྤྱན་ལ་སོགས་པ་ཡང་རྣམ་པ་དང་། དོན་དང་མིང་རྣམས་བསྲེགས་ནས་སྨིན་ཕྲག་ནས་བྱུང་
456	terminal-particle	17		གཉིས་མེད་ཕྱག་རྒྱ་ཆེན་པོ་ཡང་ཙཎྜ་ལཱི་ནི་སྤྲོས་པའི་རང་བཞིན་ལ་གཏུམ་པའོ། །
457	terminal-particle	14		ཨཱཾ་ལཱི་ནི་མོ་རྟགས་ཏེ་ཤེས་རབ་ལྷ་མོ་བླ་ན་མེད་པའོ། །
458	terminal-particle	24		ལྟེ་བ་ནི་སའི་དཀྱིལ་འཁོར་སྤྲུལ་པའི་འཁོར་ལོ་དང་ནམ་མཁའི་དཀྱིལ་བདེ་ཆེན་གྱི་འཁོར་ལོ་ལ
459	terminal-particle	12		འབར་བ་ནི་མཆོག་གི༌[^191]དབང་པོ་དང་བའམ། ཡེ་ཤེས་རང་འབར་བའོ། །
460	terminal-particle	31		དེ་བཞིན་གཤེགས་པ་ལྔ་བསྲེགས་པ༌[^192]ནི་སེམས་ཡོངས་སུ་རྫོགས་པ་ཡེ་ཤེས་ལྔའི་རང་བཞིན་ཡང
461	terminal-particle	11		སྤྱན་ལ་སོགས་པ་ནི་ལུས་རྫོགས་པ་འབྱུང་བ་ལྔའོ། །
462	terminal-particle	16		བསྲེགས་པ་ནི་ཞུ་བའི་ཐིག་ལེར་དབྱེར་མེད་པས་རྡོ་རྗེ་སེམས་དཔར་གྱུར་པའོ། །
463	terminal-particle	15		རི་བོང་ཅན་ནི་རྡོ་རྗེ་སེམས་དཔའ་ཉིད་ཀྱི་མིང་གི་རྣམ་གྲངས་སོ། །
464	terminal-particle	12		ཧཾ་ནི་བདེ་བ་ལྷན་ཅིག་སྐྱེས་པའི་རླུང་དང་བཅས་པའོ། །
465	terminal-particle	13		འཛག་པ་ནི་ནང་དུ་འབར་བ་སྟེ་བདེ་གསལ་མི་རྟོག་པའོ། །
466	line-end	33		ལེའུའི་མཚན་ཡང་ཕྱོགས་རེ་རེ་ནས་བརྟགས་པ༌[^193]ཕལ་ཆེར་ཡིན་ཡང་འདིར་ནི་ཀུན་ལ་སྦྱར་ཏེ་ད
467	verse-stanza	27		དེས་ན་རྡོ་རྗེ་ནི་དགྱེས་པའི་རྡོ་རྗེའོ། །↵རིགས་ནི་འཁོར་ལ་སོགས་པའི་ཡན་ལག་གོ། །↵ལེའུ
468	terminal-particle	8		སྟོན་པ་ལ་སོགས་པ་རྣམ་པར༌[^195]ཕྱེ་བའོ། །
469	terminal-particle	11		ཡང་ཞུས་པ་དང་ལན་གྱིས་རྡོ་རྗེ་ནི་སྟོན་པའོ། །
470	terminal-particle	13		རིགས་ནི་རྡོ་རྗེ་སྙིང་པོ་སྟེ་དེས་ན་སྙིང་རྗེའི་རིགས་སོ། །
471	terminal-particle	22		[^196]ལེའུ་ནི་པ་ར་ཙྪེ་ད་སྟེ་ཡོངས་སུ་གཅོད་ཅིང་གཏུབས༌[^197]ནས་ཞུས་ཏེ། བཅད་ཅིང་གཏུབ
472	terminal-particle	19		ཡང་རྒྱུད་ཀྱི་ཚུལ་ཡང་དམིགས་པའི་ཡུལ་ལྟ་སྟངས་ལ་སོགས་པ་དངོས་གྲུབ་ཡིན་པས་རྡོ་རྗེའོ། །
473	terminal-particle	9		དེ་བསྒྲུབ་པའི་རྣལ་འབྱོར་པ་ནི་རིགས་སོ། །
474	terminal-particle	32		ལེའུ་ནི་པ་ཏ་ལ་སྟེ་སྲ་བ་དང་། སྐྱོབ་པས་གོས་དང་འདྲ་བར་འཚེ་བ་དང་ངོ་ཚ་སྐྱོབ་ཅིང་སྲུང༌
475	terminal-particle	12		ཡང་ཉམས་སུ་བླང་བའི་ཐབས་ཀྱང་རྡོ་རྗེ་ནི༌[^201]རྫོགས་རིམ་མོ། །
476	line-end	5		རིགས་ནི་སྐྱེད་རིམ་མོ། །
477	verse-stanza	20		ལེའུ་ནི་རྣམ་པར་ཕྱེ་སྟེ་བསྟན་པའོ། །↵དང་པོ་ནི་གཞན་ལ་ལྟོས་པའམ།↵ཕྲ་མ་ཐ་སྟེར་བ་མཆོག་ག
478	line-end	14		ལེའུ་དང་པོ་རྡོ་རྗེ་རིགས་ཀྱི་ལེའུའི༌[^202]དོན་ཡི་གེར་བྲིས་པ་རྫོགས་སོ།། །།
479	terminal-particle	27		དེ་ནས་ཉམས་སུ་བླང་བའི་ཐབས་བསྐྱེད་པའི་རིམ་པ་དང་རྫོགས་པའི་རིམ་པ་དང་རིམ་པ་གཉིས་བསྡོམ
480	terminal-particle	11		དེ་ལ་ལེའུ་གཉིས་པ་ནི་བསྐྱེད་པའི་རིམ་པའི་རྒྱུའོ། །
481	ordinal-open	5		གསུམ་པ་ནི་ངོ་བོའོ། །
482	ordinal-open	7		བཞི་པ་ནི་འབྲས་བུ་རྫོགས་པའོ། །
483	ordinal-open	10		ལྔ་པ་ནི་རྫོགས་པའི་རིམ་པའི་ལྷ་བསྒོམ་མོ། །
484	ordinal-open	5		དྲུག་པ་ནི་སྤྱོད་པའོ། །
485	ordinal-open	12		བདུན་པ་ནི་འབྲས་བུའི་ཡོན་ཏན་ནམ་དེའི་ཡན་ལག་གོ། །
486	verse-stanza	19		བརྒྱད་པ་ནི་རིམ་པ་གཉིས་ཀའི་གཞིའམ༌[^203]མ་རྟེན་ནོ། །↵དགུ་པ་ནི་རིམ་པ་གཉིས་དག་པའི་ཚུ
487	line-end	15		བཅུ་པ་ནི་རིམ་པ་གཉིས་དབང་ལམ་དུ་བྱེད་པས་རྒྱུད་ལ་སྐྱེ་བའོ། །
488	verse-stanza	18		དོན་གྱི་གོ་རིམས་གཉིས་པར་འོང་ངོ་། །↵དེ་དག་ནི་ལམ་ཉམས་སུ་བླང་བའི་ཐབས་སོ། །
489	terminal-particle	13		བཅུ་གཅིག་པ་ནི་ཉམས་སུ་བླང་བའི་འབྲས་བུར་ཤེས་པར་བྱའོ། །
490	terminal-particle	29		དེ་ལ་སྔགས་ཀྱི་ལེའུ་བཤད་པར་བྱའོ་ཞེས་སྡུད་པ་པོས༌[^204]མཚམས་སྦྱར་བ་ཡང་། སྔགས་ནི་མནྟ
491	quote-open	13		ཇི་སྐད་དུ། མ་ནི་ཡིད་ཅེས་བརྗོད་པ་སྟེ། ཏྲ་ཏ༌[^206]སྐྱོབ་པ་ཞེས་སུ༌[^207]གསུངས། །
492	quote-close	2		ཞེས་པའོ། །
493	terminal-particle	18		ཡང་ན་མ་མ་ནི་སྙིང་པོའམ་དེ་ཁོ་ན་ཉིད་ཏྲ་ཏ་སྟེ། བསྲུང་བའམ་མི་འབྲལ་བའོ། །
494	terminal-particle	18		ཡང་ཨ༌[^208]ཀཱ་རོའི་དོན་ལ་མོས་པར་བྱའོ་ཞེས་གསུངས་པའོ་ནི༌[^209]མནྟྲ་སྟེ་སྤྱན་འདྲེན་
495	line-end	15		ཡང་སྔགས་ནི་སྤྱན་འདྲེན་པར་གསུངས་པ་སྟེ། དཔེར་ན་སྐྱེས་ཆེན་འགའ་ཞིག་ལ།
496	verse-stanza	26		ཆེ་ལ་མྱུར་བའི་སྒྲས་བོས་ནས། །↵ཐོས་པ་ཙམ་གྱིས་འོངས་པ་བཞིན། །↵མཁའ་འགྲོ་མ་དང་བཙུན་མོ་
497	terminal-particle	6		ལེའུ་ནི་སྔ་མ་ལྟར་རོ། །
498	line-end	11		འདིར་བསྐྱེད་པའི་རིམ་པའི་རྒྱུར་ཇི་ལྟར་འགྱུར་ཞེ་ན།
499	verse-stanza	24		དེ་ཡང་སྙིང་པོ་དང་ལྷའི་སྔགས་སོ། །↵དེ་ལ་སྙིང་པོ་ནི་བསྐྱེད་པའི་རིམ་པའི་རྒྱུའོ། །↵ལྷ
500	terminal-particle	18		ལས་ཀྱི་སྔགས་ནི་ནུས་པ་ཐོབ་པར་བྱེད་པའི་རྒྱུ་ཡིན་པའི་ཕྱིར་སོམ་ཉི་མི་བྱའོ། །
501	terminal-particle	22		དང་ལ༌[^210]གཏོར་མའི་སྔགས་བསྟན་པ་ཡང་གཏོར་མ་ནི་ལས་རྣམས་སྒྲུབ་པའི་སྔོན་དུ་འགྲོ་བ་ཡི
502	terminal-particle	20		དེ་ལ་ཨོཾ་ཨ༌[^211]ཀཱ་རོ་ནི༌[^212]ཝ་ར་ཎ་སྟེ་ཨ་ཨརྠ་ནི་དོན། །ཨུ་ཧ་བི་ག་ཏ་དོན་དང་བྲལ༌
503	line-end	30		མ་མ་ནི་སེམས་ཙམ། ཨ་ཨ་ཀར་ཎ་རྣམ་པ། ཨུ་ཧ་བི་ཀ་ཏ་རྣམ་པ་དང་བྲལ་བ། མ་མ་ནི༌[^214]སེམས་ཙམ
504	terminal-particle	43		ཡང་ཨོཾ་ནི་ཨ༌[^215]སྟེ་བརྗོད་བྱའི་ཆོས་གཟུགས་ནས་རྣམ་པ་ཐམས་ཅད་མཁྱེན་པའི་བར་རྗོད་བྱེ
505	terminal-particle	6		སརྦ་དྷརྨ་ནི་ཆོས་ཅན་ནོ། །
506	terminal-particle	13		ཨ་ཀཱ་རོ་མུ་ཁཾ་ནི་ཨའི་སྒོ་ཅན་དུ་དམ་བཅའ་བའོ། །
507	terminal-particle	16		ཨཱདྱ་ནུཏྤནྣ་ཏྭཱ་ཏ་ནི་ཐོག་མ་ཉིད་ནས་མ་སྐྱེས་པའི་ཕྱིར་ཏེ། གཏན་ཚིགས་སོ། །
508	terminal-particle	7		ཨོཾ་ཨཱཿཧཱུཾ་ནི་བྱིན་གྱིས་བརླབ་པའོ། །
509	line-end	11		ཕཊ་ནི་མི་མཐུན་པའི་བགེགས༌[^217]ཞི་བར་བྱེད་པའི་ཕྱིར་རོ། །
510	verse-stanza	16		སྭཱ་ཧཱ་ནི་ཞེས་པས་གཞི་འཛུགས་པའོ། །↵འབྱུང་པོ་ཐམས་ཅད་ནི་འགྲོ་བ་ཀུན་ནོ། །
511	terminal-particle	14		གཏོར་མ་ནི་བ་ལིཾ་སྟེ། ཚོགས་གཉིས་དང་ལྡན་པས་སྟོབས་སུ་འགྱུར་བའོ། །
512	terminal-particle	3		དེའི་སྔགས་སོ། །
513	terminal-particle	36		དེ་བཞིན་གཤེགས་པ་རྣམས་ནི་རྣམ་པར་སྣང་མཛད་དང་། སྣང་བ་མཐའ་ཡས་དང་རིན་ཆེན་འབྱུང་ལྡན་དང
514	terminal-particle	64		དེ་དག་ཀྱང་ཅི་ལ་དགོངས་ཤེ་ན། གཏུམ་མོ་འབར་བས༌[^218]ས་བོན་དང་དབང་བསྐུར་བའི་རིགས་ཀྱི་
515	terminal-particle	15		དེ་ཝ་པི་ཙུ་བཛྲ་ཧཱུཾ་ཧཱུཾ་ཧཱུཾ་ཕཊ་སྭཱ་ཧཱ། ཀྱེའི་རྡོ་རྗེའི་སྙིང་པོའོ། །
516	line-end	14		ཉོན་མོངས་པ་དང་རྣམ་པར་རྟོག་པའི་ཟུག་རྔུ་ཞི་བས་དེ་ཝའོ། །
517	verse-stanza	25		རས་བལ་ལྟར་འཇམ་པས་ན་པི་ཙུའོ། །↵སྐུ་གསུང་ཐུགས་ཧཱུཾ་གསུམ་མོ། །↵ཐུགས་སྐུལ་བར་བྱེད་པས
518	terminal-particle	9		འབྲས་བུ་བདེ་བ་ཆེན་པོའི་སྐུ་བསྐྱེད་པའོ། །
519	terminal-particle	24		སྔགས་ཐམས་ཅད་ཀྱི་རྐང་པ་ནི་ཞེས་བྱ་བ་ལ་སོགས་པ༌[^220]ནི་དགྱེས་པའི་རྡོ་རྗེའི་སྔགས་རྣམ
520	terminal-particle	4		ཧཱུཾ་ཕཊ་བར་དུའོ། །
521	line-end	15		སྭཱ་ཧཱ་ཐ་མར་གཞག་པ་ནི་གདུལ་བྱ་རྣམ་པ་གསུམ་དུ་ངེས་ཏེ།
522	verse-stanza	28		ཨོཾ་གྱིས་ནི་གདུལ་བྱ་ཞི་བའི་རྗེས་སུ་འཛིན་པའོ། །↵ཧཱུཾ་ཕཊ་ཀྱིས་ནི་མ་རུངས་པ་ཚར་གཅོད་
523	terminal-particle	16		ཨ་ཀ་ཙ་ཊ་ཞེས་པ་ནི་གྲོང་ཁྱེར་དཀྲུག་པ་སྟེ་ཕྱི་དང་ནང་གིའོ། །
524	terminal-particle	45		ཕྱི་ནི་ལས་ཀྱི་གཙོ་བོ་སྟེ། སྔོན་དུ་དགྱེས་པའི་རྡོ་རྗེའི་བསྙེན་པ་རྫོགས་ནས་ལས་ཀྱི་བས
525	terminal-particle	39		སྒྲུབ་པ་ནི་འོད་ཟེར་དེས་རྡོ་ཁབ་ལེན་གྱི་ཚུལ་དུ་གྲོང་ཁྱེར་བའི་ལུས་ངག་ཡིད་གསུམ་རྡོ་ཁ
526	terminal-particle	5		ཌོཾ་བི་བ་ལྟ་བུའོ། །
527	terminal-particle	25		ནང་གི་ནི་སྙིང་གར་ཐིག་ལེ་བརྒྱད་བསྒོམས་ལ། དེ་ལ་སེམས་ཟིན་པ་དང་ཕྱིའི་དབང་པོ་དྲུག་གི་
528	line-end	17		གཞན་གྱི་སྔགས་ཀྱིས་མི་འགྲུབ་པོ་ཞེ་ན། དེའི་ཕྱིར༌[^221]རྣལ་འབྱོར་མ་རྣམས་ཀྱིས་ཀྱང་ངོ
529	terminal-particle	9		དེ་ལ་གཉིས་ཏེ། རིམ་དང་ཅིག་ཅར་བའི༌[^222]བཟླས་པའོ། །
530	terminal-particle	15		རིམ་གྱིས་པ་ནི། ཨོཾ་ཨཱཿཨཾ་ཧཱུཾ་ཕཊ་སྭཱ་ཧཱ་ཞེས་བདག་མེད་མ༌[^223]ལ་འབུམ་མོ། །
531	terminal-particle	17		དེ་བཞིན་དུ་དེ་ཉིད་གསུམ་གྱི་སྤེལ་ལ་ལྷ་མོ་ཀུན་ལ་ཁྲི་ཁྲིར་སྦྱར་རོ། །
532	line-end	24		ཅིག་ཅར་བ་ནི་ཨོཾ་ཨཱཿནས་སྔགས་ཀུན་ལ་ཧཱུཾ་ཕཊ་སྭཱ་ཧཱ་ཞེས་གཙོ་མོ་དང་འཁོར་ལ་གྲངས་སྔ་མ་བ
533	verse-stanza	28		ས་བོན་སྦྱོར་བ་ནི་འོག་ནས་འཆད་པའོ། །↵ཏྲཻ་ལོཀྱཱ་ཀྵེ་པ་ནི་འཇིག་རྟེན་གསུམ་གཡོས་ཤིག་པའ
534	terminal-particle	5		གཞན་སྔ་མ་བཞིན་ནོ། །
535	terminal-particle	13		ཛྭ་ལ་ཛྭ་ལ་ནི་དོན་ནམ་རྣམ༌[^224]པར་རྟོག་པ་ལ་འབར་བའོ། །
536	terminal-particle	4		བྷྱོ་ནི་ཚིམ་པའོ། །
537	terminal-particle	12		ཕྱག་བཞི་པའི་ནི་མཆོག་དགའི་རྟེན་ཅན༌[^225]ལོངས་སྤྱོད་རྫོགས་པའི་སྐུའོ། །
538	terminal-particle	14		ཀི་ཊི་ཀི་ཊི་ཞེས་བྱ་བ་སྟེ་མི་མཐུན་པ་ཆོད་ཅིག་པའོ། །
539	terminal-particle	12		ཕྱག་དྲུག་པའི་ནི་དགའ་བྲལ་གྱི་རྟེན་ཅན་སྤྲུལ་པའི་སྐུའོ། །
540	line-end	14		ཨོཾ་ནི་ཨ་ཡིག་དང༌[^226]ཨུ་ཡིག་དང་ཧཾ་ཡིག་སྟེ་སྟོང་པ་ཉིད་དོ། །
541	verse-stanza	11		ཨ་ནི་མཚན་མ་མེད་པའོ། །↵ཧཱུཾ་ནི་སྨོན་པ་མེད་པའོ། །
542	terminal-particle	26		བསྙེན་སྒྲུབ་ཀྱི་ལྷ་བསྐྱེད་པའི་དུས་སུ་སྐུ་གསུང་ཐུགས་བྱིན་གྱིས་བརླབ་པ་དང་བཟའ་བཏུང་
543	terminal-particle	35		ཨོཾ་རཀྵ་ཞེས་བྱ་བ་ནི་ས་སྦྱོང་བའི་སྔགས༌[^227]ཏེ་གནས་སྐབས་རྣམ་པ་གསུམ་དུ་འགྱུར་ཏེ། བ
544	terminal-particle	121		ཨོཾ་ཧཱུཾ་སྭཱ་ཧཱ་རེངས་པའོ་ཞེས་པ་ནི་སྔར་དགྱེས་པའི་རྡོ་རྗེ་དཔའ་བོ་གཅིག་པའམ་དཀྱིལ་འཁ
545	terminal-particle	13		དེ་བཞིན་དུ་རྣལ་འབྱོར་མ་རེ་རེ་དང་སྔགས་རེ་རེར༌[^231]སྦྱར་རོ། །
546	terminal-particle	41		ཨ་ཕུཿཞེས་པ་ནས༌[^232]ཆར་དབབ་པ་སྟེ། འདིའི་དོན་བསྙེན་པ་དང་ཉེ་བའི་བསྙེན་པ་དང་། སྒྲུབ
547	terminal-particle	20		ཉེ་བའི་བསྙེན་པ་ནི་ཨོཾ་གུ་རུ་ཞེས་པ་ནས་ཧཱུཾ་ཕཊ་སྭཱ་ཧཱ་གོང་མ་ཚོ་སྦྱར་རོ། །
548	terminal-particle	120		དེ་ལ་མཚན་མ་ཐོབ་པས་སྒྲུབ་པ་བྱ་སྟེ། རླུང་གི་ཕྱོགས་སུ་རྫིང་བུ་བྱས། །ཞེས་པར་སྦྱར་ཏེ་
549	line-end	20		མ་གྲུབ་ན་སྤོགས་པ་ནི་སྔགས་བཟློག་སྟེ་བཟླས༌[^242]ཞེས་པ་ཡི་གེ་བཟློག་སྟེ་ཕཊ་ཅེས་མས་བཟ
550	line-end	17		དེ་བཞིན་དུ་བསྙེན་པ་དང་སྒྲུབ་པ་དང་སྒྲུབ་པ་ལས་ལ་སྦྱར་བ་གོ་སླའོ། །
551	verse-stanza	21		ལྷ་དགས་པ་ལ་གཉིས་ཏེ་ཕྱི་དང་ནང་ངོ་། །↵ཚངས་པའི་ས་བོན་ནི་པ་ལ་ཤ་རྒྱ་སྐྱེགས་སོ། །
552	terminal-particle	12		རྒྱལ་ལ་སྒྲུབ་པ་ནི་སྐར་མ་རྒྱལ་གྱི་ཉིན་པར་རོ། །
553	terminal-particle	8		ཀུ་ཥཱ་རཙྪིནྣ་ནི་རྩྭ༌[^243]སྟ་རེས་གཅོད་པའོ། །
554	terminal-particle	18		ཉི་མ་གཟས་ཟིན་པ་ནི་ཟླ་བ་བདུན་བདུན་ལ་གླིང་འདིའམ། གཞན་དུ་གཟའ་ཡིས་ཟིན་པའོ། །
555	terminal-particle	64		མི་བསྐྱོད་པ་བཏགས༌[^244]ཤིང་བྱ་བ་ནི། དེ་ཡིས་སྦྲུས༌[^245]ལ། དགྲ་སྟའི་གཟུགས་ཅིག༌[^2
556	terminal-particle	7		བསྙེན་པ་ནི་སྔ་མ་བཞིན་ནོ། །
557	line-end	12		ནང་ནི་ཚངས་པའི་ས་བོན་ནི་བྱང་ཆུབ་ཀྱི་སེམས་སོ། །
558	verse-stanza	20		རྒྱལ་ལ་སྒྲུབ་པ་ནི་ལྷན་ཅིག་པའི་དུས་སོ། །↵ཀུ་ཥཱ་ར་ཙྪིནྣ་ནི་བྱང་ཆུབ་སེམས་ཀྱི་རིམ་གྲ
559	terminal-particle	6		མི་བསྐྱོད་པ་བཏགས་པ༌[^249]ནི་བརྡུང༌[^250]བའོ། །
560	terminal-particle	12		ཉི་མ་གཟས་ཟིན་པ་ནི་རང་བྱུང་གི་མེ་ཏོག་གོ། །
561	terminal-particle	20		དགྲ་སྟ་ནི་གཅོད་པས་ན་དགྲ་སྟ་སྟེ་རྐང་པས་མནན་པ་དང་འདྲ་བ་སྟེ། འོག་ཏུ་འཇོམས་པའོ། །
562	terminal-particle	32		བཟླས་པ་ནི་ཡང་དང་ཡང་དུ་བསྒོམ་པ་སྟེ། ལྷ་གང་ལ་ཕྱག་བྱས་པ་ནི་དངོས་པོ་གཟུགས་ལ་སོགས་པ་ད
563	terminal-particle	10		ལྷག་མ་རྣམས་ནི་གོ་སླ་བས་མ་བཤད་དོ། །
564	terminal-particle	26		རྡོ་རྗེ་མ་དང་ཞེས་བྱ་བ་ལ་སོགས་པ་གོང་གི་རེངས་པ་ལ་སོགས་པའི་རྣལ་འབྱོར་མ༌[^252]རེ་རེ་
565	terminal-particle	16		བརྟུལ་ཞུགས་ཅན་ཞེས་པ་སྟེ་བསྐྱེད་པའི་རིམ་པ་ལ་མཚན་མ་ཐོབ་པར་བྱའོ། །
566	terminal-particle	16		རྫོགས་པའི་རིམ་པ་ལ་རང་གི་ཉམས་ཐོབ་ནས་བག་ཚ་བ་མེད་པས་བྱའོ། །
567	terminal-particle	11		ལེའུའི་མཚན་མ་ཡང་།[^254] སྔ་མ༌[^255]ལྟར་ཅི་རིགས་པར་སྦྱར་རོ། །
568	terminal-particle	3		ལེའུ་གཉིས་པའོ།། །།
569	line-end	1		[^256]
570	line-end	17		དེ་ནས་ལྷའི་ལེའུ་བཤད་པར་བྱ་ཞེས་པ་ནི་ལྷ་སྟེ། ལུས་ལས་བྱུང་བ་དང་།
571	verse-stanza	12		བདེ་བ་ལ་རོལ་བ་སྟེ་ལྷའོ། །↵རྒྱུན༌[^257]ཞི་བའི་དོན་གྱིས་ན་ལྷའོ། །
572	terminal-particle	17		དེའི་རིམ་པ་ཡང་གཉིས་ཏེ་ཕྱག་གཉིས་པ་ལ་བཤད་པ་དང་གཞན་ལ་སྦྱར་བའོ། །
573	terminal-particle	17		བཤད་པ་ལ་ཡང་གཉིས་ཏེ། དཔའ་བོ་གཅིག་པ་བསྐྱེད་པ་དང་། དཀྱིལ་འཁོར་གྱི་འཁོར་ལོའོ། །
574	terminal-particle	214		དེ་ལ་དཔའ་བོ་གཅིག་པ་ནི། དེ་ལ་སྒྲུབ་པོ་ཕུན་སུམ་ཚོགས་པ་དང་ལྡན་པས་རང་གི་སྙིང་ག་ལ་སོག
575	terminal-particle	15		དེ་ལ་མཆོད་པ་ཕྱི་ནང་གསང་བ་དེ་ཁོ་ན་ཉིད་ཀྱིས་མཆོད་དོ། །
576	terminal-particle	9		ཕྱི་ནི་སྤོས་དང་མེ་ཏོག་ལ་སོགས་པའོ། །
577	terminal-particle	41		ནང་གི་ལྷ་མོ་བརྒྱད་པོ་རྣམས་ཀྱིས་མཆོད་དེ།[^260] །དཀར་མོ་རི་དགས་མཚན་མ་འཛིན། །ཞེས་པ་
578	terminal-particle	18		ལག་པ་ཞེས་པ་དང་། སྣོད་ཅེས་པ་དང་འཛིན་པ་ཞེས་གོང་འོག་ཀུན་ལ་སྦྱར་རོ། །
579	terminal-particle	9		བདུད་ལས་རྒྱལ་བ་ནི་རང་བྱུང་གི་རཀྟའོ། །
580	terminal-particle	4		ཆུ་ནི་དྲི་ཆུའོ། །
581	terminal-particle	5		སྨན་ནི་དྲི་ཆེན་ནོ། །
582	terminal-particle	6		རྡོ་རྗེ་ནི་ཤ་ཆེན་ནོ། །
583	terminal-particle	15		རོ་ནི་སྦྲང་རྩི་སྟེ་མཚོན་པས་ཆང་ངོ་། །ཅང་ཏེའུ་ནི་ཕྱིའི་མཆོད་པའོ། །
584	terminal-particle	79		འདོད་ཆགས་ཆེན་པོ་རྗེས་ཆགས་ཞེས་པ་ནི་གསང་བའི་མཆོད་པ་སྟེ། འདོད་ཆགས་ཆེན་པོ་ནི་གཙོ་བོའ
585	terminal-particle	18		དེའི་དུས་སུ་བདེ་བའི་རོ་ཉམས་སུ་མྱོང་བ་ནི་དེ་ཁོ་ན་ཉིད་ཀྱི་མཆོད་པའོ། །
586	line-end	10		དེའི་མདུན་དུ་བདུན་རྣམ་དག་བྱ་སྟེ། དེ་སྐད་དུ།
587	verse-stanza	14		བླ་མ་རྡོ་རྗེ་འཆང་མཆོད་ཅིང་། །↵བདུན་པ་ཡོངས་སུ་དག་པར་བྱ། །
588	quote-close	3		ཞེས་གསུངས་སོ། །
589	terminal-particle	48		དེ་ནས་དང་པོར་བྱམས་པ་ལ་སོགས་པ་ཚིགས་སུ་བཅད་པ་གཅིག་གིས་ཚོགས་རྒྱས༌[^263]འདེབས་ཏེ། ཚི
590	terminal-particle	16		ངེས་པའི་ཚིག་ནི་དམིགས་པ་ཚད་མེད་པས་སམ། འབྲས་བུ་ཚད་མེད་ཐོབ་པས་སོ། །
591	line-end	28		དབྱེ་བ་གོ་རིམས་ངེས་པ་ནི་སྐྱེ་བའི་གོ་རིམས་ཏེ། བྱམས་པ་ནི་བརྩེ་བ་དང་ལྡན་པ་ལས༌[^265]
592	terminal-particle	29		དམིགས་པའི་ཡུལ་ནི་བདེ་འགྲོ་དང་ངན་འགྲོ་དང་། ཉན་ཐོས་དང་རང་སངས་རྒྱས་དང་། སེམས་ཅན་ནས་
593	line-end	12		བསྒོམ་པའི་ཐབས་ནི་ཆེ་འབྲིང་རྣམ་པ་དགུ་རུ་ཕྱེ་སྟེ།
594	ordinal-open	30		དང་པོ་བྱམས་པ་ཞེས་པ་བཤེས་འབྲེལ་ལྟ་བུ་སྟེ། རང་གི་སྙིང་དུ་བཅུག་པ་གཅིག་ལ་བྱམས་པ་སྐྱེ
595	terminal-particle	19		ཡང༌[^266]ཐ་མལ་པ་རབ་འབྲིང་གསུམ་དང་དགྲ་རབ་འབྲིང་གསུམ་དུ་སེམས་ཅན་ཐམས་ཅད་ལ་བསྒོམ་མོ།
596	terminal-particle	29		ཡང་དེ་བཞིན་དུ་སྡུག་བསྔལ་ཆེ་འབྲིང་དགུ་དང་ཟག་པ་མེད་པ་བླ་ན་མེད་པའི་བདེ་བ༌[^267]རབ་འ
597	terminal-particle	17		བཏང་སྙོམས་ནི་དགའ་བའི་སྣོད་དུ་བསྒོམ་པའམ་ཡང་ན་དམིགས་པ་མེད་པར་བསྒོམ་མོ། །
598	terminal-particle	51		སྟོང་པ་ཉིད་སྔགས་དང་བཅས་པ་ཡེ་ཤེས་ཀྱི༌[^268]ཚོགས་བསགས་ལ། [^269]ཡང་ན༌[^270]སྟོང་པའི
599	line-end	50		མདུན་དུ་རེ་ཕ་ཉི་མ་ལ། །ཞེས་པ་ལ༌[^274]སོགས་པ་ཚིགས་སུ་བཅད་པ་གཉིས་ཀྱིས་རྟེན་བསྒྲུབས༌
600	verse-stanza	24		འོག་ཀྱང་རྡོ་རྗེའི་ས་གཞིའོ། །↵ཆོས་ཀྱི་འབྱུང་གནས་ནི་བསྒོམས༌[^276]ན་ཡང་སྒོམ།↵མ་བསྒོ
601	line-end	12		ད་ནི་བརྟེན་པ༌[^277]ལྷ་བསྒོམ་པ་ནི་རྡོ་རྗེ་རྣམ་བཞིས་བསྐྱེད།
602	verse-stanza	15		ཡང་ནི་སྟེ༌[^278]ཡེ་ཤེས་ཀྱི་ཚོགས་ལ་ལྟོས་པའོ། །↵སྟོང་པ་སྟེ་ཆོས་ཉིད་དང་།
603	terminal-particle	6		བྱང་ཆུབ་སྟེ་ཡེ་ཤེས་སོ། །
604	terminal-particle	14		དེ་ནས་གཉིས་པ་ལ་ས་བོན་བསྡུ་བ་ནི་ཧཱུཾ་ལས་བྱུང་བའོ། །
605	ordinal-open	15		གསུམ་པ་ལ་གཟུགས་བརྙན་རྫོགས་པའོ།[^279] །རྡོ་རྗེ་ནི་ཁ་དོག་ནག་པོ་འཇིགས༌[^280]ཆེན་ནོ།
606	ordinal-open	9		བཞི་པ་ལ་ནི་ཡིག་འབྲུ་དགོད་པ་ནི།
607	verse-stanza	13		རྡོ་རྗེའི་ལྟེ་བའི་དབུས་གནས་པར། །↵ཡང་ནི་ཧཱུཾ་གི་དེ་ཉིད་བསྒོམ། །
608	terminal-particle	22		དེ་ལས་ཅིར་འགྱུར་ཞེ་ན། ཧཱུཾ་གི་རྣམ་པར་གྱུར་པ་ལ་སོགས་པ་ཚིགས་སུ་བཅད་པ་ཕྱེད་དང་གཉིས་
609	terminal-particle	23		སེམས་དཔའ་སུམ་བརྩེགས༌[^282]བསྒོམ། རང་འདྲ་བའི་ཡེ་ཤེས་པ་དགུག །སྐྱེ་མཆེད༌[^283]བྱིན་
610	line-end	30		དབང་བསྐུར་བ་ནས་མཆོད་བསྟོད་བདུད་རྩི་མྱང་བ་བྱས་ལ། རྫོགས་པའི་རིམ་པ་ཅུང་ཟད་བསྒོམ། །ས
611	verse-stanza	17		དམ་ཚིག་པ་རང་ལ༌[^285]བསྡུས་ལ་སྤྱོད་ལམ་བྱའོ། །↵དེ་བཞིན་དུ་ཐུན་བཞིའི་རིམ་པ་བསྒོམ་མོ
612	terminal-particle	16		དཀྱིལ་འཁོར་གྱི་འཁོར་ལོ་སྣ་ཚོགས་དང་རྟེན་བསྒྲུབ་པ་ནི་སྔ་མ་ལྟར་རོ། །
613	terminal-particle	49		རྟེན་ལ་ཁྱད་པར་འདི་ཡོད་དེ། གུར་བཅིངས་པ༌[^286]ཡང་རྣམ་པར་བསྒོམ་གྱི་ཚིགས་སུ་བཅད་པ་དང
614	terminal-particle	42		དེ་ནས་ཨཱ་ལི་ཟླ་བ་ཀཱ་ལི་ཉི་མ་ལ་སོགས་པ་ཚིགས་སུ་བཅད་པ་གཉིས་ཀྱིས་ཆོ་ག་བསྟན་པ་ནི། ཨཱ་
615	line-end	19		ཀཱ་ལི་ལས་ཉི་མ་བསྒོམས་པ༌[^289]ནི་མཉམ་པ་ཉིད་ཀྱི་ཡེ་ཤེས་ལས་མངོན་པར་བྱང་ཆུབ་པའོ། །
616	verse-stanza	13		ས་བོན་ནང་དུ་སོན་གྱུར་པ། །↵དེ་ཉིད་སེམས་དཔའ་ཞེས་བྱར་བརྗོད། །
617	line-end	21		ཅེས་པ་ནི་ཧཱུཾ་ལས་རྡོ་རྗེར་གྱུར་པ་ནི་སོ་སོར་རྟོག་པའི༌[^290]ཡེ་ཤེས་ལས་མངོན་པར་བྱང་
618	verse-stanza	19		ནམ་མཁའི་དཀྱིལ་འཁོར་ཁྱབ་པར་ནི། །↵རང་གི་ལུས་མཚུངས་རྣམ་པར་སྤྲོ། །↵བསྡུས་ནས་སྙིང་གར་
619	terminal-particle	13		བྱ་བ་ནན་ཏན་གྱི་ཡེ་ཤེས་ལས་མངོན་པར་བྱང་ཆུབ་པའོ། །
620	terminal-particle	38		རང་གི་ལུས་མཚུངས་རྣམ་པར་སྤྲོ་བ་ནི་དོན་དེ་བཞིན་གཤེགས་པ་ཡིན་ཡང་རྣམ་པ་ལྷ་མོར་སྤྲོ༌[^
621	terminal-particle	20		དེ་རྣམས་ཡོངས་སུ་གྱུར་པ་ནི་བྱ་བ་ནན་ཏན་གྱི་ཡེ་ཤེས་ལས་མངོན་པར་བྱང་ཆུབ་པའོ། །
622	terminal-particle	23		ཡོ་གཱི་ཞེ་སྡང་བདག་ཉིད་གྱུར་པ་ནི་སྐུ་རྫོགས་པ༌[^293]ཆོས་ཀྱི་དབྱིངས་ཀྱི་ཡེ་ཤེས་ལས་མ
623	terminal-particle	37		འདིར་ནི་ལུགས་གཉིས་ཏེ། སྔོ་དང་ཉི་མ་མཚུངས་པ་ལ་སོགས་པ་གཙོ་བོ་བསྟན་པའམ། ཡང་ན་རྒྱུའི་
624	line-end	33		རྣལ་འབྱོར་མ་ལ་སོགས་པས་འཁོར་བསྟན་ཏེ། དེ་དག་གང་གིས་བསྐྱེད་ཅེ་ན། །ཧཱུཾ་གི་ཡི་གེ་འདོ
625	terminal-particle	76		ཡུམ་མེད་ན་སྙིང་གའི་ཧཱུཾ་ལས་ཡིག་འབྲུ་སྤྲོས་ཏེ། འཁོར་རྣམས་རྗེས་སུ་མཐུན་པའི་མངོན་པར
626	terminal-particle	13		ཕྱི་མ་ལྟར་ན་ཧཱུཾ་གི་ཡི་གེ་སྒྲོགས་པའི༌[^297]བདག་ཅེས་བརྗོད་དོ། །
627	terminal-particle	10		ཡུམ་ནི་མན་ངག་གིས་བདག་མེད་མ༌[^298]ལ་བཞེད་དོ། །
628	terminal-particle	44		དེ་ལ་སེམས་དཔའ་སུམ་བརྩེགས་བསྒོམ། ཡེ་ཤེས་ཀྱི་འཁོར་ལོ་དགུག་གཞུག་བྱ། སྐྱེ་མཆེད་བྱིན་
629	terminal-particle	66		རྫོགས་པའི་རིམ་པ་ཡང་ཅུང་ཟད་བསྒོམས་ཏེ།[^301] དག་པ་རྗེས་སུ་དྲན་པ་བྱ། སྔགས་བཟླས་གཏོར
630	terminal-particle	18		རོ་གནས་པའི་རིགས་པ་སྟེ། སྔར་གྱི་རོ་ཆོས་ཀྱི་དབྱིངས་ལ་གནས་པ་དེ་དུར་ཁྲོད་དོ། །
631	terminal-particle	11		འདིས་ནི་ཁམས་གསུམ་པ་བདག་མེད་པ་ཡང་མཚོན་ཏོ། །
632	line-end	21		སྤྱིར་མགོན་པོ་རོལ་པ་ནི་གསུམ་སྟེ། །ཐབས་ཀྱི༌[^303]རོལ་པ་དང་ཤེས་རབ་ཀྱི༌[^304]རོལ་པ་
633	verse-stanza	13		ཐབས་ནི་ཆོས་ཀྱི་འབྱུང་གནས་སོ། །↵ཤེས་རབ་ནི་དུར་ཁྲོད་དེ་རོའོ། །
634	terminal-particle	10		དབྱེར་མེད་ནི་རྟེན་དང་རྟེན་མེད༌[^305]པའི་དཀྱིལ་འཁོར་རོ། །
635	line-end	16		གཞན་ལ་སྦྱར་བ་ནི་ཕྱག་བཞི་པ་དང་དྲུག་པ་སྟེ། དེ་ལ་ཡང་གཉིས་ཏེ།
636	verse-stanza	28		དཔའ་བོ་གཅིག་པ་དང་དཀྱིལ་འཁོར་གྱི་འཁོར་ལོའོ། །↵དཔའ་བོ་གཅིག་པ་དང༌[^306]རྡོ་རྗེ་རྣམ་
637	terminal-particle	7		གཞན་ཐམས་ཅད་སྔ་མ་དང་འདྲའོ། །
638	line-end	21		དཀྱིལ་འཁོར་གྱི་འཁོར་ལོ་ནི་མངོན་པར་བྱང་ཆུབ་པ་ལྔ་ཡིས་རྡོ་རྗེ་འཆང་དུ༌[^308]བསྐྱེད། 
639	verse-stanza	13		འཁོར་བསྐྱེད་པ་སྔ་མ་དང་འདྲའོ། །↵ཕྱག་དྲུག་པ་ཡང་དེ་དང་འདྲའོ། །
640	terminal-particle	30		ཁམས་གསུམ་གྱི་རོ་མནན་པ་ཞེས་པ་ནི། ཁམས་གསུམ་ཀུན་དུ་བརྟགས་པ་སྟེ། མ་གྲུབ་པ་མཚོན། དཀྱི
641	terminal-particle	20		འདིས་ནི་ཆོས་ཀྱི་དབྱིངས་དང་དུར་ཁྲོད་ཀྱི་ཡང་གོང་གི་ཡང་མཚོན་པ་སྟེ་སྔ་མ་བཞིན་ནོ། །
642	line-end	3		ལེའུ་གསུམ་པའོ།། །།
643	line-end	11		ལྷ་དབང་བསྐུར་བའི་ལེའུ་བཤད་པར་བྱ་ཞེས་པ་ནི།
644	ordinal-open	37		དང་པོ་ཡིན་ཡང་གཉིས་པར་ཤེས་པར་བྱ་སྟེ་ལྷ་རྣམས་ལ་ཞེས་བདུན་པར་སྦྱར་བ་དང་། ལྷ་རྣམས་ཀྱི
645	terminal-particle	55		དབང་བསྐུར་བ་ནི་ཨ་བྷི་ཥིཉྩ་ཨ་བྷི་ཥེ་ཀ་ཏེ། དྲི་མ་འཁྲུད་པའམ་ནུས་པ་འཇོག་པས༌[^310]ན་ད
646	terminal-particle	28		ས་བོན་བསམ་ཞེས་པ་ནི་ཧཱུཾ་ངམ་ཨཾ་ངོ་། དེའི་འོད་ཟེར་ལྕགས་ཀྱུའི་རྣམ་པའི་གཟུགས་ཞེས་པ་ན
647	terminal-particle	8		དགུག་པའི་ཡོན་ཏན་དང་ལྡན་པས་སོ། །
648	terminal-particle	35		དེས་ཅི་བྱེད་ཅེ་ན་ཁམས་གསུམ་དུ་བཞུགས་པ་ལ་སོགས་པ་སྨོས་ཏེ། སྤྱན་དྲངས་པ༌[^312]ལ་རང་གི
649	terminal-particle	11		དེ་ནས་དེ་རྣམས་ཡོངས་སུ་གྱུར་ནས་དབང་བསྐུར་རོ། །
650	quote-close	14		དེས་ཅིར་གྱུར་ཞེ་ན། ཧེ་རུ་ཀ་ཡོངས་སུ་རྫོགས་པ་ཉིད་ཅེས་སོ། །
651	terminal-particle	56		དེ་ཡང་རྣམ་པར་བསྒོམ་པ་དང་བྱིན་གྱིས་བརླབས་པ༌[^314]བསྒོམ་ཞེས་པ་ནི་སྒྲུབ་ཐབས༌[^315]ལ
652	terminal-particle	8		ཐུན་གསུམ་ཞེས་པ་ནི་ཉིན་གཅིག་ལའོ། །
653	terminal-particle	11		ལངས་ཏེ་ཞེས་པ་ནི་གཙོ་བོའི་ང་རྒྱལ་གྱིས་སོ། །
654	line-end	17		ལྷའི་གཟུགས་སུ་གནས་སོ་ཞེས་བྱ་བ་འདིས༌[^319]ནི་རྫོགས་པའི་རིམ་པའི་སྤྱོད་ལམ་ཡང་གཟུང༌[
655	verse-stanza	15		དེ་གཉིས་ཀ་ཡང་འོག་ནས་འཆད་དོ། །↵ལེའུ་བཞི་པ་སྟེ་སྔ་མ་བཞིན་ནོ།། །།
656	terminal-particle	12		དེ་ནས་ཞེས་པ་ནི་བསྐྱེད་པའི་རིམ་པའི་རྗེས་ཐོགས་ལའོ། །
657	terminal-particle	21		དེ་ཁོ་ན་ཉིད་ཀྱི་ལེའུ་རྫོགས་པའི་རིམ་པ་བཤད་པར་འདོད་ནས་བཤད་པར་བྱའོ་ཞེས་མཚམས་སྦྱར་བའ
658	terminal-particle	31		དེ་ཁོ་ན་ཉིད་ཏཏྟྭ་སྟེ། དེ་བཞིན་དུ་རོ་གཅིག་པའམ། རང་བཞིན་ཇི་ལྟ་བ་ཉིད་དུ་བསྟན་པའམ། ཤ
659	line-end	35		ངོ་བོས་གཟུགས་མེད་ཅེས་བྱ་བ་ལ་སོགས་པས་ནི་ལྟ་བ་ཤེས་རབ་གཙོ་བོར་སྟོན་ཏེ། དེ་ཡང་ཕ་རོལ་
660	verse-stanza	13		བདག་ལས་མ་ཡིན་གཞན་ལས་མིན། །↵གཉིས་ཀ་ལས་མིན་རྒྱུ་མེད་མིན། །
661	terminal-particle	35		ཞེས་བྱ་བ་ལ་སོགས་པ༌[^323]ངོ་བོ་ཉིད་ཀྱིས་སྐྱེ་བ་བཀག་པ་དང་རང་ལས་རང་སྐྱེ་བར་མི་འཐད་ད
662	terminal-particle	18		རྒྱུ་མེད་པ་ལས་མི་འཐད་དེ་རི་བོང་གི་རྭ་དང་འདྲ་བས་གཏན་མེད་པས་སོ། །
663	terminal-particle	23		གཉིས་ཀ་ལས་ཀྱང་མི་འཐད་དེ། སྒྲུབ་པའི་ཕུང་པོ་གསུམ་པ་དང་དགག་པའི་ཕུང་པོ་གསུམ་པ་གཉིས་ཀ
664	terminal-particle	28		གཞན་ལས་སྐྱེ་ན་འདས་པ་ལས་སམ། མ་འོངས་པ་ལས་སམ། ད་ལྟར་བ་ལས་ཏེ། དེ་ལྟར་མི་འཐད་དེ༌[^325
665	terminal-particle	17		མ་འོངས་པ་ལས་ཀྱང་མི་འཐད་དེ་ཕྱིས་འབྱུང་བའི་ཕྱིར་ན་རྒྱུ་ཉིད་མིན་ནོ། །
666	terminal-particle	31		འོ་ན་འདས་པ་ལས་སྐྱེའོ་ཞེ་ན། ཞིག་པ་ལས་སམ་མ་ཞིག་པ་ལས་སྐྱེ་ཞེ་ན། ཞིག་པ་ལས་མ་ཡིན་ཏེ། 
667	terminal-particle	63		མ་ཞིག་པ་ལས་སྐྱེ་ན་དུས་མཉམ་པར་ཐལ་ལོ་ཞེས་སུན་འདོན་པ་ལ་ཕྱོགས་སྔ་མ་རྒྱུའི་དུས་ན་མ་ཞི
668	terminal-particle	56		བྱས་པས་དེ་རང་གི་དུས་ཀྱིས་ཆོད༌[^328]ཀྱི་གཞན་གྱི་དུས་ཀྱིས་མ་ཆོད་དོ།[^329] །སྔ་མ་ལས
669	terminal-particle	20		གང་དེ་སྐད་ཅིག་མ༌[^331]ཡིན་ན་དངོས་པོ་དེ་གཏན་མེད་པར་ཐལ་ཏེ་རི་བོང་གི་རྭ་བཞིན་ནོ། །
670	terminal-particle	32		ངོ་བོས་གཟུགས་མེད༌[^332]ནི་བུམ་པ་ལྟ་བུ་ཅིག༌[^333]ཆོས་ཅན་དུ་གཞག་སྟེ། གཅིག་དང་དུ་མ་
671	line-end	23		གཞན་དག་གཏན་ཚིགས་མ་གྲུབ་སྟེ། བུམ་པ་ནི་ཆ་ཤས་དང་བཅས་པའི་དུས་ཡིན་ལ་ཆ་མེད་པ་གཅིག་ཡིན༌
672	ordinal-open	35		དང་པོ་ལྟར་ཡོད་པ་མ་ཡིན་ཏེ། གཅིག་མ་ཡིན་ཏེ་ཆ་ཤས་དུ་མ་ཡོད་པའི་ཕྱིར། ཆ་ཤས་ཀྱི༌[^337]ད
673	line-end	11		ཕྱོགས་གཅིག་མེད་པས་ཆ་ཤས་ཀྱི་དུ་མ་མེད་དོ། །
674	terminal-particle	24		ཡང་ཁ་ཅིག་རྡུལ་ཕྲ་རབ་ཡོད་དོ་ཞེས་ཟེར་ན་ཡང་ཆ་ཤས་ཡོད་དམ་མེད་བརྟགས་ཏེ།[^338] ཡོད་ན་སྔ
675	line-end	25		ཆ་ཤས་མེད་ན་ནི་ཆ་ཤས་མེད་པའི་ཕྱིར་དངོས་པོ་གཟུགས་མེད་དུ་ཐལ་ཏེ་སེམས་དང་སེམས་ལས་བྱུང་
676	verse-stanza	29		དེ་བཞིན་དུ་ལྟ་བ་པོའི་གང་ཟག་ཀྱང་མེད་དོ། །↵དེ་བཞིན་དུ་སྒྲ་ལ་སོགས་པ་ལ་ཡང་སྦྱོར༌[^33
677	line-end	39		སེམས་མེད་སེམས་ལས་བྱུང་བ་མེད། །ཅེས་སྔ་མ་དང་འདྲ་བའི་རིགས་པ་མ་གྲུབ་པོ། །དེ་སྐད་དུ། 
678	verse-stanza	24		དབུས་སུ་རྣམ་ཤེས་ཇི་ལྟར་འགྱུར། །↵རྣ་བ་ཞེས་བྱ་སྟོང་པ་ཡིན། །↵བར་ན་རྣམ་ཤེས་ཇི་ལྟར་མཆ
679	terminal-particle	32		ཐུན་མོང་ཤེས་རབ་ཀྱི་ལྟེ་བ་དབུ་མ་དང་ཆ་མཐུན་པར་གཏན་ལ་འབེབས་པ། [^340]རང་རིག་སེམས་ཙམ་
680	terminal-particle	29		ལྟ་བ་ཐུན་མོང་མ་ཡིན་པ་ཐབས་གཙོར་བྱས་པ་བདེ་བ་ཆེན་པོ་ཤེས་པ་སྟེ། སྐྱེད་བྱེད་མ་དང་ཞེས་
681	terminal-particle	71		སྐྱེད་བྱེད་མ་དང་ཞེས་བྱ་བ་ལ་སོགས་པ༌[^341]ནི་བསྒོམ་པ་དང་སྤྱོད་པ་ཡིན་ནོ་ཞེ་ན། བདེན་
682	terminal-particle	37		དེ་ཡང་གསུམ་སྟེ་གཞན་ལུས་ཤེས་རབ་སྟེ་འོག་སྒོ་ལ་བརྟེན་པ་དང་། རང་ལུས་ཐབས་ཏེ་སྟེང་སྒོ་
683	terminal-particle	17		དེ་ལ་ཤེས་རབ་ལ་བརྟེན་པ་ཡང་གཉིས་ཏེ། ལས་དང་པོ་པ་དང་ལས་སྨིན་པའོ། །
684	line-end	16		ལས་དང་པོ་པས་ནི་མ་ཞེས་པས་ནི་རང་གིས་དེ་ལ་དབང་ནོས་པའོ། །
685	verse-stanza	15		སྲིང་མོ་ནི་དབང་ལྷན་ཅིག་ནོས་པའོ། །↵བུ་མོ་ནི་རང་གིས་དབང་བསྐུར་བའོ། །
686	terminal-particle	15		རྟག་ཏུ་མཆོད༌[^343]ཅེས་པ་ནི་དབང་གི་དུས་སུ་ཇི་ལྟར༌[^344]རྒྱུན་མི་འཆད་པར་རོ། །
687	terminal-particle	13		རྣལ་འབྱོར་རིག་པ་ཞེས་པ་ནི་བླ་མའི་མན་ངག་བརྗོད་པའོ། །
688	line-end	7		གར་མ་ནི་ཤེས་རབ་ཆེ་བའོ། །
689	verse-stanza	18		ཚོས་མ་ནི་དད་པ་ཆེ་བས་བསྒྱུར་སླ་བའོ། །↵རྡོ་རྗེ་མ་ནི་བསམ་གཏན་གྱིས་བསྟན་པའོ། །
690	terminal-particle	12		གདོལ་བ་མོ་ནི་བརྩོན་འགྲུས་ཀྱི་ཕྱག་རྒྱ་སྟེ་དཔའ་བའོ། །
691	line-end	48		བྲམ་ཟེ་མ་ནི་ངང་ཚུལ་བཟང་བས་བཟོད་པ་ཅན་ཏེ། ཆོས་དེ་རྣམས་གང་ཡང་རུང་བ་དང་ལྡན་པའི་ལས་ཀྱ
692	verse-stanza	15		དེ་ཉིད་རིགས་པས་རྟག་ཏུ་མཆོད། །↵ཅེས་པ་ནི་ཟླ་བ་གཟུང་བ༌[^348]དང་ལྡན་པའོ། །
693	terminal-particle	12		ཇི་ལྟར་དབྱེ་བར་མི་འགྱུར་བ་ནི་གསང་བའི་ཚུལ་ལོ། །
694	terminal-particle	15		རབ་ཏུ་འབད་པ་ནི་དམ་པ་ལ་དམིགས་པའི་མན་ངག་དང་ལྡན་པའོ། །
695	line-end	11		བསྟེན་པ་ཉིད་ཅེས་བ་ནི་འདོད་པའི་ཡོན་ཏན་ནམ།
696	verse-stanza	22		བཟའ་བ་ལ་སོགས་པའི་དམ་ཚིག་གོ། །↵མ་གསང་ཞེས་པ་ནི་མཚོན་པ་སྟེ།↵མ་འབད་ཅིང་མ་བསྟེན་པར་འག
697	terminal-particle	11		སྦྲུལ་དང་ཆོམ་རྐུན་ཞེས་པ་ནི་ཚེ་འདིའི་ཉེས་པའོ། །
698	terminal-particle	20		ས་སྤྱོད་མེ་ཡིས་སྡུག་བསྔལ་བྱེད།[^349] །ཅེས་པ་ནི་ཤི་ནས་དམྱལ་བ་སྟེ་སྐྱེ་བ་གཞན་གྱིས་
699	terminal-particle	32		ལས་སྨིན་ཅིང་རྫོགས་པས་ནི། སྐྱེད་བྱེད་མ་ལ་སོགས་པ་ནི་བགྲོད་དང་བགྲོད་མིན་དུ་ཤེས་པར་བ
700	terminal-particle	16		ཐབས་དང་ཤེས་རབ་ཆོ་ག་ལ་སོགས་པ་ནི་ལས་དང་པོ་པ༌[^350]དང་མཐུན་ནོ། །
701	terminal-particle	57		རང་ལུས་ཐབས་ཀྱི་སྟེང་སྒོ་ལ་བརྟེན་པས་ནི་སྐྱེད་བྱེད་མ་སྟེ། །གཡོན་གྱི་རྐྱང་མ་ནས་རྒྱུ
702	terminal-particle	84		གར་མ་ནི་མིག་དང་འབྲེལ་བ་མྱུར་བའི་རླུང་ངོ་། །ཚོས་མ་ནི་རྣ་བ་དང་འབྲེལ་བ་བསྒྱུར་བའི་ར
703	terminal-particle	25		ཤེས་རབ་ཀྱི་ཆོ་ག༌[^352]ནི་དེ༌[^353]རྣམས་བསྡུས་ཏེ་རང་བཞིན་མེད་པར་བྱ་སྟེ། ཨ་ཝ་དྷཱུ་
704	terminal-particle	22		དེ་ཉིད་རིག་པར་རྟག་ཏུ་མཆོད་ནི་ཆོ་ག་དེ་རྣམས་དང་ལྡན་པ་རྒྱུན་དུ་རྣལ་འབྱོར་དུ་བྱེད་པའ
705	terminal-particle	15		ཇི་ལྟར་དབྱེ་བར་མི་འགྱུར་ཞེས་པ་ནི་ཐབས་དང་ཤེས་རབ་སྦྱོར་བའོ། །
706	terminal-particle	14		རབ་ཏུ་འབད་ཅེས་པ་ནི་ལུས་ངག་ཡིད་གསུམ་ཀྱི་བརྩོན་འགྲུས་སོ། །
707	line-end	7		བརྟེན་པ་ཉིད་ནི་ཤེས་པར་བྱའོ། །
708	terminal-particle	11		མ་གསང་ཞེས་པ་ནི་རང་གི༌[^354]མའི་རྣམ་པར་རྟོག་པའོ། །
709	terminal-particle	22		སྦྲུལ་དང་ཆོམ་རྐུན་ལ་སོགས་པ་ནི་རྣམ་རྟོག་ལས་སྤྲུལ་པའི་ཉེས་པ་སྟེ། རྨི་ལམ་གྱི་སྡུག་བ
710	line-end	10		དེ་ཁོ་ན་ཉིད་ཤེས་རབ་དང་སྦྱར་བ་ནི།
711	verse-stanza	13		སྐྱེད་བྱེད་མ་ནི་སེམས་སོ། །↵སྲིང་མོ་ཉིད་ནི་སེམས་ལས་བྱུང་བའོ། །
712	terminal-particle	51		རྣལ་འབྱོར་རིག་པ༌[^355]ཞེས་པ་ནི་སེམས་དང་སེམས་ལས་བྱུང་བ་དེ་དག་མེད་ཅིང་འགོག་པ་མ་ཡིན
713	line-end	17		རྟག་ཏུ་མཆོད་ཅེས་པ་ནི་དབང་པོ་རང་སྣང་རྒྱུན་མི་འཆད་པའི་མན་ངག་གོ། །
714	verse-stanza	31		གར་མ་ནི་གཟུགས་དང་མིག༌[^357]གི་དབང་པོའོ། །↵ཚོས་མ་ནི་སྒྲ་དང་རྣ་བའི་དབང་པོའོ། །↵རྡོ
715	line-end	11		བྲམ་ཟེ་མ་ནི་རེག་བྱ་དང་ལུས་ཀྱི་དབང་པོའོ། །
716	verse-stanza	13		ཐབས་དང་ཤེས་རབ་ཆོ་ག་ཡིས། །↵ཞེས་པ་ནི་ཕྱག་རྒྱ་ཆེན་པོའོ། །
717	terminal-particle	21		དེ་ཡང་དེ་ཉིད་རིག་པས་ཞེས་པ་ནི་གཉུག་མའི་དབང་པོ་དེར་བདེ་བ་ཆེན་པོ་རང་གསལ་བའོ། །
718	line-end	14		རྟག་ཏུ་མཆོད་ཅེས་པ་ནི་དབང་པོ་རང་སྣང་གི་མན་ངག་གོ། །
719	verse-stanza	15		ཇི་ལྟར་དབྱེ་བར་མི་འགྱུར་བར། །↵ཞེས་པ་ནི་ལྷན་ཅིག་སྐྱེས་པའི་ཕྱིར་རོ། །
720	terminal-particle	17		རབ་ཏུ་འབད་པའི་ཞེས་པ་ནི་དེ་ཡང་བླ་མའི་མན་ངག་གིས་ཐོབ་པས་སོ། །
721	terminal-particle	20		རྟེན་པ་ཉིད་ཅེས་པ་ནི་ཤེས་རབ་ལྷ་མོ་བླ་ན་མེད་པ་དང་འདོད་པའི་ཡོན་ཏན་ནོ། །
722	terminal-particle	14		མ་གསང་ཞེས་བྱ་བ་ནི་མཚོན་པ་སྟེ་མ་འབད་ན༌[^359]མ་བརྟེན་ནའོ། །
723	terminal-particle	22		དེ་ཡང་མུ་དྲ་ཆེན་པོ་དང་དབང་པོ་རང་སྣང་གི་མན་ངག་མི་ལྡན་པར་སྤྱོད་པ་ལ་འཇུག་པའོ། །
724	terminal-particle	19		དེས་ན་སྦྲུལ་དང་ཆོམ་རྐུན་ལ་སོགས་པ་ནི་ལོག་པའི་བརྟུལ་ཞུགས་སྦྱང་པའི་ཉེས་དམིགས་སོ། །
725	quote-close	26		ལས་ཀྱི་ཕྱག་རྒྱ་དེ་དག་ཐ་མལ་སྤོང་བའི་ཕྱིར་ཕྱག་རྒྱས་གདབ་པ་གང༌[^360]གི་ཕྱིར་ཞེ་ན། ཐར
726	terminal-particle	32		གང་དག་གིས་ཤེ་ན། རིགས་ལྔའི་ཞེས་པ་སྟེ། རྡོ་རྗེ་པདྨ་ལ་སོགས་པ་ཚིགས་སུ་བཅད་པ་གཅིག༌[^3
727	terminal-particle	30		དེ་ཡང་རྡོ་རྗེ་ལ་སོགས་པ་གང་ལ་གང་གིས་རྒྱས་བཏབ་པས། དེ་དེའི་རང་བཞིན་དུ་གྱུར་པས་ཐ་མལ་
728	terminal-particle	22		དེ་ལ་སློབ་དཔོན་ཁ་ཅིག་ནི་གསང་བའི་གནས་ཀྱིས་རྒྱས་བཏབ་པ་ལ་འདོད་དེ། འདིར་མཐུན་པ་མ་ཡིན
729	terminal-particle	29		གང་ལ་ཞེ་ན། །རྡོ་རྗེའི་ཕྱག་རྒྱས་གཡུང་མོ་ཉིད། །ལ་སོགས་པའི་ཚིགས་སུ་བཅད་པ་གཅིག་སྟེ། 
730	terminal-particle	29		གར་མ་ལ་སོགས་པ་ནི་དེ་ལྟར་ཡིན་ན། སྐྱེད་བྱེད་མ་ལ་སོགས་པ་ཇི་ལྟ་བུ་ཞེ་ན། འདི་རྣམས་ཞེས
731	line-end	3		དེར་ཡང་།
732	verse-stanza	20		མདོར༌[^363]བསྡུས་པར་ནི་བརྗོད་པར་བྱ། །↵ཞེས་པ༌[^364]ནི་རྡོ་རྗེ་འཆང་རིགས་དྲུག་པའོ། 
733	terminal-particle	22		དེ་བཞིན་གཤེགས་པའི་རིགས་ཞེས་པ་ནི། རྡོ་རྗེ་འཆང་ཡིན་ཡང་སྐུ་གསུང་ཐུགས་ཀྱི་རང་བཞིན་ཡི
734	terminal-particle	14		དེ་བཤད་པའི་ཕྱིར་དཔལ་ལྡན་ཞེས་བྱ་བ་ལ་སོགས་པ་གསུངས་སོ། །
735	line-end	11		དེ་ཡང་དཔལ་ལྡན་རྡོ་རྗེ་འཆང་བདེ་བ་ཆེན་པོའི༌[^365]སྐུའོ། །
736	line-end	12		དེ་བཞིན་ཉིད་གཤེགས་ཤིང་ཞེས་པ་ནི་ཆོས་ཀྱི་སྐུར་ཏེ། །
737	verse-stanza	27		སྐྱེད་བྱེད་མ་ལ་རྒྱས་གདབ་པའོ། །↵དེ་བཞིན་སླར་ཡང་གཤེགས་པ་ཉིད། །↵ཅེས་པ་ནི་གཟུགས་སྐུ༌
738	terminal-particle	5		སྤྲུལ་སྐུས་བུ་མོ་ལའོ། །
739	terminal-particle	18		ཤེས་རབ་རིག་པ༌[^367]འདི་ཡིས་ནི། །ཆོས་ཀྱི་སྐུ་དང༌[^368]ཐབས་ཀྱི་རིག་པས་གཟུགས་སྐུ་ལོ
740	terminal-particle	11		དབྱེར་མེད་རིགས་པ་འདི་ཡིས་ནི་སྤྲུལ་སྐུ་མཚོན་ནོ། །
741	terminal-particle	30		དེ་བཞིན་གཤེགས༌[^369]ཞེས་བརྗོད་པར་བྱ། །ཞེས་པ་ནི་རྡོ་རྗེ་འཆང་བདེ་ཆེན་གྱི་སྐུ་ཡིན་ཡ
742	terminal-particle	80		འོ་ན་རིགས་རྣམས་དུ་ཡོད་ཅེ་ན། རིགས་ནི་ཞེས་བྱ་བ་ལ་སོགས་པ་ཚིགས་སུ་བཅད་པ་གཅིག་གི༌[^37
743	line-end	15		སྤྱིར་རིགས༌[^379]ཐ་དད་པར་འཇོག་པ་ཀུན་རྫོབ། རིགས་གཅིག་པ་དོན་དམ་པ་ཡིན་ཏེ།
744	verse-stanza	11		ཐ་དད་པ༌[^380]ནི་ཆུ་བོ་བཞིན། །↵དུ་མ་ཉིད་དུ་བརྗོད༌[^381]མི་བྱ། །
745	quote-close	2		ཞེས་སོ། །
746	terminal-particle	56		ལ་ལ་དག་ནི་ཇི་སྲིད་དུ་ཁས་ལེན་པ་དེ་སྲིད་དུ་གཞན་སེལ་བར་གནས་ཏེ། དཔེར་ན་རྒྱུའི་ཚོགས་པ
747	line-end	10		དེ་ཡང་། ཚོགས་དང་ཆོས་ཀྱི་སྐུ་དག་དང་།
748	verse-stanza	13		འགྲོ་བའི་དོན་རྣམས་སྤྱོད་པ་ནི། །↵སངས་རྒྱས་ཐམས་ཅད་མཚུངས་པ་ཡིན། །
749	quote-close	3		ཞེས་གསུངས་སོ། །
750	line-end	16		རིགས་པས་དཔྱད་ན་ནི་ཡིད་ཀྱི་སྤྱོད་ཡུལ་དུ་ཤིན་ཏུ་དགའ་བས་ཆོག་གོ། །
751	terminal-particle	18		ད་ནི་བསྒོམ་པའི་ཉམས་བསྟན་པའི་ཕྱིར༌[^383]སྒོམ་པ་མེད་ཅེས་བྱ་བ་ལ་སོགས་པ་གསུངས་སོ། །
752	quote-close	33		དེ་ཡང་ལྟ་བ་ཤེས་རབ་ཀྱི་སྐབས་སུ་མིག་གི་དབང་པོ་ལ་སོགས་པ་གཅིག་དང་དུ་བྲལ་རིགས་པས་རང་བ
753	terminal-particle	19		ཡང་ལྟ་བའི་སྐབས་སུ་གཟུགས་ལ་སོགས་པ་མེད་པའི་ཕྱིར་བསྒོམ་པ་ཡང་མེད་ཅེས་ལྷག་མའོ། །
754	terminal-particle	12		བསྒོམ་བྱ་མེད་ཅེས་བྱ་བ༌[^384]ནི་འང་སྟེ། སྔ་མ་གཉིས་ལྟ་བུའོ། །
755	terminal-particle	18		དེ་ཡང་ལྟ་བའི་སྐབས་སུ་སེམས་དང་སེམས་ལས་བྱུང་བ་རང་བཞིན་མེད་པའི་ཕྱིར་རོ། །
756	quote-close	35		འོན་ཏེ་བསྒོམ་པ་ནི་ལམ་གྱི་གཙོ་བོ་ཡིན་ན། དེ་མེད་ན་འབྲས་བུ་དང་ལམ་གཞན་དག་ཇི་ལྟར་ཡོད་
757	terminal-particle	21		དེ་ཡང་འབྲས་བུ་གཞན་དག་ཉེ་བར་མཚོན་པ་སྟེ། སངས་རྒྱས་བཅོམ་ལྡན་འདས་ཀྱང་ཡོད་པ་མ་ཡིན་ནོ།
758	terminal-particle	25		ལམ་ཡང་གཞན་དག་ཉེ་བར་མཚོན་པ་སྟེ། ཕྱག་རྒྱ་དང་དཀྱིལ་འཁོར་དང་སྒྲུབ་པ་དང་ཕྲིན་ལས་ཀྱང་ཡ
759	terminal-particle	61		རྡོ་རྗེ་ཁུ་ཚུར་ལ་སོགས་པ༌[^385]བཏགས་པའི་ཕྱག་རྒྱ་ཡང་ཡོད་པ་མ་ཡིན། མེ་ལ་མར་ལྡུགས་པའི
760	terminal-particle	42		དེ་ལྟ་བུའི་སྒོམ་པའི་ཉམས་དེ་ཡང་རང་བཞིན་མེད་པ་ཙམ་དུ་བྱ་བའི་ཕྱིར་ཕུན་སུམ་ཚོགས་པའི་ག
761	terminal-particle	61		དེ་ཡང་ལྟ་བ་ལ་སོགས་པའི་སྐབས་སུ་སྐྱེད་བྱེད་མ་སོགས་པའི་ཐབས་ཐུན་མོང་མ་ཡིན་པའི་ཡིད་སོ
762	terminal-particle	14		རང་བཞིན་ལས་ཞེས་པ་ནི་བདེ་བ་ཆེན་པོ་གཉུག་མ་ལས་སོ། །
763	terminal-particle	50		ལས་ཞེས་པ་ནི་ཐམས་ཅད་ཀྱི་འབྱུང་ཁུངས་ལྔ་པར་སྦྱར༌[^390]བའམ། ཡང་ན་ལས་ཞེས་འགར་བྱེད་ཀྱི
764	terminal-particle	25		སྔགས་དང་ལྷ་ནི་ཉེ་བར་མཚོན་པའི་འབྲས་བུ་ནི། [^391]སྔགས་ནི་དེ་ཉིད་ཡིད་ཅན་ཐམས་ཅད་སྐྱོ
765	terminal-particle	12		སྣང་བ་ཐམས་ཅད་རྒྱས་འདེབས་པར་བྱེད་པས་ན་ཕྱག་རྒྱའོ། །
766	terminal-particle	13		རྣམ་པར་རྟོག་པ་ཐམས་ཅད་སྲེག་པར་བྱེད་པས་སྦྱིན་སྲེག་གོ། །
767	terminal-particle	13		ཁ་དོག་སྣ་ཚོགས་པར་སྣང་བས་ན་རྟེན་གྱི་དཀྱིལ་འཁོར་རོ། །
768	line-end	18		དེ་ནས་ཕུན་སུམ་ཚོགས་པའི་བདག་ཉིད་གདོད་མ་ནས་གྲུབ་པའི་ཕྱིར་ལྷན་ཅིག་སྐྱེས་པའོ། །
769	terminal-particle	22		ད་ནི་འབྲས་བུ་ཕུན་སུམ་ཚོགས་པ་དེ་བཤད་པའི་ཕྱིར་རྣམ་སྣང་ཞེས་བྱ་བ་ལ་སོགས་པ་གསུངས་སོ། 
770	terminal-particle	29		དེ་ལ་ཡང་བདེ་བའི་ཡེ་ཤེས་དེ་ཉིད་འོད་ཟེར་མཐར༌[^392]ཐུག་པ་མེད་པར་ཁྱབ་པས་རྣམ་སྣང་ངོ་།
771	line-end	12		དོན་ཡོད་གྲུབ་ཅེས་པ་ནི་སངས་རྒྱས་ཀུན་གྱི་ལས་སོ། །
772	verse-stanza	28		རིན་ཆེན་ཞེས་པ་ནི་རྟོག་པ་དཀོན་པས་སོ། །↵དཔག་མེད་ཅེས་པ་ནི་བདེ་ཆེན་གྱི་ཆེ་བའོ། །↵སེམ
773	terminal-particle	6		མཆོག་ཏུ་བདེ་བ་ཉིད་དོ། །
774	quote-close	66		དེ་དག་ནི་འཇིག་རྟེན་ལས་འདས་པའི་ལྷ་ཡིན་ན། འཇིག་རྟེན་པའི་འབྲས་བུ་ཕུན་སུམ་ཚོགས་པ་མེད
775	terminal-particle	21		ཐམས་ཅད་ཅེས་པ་ནི་བཤད་པའི་སྐབས་སུ། ཐམས་ཅད་ཀུན་གྱི་བདག་ཉིད་གནས། །ཞེས་པ་སྟེ།[^396] མ
776	line-end	19		དེ་ཉིད་བརྗོད་ཅེས་པ་ནི་བཤད་པའི་སྐབས་སུ་དམ་པའི་བདེ་བས་དེ་ཉིད་ཅེས་པ་སྟེ།
777	verse-stanza	15		བདེ་བ་རོ་གཅིག་ཏུ་བསྡུས་པའོ། །↵སངས་རྒྱས་ཞེས་པ་ནི་བཤད་པའི་སྐབས་སུ།
778	terminal-particle	14		བདེ་བ་རྟོགས༌[^397]ཕྱིར་རྣམ་སངས་རྒྱས། །ཞེས་པ་སྟེ། གཉིས་མེད་རང་རིག་འོད་གསལ་བའོ། །
779	terminal-particle	31		འཇིག་རྟེན་དང་འཇིག་རྟེན་ལས་འདས་པའི་ཕུན་སུམ་ཚོགས་པ་དེ་ལ་ལྷན་ཅིག་ཅེས༌[^398]ཅིའི་ཕྱི
780	terminal-particle	6		དེ་ཡང་ཧ་ནི་ལུས་སོ། །
781	terminal-particle	13		བྷ་ག་ནི་འབྱུང་བ་དེ་སྟེ་དེའི་ལུས་ལས་འབྱུང་བས་ལྷའོ། །
782	terminal-particle	40		དེ་ཡང་ལྷན་ཅིག་སྐྱེས་པའི་དོན་ཡིན་ཏེ། ཚངས་པ་ལ་སོགས་པ་ནི་ཀུན་རྫོབ་ལྷན་ཅིག་སྐྱེས་པས་
783	terminal-particle	23		ཡང་ན་ཕུན་སུམ་ཚོགས་པའི་བྷ་ག་ཝཱན་ཇི་ལྟ་བུ་ཞེ་ན། བུདྡྷ་འདི་ལ་ཞེས་པ་སྟེ། གོང་གི་འོད་
784	terminal-particle	30		བྷ་ག་ཝཱན་ཞེས་པ་བྷ་བཱན་ཛི་བ་སྟེ་རྟོག་པ་ལ་སོགས་པ་རང་ཤུགས་ཀྱིས་འཇོམས་པ༌[^402]གང་ལ་ཡ
785	terminal-particle	11		ཡང་ན༌[^403]བྷ་ག་ནི་སྐལ་བ་སྟེ༌[^404]དབང་ཕྱུག་ལ་སོགས་པའོ། །
786	terminal-particle	12		དེས་ན་ཚིགས་སུ་བཅད་པ་ཕྱེད་དང་གཉིས་ཀྱིས་བསྟན་ཏོ། །
787	terminal-particle	79		འོན་ཏེ་ཆོས་ཐམས་ཅད་ལ་ལྟ་བ་ཤེས་རབ་དང་ཐབས་དབྱེར་མེད་དུ་གཏན་ལ་དབབ་པ་དང་། སྒོམ་པའི་ཉམ
788	terminal-particle	21		ཤེས་རབ་ཅེས་བརྗོད་པར་བྱ་བ་ཞེས་པ་ནི་ཤེས་རབ་ཀྱི་དེ་ཁོ་ན་ཉིད་སྟོང་པ་ཉིད་དོ། །
789	terminal-particle	33		གང་ཕྱིར་སྐྱེ་འགྲོ་སྐྱེད་པ་ཞེས་པ་ནི་སྟོང་པ་ཉིད་ཀྱི་མཚན་ཉིད་ཀྱི་མཚན༌[^405]མ་ཅིར་ཡང
790	terminal-particle	18		ཤེས་རབ་སྲིང་མོ་ཞེས་བྱ་ཉིད། །ཅེས་བྱ་བ་ནི། བྷ་ག་ཝཱན་ནི་སྟེ༌[^407]སྐལ་པ་དང་ལྡན་པའོ།
791	terminal-particle	21		དེའི་ཕྱིར་གང༌[^408]ཕྱིར་སྐལ་བ་སྟོན། །ཞེས་པ་སྟེ། སྐལ་པ་ནི་ཐབས་ཏེ་ཤེས་རབ་སྟོང་པ༌[^
792	terminal-particle	18		དེ་བཞིན་དུ་བཙོ་བླག༌[^410]མོ་དང་གར་མ་ལ་ཡང་ཐབས་དང་ཤེས་རབ་གོ་རིམས་བཞིན་ནོ། །
793	terminal-particle	27		གཡུང་མོ་ཡང་ཐབས་སུ་བསྟན་པ་སྟེ། དེ་བཞིན་དུ་གདོལ་བ་མོ་དང་། བྲམ་ཟེ་མོ་ལ་ཡང་ཐབས་སུ་ཤེ
794	terminal-particle	16		དེ་དག་ནི་ལྟ་བ་དང་སྒོམ་པ་སྟེ་ཤེས་བྱའི་དེ་ཁོ་ན་ཉིད་དོ། །
795	terminal-particle	22		སྒོ་གསུམ་ནུས་པ་ཅན་དུ་བྱེད་པ་སྒྲུབ་པ་པོ་དེ་ཁོ་ན་ཉིད་ནི། ཨཱ་ལི་ཀཱ་ལི་ལ་སོགས་པའོ། །
796	terminal-particle	28		དེ་ཡང་། ཨཱ་ལི་ཀཱ་ལི་རབ་བརྟགས་པས། །ཞེས་པ་ནི་བརྗོད་པ་ནི་ཐམས་ཅད་རླུང་ལ་རག་ལས་པ་སྟེ་
797	terminal-particle	63		བརྗོད་པ་ཐམས་ཅད་བཟླས་པར་བཤད། །ཅེས་པ་ནི་རླུང་ལས་གྲུབ་པའམ། ཡང་ན་ཨཱ་ལི་ཀཱ་ལི་སྟེ། དབ
798	terminal-particle	27		རྐང་པའི་རྗེས་ནི་ཞེས་པ་ནི་རྒྱ༌[^413]བྲིས་པ་ལྟ་བུར་བྱུང་བ་སྟེ་དཀྱིལ་འཁོར་ཡིན་ཞེས་པ
799	line-end	9		དེས་ན། [^414]ཉེད་ཕྱིར་དཀྱིལ་འཁོར་བརྗོད་པར་བྱ། །ཞེས་པའོ། །
800	terminal-particle	9		དཀྱིལ་འཁོར་ནི་མཎྜལ་བྲིས་པ༌[^415]ན་དཀྱིལ་འཁོར་རོ། །
801	line-end	29		མ་ཊ་ན་ཉེད་པས་སམ་བྲིས་པས་ཞེས་སྒྲ་མཐུན་པ་དང་། ཡང་ཡེ་ཤེས་དེ་ཉིད་རྟེན་དང་བརྟེན་པར་སྣ
802	verse-stanza	21		ལག་པ་བསྒྱུར་བ་ཞེས་པ་ནི་གར་ལ་སོགས་པའོ། །↵ཕྱག་རྒྱ་ཡིན་ཞེས་པ་ནི་བདེ་བའི་རྟགས༌[^417]
803	terminal-particle	7		སོར་མོ་ཉེད་པའང་དེ་བཞིན་ནོ། །
804	terminal-particle	13		ཞེས་པ་ནི་དེ་ཁོ་ན་ཉིད་ཀྱི་མཚན་མ་དང་རྟགས་སོ། །
805	terminal-particle	26		གང་སེམས་དཔའ་བསམ་གཏན་དུ་བསྟན་པ་ཡང་ཚིག་གཉིས་ཏེ། དེའི་རྒྱུ་མཚན་ཡང་ཇི་ལྟར་ཞེས་པ་ཚིགས
806	terminal-particle	23		ཇི་ལྟར་ཕ་ལས་བདེ༌[^418]ཐོབ་པ། །ཞེས་པ་ནི་སློབ་དཔོན་ལ་ལ་དག་བླ་མ་དང་རྡོ་རྗེ་འཛིན་པ་ལ
807	terminal-particle	7		དེ༌[^419]ནི་འདིར་མཐུན་པ་མ་ཡིན་ནོ། །
808	line-end	11		དཔེར་ན་ཕ་ལས་ཐོབ་པ་ནི་རང་གི་ནོར་ཏེ།
809	verse-stanza	13		གཞན་ལྷག་མ་མི་ཚོལ་བའི༌[^420]དོན་ནོ། །↵དེ་ཡི་བདེ་བ་རང་གིས་བཟའ། །
810	verse-stanza	20		ཞེས་པ་ནི་བོ་ཀི་ནི་བཟའ་བའམ་ལོངས་སྤྱོད་པའོ། །↵དེས་ན་ལྷན་ཅིག་སྐྱེས་པ་ལ་ལོངས་སྤྱོད་པ
811	quote-close	8		དེ་ཡི་བདེ་བ་བསམ་གཏན་བརྗོད། །ཅེས་པའོ། །
812	terminal-particle	36		བདེ་བ་གང་ཕྱིར་འཆི་བ་འདིར། །ཞེས་པ་ནི་སློབ་དཔོན་ལ་ལ་དག་འཆི་བའི་ཆོས་སུ་འདོད་པ་དང་། 
813	terminal-particle	59		ཇི་ལྟ་བུ་ཞེ་ན། །དེ་ཡང་འཆི་བ་ནི༌[^421]སྡུག་བསྔལ་གྱི་གཙོ་བོ་སྟེ། དེ་བསམ་གཏན་དུ་ཇི་
814	terminal-particle	13		དེས་ན་རྒྱུན་དུ་རྩེ་གཅིག་པས་གང་བསམ༌[^424]ཀྱང་བསམ་གཏན་ཁོ་ནའོ། །
815	terminal-particle	20		སྤྱིར་སྔགས་ཀྱི་ལུགས་ཀྱིས་ཚེ་འདི་ལ་འབྲས་བུ་ཐོབ་པ་དང་། བར་དོ་ལ་འབྲས་བུ་ཐོབ་པའོ། །
816	terminal-particle	14		ཚེ་འདི་ལ་ཐོབ་པ་ལ་གཉིས། རྣམ་སྨིན་འབོར་བ་དང་། མི་འབོར་བའོ། །
817	terminal-particle	17		དེ་ལ་བསྐྱེད་རིམ་གཙོར་བསྒོམས༌[^425]པས། མཁའ་སྤྱོད་བསྒྲུབས༌[^426]ལ་དེ་ནས་ཕྱག་རྒྱ་ཆེ
818	terminal-particle	20		རྫོགས་རིམ་པ་ནི་ལུས༌[^427]འཇའ་ཚོན་ལྟར་བསྒྱུར།[^428] སེམས་ཕྱག་རྒྱ་ཆེན་པོར་འགྱུར་ཏེ
819	terminal-particle	35		རྣམ་སྨིན་འདོར་བ་ནི་ལུས་ལྷར་གསལ་ཙམ་ལས་མེད་ཀྱང་སེམས་ཕྱག་རྒྱ་ཆེན་པོར་སྦྱོར་ཏེ་སྤྱོད
820	terminal-particle	49		དེ་ལྟར་མ་ནུས་ན་བར་དོའི་གདམས་ངག་གིས་འཚང་རྒྱ་བ་སྟེ།[^429] དེ་རྩ་བའི་རྒྱུད་ལྟར་བྱ་བ
821	terminal-particle	30		དེ་ལྟར་མ་ནུས་ན་སྨོན་ལམ་བཏབ་ལ་སྐྱེ་བ་གཞན་ལ་འཁོར་ལོས་སྒྱུར་བ་ལ་སོགས་པར་སྐྱེ་སྟེ་སྐ
822	line-end	10		ལེའུ་ནི༌[^431]སྔ་མ་བཞིན་ཏེ་ཡས་བགྲངས་པའི་ལྔ་པའོ།། །།
823	line-end	25		དེ་ནས་ཡང་དག་བཤད་པར་བྱ། །ཞེས་པ་ནི་ལྟ་བ་དང་སྒོམ་པའི་རྗེས་སུ་འབྲས་བུ་སྤྱོད་པས་མཐར་ཕ
824	verse-stanza	17		དེ་ཡང་སྤྱོད་པ་ནི་ཙརྱ་སྟེ་ཙརྱ༌[^432]ནི་རྒྱུ་བའོ། །↵ཡ་ཡོ་གི་ནི་རྣལ་འབྱོར་མར༌[^433]
825	line-end	5		དེས་ཅིར་འགྱུར་ཞེ་ན།
826	verse-stanza	12		གནས་དག་ཏུ་རྒྱུ་ཞིང་སྦྱོར་བའམ། །↵རྣལ་འབྱོར་གྱི༌[^434]རྣམ་པར་རྒྱུ་བའོ། །
827	terminal-particle	66		སྤྱོད་པ་འདི་ཡང་བསྐྱེད་པའི་རིམ་པས་བརྟག་པ་ཕྱི་མར་སྟོན་ལ། །འདི་རྫོགས་པའི་རིམ་པ་སྟེ་
828	line-end	40		དེ་དག་གི༌[^435]དགོས་པ་ནི་སྤྱོད་མཆོག་ཕ་རོལ་ཕྱིན་པ་སྟེ། ཕ་རོལ་ཏུ༌[^436]ཕྱིན་པའི་ཐུ
829	verse-stanza	16		སྣང་བ་སྟོང་པ་དབྱེར་མེད་པར་རྟོགས༌[^438]པའོ། །↵དགྱེས་པའི་རྡོ་རྗེའི་དངོས་གྲུབ་ཀྱི་ར
830	line-end	32		གྲུབ་པའི་མཐུར་འགྲོ་བའི་ཕ་རོལ་ཏུ་ཕྱིན་པ་དང་བསྐྱེད་པའི་རིམ་པ་ལས་སོ་ཞེས་ཐུན་མོང་མ་ཡ
831	verse-stanza	19		མཆོག་གི་དངོས་གྲུབ་མཐར་ཐུག་པ་ཐོབ་པའོ། །↵དེ་ནི་གསང་བ་ལ་སོགས་པའི་ཐུན་མོང་ངོ་། །
832	terminal-particle	30		སྒོམ་པ་པོ་ལ་སོགས་པ་ཚིགས་བཅད་གཉིས་དང་། ཚིག་རྐང་པ་གཅིག་གིས་གསང་བའི་སྤྱོད་པའི་ཆ་ལུག
833	terminal-particle	11		དེའི་དགོས་པ་དང་རྣམ་པར་དག་པ་ནི་གོ་སླའོ། །
834	terminal-particle	43		ཧེ་རུ་ཀ་སྦྱོར་སྐྱེས་བུ་ཉིད་ནི་རྫོགས་པའི་རིམ་པའི་ཉམས་ཀྱིས་སྤྱོད་པ་བྱེད་ཀྱང་བསྐྱེད
835	terminal-particle	28		དེ་ཡང་གསང་བའི་སྤྱོད་པའི་ཐུན་མོང་མ་ཡིན་པའི་གནས་ནི༌[^440]ཤིང་གཅིག་ལ་སོགས་པ་སྟེ། ཤི
836	terminal-particle	8		དུར་ཁྲོད་ནི་རོ་མང་པོ་གནས་པའོ། །
837	terminal-particle	14		མ་མོའི་ཁྱིམ་ནི་འཇིག་རྟེན་ན་གྲགས་པ་མ་མོ་བདུན་གྱི༌[^441]གནས་སོ། །
838	line-end	10		མཚན་མོ་ནི་དུས་མཚན་མ་རྒྱུ་བའི་གནས་སོ། །
839	verse-stanza	13		དབེན་པ་ནི་སྐྱེ་བོ་ཉུང་བའོ། །↵བས་མཐའ་ནི་དགོན་པའི་ཚད་དེ།
840	terminal-particle	11		རྒྱང་གྲགས་གཅིག་གམ་མཚོའི་ཀློང་ངམ་སྒྲིབ༌[^442]གཡོགས་ཀྱིས་ཆོད་པའོ། །
841	terminal-particle	85		དེ་ནི་ཕྱེ་སྟེ་བསྐྱེད་པའི་རིམ་པ་དང་ཐུན་མོང་ངོ་། །འདིར་བསྐྱེད་པའི་རིམ་པ་ལ་བརྟེན་ནས
842	line-end	74		འདིར་ནི་དཔེར་ན་ཨ་མྲའི་འབྲས༌[^444]དང་འདྲ་སྟེ་ཕྱི་ནང་གཉི་ག་མ་སྨིན་པའི་ཛོ་གི་ལ་ཐབས་
843	line-end	4		དེ་ཡང་འོག་ནས།
844	verse-stanza	13		ཆོས་འབྱུང་ལས་སྐྱེས་ཡེ་ཤེས་ནི། །↵མཁའ་མཉམ་ལྷན་ཅིག་ཐབས་དང་བཅས། །
845	line-end	18		ཞེས་པ་དང་། གང་ཕྱིར་ཡིད་ཀྱིས་མི་བསྒོམ་པར། །འགྲོ་བ་ཐམས་ཅད་བསྒོམ་པར་བྱ།[^448] །ཞེས་
846	verse-stanza	19		གཞན་གྱིས་བརྗོད་མེད་ལྷན་ཅིག་སྐྱེས། །↵ཞེས་པ༌[^449]ནས་བླ་མའི་དུས་ཐབས་ཞེས་པའོ། །↵དེ་
847	terminal-particle	18		གཞན༌[^450]ལུས་ཤེས་རབ་ལ་བརྟེན་པ་ལས་ཀྱི་ཕྱག་རྒྱའི་ཁྱད་པར་ལ་བྱ༌[^451]སྟེ། ཤིང་གཅིག་
848	terminal-particle	5		དུར་ཁྲོད་ནི་གཡུང་མོའོ། །
849	terminal-particle	6		མ་མོའི་ཁྱིམ་ནི་གར་མའོ། །
850	terminal-particle	5		མཚན་མོ་ནི་ཚོས་མའོ། །
851	terminal-particle	9		དབེན་པ་དང་བས་མཐའ་ནི་བྲམ་ཟེ་མའོ། །
852	terminal-particle	53		དེ་དག་ཅིའི་ཕྱིར་ཞེ་ན། རྣམ་པར་རྟོག་པ་འཇོམས་པ་ལ་དཔའ་བ་དང་སྨེ་ཞིང་རེག༌[^452]ཏུ་མི་ར
853	line-end	14		རང་ལུས་ཐབས་ལ་བརྟེན་པ་ནི་ཤིང་གཅིག་ནི་ཨ་ཝ་དྷཱུ་ཏཱིའོ། །
854	verse-stanza	23		དུར་ཁྲོད་ནི་བྱ་རོག་གི་གདོང་ཅན་ནོ། །↵མ་མོའི་ཁྱིམ་ནི་རྩ་གཞན་དག་གོ། །↵དུས་མཚན་མོ་ནི
855	terminal-particle	11		དབེན་པའམ་བས་མཐའ་ནི་བདེ་བ་ཆེན་པོའི་འཁོར་ལོའོ། །
856	terminal-particle	55		དེ་དག་ཅིའི་ཕྱིར་ཞེ་ན། དེ་ཉིད་དུ་འདུ་ཞིང་དེ་ལས་བྱུང་བ་དང་རང་གིས་བསྐུལ་བ་གཡོ་བ་དང་
857	terminal-particle	18		གཉིས་སུ་མེད་པ་ཕྱག་རྒྱ་ཆེན་པོ་ནི། ཤིང་གཅིག་སྟེ༌[^453]ཤེས་རབ་ལྷ་མོ་བླ་ན་མེད་པའོ། །
858	terminal-particle	5		དུར་ཁྲོད་ནི་ལུས་སོ། །
859	terminal-particle	10		མ་མོའི་ཁྱིམ་ནི་དབང་པོ་ལྔའི་གྲོང་ཁྱེར་རོ། །
860	terminal-particle	4		མཚན་མོ་ནི་ཡོད༌[^454]དོ། །
861	terminal-particle	10		དབེན་པ་དང་།[^455] བས་མཐའ་ནི་དེ་དག་གི༌[^456]ཐབས་སོ། །
862	line-end	55		དེ་དག་ཅིའི་ཕྱིར་ཞེ་ན། ཀུན་ཕྱག་རྒྱ་ཆེན་པོ་ལས་སྐྱེས་པ་དང་། འདི་དག་གི་ཁོང་ན་མི་གསལ་
863	verse-stanza	14		དེས་ཡེ་ཤེས་རང་འབར་བའི་ཕྱིར་རོ། །↵བསྒོམ་པ་བཟང་བར་བརྗོད་པར་བྱ། །
864	terminal-particle	20		ཞེས་པ་ནི་དེ་ལྟ་བུ་དག་གིས་ནི་ལྷན་ཅིག་སྐྱེས་པའི་གདོན༌[^460]མི་ཟ་བར་སྐྱེ་བའི་ཕྱིར་ར
865	terminal-particle	43		དེ་ཡང་བསྐྱེད་རིམ་དང་ཐུན་མོང་དུ་ཤིང་གཅིག་ལ་སོགས་པའི་ཕྱི་རོལ་གྱི་གནས་སུ་བཤད་པའི་ཚེ
866	line-end	13		འདི་རྣམས་ཀྱི་ཆོ་ག་ཁ་བསྐང་བ་ནི་སྔ་མ་དང་འདྲའོ། །
867	terminal-particle	31		ད་ནི་དུས་བསྟན་པའི་ཕྱིར། ཅུང་ཟད་དྲོད་ནི་ཐོབ་པ་ན། །ཞེས་པ་སྟེ།[^463] དེ་ཡང་ཕྱག་རྒྱ་
868	terminal-particle	15		དབང་པོ་རབ་སྣང་གི་དྲོད་མན་ངག་གི་ཅུང་ཟད་སྨྱོན་པའི་དྲོད་དོ། །
869	terminal-particle	25		སྤྱོད་ལམ་དང་བསྲེ་བའི་མན་ངག་ནི་ཕྱི་རོལ་གྱི་དངོས་པོས་མི་འགྱུར་བ་ནི་སྨྱོན་པའི་བརྟུལ
870	line-end	29		དེ་དག་ནི་ནུས་པའི་ཚད་ཀྱི་དུས་ཡིན་ལ། ད་ནི་རྒྱུ་མཚན་གྱི་དུས་བསྟན་པའི་ཕྱིར། གང་ཚེ་སྤ
871	verse-stanza	19		གང་ཚེ་འགྲུབ་འགྱུར་འདོད་ཡོད་ན། །↵ཞེས་པ་ནི་རང་གི་དོན་དུའོ། །↵[^464]འདིས་ནི་སྤྱོད་པ
872	terminal-particle	13		ཅེས་པ་ནི་དེ་གསུམ་གྱི་ཚེ་སྤྱོད་པ་བྱ་བ་ཁོ་ནའོ། །
873	terminal-particle	27		དེ་ནི་གསང་བ་ལ་སོགས་པའི་ཐུན་མོང་ངོ་། །ཤིན་ཏུ་བཞིན་བཟངས་ལ་སོགས་པ་ཚིགས་སུ་བཅད་པ་གཉི
874	terminal-particle	9		གསང་བའི་སྤྱོད་པ་ཐུན་མོང་མ་ཡིན་པའོ། །
875	terminal-particle	32		ཤིང་གཅིག་པ་ལ་སོགས་པ་ཡང་གྲོགས་བསྟན་པ་དང༌[^465]མི་འགལ་ལམ་ཞེ་ན། མ་ཡིན་ཏེ་དེར༌[^466]
876	terminal-particle	23		གང་ཚེ་དགའ་བ་ལ་སོགས་པ་ནི་གླུ་དང་གར་ལ་སོགས་པ་ནི་སྤྱོད་པའི་ངོ་བོས་བསྟན་ཏེ་གོ་སླའོ། 
877	line-end	20		དེ་ལ་ཕྱག་རྒྱའི་རྣམ་དག་དང་བཟའ་བཏུང་གི་ཡོན་ཏན་ནི་རང་དང་འབྲེལ་བར་ཤེས་པར་བྱའོ། །
878	terminal-particle	57		ད་ནི་ཅུང་ཟད་སྨྱོན་པའི་བརྟུལ་ཞུགས་ཀྱི་སྤྱོད་པ་བསྟན་པའི་ཕྱིར། རྐུན་མའི་ཞེས་བྱ་བ་ལ་
879	line-end	27		རང་ལུས་ཐབས་དང་ལྡན་པ་དེས་གླུ་དང་གར་གྱི་སྙོམས་པར་འཇུག་པ་དེས་སྤྱོད་པ་མ་ཡིན་ཏེ། དེས་
880	verse-stanza	17		ཞེས་པ་ནི་གླུ་དང་འདྲ་བའི་སྤྱོད་པའོ། །↵ཁ་ཊྭཱཾ་ག་སྒོམ༌[^469]ཤེས་རབ་ནི་གར་དང་འདྲའོ། 
881	terminal-particle	13		རྡོ་རྗེ༌[^470]སྤྱོད་པ་ཡིས་ཞེས་པ་ནི་སྙོམས་པར་འཇུག་པ་ལྟ་བུའོ། །
882	terminal-particle	22		འདི་དག་བཟླས་པ༌[^471]དང་སྒོམ་པ༌[^472]ཡིན་ཞེས་པ་ནི་ཆེ་བའི་བདག་ཉིད་དེ། བཟླས་སྒོམ༌[^
883	terminal-particle	17		བརྐམ་དང་རྨོངས་ལ་སོགས་པའི་ཚིགས་བཅད་གཅིག་གིས་ནི་བསམ་པའི་ཁྱད་པར་ཏེ༌[^474]གོ་སླའོ། །
884	terminal-particle	82		སྤྱིར་སྤྱོད་པ་མ་བྱས་པས་སངས་མི་རྒྱའམ་ཞེ་ན། མི་རྒྱ་སྟེ་སྤྱོད་པ་བྱེད་པ་ཁོ་ན་སྟེ། དཔ
885	terminal-particle	84		དེ་བཞིན་དུ་དངོས་པོ་ལ་མངོན་པར་ཞེན་པ་ལྟ་བས་རང་བཞིན་མེད་པར་རྟོགས། སྒོམ་པས་ཀྱང་དེ་ལྟ
886	terminal-particle	66		ཡང་སྤྱོད་པ་འདི་གསུམ་མཐར་ཆགས་སུ་བྱ་དགོས་སམ་མི་དགོས་ཞེ་ན། ལ་ལ་དག་ལ༌[^481]ནི་མཐར་ཆག
887	line-end	39		བཤད་པའི་རྒྱུད་ནས་ནི་སྤྱོད་པ་བཞི་རུ་བརྟགས་ཏེ། རྒྱལ་ཚབ་ཀྱི་སྤྱོད་པ་དང་། རིགས་པ་བརྟ
888	verse-stanza	15		དེ་དག་དང་འདི་དག་ཅི་རིགས་སུ་བསྡུ།↵[^485] ཕན་ཚུན་དགོངས་པ་ཤེས་པར་བྱའོ། །
889	line-end	44		ད་ནི་སྨྱོན་པའི་བརྟུལ་ཞུགས་ཀྱི་སྤྱོད་པ་བསྟན་པའི་ཕྱིར་ཚིགས་སུ་བཅད་པ་གསུམ་གསུངས་ཏེ།
890	verse-stanza	29		ལུས་ཀྱི་སྦྱིན་པ་བྱིན་ནས་ནི། །↵ཞེས་པ་ནི་ལུས་དང་སྲོག་ལ་མི་ལྟའོ། །↵ཕྱི་ནས་སྤྱོད་པ་ཡ
891	terminal-particle	38		ལུས་ཀྱི་སྦྱིན་པ༌[^486]ཇི་ལྟ་བུ་ཞེ་ན། དེ་བསྟན་པའི་ཕྱིར་སྐལ་དང་སྐལ་མེད་རྣམ་དཔྱད་ནས
892	terminal-particle	22		དེའི་ཕྱིར་སྦྱིན་པ་སྦྱིན་མི་བྱ། །ཞེས་པ་ནི་དེ་ལྟར་བརྟགས་ཤིང་དཔྱད་ནས་སྦྱིན་པར་བྱ་བ་
893	line-end	62		སྤྱོད་པ་ནི་གླུ་དང་ལྡན་པའི་སྙོམས་པར་འཇུག་པ་ཙརྱ་པ་ཡིན་ན། འདིར་ཇི་ལྟར་བྱེད་ཅེ་ན། འད
894	terminal-particle	31		ད་ནི་སྤྱོད་པ་ལ་འཇུག་པའི་ཚུལ་སྤྱིར་ཤེས་པར་བྱ་བའི་ཚུལ། དངོས་གྲུབ་རྙེད་པའི་སློབ་མ་ག
895	line-end	10		ཡང་དེ་དང་ངོ་། ། ཡང་དག་ཡེ་ཤེས་སྣང་བའོ།[^488] །
896	verse-stanza	15		ཞེས་པ་ནི་དེ་ཉིད་དངོས་གྲུབ་ཡིན་པའོ། །↵ཡང་ན་དེ་ཡིས་ཀྱང་ངོ་། །
897	line-end	45		མནར་མེད་སྤང༌[^489]བའི་རྒྱུ་ཡི་ཕྱིར། །ཞེས་པ་ནི་ཡོན་ཏན་དེ་ཡིས་མི་བསྐྱོད་པ་སྟེ་བླ་མ
898	terminal-particle	21		ད་ནི་སྤྱོད་པའི་རང་བཞིན་དམ་ཚིག་དང་སྡོམ་པ་བསྟན་པའི་ཕྱིར་ཚིགས་སུ་བཅད་པ་གཉིས་སྟོན་ཏོ
899	terminal-particle	13		དེ་ཡང་གོ་རིམས་བཟློག་སྟེ་བསྟན་པ་དང་བཤད་པར་གནས་པའོ། །
900	line-end	25		དེ་ཡང་ཞབས་ཀྱི་ཚིག་རྐང་གཉིས་དང་དམ་ཚིག་སྡོམ་པ་རྣམ་པར་གྲོལ་ཞེས་པ་ནི་དམ་ཚིག་གི་བྱ་བའ
901	verse-stanza	14		སྡོམ་པ་ནི་བསྲུང་བའི་ཚུལ་ནས་སོ། །↵རྣལ་འབྱོར་ལྡན་པས་སྤྱོད་པ་བྱེད། །
902	terminal-particle	21		ཅེས་པ་ནི་མི་བྱེད་པ་དང་། སྤྱོད་པ་གཉིས་ཀ་དོན་གཅིག་སྟེ་མཉམ་པའི་དོན་དང་ལྡན་པས་སོ། །
903	line-end	78		དེ་དག་བཤད་པ་ནི། བསླབ་དང་ཆོ་ག་རྣམ་པར་གྲོལ། །ཞེས་བྱ་བ་ལ་སོགས་པ་སྟེ། སྲོག་གཅོད་པ་སྤ
904	terminal-particle	29		ད་ནི་སྤྱོད་པའི་རྣམ་པའི་ཚུལ་སྤྱིར་བསྟན་པའི་ཕྱིར་ངེས་པར་སྔོན་དུ་ཞེས་པ་ལ་སོགས་པའི་ཚ
905	terminal-particle	23		དེ་ཡང་བླ་མ་པུ་ལ༌[^491]ཧ་རི་བའི་ལུགས་ཀྱིས་སྨྱོན་པའི་བརྟུལ་ཞུགས་ཆེན་པོའི་རྣམ་པའམ་ང
906	terminal-particle	25		ད་ནི་སྤྱོད་པའི་རྒྱུ་མཚན༌[^493]སྤྱིར་བསྟན་པའི་ཕྱིར། སེམས་ཅན་ཀུན་གྱི་དོན་གྱི་ཕྱིར།
907	line-end	24		བཏུང་བར་བྱ། རྣལ་འབྱོར་བཏུང་དགའ་ཞེས་པ་ནི་བདག་གི་དོན་དུ་སྟེ། དེ་ཡང་སཾ་བ་ལའི་སྒྲས་ཡ
908	verse-stanza	13		སཾ་ནི་མཉམ་པའམ་ཡང་དག་པའོ། །↵བ་ལ་ནི་སྟོབས་ཏེ་བདེ་བའོ། །
909	terminal-particle	25		རྣལ་འབྱོར་བཏུང་བ༌[^495]གཞན་གྱིས་བཟི་བ་མེད་ཅེས་པ་ནི་ལྷན་ཅིག་སྐྱེས་པའི་དགའ་བའི་རྒྱ
910	terminal-particle	23		སྤྱོད་པ་འོག་མ་གཉིས་ཀ་ལ་གོང་དུ་བསྟན་པའི་དངོས་པོ༌[^497]བཤད་པ་སྤྱིར་འགྲོ་བ་ནི་གཉིས་
911	line-end	6		སྤྱོད་པའི་ལེའུ་སྟེ་དྲུག་པའོ།། །།
912	terminal-particle	13		དེ་ནས་ཞེས་པ་ནི་རྗེས་ལ་སྟེ་སྤྱོད་པའི་ཡན་ལག་ཏུའོ། །
913	terminal-particle	21		བརྡ་ནི་ཙྪོ་མ་སྟེ། སྦས་པའི་དོན་སྟོན་པའམ། སཾ་ཁི་ཏ་སྟེ་དོན་ཟུར་གྱིས་སྟོན་པས་ན་ལུས་ཀ
914	line-end	5		ངག་གི་སཾ་གཱི་ཏའམ།
915	verse-stanza	19		སཾ་ཏི་པ་ཤེ༌[^498]སྟེ་དགོས་པའི་སྐད་དམ་ཚིག་གི་བརྡའོ། །↵མི་ལ་ཙ༌[^499]ཀླ་ཀློའི་སྐད་ད
916	terminal-particle	8		འཇིག་རྟེན་པ་ལ་གསང་བའི་དགོངས་པའོ། །
917	terminal-particle	33		དེ་ཡང་བརྟག་པ་ཕྱི་མ་ལས་སྟོན་ཏོ།[^500] །ལེའུ་བཤད་པར་བྱའོ་ཞེས་པ་ནི་སྡུད་པ་པོ་ཁས་ལེན
918	line-end	8		ད་ནི་བརྡའི་དགོངས་པ་བསྟན་པའི་ཕྱིར།
919	verse-stanza	14		གང་གི༌[^501]སྤུན་དང་སྲིང་མོར་ཡང་། །↵ཞེས་པ་ནི་རྣལ་འབྱོར་པ་དང་མའོ། །
920	terminal-particle	19		ཐེ་ཚོམ་མེད་པར་ཤེས་པར་བྱ་བ་ནི་ཚོགས་ཀྱི་སྤྱོད་པའི་སྐལ་བ་དང་ལྡན་པར་རོ། །
921	quote-open	20		ད་ནི་དབང་གི་བརྡ་ཤེས་པར་བྱ་བའི་ཕྱིར་ཅུང་ཟད་གོ་བསྣུར་ཏེ། གཡོན་གྱི་མཐེ་བོང་བཅངས་པ༌[
922	terminal-particle	19		ཞེས་པ་ནི་ཕལ་བ་ལས་ཁྱད༌[^503]དུ་བྱ་བའི་ཕྱིར་གཉིས་ཀས་ཀྱང་ལག་པ་གཡོན་པ་དག་གིས༌[^504]བ
923	quote-open	19		མཐེ་བོང་བཅངས་པས་ཕྱག་ཅེས་དྲིས་པ་དང་། ཕྱག་རྒྱའི་ལན་དུ། གཡོན་གྱི་མཐེ་བོང་བཅངས་པ་ལས།
924	terminal-particle	8		བསྙུན་གྱི་ཕྱག་རྒྱར་རྣམ་པར་ཤེས། །ཞེས་བྱའོ། །
925	terminal-particle	19		གང་གིས༌[^505]སོར་མོ་གཅིག་སྟོན་པ། །ཞེས་པ་ནི་སོར་མོ་ཚོགས་པ་གཅིག་པ་སྟེ། བུམ་པའི་དབང
926	terminal-particle	26		གཉིས་ཀྱིས་ལེགས་པར་འོངས་པ་ཡིན། །ཞེས་པ་ནི་དེ་ལྟ་མོད་ཀྱིས༌[^507]གསང་བའི་དབང་ལ་ཡང་རེ
927	line-end	24		ཡང་ཅུང་ཟད་གོ་བསྣུར་ཏེ། གང་གི་སྲིན་ལག་སྟོན་པ་ལ། །ཞེས་པ་ནི་མཐེ་བོང་དང་བཅས་པ་སྟེ། ག
928	verse-stanza	23		དེ་ཡིས་མགྲིན༌[^508]པ་རབ་ཏུ་བསྟན། །↵ཞེས་པ་ནི་ལོངས་སྤྱོད་པ་སྟེ།↵གསང་བའི་དབང་ཐོབ་པའ
929	terminal-particle	9		ཞེས་པ་ནི་ཤེས་རབ་ཡེ་ཤེས་དྲིས་པའོ། །
930	terminal-particle	9		སོར་མོ་གསུམ་པས། དབང་གསུམ་བརྡ་ཡིས་བསྟན་པའོ། །
931	terminal-particle	23		དེ་ཡི་མཐེའུ་ཆུང་རྣམ་པར་སྨིན།[^510] །ཞེས་པ་ནི་དེ་ལྟ་མོད་ཀྱི་བཞི་པ་ལ་རེག་གོ་ཞེས་བྱ
932	terminal-particle	15		གང་གིས༌[^511]གུང་མོ་སྟོན་པ་ལ། །ཞེས་པ་ནི་བཞི་པའི་དོན་དབུ་མ་དྲིས་པའོ། །
933	terminal-particle	16		དེ་ཡི་མཛུབ་མོ་རྣམ་པར་སྨིན།[^512] ། ཞེས་པ་ཚིག་དབང་རིན་པོ་ཆེ་ཉེ་བར་དགྲོལ༌[^513]ལོ།
934	line-end	4		ཞེས་པའི་ལན་ནོ། །
935	verse-stanza	13		ད་ནི་རྩའི་མན་ངག་བསྟན་པའི་ཕྱིར། །↵གང་གིས༌[^514]སོ་ནི་སྟོན་པ་ལ། །
936	line-end	14		ཞེས་པ་ནི་བདེ་བ་ཆེན་པོའི་འཁོར་ལོའི་རྩའི་དབྱིབས་བ་ཏི་སྟེ།
937	verse-stanza	13		[^515] ཐོད་ལྟ་བུར་གནས་པ་དྲིས་པའོ། །↵དེ་ཡིས་རྩེ་གསུམ་རྣམ་པར་བསྟན། །
938	terminal-particle	17		ཞེས་པ་ནི་དེ་ཡང་རྩ་གསུམ་ལས་གྱུར་པ་དང་རྩ་གསུམ་ལས་འབེབས༌[^516]པའི་ལན་ནོ། །
939	terminal-particle	64		རྩ་ལ་བརྟེན་པའི་བྱང་ཆུབ་སེམས་ཇི་ལྟ་བུ་ཞེས་པ་ནི་ཀུན་རྫོབ་ལྷན་ཅིག་སྐྱེས་པའི་མན་ངག་བ
940	line-end	17		གང་ཞིག་ས་ནི་སྟོན་པ་ལ། །ཞེས་པ་ནི་ཀུནྡ་སྐྱེས་པའི་ཤེས་རབ་མ་དྲིས་པའོ། །
941	verse-stanza	14		དེ་ཡིས་ཁ་ནི་རབ་ཏུ་བསྟན། །↵ཞེས་པ་ནི་ཉེ་བའི༌[^518]ལོངས་སྤྱོད་ཅེས་པའོ། །
942	terminal-particle	16		གླེགས་བམ་ལ་ལར་འཁོར་ལོ་བསྟན་པ་ནི་ཤེས་རབ་མལ་སྤྱི་བོས་བཏུད་པའོ། །
943	terminal-particle	21		གང་གིས་ཁྲོ་གཉེར་བསྟན་པ་ལ། །ཞེས་པ་ནི་འདོད་ཆགས་ཀྱིས་འཆིང་བར་མི་འགྱུར་རམ་ཞེ་ན་དྲིས་
944	terminal-particle	18		གཙུག་ཕུད་དགྲོལ་བར་བརྗོད་པར་བྱ། །ཞེས་པས་ནི་ལྷན་ཅིག་སྐྱེས་པའི་རོ་ལ་ལོངས་སྤྱོད་པའོ།
945	terminal-particle	40		ཀུན་རྫོབ་དེ་ལ་བརྟེན་པའི་སེམས་ཇི་ལྟ་བུ་ཞེ་ན། ད་ནི་དོན་དམ་ལྷན་ཅིག་སྐྱེས་པ་བསྟན་པའི
946	terminal-particle	17		དེ་ཡི་རྒྱབ་ནི་རབ་ཏུ་བསྟན། །ཞེས་པ་ནི་མངོན་དུ་བྱས་པ་སྤོང་བའི་ལན་ནོ། །
947	terminal-particle	22		གང་ཞིག་རྐང་མཐིལ་སྟོན་པ་ལ། །ཞེས་པ་ནི་མངོན་དུ་རྟོག་པ་མེད་ན་ལྟུང་བར་མི་འགྱུར་རམ༌[^5
948	terminal-particle	18		དགའ་བས༌[^521]རྣམ་པར་རོལ་པར་བྱ། །ཞེས་པ་བསྟན་པའི་ཕྱིར། གང༌[^522]ལྷན་ཅིག་སྐྱེས་པའི་
949	line-end	38		ཡང་གླེགས་བམ་ལ་ལར། ལྟོ་ཡིས་རྣམ་པར་རྩེ་བར་བྱ། །ཞེས་པ་ནི་དར་གྱི་ཕོ་ལོང་ལ་གདབ་པ་དང་འ
950	verse-stanza	25		ཕྱག་རྒྱ་ཕྱག་རྒྱའི་ལན་གྱིས་ནི། །↵ཞེས་པ་ནི་དྲིས་པ་དང་ལན་ནོ། །↵དམ་ཚིག་ཅན་གྱི་རྣམ་པར
951	line-end	3		[^525]མཇུག་བསྡུས་པའོ། །
952	terminal-particle	29		ད་ནི་སྤྱོད་པའི་བརྡ་བསྟན་པའི་ཕྱིར། དེ་ལ་རྣལ་འབྱོར་མས་སྨྲས་ཞེས་པ་སྔོན་བྱུང༌[^526]ད
953	terminal-particle	18		ཨེ་མ་བུ་ནི་སྙིང་རྗེ་ཆེ་ཞེས་པ་ནི་རྡོ་རྗེ་སྙིང་པོ་སྲི་ཞུར་བོས་པའོ། །
954	quote-close	25		གལ་ཏེ་ཕྲེང་བའི་ལག་སྟོན་ན། །ཞེས་པ་ནི་མ་འོངས་པའི་དུས་སུ་རྣལ་འབྱོར་མ་རྣམས་ཕྲེང་བ་སྟ
955	terminal-particle	29		འདུ་བར་བྱ་ཞེས་སྨྲས་པ༌[^527]ཡིན། །ཞེས་པ་ནི་སྙོམས་འཇུག་ལ་མངོན་པར་ཕྱོགས་པའམ། ཕྲེང་བ
956	terminal-particle	120		འདིའི་དོན་ནི་སྔོན་བྱུང་དང་རྗེས་འཇུག་རྣམ་པ་གཉིས་ཏེ། སྔོན་བྱུང་ནི་རྡོ་རྗེ་འཆང་གི་འ
957	line-end	17		བརྟུལ་ཞུགས་དམ་ཚིག་ཤིན་ཏུ་ནོས། །ཞེས་པ་ནི་སྙོམས་འཇུག་གི་སྤྱོད་པ་ལ་གནས་པའོ། །
958	line-end	12		ད་ནི་དེ་བཞིན་དུ་གཞན་ལ་ཡང་གདམས་པའི་ཕྱིར་རོ། །
959	verse-stanza	15		ཕྱི་རོལ་དེར་ནི་འདུས་པ་ལ། །↵ཞེས་པ་ནི་ཕྱིའམ་ནང་གི་འདུ་བ༌[^533]ཀུན་ལའོ། །
960	terminal-particle	18		བཟང་པོའི་སྤྱོད་ཡུལ་ལ་གནས་ཞེས་པ་ནི་གནས་ས་ལ་སོགས་པ་བཟང་པོར་འདུ་བའོ། །
961	terminal-particle	15		དེ་ཡང་ཕྱིའི་འདུ་བ་ཡིན་ལ་ནང་གི་བཟང་པོ་ནི་རྣལ་འབྱོར་པའོ། །
962	terminal-particle	4		སྤྱོད་ཡུལ་ནི་མའོ། །
963	line-end	12		འདུ་བར་བརྡར་བསྟན་ཞེས༌[^534]པ་ནི་རིགས་པའི༌[^535]བརྟུལ་ཞུགས་ཀྱི་ཐབས་སོ། །
964	verse-stanza	18		ཡང་བཟང་པོ༌[^536]ནི་ཉིན་མོ་ལ་འཚོག་པའི༌[^537]དུས་སོ། །↵སྤྱོད་ཡུལ་ཏེ་མཚན་མོ་ལ་སྤྱོད
965	line-end	30		རྣལ་འབྱོར་མས་སྨྲས་དེ་ནི་བྱ་བ་ཐམས་ཅད་ཅེས་པ་ནི་ཕྲེང་བ་སྟོན་པ་སྟེར་བ་སྟེ། རྡོ་རྗེ་ས
966	line-end	42		ད་ནི་གནས༌[^538]ལ་སོགས་པ་བསྟན་པ་ལ་ཡང་དབང་དང་མན་ངག་གིས་རྣལ་འབྱོར་མ་མཚོན་པ་ཡིན་ལ། བ
967	verse-stanza	25		གནས་དང་ཉེ་བའི་གནས་དང་ནི། །↵ཞིང་དང་ཉེ་བའི་ཞིང་ཉིད་དང་། །↵ཚནྡོ་ཉེ་བའི་ཚནྡོ་དང་། །↵
968	verse-stanza	25		འཐུང་གཅོད་ཉེ་བའི་འཐུང་གཅོད་ཉིད། །↵དུར་ཁྲོད་ཉེ་བའི་དུར་ཁྲོད་ཉིད། །↵འདི་རྣམས་ས་ནི་
969	verse-stanza	18		འདིས་ནི་གཞན་གྱི༌[^540]བརྗོད་མིན་བྱ། །↵ཞེས་པ་ནི་རྟག་ཏུ་གནས་ཤིང་།↵སྤྱོད་པས་ན་གནས་ཞ
970	verse-stanza	36		ཡང་རྣལ་འབྱོར་པ་ཞུགས་པས༌[^541]ན་ཡང་གནས་ཞེས་བྱའོ། །↵དེ་དང་ཉེ་བས་ན་ཉེ་བའི་གནས་ཞེས་བ
971	line-end	10		དེ་དང་ཉེ་བས་ན་ཉེ་བའི་ཞིང་ངོ་། །
972	verse-stanza	14		འདོད་ཅིང་འདུན་པ་སྐྱེད་པས༌[^543]ན་ཚནྡོ། །↵དེ་དང་ཉེ་བས་ན་ཉེ་བའི་ཚནྡོ། །
973	terminal-particle	16		མ་ག་ངྷ་དང་ཨངྒ་མ་ཏ་ནི་གནས་ཀྱི་གཞི་ཡིན་ཏེ་འདུ་བ༌[^544]ཞེས་བྱའོ། །
974	terminal-particle	8		དེ་དང་ཉེ་བས་ན༌[^545]ཉེ་བའི་འདུ་བའོ། །
975	terminal-particle	19		འདི་ནས་བོས་པས་གནས་གཞན་ཐམས་ཅད་རྒྱས་པར་འཆད་དོ།[^546] །འདི་ཉིད༌[^547]ལ་རྒྱས་པར་བཤད་
976	terminal-particle	29		བར་ཆད་མེད་པས་ན་འཐུང་གཅོད། དེ་དང་ཉེ་བས༌[^548]ཉེ་བའི་འཐུང་གཅོད་དོ།[^549] །རྣམ་པར་ར
977	terminal-particle	9		དེ་དང་ཉེ་བས་ན༌[^550]ཉེ་བའི་དུར་ཁྲོད་དོ། །
978	terminal-particle	23		འདི་རྣམས་ནི་ས་བཅུ་གཉིས་ཏེ་ཞེས་པ་ནི་རབ་ཏུ་དགའ་བ་ནས་བཅུ་གཉིས་དཔེས༌[^551]བསྐྲུན་དུ་
979	terminal-particle	17		ས་བཅུའི༌[^552]དབང་ཕྱུག་ཅེས་པ་ནི་རྣལ་འབྱོར་གྱི་དབང་ཕྱུག་དང་། རྣལ་འབྱོར་མ་རྣམས་སོ།
980	terminal-particle	6		དེ་དག་ནི་བགྲོད་པའི་སའོ། །
981	terminal-particle	39		མགོན་པོ་ཉིད་ཅེས་པ་ན།[^553] བུདྡྷའི་ས་གསུམ་སྟེ། བཅུ་གཅིག་ཀུན་དུ་འོད་ཀྱི་ས་དང་། བཅ
982	terminal-particle	27		འདིས་ནི་གཞན་གྱི་བརྗོད་མིན་ཞེས་པ་ནི། རབ་ཏུ་དགའ་བ་ལ་སོགས་པའི་མིང་གིས་མི་གདགས་ཀྱི༌[
983	terminal-particle	18		བྱང་ཆུབ་སེམས་དཔའི་མིང་གིས་མི་གདགས་ཀྱི་རྣལ་འབྱོར་གྱི་དབང་ཕྱུག་གི་མིང་གིས༌[^556]བཏ
984	line-end	32		འདི་ཡང་བཤད་ཚུལ་རྣམ་པར་སྦྱར་ཏེ། ཕྱི་ལྟར་བཤད་པ་ནི་གང༌[^557]གི་བཅུ་གཉིས་པོ་དེ་འཛམ་བ
985	terminal-particle	31		ནང་ལྟར་བཤད་པ༌[^559]ལུས་ཀྱི་གནས་ཉི་ཤུ་རྩ་བཞི་ལ་སྦྱར་བ་དང་རྩ་སུམ་ཅུ་རྩ་གཉིས་སུ་སྦྱ
986	line-end	3		དེ་སྐད་དུ།
987	verse-stanza	13		སྤྱི་གཙུག་ཛཱ་ལནྡྷ་རར་བཤད། །↵ཅེས་བྱ་བ་ལ་སོགས་པ་གསུངས་སོ། །
988	terminal-particle	24		གསང་བ་ལྟར་བཤད་པ་ནི་གསང་བའི་གནས་ཀྱི་ཁྱད་པར་ཏེ། རྩ་གནས་བརྒྱ་པའི་བྱེ་བྲག་ལ་ཅི་རིགས་
989	line-end	7		དེ་ཁོ་ན་ཉིད་ལྟར་བཤད་པ༌[^560]ནི།
990	verse-stanza	25		གནས་ནི་རབ་ཏུ་དགའ་བར་བརྗོད། །↵ཉེ་གནས་དྲི་མ་མེད་ཅེས་བྱ། །↵ཞིང་ནི་འོད་བྱེད་པ་ཡིན་ཏེ
991	verse-stanza	24		ཚནྡོ་ལྔ་པ་སྦྱང་དཀའ་བ། །↵ཉེ་བའི་ཚནྡོ་མངོན་དུ་གྱུར། །↵དེ་བཞིན་འདུ་བ་རིང་དུ་སོང་། །
992	verse-stanza	25		འཐུང་གཅོད་ལེགས་པའི་བློ་གྲོས་ཏེ། །↵ཉེ་བའི་འཐུང་གཅོད་ཆོས་ཀྱི་སྤྲིན། །↵དུར་ཁྲོད་ཀུན
993	line-end	7		འདི་རྣམས་ས་ནི་བཅུ་གཉིས་སོ། །
994	verse-stanza	19		རྡོ་རྗེ་འཛིན་པའི༌[^561]ས་བཅུ་གསུམ་པ་ནི་མཐར་ཐུག་པ༌[^562]སྟེ།↵ཕ་རོལ་ཏུ་ཕྱིན་པ་བས་ན
995	terminal-particle	16		དེ་ཅིའི་ཕྱིར་ཞེ་ན། རྒྱུའི་ཁྱད་པར་ལས་འབྲས་བུའི་ཁྱད་པར་འབྱུང་བའི་ཕྱིར་རོ། །
996	terminal-particle	31		སློབ་དཔོན་ལ་ལ་ནི་ཕ་རོལ་ཏུ་ཕྱིན་པ་དང་། གསང་སྔགས་ཀྱི་སྤྱོད་པ་གཉིས་ཀ་ལ་བརྟེན་ནས་ལམ་
997	line-end	114		སློབ་དཔོན་ལ་ལ་དག་ནི་ཕ་རོལ་ཏུ་ཕྱིན་པས་ནི་ངེས་པར་འབྱུང་བ་ཐོབ་ཀྱི་མཐར་ཐུག་པ་ནི་ཐོབ་
998	verse-stanza	13		ཐེག་པ་གསུམ་གྱི་ངེས་འབྱུང་ལ། །↵ཐེག་པ་གཅིག་གི་འབྲས་བུར་གནས། །
999	quote-close	3		ཞེས་གསུངས་སོ། །
1000	terminal-particle	16		ཕ་རོལ་ཏུ་ཕྱིན་པའི་ཐེག་པས་ནི་ས་བཅུ་གསུམ་པ་བཤད་པ་མེད་དོ། །
1001	terminal-particle	48		རིགས་པ༌[^570]ནི་རྒྱུའི་ཁྱད་པར་ལས་འབྲས་བུའི་ཁྱད་པར་ཡོད་དེ། ཇི་སྲིད་དུ་ཕྱག་རྒྱ་ཆེན
1002	terminal-particle	46		ཕ་རོལ་ཏུ་ཕྱིན་པར་ནི་རྗེས་སུ་དཔག་པས་གཏན་ལ་འབེབས་པར་བྱེད་པས་ལྟ་བ་ཡང་སྤྱི་ཙམ་གཏན་ལ་
1003	terminal-particle	44		དེ་དག་གི་གཞུང་གིས་ཀྱང་ཐབས་རྟེན་ཅིང་འབྲེལ་བར་འབྱུང་བའི་ནུས་པའི་མཐུ་ནི་དགག་པར་མི་ན
1004	terminal-particle	10		རིགས་པ་མང་དུ་ཡོད་ཀྱང་འདིར་མ་སྤྲོས་སོ། །
1005	terminal-particle	53		གོང་གི་ཕྱིའི་གནས་རྒྱས་པར་བཤད་པར་འདོད་ནས། ཀྱེ་བཅོམ་ལྡན་འདས་གནས་ལ་སོགས་པ་གང་ལགས་ཞེ
1006	terminal-particle	21		ཡང་དུས་བསྟན་པའི་ཕྱིར་ཅུང་ཟད་གོ་རིམས་བཟློག་སྟེ། ཀྱེ་བཅོམ་ལྡན་འདས་ཉི་མ་གང་ལགས་ཞེས་
1007	terminal-particle	18		བཅོམ་ལྡན་འདས་ཀྱིས་བཀའ་སྩལ་པ་ཞེས་པ་ནི་ལན་སྟོན་མཁན་སྡུད་པ་པོས་བརྗོད་པའོ། །
1008	terminal-particle	29		སེམས་ཅན་གྱི་ལ་སོགས་པ་ཚིགས་སུ་བཅད་པ་གཅིག་གིས་ནི་ཞལ་གྱིས་བཞེས་པ་སྟེ། ཀྱང་ཞེས་པ་ནི་
1009	terminal-particle	7		མཚན་མོ༌[^572]སྤྱོད་པའི་དུས་ཀྱང་མཚོན་ནོ། །
1010	terminal-particle	13		དུས་དེ་ཉིད་ནི་ཡི་དགས་ཟླ་ཕྱེད་དེ་ཚིག་རྐང་གཉིས་སོ། །
1011	terminal-particle	7		ཡི་དགས་ཟླ་ཕྱེད་ནི་མར་ངོའོ། །
1012	line-end	6		བཅུ་བཞི་ནི་ཉི་ཤུ་དགུའོ།[^573] །
1013	ordinal-open	7		བརྒྱད་པ་ནི་ཉི་ཤུ་གསུམ་མོ། །
1014	terminal-particle	51		ད་ནི་སྤྱོད་པའམ་ཚོགས་ཀྱི་རྫས་བསྟན་པའི་ཕྱིར། རྒྱལ་མཚན་ལ་སོགས་པ་ཚིགས་སུ་བཅད་པ་གཉིས་
1015	terminal-particle	11		མཚོན་བསྣུན་པ་ནི་དཔའ་བོ་གཡུལ་ངོར་ཤི་བའི་ཤའོ། །
1016	terminal-particle	18		ལན་བདུན་པ་ནི་སྐྱེ་བ་བདུན་པའི་ཤ་སྟེ་འོག་ནས་དེ་ཉིད་བརྟགས༌[^574]པའི་ཐབས་འཆད་དོ། །
1017	terminal-particle	21		བསྒྲུབ་པ༌[^575]ནི་ཡུལ་དང་བསམ་པ་སྦྱོར་བས་གནང་བ་སྟེ། དེ་བསད་པའི་ཤ་སྟེ་བརྟག་པ་ཕྱི་མ
1018	terminal-particle	22		ལྷན་ཅིག་སྐྱེས་པ་གྲུབ་པ་དེའི་ཚེ་རྒྱལ་མཚན་ནི་ཁམས་དང་བཅས་པ་སྟེ་བྱ་རོག་གི་གདོང་ཅན་ནོ
1019	terminal-particle	14		མཚོན་བསྣུན་ནི་རིན་ཆེན་ཟེ་འབྲུ་དང་བྱ་རོག་གི་གདོང་ཕྲད་པའོ། །
1020	terminal-particle	20		ལན་བདུན་པ་ཡང་བཟའ་བར་བྱ། །ཞེས་པ་ནི་ཟླ་བ་དང་མི་འབྲལ་བར་ཉི་མ་དང༌[^576]ལོངས་སྤྱོད་པའ
1021	terminal-particle	18		འབད་པས་སྙིང་རྗེ་བསྐྱེད་པ་ཡིས། །ཞེས་པ་ནི་བླ་མ་ལ་འབད་པའི་མན་ངག་གིས་སོ། །
1022	line-end	22		གསད་པར་བྱ་བ་བརྗོད་པ་ཉིད། །ཅེས་པ་ནི་ཉོན་མོངས་པ་དང་རྟོག་པའི་ཚོགས་བཀག་ནས་བདེ་བར་སློ
1023	verse-stanza	27		སྙིང་རྗེ་མེད་པས་མི་འགྲུབ་པས། །↵ཞེས་པ་ནི་མན་ངག་དང་མི་ལྡན་ནའོ། །↵དེ་ཕྱིར་སྙིང་རྗེ་
1024	terminal-particle	33		ཆོ་གའི་གཙོ་བོ་ནི་ལས་ཀྱི་ཕྱག་རྒྱ་ལུས་ཀྱི༌[^577]འཁྲུལ་འཁོར་དང་། རྩའི་འཁྲུལ་འཁོར་དང
1025	terminal-particle	34		རང་ལུས་ནི་རྒྱལ་མཚན་ཞེས་པ་སྤྱིའོ།[^578] །མཚོན་བསྣུན་ནི་ལྟེ་བ་ནས་ཕར་འོད་ཟེར་གྱིས་བ
1026	terminal-particle	13		འབད་པ་ནི་ལུས་ངག་གིས་སོ།[^580] །སྙིང་རྗེ་ནི་ནང་གི་བསྒོམ་པའོ། །
1027	terminal-particle	5		བསད་པ་ནི་རྟོག་པའོ། །
1028	terminal-particle	9		སྙིང་རྗེ་མེད་ནི་ནང་གི་ཉམས་མེད་པའོ། །
1029	terminal-particle	5		གདུག་པ་ནི་རྟོག་པའོ། །
1030	terminal-particle	9		ཆོ་གའི་གཙོ་བོ་ནི་གཏུམ་མོ་སྦར་བའོ། །
1031	terminal-particle	18		དབྱེར་མེད་ཕྱག་རྒྱ་ཆེན་པོ་ནི་བརྟེན་པ་ཆོས་ནས་འཇུག་པའི་རྒྱལ་མཚན་ནི་སྣང་བའོ། །
1032	terminal-particle	9		མཚོན་བསྣུན་ནི་ཤེས་རབ་ཀྱི་བདག་མེད་པའོ། །
1033	line-end	19		ལན་བདུན་པ་ནི༌[^581]སྣང་བ་སྟོང་པ་དབྱེར་མེད་པ༌[^582]ཡང་དང་ཡང་དུ་སྒོམ་པ༌[^583]རང་གི
1034	verse-stanza	19		སྙིང་རྗེ་ནི་ཐབས་ཏེ་སེམས་ཅན་ལ་བསྐྱེད་པའོ། །↵གདུག་པ་གཞུག་པ་ནི་དངོས་པོར་ཞེན་པ༌[^584
1035	terminal-particle	21		ཆོ་གའི་གཙོ་བོ་ནི་མན་ངག་གི་སྟོབས་ཀྱིས༌[^585]དངོས་པོའི་ཆོས་ལ་བརྟེན་ནས་རང་ལ་ཆོས་ཉིད
1036	terminal-particle	20		བརྟེན་པ་ནང་ནས་འཇུག་པའི༌[^586]རྒྱལ་མཚན་ནི་ཤེས་རབ་ལྷ་མོ་བླ་ན་མེད་པ་གཉུག་མའི་དབང་པོ
1037	quote-close	35		མཚོན་བསྣུན་ནི་ཡེ་ཤེས་རང་འབར་བ་སྟེ་དེས་བསྐྱེད་པའི་ཡེ་ཤེས་ཀྱི་དངོས་པོ་མཚན་མ་འཇོམས་
1038	line-end	20		ལན་བདུན་པ་དབང་པོ་རང་སྣང་ངོ་། །ཐམས་ཅད་གདུག་པ༌[^587]གཞུག་པ་ནི་ཡིད་ཀྱི་རྒྱུ་བ་ཀུན་ན
1039	verse-stanza	18		ཆོ་གའི་གཙོ་བོ་ནི་ཕྱག་རྒྱ་ཆེན་པོའོ། །↵དགག་པར་བྱ་བ་ནི་ཡིད་དང་བའི་ཐབས་སོ། །
1040	verse-stanza	15		གླེགས་བམ་ལ་ལར་བསྒྲུབ་པར་བྱ། །↵ཞེས་པ་ནི་གཉུག་མའི་དབང་དང་པོའི༌[^588]ཐབས་སོ། །
1041	terminal-particle	16		ད་ནི་ཡོངས་སུ་རྫོགས་པའི་རིམ་པ་སྤྱིའི་དོན༌[^589]དུ་ཤེས་པར་བྱ་བའི་ཕྱིར་རོ། །
1042	terminal-particle	19		དེ་ལ་འདི་ལྟར་ལྟ་བ་ཉིད། །ཅེས་པ་ནི་ཚིག་རྐང་གཉིས་ཀྱིས༌[^590]ལྟ་བ་སྟོན་པར་ཁས་ལེན་པའོ
1043	terminal-particle	38		ཉིན་མོ་བཅོམ་ལྡན་རྡོ་རྗེ་ཅན། །ཞེས་བྱ་བ་ནི་ཆོས་ཀུན༌[^591]སྣང་བ་བདེ་བ་ཆེན་པོ་ནི་རྡོ
1044	terminal-particle	18		ཉིན་མོ༌[^593]མཚན་མོས༌[^594]མཚོན་ཏེ། དེའི་མཚམས་ཤེས་པ་ནི་སྣང་བ་དང་སྟོང་པ་དབྱེར་མེད
1045	terminal-particle	10		ཡང་ཉིན་མོའི༌[^595]འཆར་བ་སྟེ་དགའ་བ་དང་མཆོག་དགའོ། །
1046	terminal-particle	14		མཚན་མོ་སྟེ་དགའ་བྲལ་གྱིས་མཚོན་ནས་མཚམས་སུ་ལྷན་ཅིག་སྐྱེས༌[^596]ཞེས་བྱའོ། །
1047	line-end	7		ད་ནི་སྤྱོད་པ་བསྟན་པའི་ཕྱིར།
1048	verse-stanza	26		མི་བྱ་ཅུང་ཟད་ཡོད་མ་ཡིན། །↵ཞེས་པ་ནི་བདག་མེད་པས་ནའོ། །↵རྟག་ཏུ་མི་བཟའ་ཡོད་མ་ཡིན། །↵
1049	verse-stanza	14		དགའ་བ་དེའི་རྣམ་པ་ཡིན་པས་སོ། །↵འདི་ལ་མི་བསམ་ཡོད་མ་ཡིན། །
1050	terminal-particle	13		ཞེས་པ་ནི་ལྷན་ཅིག་སྐྱེས་པ་ལས་ལོག༌[^597]ན་མེད་པའི་ཕྱིར་རོ། །
1051	line-end	7		བཟང་ངན་མི་སྨྲ་གང་ཡང་མེད། །
1052	verse-stanza	20		ཅེས་པ་ནི་དོན་གྱིས་སྟོང་ཞིང་བརྫུན་པའི་ཕྱིར་རོ། །↵དེ་ཡང་ཉིན་མོའི་ངོས་ནས་ཐམས་ཅད་བྱ་
1053	terminal-particle	18		མཚན་མོའི་ངོས་ནས་ཅིར་ཡང་བྱར་མེད་པའོ།[^598] །ཇི་ལྟར་བདག་ཉིད་ནི་རང་སྤྱོད་པའི་ཉམས་སོ
1054	terminal-particle	16		དེ་ལྟར་གཞན་ནི་ཡུལ་རང་ཤུགས་ཀྱིས་བཀག་པའི་ཕྱིར་བྱ་རོག་ལྡིང་ཆགས༌[^599]ལྟ་བུའོ། །
1055	terminal-particle	16		དེ་བཞིན་བདག༌[^600]ནི་ཅི་ཞེས་དྲིས་པ་དང་། ང་མཆོག༌[^601]ཉིད་དེ་ལྷན་ཅིག་སྐྱེས་པའི་རོ
1056	terminal-particle	20		དེ་ཡང་གཞན་ཤེས་པས་བསྒྱུར་ན་ང་དང་གཞན་གཉིས་ཀ་ཡང་བདག་དང་འདྲ་བ་དེ་བཞིན་ནོ། །
1057	line-end	22		ད༌[^602]ནི་སྤྱོད་པའི་ཕན་ཡོན་སྔགས་དང་ཕྱག་རྒྱ་བསྟན་པའི་ཕྱིར་ཚིགས་སུ་བཅད་པ་ཕྱེད་དང་
1058	terminal-particle	43		ད་ནི་བསྒོམ་པ་བསྟན་པའི་ཕྱིར་ཤྲཱི་ནི་གཉིས་མེད་ལ་སོགས་པ་ཚིགས་སུ་བཅད་པ་གཅིག་སྟེ། ལྷན
1059	terminal-particle	12		རུ་ནི་ཚོགས་དང་བྲལ་བ་ཉིད་མཚན་མ་མེད་པའི་སྒོའོ། །
1060	terminal-particle	12		ཀ་ནི་གང་དུའང་མི་གནས་པ་སྨོན་པ་མེད་པའི་སྒོའོ། །
1061	line-end	14		བདེ་བ་དང་སྟོང་པ་དབྱེར་མེད་པར་བསྒོམ་ཞེས་བྱ་བའི་དོན་ཏོ། །
1062	verse-stanza	13		ད་ནི་འབྲས་བུ་བསྟན་པའི་ཕྱིར། །↵རྡོ་རྗེ་ཐོད་པའི་སྦྱོར་བ་ཡིས། །
1063	terminal-particle	14		ཞེས་པ་ནི་དགྱེས་པའི་རྡོ་རྗེ་དང་བདག་མེད་པའི་རྣལ་འབྱོར་རོ། །
1064	line-end	7		སྐྱེ་བོ་གང་དང་གང་རྣམས་ཀྱིས། །
1065	verse-stanza	17		ཞེས་པ་ནི་སེམས་ཅན་གང་ཡང་རུང་བ་སྟེ།↵[^603]གོ་ཀུ་ད་ཧ་ན་ལ་སོགས་སོ། །
1066	terminal-particle	18		མཁས་པས་ཤ་ནི་བཟའ་བར་བྱ། །ཞེས་པ༌[^604]ནི་སྦྱང་བ་དང་སྦར་བ་དང༌[^605]རྟོག་པ་ལ་མཁས་པའོ
1067	terminal-particle	20		སེམས་ཅན་དེ་དག༌[^606]དབང་དུ་འགྱུར། །ཞེས་པ་ནི་གང་འདོད་པ་དབང་དུ་གྱུར་པ་དངོས་ཀྱི་ཡོན
1068	terminal-particle	7		བསྐྱེད་པའི་རིམ་པ་ལྟར་བཤད་པའོ། །
1069	terminal-particle	15		ཡང་ཤེས་རབ་ལ་བཤད་པ་ན༌[^607]རྡོ་རྗེ་ནི་ཐབས་ཀྱི་གསང་བའི་གནས་སོ། །
1070	line-end	11		ཐོད་པ་ནི་ལས་ཀྱི་ཕྱག་རྒྱའི་གསང་བའི་གནས་སོ། །
1071	verse-stanza	20		སྦྱོར་བ་ནི་སྙོམས་པར༌[^608]འཇུག་གོ། །↵སྐྱེ་བོ་ནི་པྲི༌[^609]ཏ་ག་ཛ་ནྲ་སྟེ།↵སོ་སོ་སྐ
1072	terminal-particle	12		ཤ་ནི་བ་ལ་སྟེ་སྟོབས་སམ་ནུས་པ་བདེ་བར༌[^610]བརྟགས་པའོ། །
1073	terminal-particle	8		མཁས་པ་ནི་བླ་མའི་མན་ངག་ལའོ། །
1074	line-end	25		བཟའ་བ་ནི་ལྷན་ཅིག་སྐྱེས་པའི་རིམ་པའི་རོའོ།[^611] །སེམས་ཅན་དབང་དུ་འགྱུར་བ་ནི་སེམས་ར
1075	verse-stanza	17		དེ་དག་གཞན་ལུས་ཤེས་རབ་ལ་བརྟེན་པའོ། །↵ཡང་རྡོ་རྗེ་ནི་སྐྱེ་གནས་སྟོང་པའི་ཆའོ། །
1076	terminal-particle	5		ཐོད་པ་ནི་སྤྱི་བོའོ། །
1077	line-end	14		སྦྱོར་བ་ནི་འོག་དང་། སྟེང་དུ་ཐིག་ལེ་འོད་ཟེར་གྱི་ཚུལ་དུའོ། །
1078	verse-stanza	11		སོ་སོ་སྐྱེ་བོ་ནི༌[^613]རྣམས་སོ། །↵ཤ་ནི་རྟོག་པར་སྨིན་པའོ། །
1079	terminal-particle	11		མཁས་པ་ནི་བསད་པ་དང་གསོ་བའི་མན་ངག་ལའོ། །
1080	terminal-particle	8		བཟའ་བ་ནི་བདེ་བར་ལོངས་སྤྱོད་པའོ། །
1081	terminal-particle	14		སེམས་ཅན་དེ་དེ་ནི་ཡུལ་ལ་སྣང་བའི་ཤེས་པ་ཐ་དད་དོ། །
1082	line-end	11		དབང་དུ་འགྱུར་བ་ནི་དེ་རྣམས་བདེ་བར་འདུ་བའོ། །
1083	verse-stanza	26		དེ་ནི་རང་ལུས་ཐབས་ལ་བརྟེན་པའོ། །↵རྡོ་རྗེ་ནི་སྟོང་པ་ཉིད་དོ། །↵སྲ་ཞིང་བརྟན་ལ་ཁོང་སྟ
1084	terminal-particle	3		ཅེས་གསུངས་སོ། །
1085	terminal-particle	5		ཐོད་པ་ནི་སྣང་བའོ། །
1086	terminal-particle	6		སྙོམས་འཇུག་ནི་དབྱེར་མེད་པའོ། །
1087	terminal-particle	12		སྐྱེ་བོ་གང་དང་གང་རྣམས་ལ་སྣང་བ་སྣ་ཚོགས་པའོ། །
1088	line-end	15		ཤ་ནི་མཁས་པས་བཟའ་བར་བྱ་བ་ནི་གཉིས་སུ་མེད་པར་མྱོང་བའོ། །
1089	verse-stanza	21		སེམས་ཅན་དེ་དེ་དབང་དུ་འགྱུར་བ་ནི། །↵སྣང་བ་ཐམས་ཅད་དེར་སྦྱོར་བའོ། །↵དེ་ནི༌[^614]བརྟ
1090	terminal-particle	13		ཡང་ན་རྡོ་རྗེ་ནི་ཤེས་རབ་ལྷ་མོ་བླ་ན་མེད་པའོ། །
1091	terminal-particle	14		ཐོད་པ་ནི་དེ་བསྟེན་པ་སྟེ་བདེ་བ་སྐྱོང་བ་དང་ལྡན་པའོ། །
1092	line-end	13		སྦྱོར་བ་ནི་བསྟེན་པའི་ཐབས་འདོད་པའི་ཡོན་ཏན་ལ་སོགས་པའོ། །
1093	verse-stanza	15		སོ་སོའི་སྐྱེ་བོ་ནི་ཡིད་མཐུན༌[^615]ན་གནས་པའོ། །↵ཤ་ནི་རྟོག་པ་དང་བརྟགས་པའོ། །
1094	verse-stanza	20		མཁས་པ་ནི་གཟུང་འཛིན་གྱི་སྟོང་པའི་ཤེས་རབ་ལའོ། །↵བཟའ་བ་ནི་བདེ་བ་ལ་སྤྱོད་པའི་ཐབས་སོ།
1095	line-end	13		སེམས་ཅན་དེ་དེ་ནི་དབང་པོ་རང་སྣང་གི་མན་ངག་གོ། །
1096	verse-stanza	21		དབང་དུ་འགྱུར་བ་ནི་སྤྱོད་ལམ་དང་བསྲེགས་པའི༌[^616]ངག་གོ། །↵དེ་ནི་གཉིས་མེད་ཕྱག་རྒྱ་ཆ
1097	line-end	3		ལེའུ་བདུན་པའོ།། །།
1098	terminal-particle	23		དེ་ནས་ཞེས་པ་ནི༌[^617]རྫོགས་པའི་རིམ་པ་བསྟན་ནས། དེའི་རྗེས་ལ་བསྐྱེད་རིམ་རྫོགས་རིམ་ག
1099	terminal-particle	17		རྣལ་འབྱོར་མ་ནི་ལམ་གཉིས་ཀྱི་དབང་དུ་བྱས་པའི་བདག་མེད་མ་ལ་སོགས་པའིའོ། །
1100	terminal-particle	18		འཁོར་ལོ་ནི་དེ་དག་འདུ་བའི་གནས་ཏེ། གཞལ་ཡས་ཁང་དང་བཅས་པ༌[^618]ལྷན་ཅིག་སྐྱེས་པར་རོ། །
1101	quote-open	17		འདིར་ཡང་སྒྲུབ་པ་པོ་ནས་ཚོགས་བསགས་པ་ཡན་ཆད་ལྷའི་ལེའུ་དང་འདྲ་བ་ལས།
1102	terminal-particle	36		ཁྱད་པར་ནི་བདག་མེད་མའི༌[^619]ང་རྒྱལ་གྱིས་ཐམས་ཅད་བྱས་ལ་ཚོགས་ཀྱི་ཞིང་ཡང་ཧེ་རུ་ཀ་ཕྱག
1103	terminal-particle	57		སྲུང་བ༌[^621]མཚམས་ཀྱི་འཁོར་ལོའི་ནང་དུ་ནམ་མཁའི་དབུས་སུ༌[^622]བྷ་ག་ཞེས་པའི་སྡོམ་རྩ
1104	terminal-particle	21		ཟུར་གསུམ་ནི་ཁམས་གསུམ་མམ་རྣམ་པར་ཐར་པའི་སྒོ་གསུམ་མམ་ལུས་ངག་ཡིད་གསུམ་རྣམ་པར་དག་པའོ།
1105	terminal-particle	12		ཁ་དོག་དཀར་པོ་ཉོན་མོངས་པའི་སྐྱོན་གྱིས་མ་གོས་པའོ། །
1106	terminal-particle	12		ནང་ཁོང་སྟོང་ནི་ཆོས་ཀྱི་དབྱིངས་སྟོང་པ་ཉིད་མཚོན་ནོ། །
1107	terminal-particle	17		སྟེང་ཡངས་པ་ནི་སའི་རིམ་པ་གོང་ནས་གོང་དུ་ཡོན་ཏན་འཕེལ་བར་མཚོན་པའོ། །
1108	terminal-particle	26		དེ་ནི་ཕྱིའི་གཞི་དང་ནང་གི་གཞི་བསྟན་ནས་རྟེན་གཞལ་ཡས་ཁང་བསྟན་པ་ནི་འཁོར་ལོ་ས་དང་ལ་སོག
1109	terminal-particle	32		སྤྱིར་གཞལ་ཡས་ཁང་སྒྲུབ་ལུགས་གཉིས་ཏེ། འབྱུང་བ་རིམ་བརྩེགས༌[^625]ནི་ལྷའི་རྒྱལ་པོའི་ཁ
1110	terminal-particle	19		འདིར་ནི་མིའི་རྒྱལ་པོའི་ཁང་བཟངས་སྒྲུབ་པའི་ལུགས་ཏེ།[^626] དེ་གཉིས་གོ་རིམས་ངེས་པ་ཡང
1111	terminal-particle	22		འདི་ཡང་རྒྱུད་དུ་བསྟན་པའི་ཕྱིར་སའི་འཁོར་ལོ་བཞིན་དུ་ཆུ་ལ་སོགས་པ་ཡང་མཚོན་ཏེ་ཤེས་པར་
1112	terminal-particle	25		སྔོན་འགྲོ་ནི་འདོད་ཁམས་སུ་ཁང་བཟངས་ལ་སོགས་པར་ཆོས་མཐུན་པར་ཆུའི་སྔོན་དུ་ས་སྟེ། གཞན་ད
1113	terminal-particle	26		ཇི་ལྟར་རིགས་པ་མེ་ལ་བསྟན་ཀྱང་དེ་བཞིན་དུ་ས་ནི་ལཾ་ལས་བྱུང་བ་སེར་པོ་གྲུ་བཞི་པ་རྡོ་རྗ
1114	terminal-particle	30		ཆུ་ནི་བཾ་ལས་གྱུར་པས་དཀར་པོ་ཟླུམ་པོ་བུམ་པས་མཚན་པ་སྟེ། ལྷ་ནི་རླུང་ལ་བཤད་ཀྱང་སྔ་མ་བ
1115	terminal-particle	34		གཞི་འབྱུང་བ་ནམ་མཁའ་རྐྱེན་གྱི་འབྱུང་བ་བཞི་བསྟན་ནས་རྣམ་པར་ཤེས་པའི་ཁམས༌[^627]བསྟན་པ
1116	terminal-particle	14		སྒོམ་པ་པོ་ནི་ཚོགས་གཉིས་ཀྱིས་སྦྱངས་པའི་རྣལ་འབྱོར་པའི་སེམས་སོ། །
1117	terminal-particle	12		འབྱུང་བ་ནི་བར་དོར་འཇུག་པའི་རང་བཞིན་ཏེ་ཁྱབ་པའོ། །
1118	terminal-particle	39		ད༌[^628]ནི་གཞི༌[^629]ནམ་མཁའ་བསྟན་པའི་ཕྱིར་ཚིག༌[^630]ཟོར་ཡང་དུ་བསྟན་པར་འདོད་ནས་ཐོ
1119	terminal-particle	15		ལས་སྐྱེས་ནི་ལྔ་པ་ཡིན་ཡང་བདུན་པར་སྦྱར་ཏེ་དེ་ལ་གནས་སོ། །
1120	terminal-particle	13		ཡང་སྐྱེ་གནས་སུ་བྱ་བའི་ཚེ་ན་ལྔ་པའི་དོན་ཉིད་དོ། །
1121	terminal-particle	10		འཁོར་ལོ་ཉིད་ནི་བསྐྱེད་པའི་ཁང་པ་ཉིད་དོ། །
1122	terminal-particle	14		འཕར་མ་གཉིས་དག་ནི་རིམ་པ་སྟེ་ཁྱད་པར་གྱི་མཚན་ཉིད་དོ། །
1123	terminal-particle	16		སྐྱོན་མེད་པ་ནི་གྲུ་བཞི་པ་ལ་སོགས་པ་སྟེ་སྤྱིའི་མཚན་ཉིད་བསྟན་པའོ། །
1124	terminal-particle	33		ད༌[^631]ནི་བཤད་པའི་ཕྱིར། ཟེ་འབྲུ་ལས་ནི་གཅིག་གྱུར༌[^632]ཏེ། །ཞེས་པ་ནི་ལྟེ་བ་ནས་ཟེ
1125	terminal-particle	24		གྲུ་གསུམ་གྱི་ནི་ཕྱི་ནས་བརྗོད། །ཅེས་པ་ནི་གྲུ་གསུམ་ནས་ཚུར་མཚོན་པའི་རྩིག་པ་སྟེ་བསྐོ
1126	line-end	17		གནས་ཀྱི་ཁྱད་པར་ནི་ཚིག་རྐང་གཉིས་ཏེ་གདན་རོ་དང་ཉི་མའི་གདན་བཅོ་ལྔའོ། །
1127	line-end	27		ད་ནི་བརྟེན་པ་ལྷའི་རྣལ་འབྱོར་བསྟན་པའི་ཕྱིར། དེ་ཡི་སྟེང་དུ་ཟླ་བ་ཡིན། །ཞེས་པ་ནི་ཡེ་
1128	verse-stanza	28		ཟླ་བའི་སྟེང་དུ་ས་བོན་ཉིད། །↵ཅེས་པ་ནི་སྒོམ་པ་པོའི་སེམས་ཉིད་དོ། །↵ཕྱི་ནས་བདུད་ལས་ར
1129	terminal-particle	14		དེ་དག་ཀྱང༌[^633]གཅིག་ནི་རྒྱུ་ས་བོན་ཧཱུཾ་ཡིག་གཉིས་ནི༌[^634]རྐྱེན་གྱི༌[^635]ཟླ་ཡིན
1130	terminal-particle	24		དེ་གཉིས་འདུས་པ་ལ་དེའི་ཕྱིར་འབྲས་བུ་བདེ་བ་ཆེན་པོ་སྟེ་རྒྱུའི་རྡོ་རྗེ་འཆང་གི་རང་བཞི
1131	line-end	5		གཉིས་ནི་རྐྱེན་གཉིས་སོ། །
1132	verse-stanza	17		འདུས་པ་ནི་རྒྱུ་ས་བོན་བསྐུལ་བའོ། །↵དེ་དག་ནི་གཙོ་མོ་བསྐྱེད་པ་མདོར་བསྟན་པའོ། །
1133	terminal-particle	29		ད་ནི་འཁོར་བསྟན་པའི་ཕྱིར་ཚིགས་སུ་བཅད་པ་གཅིག་སྟེ། འཁོར་རྣམས་ཀྱང་མངོན་པར་བྱང་ཆུབ་པ་
1134	terminal-particle	26		སྤྱིར་འཁོར་བསྐྱེད་ལུགས་ལ་གཉིས་ཏེ་བྱང་ཆུབ་སེམས་ཀྱི་ཆ་ལས་བསྐྱེད་པ་དང་། བྱང་ཆུབ་སེམ
1135	line-end	26		འོ་ན་གཙོ་མོ་དང་འཁོར་དུ་མི་འོང་ངོ་ཞེ་ན་རྣམ་པར་དག་པ་བཙན་པར་བྱ་བའི་ཕྱིར་གཙོ༌[^636]འ
1136	verse-stanza	13		རྣམ་ཤེས་ཕུང་པོའི་རང་བཞིན་གྱིས། །↵དེས་ན་བདག་མེད་མ་དབུས་སྐྱེས། །
1137	line-end	11		ཞེས་གསུངས་པས་རྣམ་པར་ཤེས་པ་གཙོ་བོ་ཡིན་ནོ། །
1138	terminal-particle	66		ད་ནི་གཙོ་མོ་རྒྱས་པར་བསྟན་པའི་ཕྱིར། ཟླ་བ་མེ་ལོང་ལ་སོགས་པ༌[^637]ཚིགས་སུ་བཅད་པ་གཉིས
1139	terminal-particle	59		བདུན་གྱི་བདུན་པ་མཉམ་པ༌[^640]ཉིད་ནི་ཀཱ་ལི་ཡི་གེ་སུམ་ཅུ་རྩ་བཞིའི་སྟེང་དུ་ཌ་ཌྷ་ཡ་ར་
1140	terminal-particle	52		རང་ལྷའི་ས་བོན་ཕྱག་མཚན་ནི། །སོ་སོར་རྟོག་པར་བརྗོད་པར་བྱ་བ་ནི་ཟླ༌[^642]ཉི༌[^643]གཉི
1141	terminal-particle	42		ཐམས་ཅད་གཅིག་གྱུར་ནན་ཏན་ནི། ཧཱུཾ་ལས་ལྷ་མོ་རྣམ་པར་སྤྲོ་བསྡུས་ནས་ས་བོན་དང་མཚན་མ་དང་
1142	terminal-particle	36		རྫོགས་པ་ཆོས་དབྱིངས་དག་པ༌[^644]ནི་རྒྱུའི་རྡོ་རྗེ་འཆང་སྐུ་མདོག་དཀར་པོ་ཞལ་གཅིག་ཕྱག་
1143	line-end	21		དེ་རྣམས་ལ་རྒྱུ་དང་རྐྱེན་དང་རྣམ་པ་དང་ངོ་བོ་དང་འབྲས་བུ་རྣམས་ཅི་རིགས་པར་སྦྱར་རོ། །
1144	verse-stanza	20		མཁས་པས་ཆོ་ག་གསུངས་པ་ཡིས། །↵རྣམ་པ་ལྔ་པོ་བསྒོམ་པ་ཉིད། །↵ཅེས་པ་ནི་སྔར་གྱི་མཇུག་སྡུད
1145	quote-close	13		སྐབས་ཁ་ཅིག་ཏུ་ཧེ་རུ་ཀ་རྣམས་ལ་སྦྱར་ཞེས་གསུངས་སོ། །
1146	line-end	16		ད་ནི་གཞན་སེལ་བ་བསྟན་པའི་ཕྱིར། ཨཱ་ལི་ཀཱ་ལི་ལ་སོགས་པ་གསུངས་ཏེ།
1147	verse-stanza	18		ཨཱ་ལི་ཀཱ་ལི་ནི་སྔར་གྱི་རྐྱེན་གཉིས་སོ། །↵མཉམ་སྦྱོར་བ་ནི་རྒྱུ་ས་བོན་བསྐུལ་བའོ། །
1148	terminal-particle	22		རྡོ་རྗེ་སེམས་དཔའ༌[^645]ནི་འབྲས་བུ་བདེ་བ་ཆེན་པོའི་རྒྱུའི་རྡོ་རྗེ་འཆང་བདག་མེད་མའི་
1149	terminal-particle	36		གདན་ཞེས་པ་ནི་རྐྱེན་ཇི་ལྟར་བྱ་ཞེ་ན། ལ་ལ་དག་མ་རྫོགས་པའི་རྡོ་རྗེ་སེམས་དཔར༌[^646]འདོ
1150	line-end	35		ཁ་ཅིག་ནི་ཟླ་བ་ཉི་མ་ཆ་ཕྲུགས་གཉིས་སུ་བྱ་སྟེ། ཆ་གཅིག་ཞུ་ནས་རྡོ་རྗེ་སེམས་དཔར་གྱུར། ཆ
1151	terminal-particle	77		ཁ་ཅིག་ནི་བཏགས་ཏེ་བསྟན་པ་ཡིན་ཏེ། རྡོ་རྗེ་འཆང་བསྐྱེད་པའི་དུས་སུ། ཉི་ཟླ་གཉིས་ཀྱིས་ག
1152	terminal-particle	11		གཞུང་སྔ་མ་གཉིས་པོ་ནི་མཛེས་པ་མ་ཡིན་ནོ། །
1153	terminal-particle	4		ཕྱི་མ་འདོད་པའོ། །
1154	terminal-particle	12		ཡི་གེ་ལས་བྱུང་ཞེས་པ་ནི་བསྐུལ་བའི་རྒྱུ་ཉིད་དོ། །
1155	terminal-particle	16		གོང་བུ་ནི་པིནྟ་སྟེ་འདུས་པའི་འབྲས་བུའི་ཚུལ་རྡོ་རྗེ་སེམས་དཔའི་གཟུགས་སོ། །
1156	line-end	23		ཧཱུཾ་ཕཊ་ཡི་གེ་འདོད་མི་བྱ། །ཞེས་པ་ནི་རྒྱུའི་རྡོ་རྗེ་འཆང་རྗེས་སུ་ཆགས་པའི་ཞུ་བ་ལས་མ
1157	verse-stanza	14		སེམས་དཔའི་གཟུགས་བརྙན་ལས་བྱུང་བ། །↵ཞེས་པ་ནི་རྒྱུའི་རྡོ་རྗེ་འཆང་གྱུར༌[^648]པའོ། །
1158	terminal-particle	10		ཧཱུཾ་ཧཱུཾ་ཕཊ་ཕཊ་དྲག་པོ་ཡང་མི་འདོད་པའོ། །
1159	terminal-particle	27		ཐུགས་ཀའི་ཨཾ་གིས་རྐྱེན་བྱས་ནས། ཤིང་འབྲས་ཚོས་པ་ལྟ་བུར་རྡོ་རྗེ་འཆང་དཀར་པོ་རྡོ་རྗེ་བ
1160	line-end	5		དེ་སྐད་དུ་ཡང་། །
1161	verse-stanza	13		རྡོ་རྗེ་སེམས་དཔའ་ལས་བྱུང་བའི། །↵རིག་མའི་སྐྱེས་བུ་དམ་པར་བསྒོམ། །
1162	quote-close	3		ཞེས་གསུངས་སོ།
1163	terminal-particle	21		[^650] །དེ་ཉིད་བཤད་པ། དཀྱིལ་འཁོར་བདག་མོ་རྣམ་པར་བསྒོམ། །ཞེས་པ་ནི་འབྲས་བུའི་ཧེ་རུ་
1164	terminal-particle	27		དེའི་མཚན་ཉིད་ཅི་འདྲ་སྙམ་པ་ལ། ཕྱག་མཚན་ཞལ་སོགས་གོང་མ་བཞིན། །ཞེས་པ་ནི་རྡོ་རྗེ་ལུ་གུ
1165	terminal-particle	47		ཟླ་བ་ཆུ་ཤེལ་ནོར་བུའི་འོད། །ཅེས་པ་ནི་སློབ་དཔོན་དག་གིས་གཞན་དག་དུ་མར་བཤད་ཀྱིས་ཀྱང་།
1166	terminal-particle	10		ཐབས་ཀྱི་དཔེ་ནི་འོད་ཟེར་ལྟ་བུར་སྣང་བའོ། །
1167	line-end	36		དེ་དག་གི་དོན་ནི་ཐབས་ཤེས་རབ་རང་བཞིན་ཏེ། དེ་ཡང་བདག་མེད་མའི་རང་བཞིན་ནི་ཤེས་རབ་ཡིན་ལ
1168	line-end	8		ད་ནི་འཁོར་རྒྱས་པར་བསྟན་པའི་ཕྱིར།
1169	verse-stanza	12		འདི་ལྟར་ཐམས་ཅད་རྫོགས་པ་ཉིད། །↵ཅེས་བྱ་བ་ནི་བསྟན་པའོ། །
1170	line-end	5		ད་ནི་བཤད་པ་སྟེ།
1171	verse-stanza	25		ཟླ་བ་ཉི་མའི་རབ་དབྱེ་བས། །↵ཞེས་པ་ནི་རྐྱེན་གཉིས་སོ། །↵ཨཱ་ལཱི་ཤེས་རབ་ཀཱ་ལི་ཐབས། །↵ཞ
1172	verse-stanza	12		ཡི་གེའི་དབྱེ་བ་སོ་སོ་ཡིན། །↵ཞེས་པ་ནི་ས་བོན་ནོ། །
1173	terminal-particle	52		ཟླ་བ་དང་ཉི་མ་དང་ས་བོན་སོ་སོ་ལས་མཚན་མ་གྲི་གུག །ལྟེ་བ་ལ་ས་བོན་གྱིས་མཚན་པ་དེ་ལས་སྤྲ
1174	terminal-particle	39		དཀར་མོ་ལ་སོགས་པ་རྡོ་རྗེ་རྣལ་འབྱོར་མ་སྔོན་དུ་ཡོད་ཀྱང་དཀར་མོ་སྔོན་ལ་སྨོས་པ་ནི་ཚོར་
1175	terminal-particle	8		འབྲས་བུའི་ལྷ་རྣམས་སོ་སོར་གྲུབ་པའོ། །
1176	terminal-particle	62		རེ་ཞིག་ནང་གི་རིམ་པ་ལ་སོགས་པའི་ཚིགས་སུ་བཅད་པ་བཞི་དང་ཡང་ཚིགས་སུ་བཅད་པ་བཞི་དང་གཉིས་
1177	line-end	26		བསྐྱེད་རིམ་གྱི༌[^653]ཞེན་པ་སྤངས༌[^654]པའི་ཕྱིར་རྫོགས་རིམ་ལ་འཇུག་པའི་ཡན་ལག་དྲུག་ག
1178	verse-stanza	14		དངོས་གྲུབ་མྱུར་དུ་ཐོབ་པར་འགྱུར། །↵ཞེས་པ་ནི་སེམས་དཔའ་སུམ་བརྩེགས༌[^655]དང་། །
1179	line-end	78		ཡེ་ཤེས་ཀྱི་འཁོར་ལོ་དགུག་པ་དང་སྐུ་གསུང་ཐུགས་དང་སྐྱེ་མཆེད་བྱིན་གྱིས་བརླབ་པ་དང་། དབ
1180	ordinal-open	17		དང་པོ་ནག་པོ༌[^659]རབ་ཏུ་བསྒོམ། །ཞེས་པ་ལ་སོགས་པ་ནི་སྙིང་གར་ཧཱུཾ་ནག་པོ་གཅིག །
1181	verse-stanza	29		དམར་པོ་ནི་མགྲིན་པར་ཨཱཾ་ངོ་། །↵སེར་པོ་ནི་དཔྲལ་བར་ཛྲཱྀཾ་ངོ་། །↵ལྗང་གུ་ནི་ལྟེ་བར་ཁཾ
1182	terminal-particle	7		དཀར་པོ་ནི་སྤྱི་བོར་བྷྲཱུཾ་མོ། །
1183	terminal-particle	52		དེ་རྣམས་ནི་དེ་བཞིན་གཤེགས་པ་དྲུག་གི་ངོ་བོ་ཡང་རྫོགས་པའི་རིམ་པ་ལ་འཇུག་པའི་ཡན་ལག་ཏུ་
1184	terminal-particle	7		དགའ་བྲལ་མཐར་ཡང་དེ་བཞིན་ནོ། །
1185	line-end	16		ཞེས་པ་ནི་ཟབ་པའི་རྣལ་འབྱོར་བསྟན་པ་སྟེ་འོག་ནས་རྒྱས་པར་འཆད་དོ། །
1186	terminal-particle	49		ད་ནི་རྫོགས་པའི་རིམ་པ་བཤད་པའི་ཕྱིར་ཚིགས་སུ་བཅད་པ་གཅིག་དང་ཚིག་རྐང་གཅིག་དང་ཤུགས་ཀྱི
1187	terminal-particle	11		ཡེ་ཤེས་མངོན༌[^661]དུ་སྐྱེ་བའི་ཐབས་ནི་རྫོགས་པའི་རིམ་པའོ། །
1188	terminal-particle	58		ཡང་ན་རྫོགས་པའི་རིམ་པའི་རྟེན་དུ་གྱུར་པ་དང་བསྐྱེད་པའི་རིམ་པ་བྱིན་གྱིས་རློབ་པས་ཀྱང་
1189	terminal-particle	15		ལས་ཀྱི་ཕྱག་རྒྱ་ནས་ཕྱག་རྒྱ་ཆེན་པོའི་བར་དུ་རྫོགས་པའི་རིམ་པའོ། །
1190	terminal-particle	9		ཡེ་ཤེས་དངོས་སུ་ཤར་བ་ནི་རྫོགས་པའོ། །
1191	terminal-particle	17		དེ་དག་ནི་དེ་ཁོ་ན་ཉིད་ནི་སྒྱུ་མ་རྣམ་དག་དང་རང༌[^664]བཞིན་རྣམ་དག་གོ། །
1192	terminal-particle	63		དེ་ལྟར་བསྐྱེད་པའི་རིམ་པ་བསྟན་ནས། ད་ནི་རྫོགས་པའི་རིམ་པ་བཤད་པ་ནི། ནམ་མཁའི་ཁམས་ནི་ལ
1193	terminal-particle	36		དབྱེ་བ་ལ་མཚོན་བྱ་དང་མཚོན་བྱེད་ཀྱིས་དབྱེ་བ་དང་། ངོ་བོ་ཉིད་ཀྱི་སྒོ་ནས་དབྱེ་བ་དང་། 
1194	ordinal-open	26		དང་པོ་ལ་དྲུག་སྟེ། མཚོན་བྱ༌[^665]དོན་དམ་བདེ་བ་འཁོར་ལོའི་ཚུལ་དུ་བདེ་བ་དང་མངོན་སུམ་
1195	terminal-particle	24		ཀུན་རྫོབ་དེར་ཁུ་བ་ཐིག་ལེ་ཚོགས་པ་གཅིག་པའི་ཚུལ་དུ་སྟེ། གཟུགས་དང་རོ་ལྟ་བུར་བུ་རམ་དཔ
1196	terminal-particle	42		མཚོན་བྱེད་དབྱེར་མེད་པ་ནི༌[^666]རང་རིག་པ་དེས་དོན་རང་གི་མཚན་ཉིད་ལ་འཇུག་སྟེ་དཔེར་ན་
1197	terminal-particle	39		མཚོན་བྱའི་དབང་དུ་བྱས་པ་ཀུན་རྫོབ་ལྷ་སྟེ། ཁུ་བ་ལུས་ལས༌[^667]བྱུང་བ་གནས་པ་དང་དོན་དམ
1198	terminal-particle	17		དབྱེར་མེད་སེམས་རང་རིག་པ་བདེ་བ་ལ་མི་རྟོག་པ་སྟེ་དེ་ལྟར་དྲུག་གོ། །
1199	line-end	9		དེ་ཉིད་མཚན་ཉིད་ཀྱིས་དབྱེ་ན་གཉིས་ཏེ།
1200	verse-stanza	17		ཀུན་རྫོབ་དང་དོན་དམ་མོ། །↵དེ་ལ་མཚོན་བྱེད་རིལ་ཀུན་རྫོབ།↵མཚོན་བྱ་རིལ་དོན་དམ་མོ། །
1201	terminal-particle	28		རྟེན་གྱི་སྒོ་ནས་དབྱེ་བ་ལ་བཞི་སྟེ། ཤེས་རབ་བུད་མེད་ལ་གཉིས། ཐབས་སྐྱེས་བུ་ལ་ཡང་གཉིས་
1202	terminal-particle	28		རྣམ་པར་གཞག་པ༌[^668]ལ་བཞི་སྟེ་དགའ་བ་བཞི་ལ་ལྷན་སྐྱེས་སུ་བྱས་ཏེ། སྐད་ཅིག་བཞི་ནི་སྤང
1203	terminal-particle	34		བསྐྱེད་ཐབས་ནི་སློབ་དཔོན་གྱི་མན་ངག་གིས་དབང་གསུམ་པ་བསྟན་པས་རྟོགས་པ་གཅོད་པ་སྟེ། བདེ
1204	line-end	15		ནམ་མཁའི་ཁམས་ནི་པདྨ་ལ། །ཞེས་པ་ནི་ཤེས་རབ་ཀྱི་གསང་བའི་གནས་སོ། །
1205	verse-stanza	15		བྷ་ག་ཞེས་པའང་ཡེ་ཤེས་བརྗོད། །↵ཅེས་པ་ནི་ཐབས་ཀྱི་གསང་བའི་གནས་སོ། །
1206	line-end	17		སྙོམས་འཇུག་ནི་ཨོཾ་པདྨ་སུ༌[^670]ཁ་ལ་སོགས་པས་བྱིན་གྱིས་བརླབས་པའི་ཆོས་དང་ལྡན་པའོ། །
1207	terminal-particle	11		བདེ་བ་ནི་མཚོན་བྱེད་དོན་དམ་ལྷན་ཅིག་སྐྱེས་པའོ། །
1208	terminal-particle	15		འཁོར་ལོ་ནི་གཅོད་ཅིང་སྦྱོང་བས་ཤེས་རབ་སྟོང་པ་ཉིད་ཟུར་ལ་སྐྱེའོ། །
1209	terminal-particle	21		སྔོན་འགྲོ་ཞེས་པ་ཞུ་བ་ནི༌[^671]མན་ངག་གི་ཤུགས་ཀྱིས་བསྟན་པ་སྟེ༌[^672]མཚོན་བྱེད་ཀུན་
1210	terminal-particle	15		རིགས་པ་ཇི་བཞིན་རང་རིག་ནི་མཚོན་བྱེད་དབྱེར་མེད་རང་རིག་གསལ་བའོ། །
1211	terminal-particle	13		ལྷ་བྱང་ཆུབ་སེམས་ནི་མཚོན་བྱ་དོན་དམ་ལྷན་ཅིག་སྐྱེས་པའོ། །
1212	terminal-particle	15		ཇི་ལྟར་འབྱུང་བ་ཞུ་བ་ནི་མཚོན་བྱ་ཀུན་རྫོབ་ལྷན་ཅིག་སྐྱེས་པའོ། །
1213	line-end	16		[^673]ལྷན་ཅིག་སྐྱེས་པ་རྣམ་པ་གཉིས་ནི་གཉིས་མེད་དེ་མཚོན་བྱ་ལྷན་སྐྱེས་སོ། །
1214	verse-stanza	20		དེ་དག་ནི་གཞན་ལུས་ཤེས་རབ་ལ་བརྟེན་པའོ། །↵ཡང་ན་ནམ་མཁའི་པདྨ་ནི་ལྟེ་བའི་པདྨ་སྟོང་པའོ།
1215	terminal-particle	21		བྷ་གའི་ཡེ་ཤེས་ནི་ཡེ་ཤེས་ཀྱི་སྐལ་བ་དང་ལྡན་པས་བྷ་ག་སྟེ་བདེ་ཆེན་གྱི་གནས་སོ། །
1216	terminal-particle	18		སྒོམ་པ་སྙོམས་འཇུག་ནི་འོག་དང་སྟེང་དུ་འོད་ཟེར་དང་། ཐིག་ལེའི་ཚུལ་དུ་རྒྱུ་བའོ། །
1217	terminal-particle	10		དེའི་བདེ་བ་ནི་འཁོར་ལོ་བཞིའི་ལམ་ནས་སོ། །
1218	terminal-particle	12		སྔོན་འགྲོ་ཞུ་བ་ནི་རྟེན་སྔོན་དུ་འགྲོ་བའི༌[^674]ཞུ་བས་སོ། །
1219	terminal-particle	18		ཇི་ལྟར་རིགས་པར་རང༌[^675]རིག་ནི་བརྟེན་པའི་ཆོས་བདེ་བ་རང་རིག་ཏུ་ཉམས་སུ་མྱོང་བའོ། །
1220	line-end	12		ལྷ་བྱང་ཆུབ་སེམས་ནི་མ་ཞེན་པར་རྣམ་པར་རོལ་བའོ། །
1221	verse-stanza	16		ཞུ་བ་ནི་ཡང་རྟེན་སྔོན་དུ་འགྲོ་བའོ། །↵ལྷན་སྐྱེས་རྣམས་གཉིས་ནི་གཉིས་མེད་དོ། །
1222	terminal-particle	18		དེ་དག་ནི་མཚོན་བྱ་མཚོན་བྱེད་དུ་ལྷན་ཅིག་སྐྱེས་པ་ཡང་སྔ་མ་ལྟར་བཤད་དོ། །
1223	terminal-particle	8		དེ་ནི་རང་ལུས་ཐབས་ལ་བརྟེན་པའོ། །
1224	terminal-particle	30		བརྟེན་པ་ཆོས་ནས་འཇུག་པའི་ཕྱག་རྒྱ་ཆེན་པོ་ནི་ནམ་མཁའི་ཁམས་ནི་པདྨ་ཞེས་པ་ཤེས་རབ་ཀྱི་ཆོ
1225	terminal-particle	8		བྷ་ག་ནི་ཐབས་སྣང་བ་སྒོམ་པའོ། །
1226	terminal-particle	11		དེ་གཉིས་ཀྱིས་འཁོར་ལོ་དེ་གཙོད༌[^676]ཅིང་སྦྱོང་བར་བྱེད་དོ། །
1227	terminal-particle	13		དེ་ཁོ་ན་བྱང་ཆུབ་ཀྱི་སེམས་མོས་པ་ཙམ་དུ་བསྒོམ༌[^677]པར་བྱའོ། །
1228	line-end	19		ཡང་ནམ་མཁའི་ཁམས་ནི་པདྨའི་སྐུད་པ་དང་འདྲ་བས་ན༌[^678]ཁོང་སྟོང་ཕྱག་རྒྱ་ཆེན་པོའི་རྟེན་
1229	verse-stanza	21		བྷ་ག་ཡེ་ཤེས་ནི་དེར་ཡེ་ཤེས་རང་འབར་བའོ། །↵སྒོམ་པ་སྙོམས་འཇུག་ནི་དབང་པོ་དང་བའི་ཐབས་ས
1230	line-end	5		དེའི་བདེ་བ་ནི༌[^679]ཐབས་སོ། །
1231	verse-stanza	18		འཁོར་ལོ་ནི་ཤེས་རབ་བོ། །↵སྔོན་འགྲོ་ཞུ་བ་ནི་དེའི་རྟེན་ནོ། །↵རིག་པ༌[^680]རང་རིག༌[^6
1232	terminal-particle	13		བྱང་ཆུབ་སེམས་ནི་མཚོན་བྱ་ཤེས་རབ་པོ། །ལྷ་རྣམས་ནི་ཐབས་སོ། །
1233	terminal-particle	21		འབྱུང་བ་ཞུ་བ་ནི་མཚོན་བྱའི་རྟེན་ནོ།[^682] །ལྷན་ཅིག་སྐྱེས་པ་རྣམ་པ་གཉིས་ནི་མཚོན་བྱ་
1234	terminal-particle	82		ཕྱག་རྒྱ་ཆེན་པོ་ལ་ཇི་ལྟར་མཚོན་བྱ་མཚོན་བྱེད་དུ་འགྱུར་ཞེ་ན། བླ་མའི་མན་ངག་གི་སྟོབས་ས
1235	terminal-particle	17		བཤད་པ་དེ་རྣམས་ནི་སྐབས་འདིར་ལྷན་ཅིག་སྐྱེས་པ་གཏན་ལ་དབབ་པར་ཡང་འགྲོའོ། །
1236	line-end	17		སྒོམ་པར་ཡང་འགྲོ་སྟེ་སྔོན་དུ་འགྲོ་བ་དང་། རྟགས་རྣམས་སྔ་མ་བཞིན་དུ་སྦྱོར༌[^685]རོ། །
1237	line-end	10		ད་ནི་དབྱེ་བའི་རྣམ་པར་གཞག་པ༌[^686]བསྟན་པའི་ཕྱིར།
1238	verse-stanza	26		ཚིགས་སུ་བཅད་པ་གཉིས་ཏེ་གོ་སླའོ། །↵དེ་ཉིད་ཕྱིར་ན་ཞེས་པ་ནི།↵ལྷན་ཅིག་སྐྱེས་པ་དབྱེ་བའ
1239	terminal-particle	10		ཞེས་པ་ནི་དགའ་བ་ལ་ཡང་བཞིར་དབྱེ་བའོ། །
1240	terminal-particle	19		དེ་ཅིའི་ཕྱིར་ཞེ་ན། རྫོགས་པའི་རིམ་པའི་ཕྱོགས་ལས་ཞེས་པ་སྟེ༌[^687]དེའི་དབང་དུ་བྱེད་པ
1241	line-end	19		འདི་ལྟར།[^688] ལྷན་ཅིག་སྐྱེས་པ་རྣམ་པ་བཞི། །ཞེས་པ་ནི། ལྷན་ཅིག་སྐྱེས་པ་དང་དགའ་བ་ངོ
1242	verse-stanza	11		དེ་དག་ཇི་ལྟར་ཞེ་ན། །↵དགའ་བ་ལས་ནི་དང་པོའོ། །
1243	terminal-particle	10		དཔའ་བོ༌[^689]ཉིད་ནི་སྐྱེས་བུ་ཐབས་ཀྱི་ལྷན་སྐྱེས་སོ། །
1244	line-end	6		མཆོག་ཏུ་དགའ་བ་གཉིས་པའོ། །
1245	verse-stanza	28		རྣལ་འབྱོར་མའི་བཙུན་མོ་ཤེས་རབ་ཀྱི་ལྷན་སྐྱེས་སོ། །↵ཤིན་ཏུ་བདེ་དགའ་ནི་དགའ་བྲལ་གྱི་ག
1246	terminal-particle	12		དེ་བདེ་ཐབས་ལས་ནི་དགའ་བས་ལྷན་སྐྱེས་ཏེ་བཞི་པའོ། །
1247	terminal-particle	13		ཐམས་ཅད་རིག་ནི་དོན་དམ་པའམ་མཚོན་བྱ་ལྷན་ཅིག་སྐྱེས་པའོ། །
1248	terminal-particle	39		ད་ནི་ལྷན་ཅིག་སྐྱེས་པའི་བསྒོམ་བྱའི་རིམ་པ་རྒྱུ་དང༌[^692]འབྲས་བུའི་གནས་སྐབས་ཀྱིས་བས
1249	terminal-particle	15		མཆོག་དགའ་ལྷག་མ་ནི་ཤེས་པ་རང་རིག་གི༌[^693]མཚན་ཉིད་ལ་སྒྲོ་བཏགས་པའོ། །
1250	terminal-particle	12		དགའ་བྲལ་ཆགས་བྲལ་ནི་གཉུག་མ་ལས་ཉམས་པའི་ཕྱིར་རོ། །
1251	terminal-particle	19		ལྷག་མ་ནི་ཡོངས་སུ་ལྷག་མ་སྟེ་དེ་གསུམ་ཆར་གྱི་རྣམ་པའི་མཆོག་དང་ལྡན་པས་སོ། །
1252	terminal-particle	20		ཡང་དང་པོ་རེག་པར་འདོད་པ་ནི་རྟེན་ཤེས་རབ་མ་སྟེ་གཉུག་མ་ཡུལ་དུ་བྱས་པས་སོ། །
1253	ordinal-open	17		གཉིས་པ་བདེ་བ་འདོད་པ་ནི་ཡིད་ཀྱི་ཡུལ་ལ་ཚིམ་པ་མེད་པའི་ཕྱིར་རོ། །
1254	terminal-particle	9		འདོད་ཆགས་འཇིག་པ༌[^694]ཡང་གཉུག་མ་ལས་ཉམས་པའོ། །
1255	ordinal-open	19		བཞི་པ་བསྒོམ་པ་ནི་དགའ་བ་གསུམ་གྱི༌[^695]རྣམ་པ་ལྷན་ཅིག་སྐྱེས་པའི་རོར་བྱས་པའི་ཕྱིར་ར
1256	line-end	18		རང་གི་རྒྱུ་དང་གཞན་གྱི་རྐྱེན་གྱི་འབྲས་བུ་སྐྱོན་དང་ཡོན་ཏན་ཅིར་འགྱུར་ཞེ་ན།
1257	verse-stanza	27		མཆོག་དགའ་སྲིད་པ་ཞེས་པ༌[^696]ནི་ཞེན་ཅིང་ཆགས་པའོ། །↵དགའ་བྲལ་མྱ་ངན་ནི་ཉན་ཐོས་ལྟ་བུའ
1258	line-end	21		ལྷན་ཅིག་སྐྱེས་པ་འདི་དག་སྤངས་པ་ནི་མི་གནས་པའི་མྱ་ངན་ལས་འདས་པ་ཐོབ་པའི་ཕྱིར་རོ། །
1259	verse-stanza	19		འོ་ན་ལྷན་ཅིག་སྐྱེས་པ་ཅི་ཞེ་ན། །↵འདོད་ཆགས་མེད་ཅིང་གཉུག་མའི་མཚན་ཉིད་གྲུབ་པ་སྟེ།
1260	terminal-particle	8		མཆོག་དགའ་ནི་རྣམ་པར་མི་རྟོག་པའོ། །
1261	terminal-particle	19		ཆགས་བྲལ་མེད་པ་ནི་རང་གི་མཚན་ཉིད་ལས་མ་ཉམས་པ་སྟེ། དགའ་བྲལ་དུ་མི་རྟོག་པའོ། །
1262	line-end	19		དབུས་མར་མི་དམིགས་པ་ནི་བདེ་བ་བཏང་སྙོམས་སུ་མི་གནས་པ་སྟེ། དགའ་བྲལ་མི་རྟོག་པའོ། །
1263	verse-stanza	17		དེ་དག་ནི་རང་གི་རྒྱུའོ། །↵འདི་ལ་ནི་ལྷན་སྐྱེས་སོ། །↵ཐབས་ནི་སྐྱེས་བུའི་བྱེད་པའི༌[^6
1264	verse-stanza	18		ཤེས་རབ་ནི་བཙུན་མོའི་བྱ་བ་དགའ་བྲལ་ལོ། །↵དེ་གཉིས་ཀའི་དགའ་བ་སྟེ་དགའ་བྲལ་ལོ། །
1265	terminal-particle	25		ཡང་དག་དེ་ཉིད་སྣང་བ་ནི་འབྲས་བུ་འཁོར་བ་དང་ཞི་བ་དབྱེར་མེད་པའི་མི་གནས་བའི་མྱ་ངན་ལས་འ
1266	terminal-particle	45		འོ་ན་ལྷན་ཅིག་སྐྱེས་པ་དེ་རྒྱུད་ལ་ཇི་ལྟར་སྐྱེ་ཞེ་ན། བདེན་ཏེ༌[^698]མཉམ་པའམ་ལྟ་བའི་ར
1267	terminal-particle	12		གང་དུ་མི་རྙེད་པ་ནི་ཆོས་གང་ལ་མི་གནས་པའོ། །
1268	terminal-particle	17		འོན་ཀྱང་བླ་མའི་དུས་ཐབས་བསྟེན་པས་ཏེ་ཕྱག་རྒྱ་ཆེན་པོའི་མན་ངག་ལས་སོ། །
1269	line-end	17		བདག་གི་བསོད་ནམས་ཞེས་པ་ནི་རང་གི་ནང་ནས་སྣང་བའི་བྱིན་གྱིས་བརླབས་པའོ། །
1270	line-end	54		ད་ནི་དབང་པོ་རང་སྣང་གི་མན་ངག་བསྟན་པའི་ཕྱིར། དམན་དང་འབྲིང་ལ་སོགས་པ་ཚིགས་སུ་བཅད་པ་ག
1271	verse-stanza	13		འབྲིང་ནི་གཉིས་ཀ་མ་ཡིན་པའོ། །↵ཡང་ལྟོས་ནས་གསུམ་དུ་བཤད་དོ། །
1272	terminal-particle	13		སྒྲ་ཡང་སྙན་པ་དང་མི་སྙན་པ་གཉིས་ཀ་ལ་བརྟེན་པའོ། །
1273	terminal-particle	11		དེ་བཞིན་དུ་དྲི་རོ་རེག་བྱ་ལ་ཡང་སྦྱར་རོ། །
1274	terminal-particle	37		དེ་ཡང་ཚིགས་སུ་བཅད་པ་ཕྱེད༌[^700]དང་གཉིས་ཀྱིས་ནི་ལྟ་བ་བདག་མེད་པར་བཤད་ལ། ཡང་ཚིགས་སུ
1275	terminal-particle	40		དོན་འདི་ཡིས་ནི་བརྗོད་པར་བྱ། །ཞེས་པ་ནི་དེ་དག་གིས་བསྡུས་པ་སྟེ། ཆོས་ཀུན་དབང་པོ་རང་ས
1276	quote-open	16		ད༌[^702]ནི་ཆེ་བའི་བདག་ཉིད་བསྟན་པའི་ཕྱིར་ཚིགས་སུ་བཅད་པ་གཉིས་གསུངས་པ་ལས།
1277	line-end	23		[^703] གཅིག་གིས་ནི་ཤེས་བྱ་ལྷན་ཅིག་སྐྱེས་པའི་ཡོན་ཏན་ཡིན་ལ། ཡང་གཅིག་གིས་ནི་ཉམས་སུ་
1278	line-end	40		ད་ནི་སྤྱོད་ལམ་དང་བསྲེ་བའི་མན་ངག་བསྟན་པའི་ཕྱིར། ཚིགས་སུ་བཅད་པ་གཅིག་སྟེ། དེ་ཡང་གོ་
1279	verse-stanza	18		བཟའ་བཏུང་ནི་ལྷན་ཅིག་སྐྱེས་པའི་རོའོ། །↵ཁྲུས་ནི་དབང་དུ་མོས་པའོ། །↵སད་པ་ནི་ཐབས་ཀྱིས
1280	terminal-particle	9		ཉལ་བ་ནི་ཐབས་ཀྱིས་སྙོམས་པར་འཇུག་པའོ། །
1281	terminal-particle	17		དེས་ན་སྔོན་དུ་འགྲོ་བ་ནི་རྫོགས་རིམ་ལྷག་པར་མོས་པ་རྒྱུན་མི་འཆད་པའོ། །
1282	terminal-particle	19		ད་ནི་སྒོམ་པ་བསྟན་པའི་ཕྱིར་ཡིད་ཀྱིས༌[^704]མི་བསྒོམ་པ་ནི་སྤྱོད་ཡུལ་མ་ཡིན་པའི་ཕྱིར་
1283	terminal-particle	20		ཆུ་འཛིན་ནམ་མཁའ་དང་འདྲ་བ་ཡུལ་མེད་པ་འདི་ཡང་སྟེ་དེ་ཡང་བྲིང་པའི་ཐབས་ཀྱིས་བྱའོ། །
1284	terminal-particle	15		དེ་ནས་ཕྱག་རྒྱ་ཆེན་པོ་བསྒོམ་སྟེ། ཡིད་དངས་པ་ཙམ་ནི་མ་ཡིན་ནོ། །
1285	terminal-particle	19		འགྲོ་བ་ཐམས་ཅད་བསྒོམ་པ་ནི་ལུས་ཅན་ཐམས་ཅད་ལ་ཕྱག་རྒྱ་ཆེན་པོ་ལྡན་པས་སོ། །
1286	terminal-particle	18		ཐམས་ཅད་ཆོས་ནི་ཡོངས་ཤེས་ནི་དེར་ཟག་པ་མེད་པ༌[^705]འབའ་ཞིག་ཏུ་སྣང་བའི་ཕྱིར་རོ། །
1287	terminal-particle	19		དེ་བསྡུ་བའི་ཕྱིར་སྒོམ་དུ་མེད་པ་ཉིད་ནི་རྣམ་པར་རྟོག་པ་མདུན་ན་གནས་པས་སོ། །
1288	terminal-particle	23		སྒོམ་པ་པོ་ནི་ཡེ་ཤེས་ཆེན་པོ་རྒྱབ་ན་གནས་པ་སྟེ། དེ་དག་ནི་བདེ་བ་ཆེན་པོ་བསྒོམ་པའི་ཐབས
1289	terminal-particle	18		ད་ནི༌[^706]ཤེས་པ་བདག་མེད་པར་བསྟན་པའི་ཕྱིར་བརྟན་གཡོའི་དངོས་པོ་ནི་ཀུན་གཞིར་གྱུར་པའ
1290	terminal-particle	16		རྩ་ལྕུག་ལ་སོགས་པ་ནི་དེར་གནས་པའི་ཆོས་ཅན་དེ་བདེ་བར་མཚོན་པའོ། །
1291	terminal-particle	15		བདག་གི་རང་བཞིན་ལས་ནི་ལྷན་ཅིག་སྐྱེས་པའི་བདེ་བའི་རང་བཞིན་ནོ། །
1292	terminal-particle	13		དམ་པ་དེ་ཉིད་ནི༌[^707]ཟག་པ་མེད་པའི་བདེ་བ་དང་སྦྱར་རོ། །
1293	terminal-particle	13		དེས་སྒོམ་ནི་བླ་མ་བརྒྱུད་པའམ་ཉམས་སུ་མྱོང་བ་གཅིག་པའོ། །
1294	terminal-particle	10		དེ་རྣམས་ནི་སྔར་གྱི་ཆོས་ཅན་དེ་རྣམས་སོ། །
1295	terminal-particle	7		གཅིག་ཉིད་ནི་བདེ་བའི་རོས་སོ། །
1296	terminal-particle	12		གཞན་ཡོད་མིན་ནི་སྣ་ཚོགས་མེད་ཅིང་སྟོང་པར་བྱས་པའོ། །
1297	line-end	24		ད་ནི་དབྱེར་མེད་ཀྱི་འབྲས་བུ་བསྟན་པའི་ཕྱིར་ཚིག་རྐང་གསུམ་སྟེ་རང་རིག་བདེ་ཆེན་ནི་རང་ར
1298	verse-stanza	23		རང་རིག་བྱང་ཆུབ་ནི་ཤེས་པས་བསྡུ་བའོ། །↵རང་རིག་ཕྱིར་ན་བསྒོམ་པ་ནི།↵དབྱེར་མེད་པའི་ཕྱི
1299	verse-stanza	26		ད་ནི་ལྟ་བ་མངོན་རྟོགས་ཀྱང་བསྟན་པའི་ཕྱིར།↵རང་གི༌[^708]རིག་པ་ནི་གཉུག་མའི་རང་བཞིན་ནོ
1300	terminal-particle	12		དམན་པ་མི་བརྟག༌[^709]པ་ནི་གནས་སྐབས་ཀྱི་མངོན་པར་ཞེན་པའོ། །
1301	terminal-particle	10		ལས་ནི་བརྟག་པ༌[^710]སྟེ་དགེ་བ་དང་མི་དགེ་བའོ། །
1302	terminal-particle	7		འཕྲོ༌[^711]བའམ་སྡུད་པ་ནི་སྡུག་བསྔལ་ལོ། །
1303	terminal-particle	5		དབྱེ་བ་ནི་བདེ་བའོ། །
1304	terminal-particle	8		རང་རིག་ནི་གཉུག་མ་དེ་ཉིད་དོ། །
1305	terminal-particle	25		དེའི་ཕྱིར་རང་རིག༌[^712]གཉུག་མ་དེ་ཉིད་ནི་དེའི་གནས་སྐབས་ཀུན་དུ་འགྱུར་བས་རྒྱལ་པོ་དང
1306	terminal-particle	75		འོ་ན་རང་རིག་པ་གཉུག་མའི་ཆོས་དེ་དང་། དམན་པ་གློ་བུར་བ་གཉིས་ཐ་དད་དམ་ཐ་མི་དད་ཅེ་ན། ཐ་
1307	terminal-particle	24		མ་དག་པའི་རང་བཞིན་དུ་འགྱུར་ན་ནི་འབད་པ་འབྲས་བུ་མེད་པར་འགྱུར་ཏེ། ངོ་བོ་ཉིད་མ་དག་པའི
1308	line-end	13		དཔེར་ན་སོལ་བ་བདར་ཀྱང་དཀར་པོ་མི་འོང་བ་བཞིན་ནོ། །
1309	line-end	5		དེ་སྐད་དུ་ཡང་།
1310	verse-stanza	13		གལ་ཏེ་རྣམ་དག་དེ་མ་གྱུར། །↵འབད་པས་འབྲས་བུ་མེད་པར་འགྱུར། །
1311	line-end	91		གལ་ཏེ་ཉོན་མོངས་དེ་མ་འགྱུར།[^715] །འབད་པ་མེད་པར་གྲོལ་བར་འགྱུར། །ཞེས་ཟེར་བ་ལ་དེ་ནི
1312	verse-stanza	12		ཆུ་ཁམས་གསེར་དང་ནམ་མཁའ་བཞིན། །↵དག་པ་ཉིད་པས་དག་པར༌[^717]འདོད། །
1313	terminal-particle	3		ཅེས་གསུངས་སོ། །
1314	line-end	26		འོན་ཀྱང་དྲི་མ་གློ་བུར་བ་ཡིན་པས་སྣ་ཚོགས་པའི་རྟོག་པ་མི་འཇུག་ལ། གློ་བུར་ཙམ་སྤང་པའི་
1315	verse-stanza	25		བཞིན་ལག་ཁ་དོག་གནས་པ་ནི། །↵བསྐྱེད་པ་ཙམ་གྱིས་རྣམ་པར་གནས། །↵འོན་ཀྱང་བག་ཆགས་ཕལ་པས་སོ
1316	line-end	3		ཞེས་གསུངས་སོ། །
1317	terminal-particle	40		ད་ནི་གཉིས་མེད་རང་རིག་ཏུ་བསྟན་ནས་བདེ་བ་ཆེན་པོ་བསྟན་པའི་ཕྱིར་འདོད་ཆགས་ལ་སོགས་པ་ཉོན
1318	terminal-particle	17		དེ་ནས་ཉམས་དགའ་ཞེས་བྱ་བ་ནི༌[^718]མཚོན་བྱ་སྟེ་ཕྱག་རྒྱ་ཆེན་པོ་ལ་གནས་པའོ། །
1319	line-end	46		བཅུ་དྲུག་ཆ་ནི་ཟླ་བ་བཅུ་དྲུག་པ་ཚེས་གཅིག་དང་། གཉིས་ལ་སོགས་པས་མི་བསྐྲུན་པའམ། ཡང་ན་ཉ
1320	terminal-particle	31		ད་ནི་རང་རིག་མི་རྟོག་པ་དང་བཅས་པ་ཅི་ཞེ་ན། དེ་ཡང་ཡིད་ཀྱི་རྒྱུ་བ་ཉོན་མོངས་པ་དང་བྲལ་བ
1321	terminal-particle	19		ད་ནི་དབྱེར་མེད་དེ་བཤད་པའི་ཕྱིར་ཆོས་འབྱུང་ནི་ཤེས་རབ་ལྷ་མོ་བླ་ན་མེད་པའོ། །
1322	terminal-particle	10		ཡེ་ཤེས་སྐྱེས་པ་ནི་དེར་ཡེ་ཤེས་རང༌[^719]འབར་བའོ། །
1323	terminal-particle	10		ཇི་ལྟ་བུ་ཞེ་ན། མཁའ་མཉམ་སྟེ་མི་རྟོག་པའོ། །
1324	line-end	4		ཐབས་ནི་བདེ་བའོ། །
1325	verse-stanza	19		ལྷན་ཅིག་སྐྱེས་པ་ནི་རོ་གཅིག་པའོ། །↵ཐབས་དང་ཤེས་རབ་རང་བཞིན་ནོ། །↵རོ་གཅིག་པ་དེ་ལས་སོ
1326	terminal-particle	16		འཇིག་རྟེན་གསུམ་པོ་ནི་དག་དང་མ་དག་པའི་ཆས༌[^720]ཁམས་གསུམ་མམ་སྐུ་གསུམ་མོ། །
1327	terminal-particle	9		དེ་ལས་སྐྱེས་ནི་ལྷན་ཅིག་སྐྱེས༌[^721]པ་ལས་སོ། །
1328	terminal-particle	18		དེ་ཡང་ཇི་ལྟར་ཉམས་སུ་བླངས་ཤེ་ན༌[^722]ཞུ་བའི་རྣམ་པ་ནི་ཀུན་རྫོབ་ཀུནྡ་ལྟ་བུའོ། །
1329	terminal-particle	9		བཅོམ་ལྡན་ནི་ཧེ་རུ་ཀ་སྟེ་ལོངས་སྐུའོ། །
1330	terminal-particle	6		བདེ་བ་ནི་དོན་དམ་མོ། །
1331	terminal-particle	9		གདོད་མ་ནི་བདག་མེད་མ་སྟེ་ཆོས་སྐུའོ། །
1332	terminal-particle	28		དེ་དག་མཇུག་བསྡུ་བའི་ཕྱིར་གཅིག་དང་དུ་མ་བྲལ་བ་ནི་ཡིད་ཀྱི་རྒྱུ་བ་ཉོན་མོངས་པའི་བདེ་བ
1333	terminal-particle	21		སྐད་ཅིག་གཅིག་ནི་སྐད་ཅིག་དང་བྲལ་བའི་མི་འགྱུར་བ་གཅིག་པ་སྟེ། ཕྱག་རྒྱ་ཆེན་པོ་རང་འབྱུ
1334	terminal-particle	11		མཆོག་དགའ་ནི་འབའ་ཞིག་ཏུ་དགའ་བ་སྟེ་བདེ་བའོ། །
1335	line-end	6		རང་རིག་པ་ནི་སེམས་སོ། །
1336	verse-stanza	37		ཡེ་ཤེས་འདི་ནི་འདི་ཉིད་བདེ་བ་དང་།↵མི་རྟོག་པ་དབྱེར་མེད་པའི་ཡེ་ཤེས་སོ། །↵ཡང་འདི་ཤེས
1337	line-end	7		སྤྱོད་ཡུལ་ནི་གཉུག་མའི་དབང་པོའོ། །
1338	verse-stanza	20		བྱིན་བརླབས༌[^723]རིམ་པ་ནི་རང་བྱིན་གྱིས་བརླབ་པའི༌[^724]རིམ་པའོ། །↵ཀུན་མཁྱེན་ཡེ་ཤེ
1339	terminal-particle	33		དེ་ཡང་སངས་རྒྱས་དང་མཉམ་ནས་ལ༌[^725]སོགས་པས་མི་གནོད་དམ་ཞེ་ན། དེ་ཡིས༌[^726]བརྟག་པས། 
1340	line-end	10		རང་གཞན་རིག་པའི་ཚོར་བའམ་དབྱེ་བ་ནི༌[^728]རྟོག་པའོ། །
1341	verse-stanza	13		ཀུན་ནི་རྟོག་པས་བརྟགས་པ༌[^729]ཀུན་ནོ། །↵སྐད་ཅིག་ནི་ཡེ་ཤེས་ཉིད་དོ། །
1342	terminal-particle	14		མི་གནོད་པའམ་མི་འཆིང་བ་དེས་མི་གནོད་པས་ན༌[^730]སངས་རྒྱས་དང་འདྲའོ། །
1343	line-end	15		ཡང་སྤྲུལ་ཞིང་བསྒྱུར་བར་ནུས་སམ་ཞེ་ན། མཐོ་རིས་མི་ཡུལ་རྐང་འོག་ཏུ། །
1344	verse-stanza	27		ཞེས་བྱ་བ་ནི་ས་བླ་ས་འོག་ས་སྟེངས༌[^731]གསུམ་མོ། །↵སྐད་ཅིག་ནི་འདོད་ན་དེ་མ་ཐག་གོ། །↵
1345	terminal-particle	6		འགྱུར་བར༌[^732]ནི་སྤྲུལ་ཞིང་བསྒྱུར་བའོ། །
1346	terminal-particle	38		དེ་དག་གིས་ནི་བརྟག་པས༌[^733]མི་གནོད་ཅིང་སྤྲུལ་པར་བསྟན་ནས། ད་ནི་རྟོག་པས་ཀྱང་མི་གནོ
1347	line-end	17		མི་གནོད་པའམ་མི་འཆིང་བ་ནི་མ་སྐྱེས་པའི་ཕྱིར་བཅུ་གསུམ་པ་དང་མཚུངས་སོ། །
1348	terminal-particle	25		ད་ནི་ལམ༌[^735]གཉིས་གསང་བ་ཐུན་མོང་མ་ཡིན་པར་བསྟན་པའི་ཕྱིར། ཐམས་ཅད་རིག་བྱེད་ནི་བྲམ་
1349	terminal-particle	14		གྲུབ་མཐའ་ནི་ཉན་ཐོས་དང་རང་སངས་རྒྱས་དང་ཕ་རོལ་ཕྱིན་པའོ། །
1350	terminal-particle	17		ལས་རྒྱས་ལ་སོགས་པས་ནི་བྱ་བ་དང་སྤྱོད་པ་དང་རྣལ་འབྱོར་གྱི་རྒྱུད་དོ། །
1351	terminal-particle	21		དག་པའི་དངོས་གྲུབ་མི་གྲུབ་པ་ནི་དེ་དག་ལ་ཕྱག་རྒྱ་ཆེན་པོའི་དངོས་གྲུབ་མི་སྐྱེ་བས་སོ། 
1352	line-end	44		རང་རང་གི་འབྲས་བུའི་དངོས་གྲུབ་ཡོད་དོ་ཞེ་ན། ཕྱག་རྒྱ་ཆེན་པོ་བསྐྱེད་རིམ་ཉུང་ལྡན་ལ་བར
1353	verse-stanza	20		དེའི་ཕྱིར་འཇིག་རྟེན་འདི་ནི་ཚེ་འདིའོ། །↵ཕ་རོལ་ནི་སྐྱེ་བ་གཞན་དུའོ། །↵དེ་མེད་པས་ནི་
1354	terminal-particle	11		དངོས་གྲུབ་མེད་ནི་ཐབས་དང་ཤེས་རབ་དབྱེར་མེད་དོ། །
1355	terminal-particle	43		ད་ནི་རྣལ་འབྱོར་བླ་མའི་རྒྱུད་དག་ལས་ཀྱང་བླ་ན་མེད་པའི་རྒྱུད་ཁྱད་པར་དུ་བསྟན་པའི་ཕྱིར
1356	terminal-particle	5		དེ་ནི་དེ་རྣམས་སོ། །
1357	terminal-particle	8		ངལ་བ་ནི་བླ་མའི་རྒྱུད་ཤེས་པའོ། །
1358	terminal-particle	12		དོན་མེད་ནི་རྣལ་འབྱོར་རྒྱུད་ལ་སོགས་པ་གཞན་དག་གོ། །
1359	terminal-particle	14		ཡང་ན༌[^736]ངལ་བ་ནི་ཕ་རོལ་ཏུ་ཕྱིན་པ་དང་གྲུབ་མཐའ་རྣམས་སོ། །
1360	terminal-particle	7		དོན་མེད་པ་ནི་མུ་སྟེགས་པའོ། །
1361	terminal-particle	14		མི་ཤེས་པ་ནི་བྱ་བའི་རྒྱུད་ནས་བླ་མའི་རྒྱུད་མན་ཆད་དོ། །
1362	terminal-particle	70		འོན་ཀྱང་བླ་མའི་རྒྱུད་ལས་ཀྱང་ཇི་ལྟར་ཁྱད་པར་དུ་འགྱུར་ཞེ་ན། དེ་དག་གིས་ནི་དོན་དམ་པ་བ
1363	terminal-particle	22		དེའི་ཕྱིར་ཆུ་བོའི་རྒྱུན་ནི་མཉམ་པར་གཞག་པ༌[^741]དང་། མཉམ་པར་གཞག་པ༌[^742]ལས་ལངས་པའི
1364	terminal-particle	12		མར་མེ་འབར་བ་ནི་ལྷའི་རྣམ་པ་དང་ང་རྒྱལ་ལོ། །
1365	line-end	5		རྟག་ཏུ་ནི་རྒྱུན་དུའོ། །
1366	verse-stanza	18		འདི་ཉིད་ནི་ཧེ་རུ་ཀའམ་བདག་མེད་མའོ། །↵རྣལ་འབྱོར་ནི་སྙོམས་པར་འཇུག་པ་དང་ལྡན་པའོ། །
1367	terminal-particle	33		ཉིན་དང་མཚན་དུ་བཞག་པ་ནི་དེ་དག་ཏུ་གདམས་པ་སྟེ། ཉིན་མཚན་གཅིག་ལ་སྒོམ་པ་ཐུན་བཞིར་མི་སྒ
1368	terminal-particle	10		ཡང་ཆུའི་རྒྱུན་ནི་ཟླ་བ་བྱང་ཆུབ་སེམས་སོ། །
1369	terminal-particle	13		མར་མེ་འབར་བ༌[^744]ནི་སྙོམས་པར་འཇུག་པས་འདོད་ཆགས་ཆེན་པོའི་མེའོ། །
1370	terminal-particle	17		རྟག་ཏུ་དེ་ཉིད་ནི་ཞུ་བ་སྔོན་དུ་སོང་བའི་དོན་དམ་ལྷན་ཅིག་སྐྱེས་པའོ། །
1371	line-end	19		རྣལ་འབྱོར་ནི་ཐ་མལ་གྱི་རྣམ་པར་རྟོག་པ་བསྒྱུར་ནས་ཐབས་དང་ཤེས་རབ་ཀྱི་ལྷར་གསལ༌[^745]བའ
1372	verse-stanza	29		ཉིན་མོ་འཆར་བ་སྟེ་དགའ་དང་མཆོག་དགའོ། །↵མཚན་མོ་ནི་ནུབ་པ་སྟེ་དགའ་བྲལ་གྱི་དགའ་བའོ། །↵
1373	terminal-particle	38		དེ་ཡང་དང་པོ་ཆུ་ཚོད་དང་ཐུན་ཕྱེད་དང་ཐུན་གཅིག༌[^747]དང་ཉི་མ་ཕྱེད་དང་མཚན་མོ་དང་ཇེ་ཆེ
1374	terminal-particle	15		མར་མེ་འབར་བ་ནི་དེ་བཞིན་གཤེགས་པ་བསད༌[^749]པ་སྟེ་གཏུམ་མོ་སྦར་བའོ། །
1375	terminal-particle	11		རྟག་ཏུ་དེ་ཉིད་ནི་དེ་གཉིས་རྒྱུན་མི་འཆད་པའོ། །
1376	terminal-particle	15		རྣལ་འབྱོར་ནི་སྦྱོར་བ་སྟེ་ཉིན་མཚན་ནི་སྟེང་འོག་གི་གཡས་གཡོན་ནོ། །
1377	line-end	11		རྣམ་པར་གཞག་པ༌[^750]ནི་སྟེང་འོག་གི་ཐིག་ལེ་གཞག་པའམ། །
1378	verse-stanza	20		གཡས་གཡོན་ཨ་ཝ་དྷཱུ་ཏཱིར་རོ། །↵དེ་ནི་རང་ལུས་ཐབས་དང་ལྡན་པའོ། །↵ཡང་ཆུ་བོའི་རྒྱུན་ནི་
1379	terminal-particle	25		མར་མེའི་རྩེ་མོ་ནི་སྟོང་པ་ཤེས་རབ་པོ། །རྟག་ཏུ་དེ་ཉིད་རྣལ་འབྱོར་ནི་སྣང་བ་སྟོང་པ་དབྱ
1380	line-end	20		ཉིན་དང་མཚན་མོ་ནི༌[^751]བརྡ་ཡིས་མཚོན་པ་སྟེ། ཉིན་མོ་སྣང་བ་མཚན་མོ་ཤེས།[^752] །དེ་གཉ
1381	verse-stanza	17		ཡང་ན་ཆུ་བོའི་རྒྱུན་ནི་ཕྱག་རྒྱ་ཆེན་པོའོ། །↵རབ་འབར་ནི་ཀུན་རྫོབ་ལྷན་སྐྱེས་སོ། །
1382	terminal-particle	15		མར་མེ་འབར་བ་ནི་དོན་དམ་ལྷན་སྐྱེས་ཏེ་ཡེ་ཤེས་རང་འབར་བའོ། །
1383	terminal-particle	22		རྟག་ཏུ་དེ་ཉིད་རྣལ་འབྱོར་ནི་དབང་པོ་རང་སྣང་ངོ་། །ཉིན་དང་མཚན་དུ་ནི་སྤྱོད་ལམ་དང་བསྲེ
1384	terminal-particle	18		རྣམ་པར་གཞག་པ༌[^754]ནི་འབྲས་བུ་ཆེ་བ་ཁམས་གསུམ་རོ་གཅིག་ཏུ་འབྱུང་བའི་བདག་ཉིད་དོ། །
1385	terminal-particle	21		དེ་དག་གི་སྔོན་དུ་འགྲོ་བའི་ཆོ་ག་དང་མཇུག་གི་རིམ་པ་ནི་སྔ་མ་བཞིན་དུ་སྦྱར་རོ། །
1386	line-end	3		ལེའུ་བརྒྱད་པའོ།། །།
1387	terminal-particle	15		དེ་ནས་ཞེས་བྱ་བ་ནི་རིམ་པ་གཉིས་ཀྱི་དོན་བསྟན་པའི་རྗེས་ལའོ། །
1388	terminal-particle	19		རྣམ་པར་དག་པ་ནི་གཉིས་ཏེ། རང་བཞིན་རྣམ་པར་དག་པ་དང་། སྒྱུ་མ་ཡོངས་སུ་དག་པའོ། །
1389	terminal-particle	35		རང་བཞིན་རྣམ་པར་དག་པ་ནི་རྣམ་པར་དག་པ་དང་མཆོག་ཏུ་རྣམ་པར་དག་པ་སྟེ། རྣམ་པར་དག་པ་ནི་ཆོ
1390	terminal-particle	16		མཆོག་ཏུ་དག་པ་ནི་བདེ་བ་ཆེན་པོའི་ཐུན་མོང་མ་ཡིན་པ་དག་པའོ། །
1391	terminal-particle	17		སྒྱུ་མ་ཡོངས་སུ་དག་པ་ནི་ཆོས་ཐམས་ཅད་རྨི་ལམ་མམ་སྒྱུ་མ་ལྟ་བུའོ། །
1392	terminal-particle	21		སྒྱུ་མ༌[^755]མཆོག་ཏུ་ཡོངས་སུ་དག་པ་ནི་ལྷའི་རྣལ་འབྱོར་སྒྱུ་མ་དང་རྨི་ལམ་ལ་སོགས་པར་ཤ
1393	terminal-particle	44		དེ་སྐད་དུ་ཡང་། གཟུགས་ཀྱི་དེ་བཞིན་ཉིད་ཤེས་ན་ཆོས་ཐམས་ཅད་ཀྱི་མདོ་དང་རྒྱས་པ་ཤེས་པར་འ
1394	terminal-particle	11		ཡང་གཟུགས་ཀྱང་རྨི་ལམ་ལྟ་བུ་སྒྱུ་མ་ལྟ་བུའོ། །
1395	terminal-particle	14		མྱ་ངན་ལས་འདས་པ་ཡང་རྨི་ལམ་ལྟ་བུ་སྒྱུ་མ་ལྟ་བུའོ། །
1396	quote-close	24		མྱ་ངན་ལས་འདས་པ་ལས་ཆེས་ལྷག་པའི་ཆོས་ཅིག༌[^757]ཡོད་ན་ཡང་རྨི་ལམ་ལྟ་བུ་སྒྱུ་མ་ལྟ་བུའོ
1397	line-end	9		གཞན་ཡང་། སེང་གེ་ཟླ་བའི་གྲོང་ཁྱེར་བཞིན། །
1398	verse-stanza	38		ཞེས་བྱ་བ་ལ་སོགས་པ་རྒྱ་ཆེར་གསུངས་སོ། །↵ལེའུ་བཤད་པ་ནི་སྡུད་པར་བྱེད་པས་ཁས་ལེན་པའོ། 
1399	terminal-particle	15		དེ་བཞིན་ཉིད་ནི་མ་བཅོས་པ་སྟེ་རང་བཞིན་རྣམ་དག་གིས་བསྟན་པའོ། །
1400	terminal-particle	23		ཕྱི་ནས་ཞེས་བྱ་བ་ནི་ལེའུ་བརྒྱད་པར་ནི་བསྐྱེད་པའི་སྔོན་དུ་བསྟན་ལ། འདིར་ནི་དེ་ལས་བཟླ
1401	line-end	18		དེ་ཅིའི་ཕྱིར་ཞེ་ན། དེར་ནི་རྟེན༌[^758]དང་བརྟེན་པའི༌[^759]དབང་དུ་བྱས་ཏེ། རྟེན་སྔོན
1402	verse-stanza	19		འདིར་ནི་དེ་ཁོ་ན་ཉིད་ཀྱི་དབང་དུ་བྱས་ཏེ།↵རང་བཞིན་རྣམ་པར་དག་པས༌[^760]ཁྱབ་པའི་ཕྱིར་ར
1403	terminal-particle	12		རེ་རེའི་དབྱེ་བ་ནི་ཆོས་རེ་རེ་ལ་ཡོད་པའི་ལྷའོ། །
1404	terminal-particle	32		ལྷ་རྣམས་ཀྱི་བརྗོད་པ་ནི་རྟེན་དྲི་ཟའི་གྲོང་ཁྱེར་དང་། བརྟེན་པ་རྨི་ལམ་ལྟ་བུ་དང་། ལོང
1405	line-end	29		འདི་རྣམས་ཕྱོགས་གཅིག་ཏུ་བསྟན་པ་ནི༌[^761]རྒྱུད་ཟོར་ཡང་བའི་དགོས་པ་དང་། བདག་མེད་པ༌[^
1406	terminal-particle	19		ད་ནི་རང་བཞིན་རྣམ་དག༌[^763]བཤད་པ།[^764] གང་ལ་དག་པའི་ཚིག་རྐང་གཉིས་ཀྱིས་བསྟན་པ་སྟེ་
1407	line-end	23		གང་ལྟར་དག་པ་ནི་གཟུགས་ལ་སོགས་པའི་ཚིག་རྐང་གཉིས་དང་རང་བཞིན་གྱིས༌[^765]དག་པའི་ཚིག་རྐ
1408	verse-stanza	20		གང་དག་པ་ནི་ཉོན་མོངས་ཤེས་བྱའི་སྒྲིབ་པའོ། །↵གང་གིས་དག་པ་ནི་དག་བྱེད་གཞན་ལ་མི་ལྟོས༌[
1409	line-end	5		དེ་ཅིའི་ཕྱིར་ཞེ་ན། །
1410	verse-stanza	12		དག་པ་གཞན་གྱིས་རྣམ་གྲོལ་མིན། །↵ཞེས་པ་ནི་དམ་བཅའ་བའོ། །
1411	verse-stanza	37		ཡུལ་རྣམ་པར༌[^767]དག་པའི་རང་བཞིན་ནི་དེ་སྒྲུབ་པར༌[^768]བྱེད་པའོ། །↵རང་རིག་བདེ་མཆོག
1412	terminal-particle	30		ཡང་འདིར་ཁ་ཅིག་དག་པ་དག་པར་བྱེད་དམ། མ་དག་པ་དག་པར༌[^769]བྱེད་ཅེས་རྟོག་པ་ལ། དེ་ཡང་ལེ
1413	terminal-particle	34		ད༌[^770]ནི་སྡུད་པར་བྱེད་པས་འགྲོ་བ་སངས་རྒྱས་ཀྱི་བདག་ཉིད་རང་བཞིན་གྱིས་དག་པ་ལ་ཐེ་ཚོ
1414	terminal-particle	20		ད་ནི་ཉམས་སུ་བླང་བའི་ཐབས་བསྟན་པའི་ཕྱིར། དག་པ་ཞེས་པ་ནི་རང་བཞིན་རྣམ་དག་གིས་སོ། །
1415	terminal-particle	28		དུག་མེད་བྱས་ནི་ལྟ་བའི་དཔེ་སྟེ་བསྒོམ་པ་ལ་སོགས་པའི་དཔེ་ཡང་ཇི་ལྟར་མེ་ཡིས་ཚིག་པ་ལ་སོ
1416	terminal-particle	12		བསྟེན་བྱ་འདི་ནི་དཔེ་དོན་ཏེ་འདོད་པའི་ཡོན་ཏན་ནོ། །
1417	terminal-particle	14		བསྟེན་པ་ཉིད་ནི་ཕྱག་རྒྱ་ཆེན་པོ་དང་གར་བྱེད་པའི་ཐབས་སུའོ། །
1418	line-end	9		ད་ནི་སྒྱུ་མའི་རྣམ་དག་བཤད་པའི་ཕྱིར།
1419	verse-stanza	28		གཟུགས་ལ་སོགས་པའི་ཕུང་པོ་ལྔ་ནི་གོ་སླའོ། །↵འདི་དག་རྣམ་དག་ནི་ལྷ་རུ་འགྱུར་བ་ཙམ་མོ། །
1420	verse-stanza	22		འགྲུབ་འགྱུར་ནི་ཕྱག་རྒྱ་ཆེན་པོར་རོ། །↵ཕྱི་ནས་རེ་རེའི་དབྱེ་བ་ཡི། །↵ལྷ་རྣམས་སུ་ནི་ར
1421	terminal-particle	10		ད་ནི་གནས་ཞར་ལ་འབྱུང་བ་སྟེ་གོ་སླའོ། །
1422	terminal-particle	17		བསྐྱེད་པའི་རིམ་པའི་ཕྱོགས་ཞེས་པ་ནི་རང་བཞིན་རྣམ་དག་ཏུ་ཐལ་དུ་དོགས་པའོ། །
1423	line-end	18		སྲིད་པ་དང་ཞི་བ་ནི་རེག་དང་ཆོས་ཀྱི་ཁམས་ལ་མ༌[^774]རྟོགས་པ་འདིར་ཡང་ངོ་། །
1424	verse-stanza	15		ལྷ་མོ་འདི་གཉིས་ས་སྤྱོད་མཁའ་སྤྱོད་དོ། །↵གནས་ལ་ནི་རང་བཞིན་འགྱུར་བའོ། །
1425	terminal-particle	14		ཡང་གཟུགས་དང་སྒྲ་ལ་སོགས་པ་ནི་ཡུལ་དག་པ་སྟེ་གོ་སླའོ། །
1426	line-end	13		རྟག་ཏུ་འདི་དག་རྣམ་དག་ནི་ལྷ་རུ་འགྱུར་བ་ཙམ་མོ། །
1427	verse-stanza	18		འདི་ཉིད་རྣལ་འབྱོར་ནི་སྒྱུ་མར་དག་པའོ། །↵འགྲུབ་འགྱུར་འདིར་ཡང་ཕྱག་རྒྱ་ཆེན་པོའི་རྟེན
1428	terminal-particle	66		ད་ནི་ཞར་ལས་བྱུང་བ་སྟོན་ཏེ༌[^775]དེ་ཡང་རང་བཞིན་དང་། སྒྱུ་མ་རྣམ་དག་གིས་རྫོགས་པ་དང་
1429	line-end	49		བདུད་དག་པ་ལ་ཞབས་རྣམས་ཉིད། །ཅེས་པ་ནི་ལྷའི་བུའི་བདུད་ཚངས་པ་སེར་པོ། འཆི་བདག་གི་བདུད
1430	verse-stanza	12		དོན་མཐུན་པ་དང་དོན་སྤྱོད༌[^777]པའོ། །↵རྣམ་ཐར་བརྒྱད་ཀྱི་ཞལ་རྣམས་ཉིད། །
1431	terminal-particle	17		ཅེས་པ་ནི་ནང་གཟུགས་མེད་པ་ལ་ཕྱི་རོལ་གྱི་གཟུགས་སུ་ལྟ་བ༌[^778]ནི་དང་པོའོ། །
1432	terminal-particle	15		ཕྱི་རོལ་གྱི་གཟུགས་མེད་པ་ལ་ནང་གི་གཟུགས་སུ་ལྟ་བ༌[^779]ནི་གཉིས་པའོ། །
1433	terminal-particle	8		བཟང་བར་མོས་པ་འདི་ནི་གསུམ་པའོ། །
1434	terminal-particle	42		ནམ་མཁའ་མཐའ་ཡས་སྐྱེ་མཆེད་དང་། རྣམ་ཤེས་མཐའ་ཡས་སྐྱེ་མཆེད་དང་། ཅི་ཡང་མེད་པའི་སྐྱེ་མཆ
1435	terminal-particle	16		རྡོ་རྗེ་གསུམ་གྱིས༌[^781]དག་པའི་སྤྱན་ནི་སྐུ་རྡོ་རྗེ་གསུང་རྡོ་རྗེ་ཐུགས་རྡོ་རྗེའོ། 
1436	terminal-particle	41		དེ་དག་མ་ཡིན་ལྷག་པར་མོས་པ་ནི་དག་པའི་རང་བཞིན་རྣམ་དག་དང་མཐུན་པ་ནི་དེ་ཉིད་དག་པ་ཡིན། 
1437	terminal-particle	25		འོ་ན་དེ་ཉིད་དག་པ་ཇི་ལྟ་བུ་ཞེ་ན། དེ་བསྟན་པའི་ཕྱིར་བརྟག་པ་ཕྱི་མའི་ལྷའི་དག་པ་བསྟན་ཏ
1438	terminal-particle	22		པུཀྐ་སཱི་ལ་སོགས་པའི་གནས་བཤད་ནས་དག་པ་ཇི་ལྟ་བུ་ཞེ་ན་ས་ལ་སོགས་པ་དེ་གོ་སླའོ། །
1439	terminal-particle	30		ཡང་རྡོ་རྗེ་མ་ལ་སོགས་པ་ཆོས་ཅན་དག་པ་ཉོན་མོངས་པ་ལྔ་སྟེ་གོ་སླ་བའོ།[^782] །བསྐྱེད་པའི
1440	terminal-particle	12		ཞེ་སྡང་ལ་སོགས་པ་སྤྱོད་པ་ནི་བཤད་མ་ཐག་པའོ། །
1441	terminal-particle	15		འདིས་ནི་ཕུང་པོ་སྦྱང་བ་ནི་རྣམ་གྲངས་གཞན་དུ་བསྟན་པ༌[^783]སྔར་བཞིན་ནོ། །
1442	terminal-particle	25		ད་ནི་མཇུག་བསྡུ་བའི་ཕྱིར་གང་དང་གང་གིས་བྱ་བ་ནི་ཕུང་པོ་དང་ཉོན་མོངས་པ་ལ་སོགས་པ་དེ་ཉི
1443	terminal-particle	14		འཇིག་རྟེན་ནི་རྫོགས་པའི་རིམ་པའི་དེ་ཁོ་ན་ཉིད་མི་ཤེས་པའོ། །
1444	terminal-particle	5		བཅིང་བ་ནི་འཁོར་བའོ། །
1445	line-end	12		དེ་དང་དེས་ནི་ཕུང་པོ་ལ་སོགས་པ་དེ་ཉིད་དོ། །
1446	verse-stanza	17		གྲོལ་བ་ནི་རྫོགས་པའི་རིམ་པ་རྟོགས་པའོ། །↵དེ་ཉིད་མི་ཤེས་ནི་རྫོགས་པའི་རིམ་པའོ། །
1447	terminal-particle	13		འཇིག་རྟེན་མི་གྲོལ་བ་ནི་གྲུབ་པའི་མཐའ་ལ་མ་ཞུགས་པའོ། །
1448	terminal-particle	12		དེ་ཉིད་རྣམ་སྤངས་ནི་གྲུབ་པའི་མཐའ་ངན་པས་བསྒྱུར་བའོ། །
1449	terminal-particle	19		དངོས་གྲུབ་མི་རྙེད་པ་ནི་བསྐལ་པ་དུ་མས་ཕྱག་རྒྱ་ཆེན་པོའི་དངོས་གྲུབ་མི་འགྲུབ་པའོ། །
1450	terminal-particle	25		དེའི་ཕྱིར་དེ་དག་ལས༌[^784]བཟློག་སྟེ། དྲི་མེད་སྒྲ་མེད་ལ་སོགས་པ་རྫོགས་པའི་རིམ་པའི་ད
1451	terminal-particle	12		ཐ་མལ་པ་དང་གྲུབ་མཐའ་ངན་པས་བསྒྱུར་བ་མེད་པའོ། །
1452	terminal-particle	13		ཐམས་ཅད་རྣམ་པར་དག་པ་ནི་རང་བཞིན་རྣམ་པར་དག་ཏུའོ། །
1453	terminal-particle	10		རང་བཞིན་དག་པས་གྲོལ་བ་གྲོལ་བར་ཤེས་ཞེས༌[^785]སོ། །
1454	terminal-particle	13		ཡང་གང༌[^786]དང་གང་གིས་ཞེས་བྱ་བ་ནི་སྔ་མ་དང་འདྲ་བའོ། །
1455	terminal-particle	10		དེ་དང་དེས་ནི་བཅིང་བ་ནི་བཏགས་པའི༌[^787]དངོས་པོའོ། །
1456	line-end	6		དེས་ངན་སོང་དུ་འགྲོ་བའོ། །
1457	verse-stanza	29		གྲོལ་བ་ནི་ལྷའི་རྣལ་འབྱོར་དུ་བྱས་པ་སྟེ།↵དེ་ཉིད་མི་ཤེས་འཇིག་རྟེན་ནི་སྔ་མ་བཞིན་ནོ། 
1458	terminal-particle	15		དེ་ཉིད་རྣམ་སྤངས་ནི་ཕ་རོལ་ཏུ་ཕྱིན་པའི་གྲུབ་མཐའ་ལ་སོགས་པའོ། །
1459	terminal-particle	12		དངོས་གྲུབ་མི་རྙེད་ནི་ཐུན་མོང་གི་དངོས་གྲུབ་རྣམས་སོ། །
1460	terminal-particle	16		དེའི་ཕྱིར་དྲི་མེད་ཅེས་བྱ་བ་ལ་སོགས་པ་སྦྱར་ཏེ། ལྷའི་རྣམ་པར་མོས་པའོ། །
1461	terminal-particle	25		ཐམས་ཅད་རྣམ་པར་དག་ཅེས་པ་ནི་སྒྱུ་མ་ཡོངས་སུ་དག་པ་སྟེ། དེ་ཡོངས་སུ་ཤེས་པས་འགྲོ་བ་གྲོལ
1462	line-end	3		ལེའུ་དགུ་པའོ།། །།
1463	terminal-particle	25		དེ་ནས་ནི་བདག་དོན་དག་པ་དང་ལྡན་པའི་རྗེས་ལ། གཞན་དོན་བསྟན་པའི་ཕྱིར་ཇི་ལྟར་དཀྱིལ་འཁོར
1464	terminal-particle	12		རིམ་པ་ཞེས་པ་ནི་སའི་ཆ་དབྱེ་བ་ལ་སོགས་པའོ། །
1465	terminal-particle	20		ཡང་དག་བཤད་ནི་སྡུད་པར་བྱེད་པ་ཁས་ལེན་པ་སྟེ། མ་ནོར་བའམ་གཞན་དོན་ཡིན་པའི་ཕྱིར་རོ། །
1466	terminal-particle	16		ཡང་གང་གིས་ཞེས་པ་ནི་ཇི་ལྟ་བ་བཞིན་ཏེ་དེ་ཁོ་ན་དྲིས་པའོ། །
1467	terminal-particle	10		སློབ་མ་ནི་དམ་ཚིག་དང་སྡོམ་པར་ལྡན་པའོ། །
1468	terminal-particle	18		དབང་བསྐུར་བ་ནི་རྒྱུད༌[^789]བརླན་པར་བྱེད་ཅིང་འཁྲུ་བ་སྟེ་ཞིང་ས་ཆུས་བརླན་པ་ལྟ་བུའོ།
1469	terminal-particle	7		ཆོ་ག་ནི་ཐབས་ཀྱི་རིམ་པའོ། །
1470	terminal-particle	18		རབ་ཏུ་བཤད་པ་ནི་ཡང་དག་པ་ལས་བསྟན་པ༌[^790]སྟེ་སྡུད་པར་བྱེད་པ་ཁས་ལེན་པའོ། །
1471	terminal-particle	22		དེའི་རིམ་པ་ཅི་ཞེ་ན། དེ་དག་གི་གོ་རིམས༌[^791]ཀྱང་བླ་མ་ལ་རག་ལས་པར་བྱ་བའི་ཕྱིར་དཀྲུག
1472	terminal-particle	16		དེ་ཡང་དང་པོ་གནས་བསྟན་པའི་ཕྱིར་ཚལ་ནི་ནགས་སམ་སྐྱེད་ཤིང༌[^793]གི་ར་བའོ། །
1473	terminal-particle	12		དབེན་པ་ནི་ཚལ་དེ་ཉིད་ལ་བྱ་བའམ༌[^794]དགོན་པའམ་བས་མཐའོ། །
1474	terminal-particle	11		ཡང་ན་སྐྱེ་བོ་མི་འདུ་བ་གང་ཡང་རུང་བའོ། །
1475	terminal-particle	19		བྱང་ཆུབ་སེམས་དཔའི་ཁྱིམ་ནི་རྣལ་འབྱོར་པའམ་རྒྱལ་པོ་ལ་སོགས་པ་སྙིང་རྗེ་དང་ལྡན་པའོ། །
1476	terminal-particle	11		ཡང་གཙུག་ལག་ཁང་སྟེ་པོ་ཏི་གླེགས་བམ་གནས་པའོ། །
1477	terminal-particle	73		དེའི་བདག་པོ་བྱང་ཆུབ་སེམས་དཔའ་ཡིན་པའི་ཕྱིར། དཀྱིལ་འཁོར་ཁང་པ་ནི་སྒྲུབ་པའི་གནས་སམ་ལ
1478	line-end	3		དེའི་རྗེས་ལ།
1479	verse-stanza	13		འཁོར་ལོའི་བདག་པོའི་བཟླས་པ་འབུམ། །↵དཀྱིལ་འཁོར་བ་ཡི་དེ་བཞིན་ཁྲི། །
1480	terminal-particle	82		ཞེས་བྱ་བ་ནི་སློབ་མས་ལན་གཉིས་ལན་གསུམ་གྱི་བར་དུ་གསོལ་བ་གདབ་པ་དང་། བསྙེན་པ་བྱ་སྟེ་བ
1481	terminal-particle	32		ཅིག་ཅར་བ་ནི་ཨོཾ་ཨ་ཨཱཿཞེས་པ་ལ་སོགས་པ་ཟངས་ཀྱིས་སྦྱར་ཏེ་ཧཱུཾ་ཕཊ་སྭཱ་ཧཱ་ཞེས་སྦྱར་ལ་བ
1482	terminal-particle	61		དགྱེས་པའི་རྡོ་རྗེ་ལ་ནི་གོང་དུ་བསྟན་པ་དང་། འོག་ནས་འཆད་པ་དང་། །ཀུན་ལ་སྦྱོར་བ་གསུམ་
1483	terminal-particle	5		གྲངས་ཀྱི༌[^797]བསྙེན་པ་བསྐྱལ་ལོ། །
1484	line-end	33		མཚན་མའི་བསྙེན་པ་འོག་ནས་རབ་མཐོང་སྔགས་ཀྱི་ཕ་རོལ་སོན་པ་སྟེ༌[^798]རབ་ཞལ་མཐོང་བ་དང་། 
1485	terminal-particle	26		དུས་ཀྱི་བསྙེན་པ་འོག་ནས་ཟླ་དྲུག་གོམས་ཞེས་པ་ཟླ་དྲུག་གམ་ལོའམ། ཟླ་བ་གཅིག་གམ་ཐམ་ཚད་དུ
1486	terminal-particle	21		དེ་ནས་དཀྱིལ་འཁོར་བྲི་བར་གསོལ་བ་གདབ་པའི་རྗེས་ལ་བསྒྲུབ་པ༌[^799]བསྟན་པའི་ཕྱིར་བདག་ཉ
1487	terminal-particle	12		དང་པོའི་ལ་ནི་མཆོག་གི་ལྷ་སྟེ་རྡོ་རྗེ་འཛིན་པའོ། །
1488	terminal-particle	20		ཧཱུཾ་ལས་རྡོ་རྗེ་ཅན་དགྱེས་པའི་རྡོ་རྗེ༌[^800]བྱས་ཏེ་ནོར༌[^801]སྦྱང་བར་འབྲེལ་ཏེ། སའ
1489	terminal-particle	14		ཕྱི་ནས་དཀྱིལ་འཁོར་བྲི་བ་ནི་དེ་དག་གི༌[^802]རྗེས་ལ་ཁས་ལེན་པའོ། །
1490	terminal-particle	19		དེའི་རྗེས་ལ་གང་གིས་སྦྱང་ཞེ་ན། གོང་དུ་གསུངས་པའི་སྔགས་ཞེས་པ་ནི། ཨོཾ་རཀྵ་ལ་སོགས་པའོ
1491	terminal-particle	53		མཁས་པས་འཛིན་པ༌[^803]སྦྱང་བ་ནི་ཕྱག་རྒྱ་དང་ཏིང་ངེ་འཛིན་ལ་མཁས་པས་ཀྱང་ངོ་། །གོང་གི་ས
1492	terminal-particle	26		དེ་ལ་གཏོར་མ་སྦྱིན་པ་ནི། ཕྱོགས་སྐྱོང་གི༌[^804]བདག་པོ་བཀུག་སྟེ་ཁྱད་པར་དུ་སའི་བདག་པ
1493	line-end	6		དེའི་དོན་ནི་འདི་ཡིན་ཏེ།
1494	ordinal-open	8		དང་པོ་རྣམ་བཅད་ས་གཞི་བཟུང་།[^805] །
1495	ordinal-open	11		གཉིས་པ་སྟ་གོན་གནས་པར་བྱ། །ནུབ་གསུམ་པ་ལ༌[^806]འཇུག་པའོ། །
1496	terminal-particle	34		ཞེས་གསུངས་པས་དང་པོ་སའི་ཆོ་ག་ནི་དོན་རྣམ་པ་དྲུག་སྟེ། ས་བརྟག་པ་དང་། ས་བསླང་བ་དང་། ས
1497	terminal-particle	13		དེ་ལ་ས༌[^808]བརྟག་པ་ནི་ཕྱིའི་བརྟག་པ་དང་། །ནང་གི་བརྟག་པའོ། །
1498	terminal-particle	19		དེ་ལ་ཕྱིའི་གནས་ལ་བརྟག་པ་ནི་གོང་གི ཚལ་དང་སྐྱེ་བོ་མི་གནས༌[^809]དང་། །ཞེས་པར་འབྲེལ་
1499	terminal-particle	14		ཕྱོགས་ལ་བརྟག་པ་ནི་དེ་རྣམས་ཀྱི་བྱང་དང་ཤར་གྱི་ཕྱོགས་སུའོ། །
1500	line-end	17		ཁ་དོག་དང་དབྱིབས་ལས་བརྟག་པ་ནི། ཨུ་དུམྺཱ༌[^810]ར་ནྱ་གྲོ་ངྷ། །ཨ་ཤཏྠ་དང་པ་ལ་ཤ །
1501	verse-stanza	18		བ་ཀུ་ལ་དང་ཨ་རྫུ་ནར། །↵བཅས་པས་རུས༌[^811]སྦལ་རྒྱབ་འདྲ་བར། །↵ས་ནི་དྲུག་པོ་སྤང་བར་བྱ
1502	terminal-particle	29		ཞེས་གསུངས་པ་ཚ་སྒོ་ཅན་ལ་སོགས་པ་དང་། རོ་ཁུང་དུ་ཆུ་སོང་བ་འདྲ་བ་ལ་སོགས་པ་མཚན་མ་ངན་པ་
1503	terminal-particle	27		ནང་གི་བརྟག་པ་ནི་བདེ་བར་གཤེགས་པ་ལ་མཆོད་པ་བྱས་ལ་གཏོར་མ་བཏང་སྟེ། ལྷག་པའི་ལྷའི་རྣལ་འ
1504	terminal-particle	12		དེ་ལ་རྨི་ལམ་གྱི་མཚན་མ་ངན་ན་གཞན་དུ་འཕོའོ། །
1505	terminal-particle	8		བཟང་ན་དེ་ཉིད་དུ་བྲི་བར་བྱའོ། །
1506	terminal-particle	15		བསླང་བ་ལ་གཉིས་ཏེ། མངོན་པ་ལ་བསླང་བ་དང་། མི་མངོན་པ་ལ་བསླང༌[^812]བའོ། །
1507	terminal-particle	15		མངོན་པ་ནི༌[^813]རྒྱལ་པོའམ་ཞིང་བདག་ལ་ཚིག་དང་རིན་གྱིས་ཀྱང་ཉོ་བར་བྱའོ། །
1508	terminal-particle	28		མི་མངོན་པ་ལ་བསླང་བ་ནི་དེ་བཞིན་གཤེགས་པ་ལ་མཆོད་པ་བྱས་ཏེ། ས་བདག་ལ་ཨ་ཀཱ་རོས་གཏོར་མ་བ
1509	line-end	10		ས་སྦྱང་བ་ནི་སྦྱང༌[^814]དགོས་པ་དང་མི་དགོས་པའོ། །
1510	line-end	5		སྦྱང་མི་དགོས་པ་ནི།
1511	verse-stanza	15		ཕྱུགས་ལྷས་དང་ནི་ཆུ་འགྲམ་དང་། །↵རྡོ་ལེབ་དང་ནི་གཙུག་ལག་ཁང་། །
1512	line-end	17		དཀྱིལ་འཁོར་ཁང་པའི་ནང་དུ་ཡང་། ཡང་ཐོགས༌[^815]ལས་ཀྱི་སྦྱང་བ་མིན།[^816] །སྦྱང་བ་ལ་གས
1513	verse-stanza	20		ལས་དང་བྱ་བས་སྦྱང་བ་དང་། །↵སྔགས་དང་ཕྱག་རྒྱས་སྦྱང་བ་དང་། །↵ཏིང་ངེ་འཛིན་གྱིས་སྦྱང་བ
1514	line-end	26		ལས་དང་བྱ་བས་སྦྱང་བ་ནི། ལྟོ་འཕྱེའི་རིམ་པར་ཤེས་པར་བྱ་སྟེ། སྟོན་ཟླ་ཐ་ཆུངས༌[^817]ལ་ས
1515	verse-stanza	24		ལྟོ་འཕྱེ་ལྷོ་དང་ནུབ་དང་ནི། །↵[^819]ཤར་དང༌[^820]དེ་ཡི་མགོ་བོ་སྟེ། །↵གཡོན་པའི་ཟུར་
1516	verse-stanza	13		མགོ་དང་རྒྱབ་སོགས་ནས་བརྐོས་ནས། །↵སྐྱོན་ནི་རྒྱས་པ་ལས་ཤེས་བྱ། །
1517	line-end	3		དེ་ཡང་།
1518	verse-stanza	25		ལྟེ་བ་ལྐོག་མ་པུས་ནུབ་ཙམ། །↵ས་དེ་ཡོངས་སུ་བརྐོས་ནས་ནི། །↵སླར་ཡང་ས་དེས་དགང་བར་བྱ། །
1519	terminal-particle	26		དངོས་གྲུབ་ཡོད་པར་སྟོན་པ་ཡིན། །དེ་ལྟར་བརྐོས་པས་སའི་མཚན་མ་ངན་པ་བྱུང་ན་བསལ་ལས་བཟང་པ
1520	terminal-particle	22		དེར་ཁྲུ་གང་ཙམ་གྱི་དོང་བྲུས་ཏེ་ཆུ་དང་མེ་ཏོག་བླུགས་ཏེ་ཕར་གོམ་པ་བརྒྱད་ཙམ་དུ༌[^821]འ
1521	terminal-particle	33		ཆུ་དེ་ཤར་ནས་ནུབ་ཏུ་རྒྱུ་བ་དང་། །ལྷོ་ནས་བྱང་དུ་རྒྱུ་བ་དང་། གཡས་སུ་འཁོར་ཞིང་འཁྱིལ་
1522	terminal-particle	41		སྔགས་དང་ཕྱག་རྒྱས་སྦྱང་བ་ནི་ལག་པ་གཡས་པ་རྡོ་རྗེ་རྩེ་གསུམ་པའི་ཕྱག་རྒྱ་བཅས་ལ། ས་ལ་བར
1523	line-end	18		ཏིང་ངེ་འཛིན་ནི་ས་གཞི་དེ་མི་དམིགས་པར་བསྒོམ་ཞིང་ཤིན་ཏུ་དག་པར་བསམ་མོ། །
1524	verse-stanza	37		ཁ་ཅིག་ཏུ་ནི་ལས་དང་བྱ་བས་སྦྱང་ངོ་། །↵ཁ་ཅིག་ཏུ་ནི་སྔགས་དང་ཕྱག་རྒྱས་སྦྱང་ངོ་། །↵ཁ་ཅ
1525	terminal-particle	59		དེ་ནས་བྱིན་གྱིས་བརླབ་པ་ནི་ཁཾ་ལས་ས་གཞི་སྟོང་པ་ཉིད་དུ་བསམ། ལཾ་ལས་གསེར་གྱི་ས་གཞི་ཆེ
1526	terminal-particle	15		རྡོ་རྗེའི་ས་གཞིའི་རང་བཞིན་ནམ་མཁའི་ཁམས་རྣམ་པར་དག་པར་བསམ་མོ། །
1527	terminal-particle	40		ས་གཞི་ཡོངས་སུ་གཟུང་བ་ནི་མེ་ལོང་ངོས་ལྟར་མཉམ་པའི་དཀྱིལ་འཁོར་གྱི་དབུས་སུ་འདུག་ལ། ཡན
1528	line-end	4		དེ་ཡང་འོག་ནས།
1529	verse-stanza	24		ཁྲུས་དང་གཙང་སྦྲ་དྲི་ཞིམ་ལུས། །↵སྣ་ཚོགས་རྒྱན་གྱིས༌[^825]རྣམ་པར་བརྒྱན། །↵སློབ་དཔོན
1530	verse-stanza	30		བྱས་ཏེ་ཕྱི་ནས་དཀྱིལ་འཁོར་བྲི། །↵ཞེས་བྱ་བ་སའི་ཆོ་ག་དང༌[^826]འབྲེལ་ལོ། །↵དེའི་རྗེས
1531	verse-stanza	15		དེ་ཡང་སྐུ་གསུམ་པའི་བདག་ཉིད་པས་སོ། །↵སོར་གསུམ་ནི་སྐུ་གསུང་ཐུགས་སོ། །
1532	terminal-particle	35		དའི་རྗེས་ལ་བསྲུང་བའི་ཕྱིར། རྡོ་རྗེ་སེམས་དཔའ་བསྙེམས་བྱས་ནི་གསོལ་བ་གདབ་པའི་རྗེས་ལ་
1533	terminal-particle	29		གཡས་བརྐྱང་ཞེས་པ་ནི་གཡས་བརྐྱང་ལ་སོགས་པ་སྟང་སྟབས་རྣམས་བྱ་བའམ། གཙོ་བོའི་འདུག་ཚུལ་སྐ
1534	terminal-particle	30		ཕྱག་གཉིས་དགྱེས་པའི་རྡོ་རྗེར་སྦྱར་བ་ནི་ཕྱག་གཉིས་པའི་ཧེ་རུ་ཀ་མ་ཡིན་ཏེ། རྡོ་རྗེ་དྲི
1535	line-end	22		སློབ་དཔོན་དཀྱིལ་འཁོར་དུ་འཇུག་པ་ན། རེ་ཁཱའི་ནང་དུ་སོང་སྟེ་བལྟས་ནས་མེ་ཏོག་གི་ཕྲེང་བ
1536	terminal-particle	9		འདིར་ནི་དཀྱིལ་འཁོར་བསྒྲུབ་པ་དང་འབྲེལ་བའོ། །
1537	terminal-particle	34		འདི་ཡང་སྔོན་དུ་ཤེས་པའི་གོ་རིམས་ཏེ་སློབ་དཔོན་གྱིས་ཇི་ལྟར་བྱས་ནས་འཇུག་ཅེ་ན། ཁྲུས་ད
1538	terminal-particle	8		ཡང་དྲི་ཞིམ་ལུས་ནི་གོས་སར་པའོ། །
1539	terminal-particle	11		སྣ་ཚོགས་རྒྱན་ནི་རིན་པོ་ཆེའམ་རུས་པའི་རྒྱན་ནོ། །
1540	terminal-particle	13		རྣམ་པར་བརྒྱན་ནི་མགུལ་རྒྱན་ལ་སོགས་པ་རིམ་པར་བཀོད་པའོ། །
1541	terminal-particle	20		ཧཱུཾ་ཧཱུཾ་བསྙེམས་པ་ནི་ང་རྒྱལ་ལམ་ལྡང་བ་ལ་སོགས་པ་རྡོ་རྗེ་འགྲོས་ཀྱིས་དུས་བརྗོད་པའོ།
1542	terminal-particle	20		ཧི་ཧི་རྣམ་པར༌[^827]འཇིགས་པ་ནི་ཧ་ཧ་ལ་སོགས་པ་བརྒྱད་དེ་སྟང་སྟབས་ཀྱི་དུས་སུ་བརྗོད་པའ
1543	terminal-particle	50		དེའི་དོན་ནི་དེ་ཡིན་ཏེ་བསྲུང་བ་ནི་རྣམ་པ་དྲུག་སྟེ། རྡོ་རྗེ་བལྟ་བས་བསྲུང་བ་དང་། དེང
1544	terminal-particle	100		དེ་ལ་ལྟ་བས་བསྲུང་བ་ནི། སྔར་གྱི་ས་གཟུང་བའི་སློབ་དཔོན་ལ་གྲོགས་གཽ་རཱི་ལ་སོགས་པ་བཞིའ
1545	terminal-particle	26		དེ་ནས་དེངས་ཤིག་པས་བསྲུང་བ་ནི་དབང་ལྡན་གྱི་མཚམས་སུ་ཕྱིན་ལ། །བདག་ཉིད་ཁྲོ་བོའི་ང་རྒྱ
1546	terminal-particle	182		ས་ཕྱོགས་འདིར་སློབ་དཔོན་འདི་ཞེས་བྱ་བ་སློབ་མ་འདི་ཞེས་བྱ་བ་རྫོགས་པའི་བྱང་ཆུབ་ལ་རྫོག
1547	line-end	8		དེ་ནས་བཀའ་བསྒོ་བའི་བསྲུང་བ་ནི།
1548	verse-stanza	26		ང་ནི་དཔལ་ལྡན་རྡོ་རྗེ་འཆང་། །↵ཉོན་ཅིག་བར་ཆད་བགེགས་ཀྱི་ཚོགས། །↵སྲུང་བའི་འཁོར་ལོའི་
1549	terminal-particle	31		འདིར་ནི་འཇིགས༌[^832]འཇོམས་གཞན་དུ་མིན། །ཞེས་རྡོ་རྗེའི་གནས་སུ་འཁོར་ལོ་དང་རིན་པོ་ཆེ
1550	line-end	29		རྡོ་རྗེ་འགྲོས་ཀྱིས༌[^835]བསྐྲད་པ་ནི་རྡོ་རྗེ་རྩེ་གཅིག་པ་དང་རྩེ་གསུམ་པ་དང་། སྣ་ཚོག
1551	terminal-particle	101		སྟང་སྟབས་ཀྱིས༌[^836]བསྲུང་བ་ནི་གཡས་བརྐྱང་དང་ནི་གཡོན་བརྐྱང་དང་། ས་ག་དང་ནི་ཟླུམ་པོ
1552	terminal-particle	11		སྟ་གོན་གྱི་ཆོ་ག་ནི་འོག་ནས་ཤེས་པར་བྱའོ། །
1553	terminal-particle	18		དེའི་རྗེས་ལ་ཐིག་བྲི་བའི་ཕྱིར་ཐིག་སྐུད་སར་པ་ནི་གཞན་དུ་ལོངས་མ་སྤྱད་པའོ། །
1554	terminal-particle	7		ཚད་ནི་ཉིས༌[^839]འགྱུར་དང་ཉི་ཤུ་ཆའོ། །
1555	terminal-particle	10		མཛེས་པ་ནི་དྲི་ཞིམ་པོའི་སྣོད་ཀྱིས་མཛེས་པའོ། །
1556	terminal-particle	17		རང་འདོད་ལྷའི་གཟུགས་ཀྱིས༌[^840]ནི་དགྱེས་པའི་རྡོ་རྗེ་དང་གྲོགས་བདག་མེད་མའམ་གཽ་རཱིས་
1557	terminal-particle	21		ཤེས་རབ་ཅན་གྱིས་གདབ་པ་ནི༌[^841]ལས་དང་བྱ་བ་ལ་མཁས་པས་སའི་ཆ་དབྱེ་བ་ལས་མ་འདས་པའོ། །
1558	terminal-particle	73		དེ་ལ་ཐིག་སྒྲུབ་པའི་ཆོ་ག་ནི་རས་བལ་རིན་ལ་མ་རྩེགས་པར༌[^842]ཉོས་ལ། ཁྱེའུ་དང་བུ་མོ་གཞ
1559	terminal-particle	10		དེ་ལ་མཆོད་པ་ལྔས་མཆོད། །ཐིག་སྒྲུབ་པའི་རིམ་པའོ། །
1560	terminal-particle	19		དེ་ནས་བདག་ཉིད་གྲོགས༌[^844]དང་བཅས་པས༌[^845]ཡེ་ཤེས་ཀྱི་ཐིག་གདབ་པ་དང་ལས་ཀྱི་ཐིག་གདབ
1561	terminal-particle	18		དེས་ཅིར་འགྱུར་ཞེ་ན། འོག་ནས་སྟོན་པས་དཀྱིལ་འཁོར་འདི་སྐད་གསུངས་ཞེས་བྱ་བར་སྦྱར་རོ། །
1562	terminal-particle	22		དེའི་རྗེས་ལ་ཚོན་བསྟན་པར་བྱ་བའི་ཕྱིར། རྡུལ་ཚོན་དམ་པའི་ཚོན་དང་ནི་རིན་ཆེན་ལྔའི་ཕྱི་
1563	terminal-particle	13		ཡང་འབྲིང་པོ་ནི་ཡང་ན་འབྲས་བུ་ལ་སོགས་པར་འབྲེལ་ལོ། །
1564	terminal-particle	19		ཐ་མ་ནི་སོ་ཕག་དང་ས་ལ་སོགས་པའི་ཚོན་ཏེ་བརྟག་པ་ཕྱི་མར་ཤེས་པར་བྱའོ། །
1565	terminal-particle	45		ཚོན་སྒྲུབ་པ་ནི་ཚོན་རྩི་ཁ་དོག་ལྔ་ཕྱོགས་སོ་སོར་བཞག་ལ་སྔར་གྱི་ཡིག་འབྲུ་ལྔ་ཡིས་དེ་བཞ
1566	terminal-particle	20		གཟི་བསྐྱེད་དེ་དབང་ལྡན་གྱི༌[^846]མཚམས་ནས་ཚིགས་སུ་བཅད་པ་རེ་བརྗོད་ཅིང་མཐོ་གང་ཙམ་དྲང
1567	line-end	3		དེ་ཡང་།
1568	verse-stanza	26		དཀར་པོ་སེར་པོ་དམར་པོ་ལྗང་། །↵མཐིང་ག་ནང་དུ་ཤེས་བྱ་སྟེ། །↵འདི་ནི་ཚོན་གྱི་རིམ་པར་བཤ
1569	line-end	25		དེའི་རྗེས་ལ་དཀྱིལ་འཁོར་གྱི་མཚན་ཉིད་བསྟན་པའི་ཕྱིར་སྟོན་པ་ཞེས་པ་ལ་སོགས་པ་གསུངས་ཏེ།
1570	verse-stanza	30		ཡང་ན་སྡུད་པར་བྱེད་པ་ཁས་ལེན་པའོ། །↵དཀྱིལ་འཁོར་འདི་སྐད་གསུངས་པ་ནི། །↵གཞན་དག་དང་འདྲ
1571	terminal-particle	28		དེའི་རྗེས་ལ་དཀྱིལ་འཁོར་ཁྱད་པར་བྱ་བ་མཚན་མ་དགོད་པའི་ཕྱིར། འཕར་མ་གཉིས་བཟང་ལ་སོགས་པ་
1572	terminal-particle	33		དེའི་རྗེས་སུ་བུམ་པ་ལ་སོགས་པ་རྫས་དགོད་ཅིང་འབྲེལ་བ་བསྟན་པའི་ཕྱིར་བུམ་པ་བརྒྱད་ལ་སོག
1573	line-end	18		འདིར་ནི་བུམ་པ་རྒྱས་པ་ནི་བཅུ་དྲུག་སྟེ། ལྷ་མོ་བཅོ་ལྔ་ལ་བུམ་པ་རེ་རེ།
1574	verse-stanza	17		ལས་ཐམས་ཅད་པ་དང་བཅུ་དྲུག་གོ། །↵དཔལ་དགྱེས་པ་རྡོ་རྗེ་ལ་ནི་བུམ་པ་བཅུའོ། །
1575	terminal-particle	20		བསྡུ་བ་ནི་དྲུག་ཏུ་ཤེས་པར་བྱ་སྟེ། རིགས་ལྔ་ལ་རེ་རེ་ལས་ཐམས་ཅད་པ་དང་དྲུག་གོ། །
1576	terminal-particle	15		གང་བའི་བུམ་པ་ནི་ངེས་པ་མེད་དེ་ཅི་འབྱོར་པ་དབུལ་བར་བྱའོ། །
1577	terminal-particle	16		རྣམ་པར་རྒྱལ་བ་ཤར་དུ་བཀོད་པ་ནི་བུམ་པ༌[^848]སྟེ། གཙོ་བོའི་མདུན་ནས་ཤར་དུའོ། །
1578	terminal-particle	11		ལས་ཐམས་ཅད་པའི་བུམ་པ་ནི་ཤར་གྱི་སྒོར་རོ། །
1579	terminal-particle	4		གཞན་དག་གོ་སླའོ། །
1580	terminal-particle	21		དེའི་རྗེས་ལ་ཇི་ལྟར་བསམ་གཏན་དེ་བཞིན་འདིར་ནི་དམ་ཚིག་གི་འཁོར་ལོ་སྒྲུབ་ཐབས་ལྟར་བསྐྱེ
1581	terminal-particle	11		དེ་ཉིད་ཇི་ལྟར་ཞེ་ན། བསྲུང་བ་ནི་སྔགས་ཀྱིས་སོ། །
1582	terminal-particle	17		གསུངས་པའམ་བརྗོད་པ་ནི་ཨོཾ་རཀྵ་ལ་སོགས་པ་སྟེ། བདག་བསྲུང་བ་ནས་བརྩམས་ཏེ་བྱའོ། །
1583	terminal-particle	12		ཡང་ན་ཡེ་ཤེས་ཀྱི་འཁོར་ལོ་བཅུག་སྟེ་བགེགས་བསལ་བའོ། །
1584	terminal-particle	20		དེའི་རྗེས་ལ་མཆོད་པ་ནི་ལྷ་མོ་བརྒྱད་ལ་སོགས་པས། མདུན་དུ་འོད་ཟེར་གྱིས་སྤྱན་དྲངས་པ་ལའ
1585	terminal-particle	17		གསོལ་བ་གདབ་པ་ནི་མཆོད་པས་མཉེས་པ་ནི་སངས་རྒྱས་དང་བྱང་ཆུབ་སེམས་དཔའ༌[^849]ལའོ། །
1586	terminal-particle	14		དེ་ཡང་དེ་ནས་ཧེ་རུ་ཀའི་གཟུགས་ཀྱིས་དབང་བསྐུར་བར་འགྱུར་རོ། །
1587	terminal-particle	15		ཇི་ལྟར་བཤད་པ་ནི་བཤད་པའི་རྒྱུད་དག་གམ་རྣལ་འབྱོར་གྱི་རྒྱུད་དུའོ། །
1588	terminal-particle	14		འདིར་ཡང་བྱ་བ་ནི་མཆོད་བསྟོད་ལ་སོགས་པ་རྒྱས་པར་འདོད་ནའོ། །
1589	terminal-particle	27		དེའི་ཏིང་ངེ་འཛིན་ནི་འདི་ཡིན་ཏེ། ཕྱག་མཚན་བཀོད་ནས་མདང་སྟ་གོན་གྱི་དཀྱིལ་འཁོར་ནམ་མཁའ
1590	terminal-particle	88		དེ་ནས་བུམ་པ་དགོད་པ་དང་རྒྱན་བྲི་བ་དང་མཆོད་པ་རྣམས་བཤམས་ལ། བདག་ཉིད་ཁྲུས་དང་གཙང་སྦྲ་
1591	terminal-particle	50		དེ་ནས་དཀྱིལ་འཁོར་སྒྲུབ་པ་ནི་ས་བོན་ནམ་ཕྱག་མཚན་ཙམ་ལས་ལྷ་མོའི་འཁོར་ལོ་རྫོགས་པར་བསྐྱ
1592	line-end	19		དེའི་རྗེས་ལ་གང་ཞིག་དབང་ནི་རབ་ཏུ་དབྱེ་བ་ནི༌[^851]དབང་བཞིའི་རིམ་པའམ་ཆུ་ལ་སོགས་པའོ།
1593	verse-stanza	19		རང་གི་དཀྱིལ་འཁོར་ཚོགས་སྦྱིན། །↵ཞེས་པ༌[^852]ནི་ཁྱད་པར་གྱི་ལུགས་ཀྱིས་སོ། །↵མཆོད་དང
1594	line-end	63		ཅེས་འདིར་ཡང་འབྲེལ་ཏེ། མཆོད་པ་ནི་ཐུན་མོང་གི་མཆོད་པ་དང་། ཁྱད་པར་གྱི་མཆོད་པ་བརྟག་པ་
1595	verse-stanza	15		བྱིང་བ་སྐྱབས་མེད་བདག་ལ་སྐྱོབས། །↵ཞེས་བྱ་བ་ལ་སོགས་པ་འདིར་འབྲེལ་ལོ། །
1596	line-end	22		དབང་བསྐུར་བ་ཐུན་མོང་རིག་པའི་དབང་ལྔ་དང་། ཁྱད་པར་བདག་པོའི་དབང་དང་དྲུག་སྟེ། །དེ་སྐད
1597	verse-stanza	14		དྲུག་པ་བདག་པོའི་དབང་གིས་དང་། །↵ཞེས་བྱ་བ་གསུངས་པའི་ཕྱིར་རོ། །
1598	line-end	20		དེའི་རྗེས་ལ་གསང་བའི་དབང་བསྟན་པའི་ཕྱིར། དེར་ཞེས་པ་ནི་བུམ་པའི་དབང་གིས་གནས་དེ་ཉིད་ད
1599	terminal-particle	31		རིགས་ལྔ་ལས་བྱུང་བ༌[^854]ནི་དམན་པ་རྣམས་དང་། བྲམ་ཟེའི་རིགས་སུ་སྐྱེས་པ་སྟེ། དེས་རིག
1600	terminal-particle	13		གཞུག་པ་ནི་ལས་དང་པོ་པ་ཡིན་ན་སློབ་མ་བཞིན་དུའོ། །
1601	line-end	20		ཡང་ན་ཇི་ལྟར་གང་རྙེད་ནི་རིགས་དང་སྒོ་གསུམ་གྱི་ཡོན་ཏན་དང་མི་ལྡན་ཀྱང་ངོ་། །
1602	verse-stanza	17		དེ་བཞིན་ནི་ཕྱོགས་གཉིས་པ་དེ་ལའོ། །↵བཅུ་དྲུག་ལོན་པའི༌[^856]ན་ཚོད་གཙོ་བོར་གྱུར་པ༌[^
1603	terminal-particle	11		ཁུ་བ་ལྡན་པ་ནི་ཤེས་རབ་རང་བཞིན༌[^858]མ་ཡིན་པའོ། །
1604	terminal-particle	6		ཇི་སྲིད་ནི་གང་གི་ཚེའོ། །
1605	terminal-particle	5		དེ་སྲིད་ནི་དེའི་ཚེའོ། །
1606	terminal-particle	16		ཕྱག་རྒྱ་བསྟེན་པ་ནི་ལང་ཚོ་དང་ལྡན་པ་དེ་ཉིད་ཆང་ལ་སོགས་པའོ། །
1607	terminal-particle	11		ཕྱག་རྒྱ་ནི་གདོང་བཅིང་བ་ནི་འཇུག་པའི་ཚུལ་ལོ། །
1608	terminal-particle	17		ཐབས་ཀྱི་གདོང་ཡང་དེ་བཞིན་ནི་སློབ་མ་འཇུག་པ་དང་ཕན་ཚུན་དུ་མཐུན་པའོ། །
1609	terminal-particle	26		ཡང་ན་ཕྱག་རྒྱ་ནི་གདོང་བཅིང་བ་ནི་བདུད་རྩི་ལེན་པའི་དུས་སུ་སྟེ། འདི་ཡང་བྱ་བའི་རིམ་པ་
1610	terminal-particle	55		བྱ་བའི་རིམ་པ་ནི་སློབ་མ་འཇུག་པ་བཞིན་དུ་ཕྱག་རྒྱ་མ་ཡང་དཀྱིལ་འཁོར་དུ་གཞུག་པ་དང་། ཚུལ
1611	line-end	20		འདིར་ནི་སློབ་དཔོན་གྱིས་དེ་ཁོ་ན་ཉིད་ཉམས་སུ་མྱོང་བ་དེའི་ཆང༌[^859]བུ་ལ་སྦྱིན་ཞེས་བྱ
1612	verse-stanza	13		བརྟེན་པ་དེ་ལས་གང་བྱུང་བ། །↵ཞེས་པ་བདུད་རྩི་དེ་ཉིད་དོ། །
1613	line-end	22		ཐབས་ཀྱི་གདོང་ཡང་དེ་བཞིན་ཞེས་པ་ནི་སྟེར་བའི་དུས་སུ་སྟེ། སློབ་མའི་ཁར་ནི་ལྷུང་ཞེས་པར
1614	terminal-particle	14		ད་ནི་གསུམ་པ་བསྟན་པའི་ཕྱིར། རོ་མཉམ་ནི་ལྷན་ཅིག་སྐྱེས་པའི་རོའོ། །
1615	terminal-particle	11		སློབ་མའི་སྤྱོད་ཡུལ་ནི་སྔོན་དུ་མན་ངག་བསྟན་པའོ། །
1616	terminal-particle	14		དེ་ཉིད་ལ་ཡང་དེ་གསང་བའི་རྟེན་ཉིད་ལའམ་རིག་མ་གཞན་ལའོ། །
1617	terminal-particle	18		བྱ་བར་བྱའམ་ངེས་པར་བྱ་ནི། སྔོན་དུ་མན་ངག་བསྟན་པ་བཞིན་དུ་ཉམས་སུ་བླངས་པའོ། །
1618	terminal-particle	15		དེས་ཅིར་འགྱུར་ཞེ་ན། རང་རིག་ཡེ་ཤེས་ནི་དོན་དམ་ལྷན་ཅིག་སྐྱེས་པའོ། །
1619	terminal-particle	20		གྱུར་པ་ནི་ཀུན་རྫོབ་ལྷན་སྐྱེས་ལས་ཏེ། དེ་དག་གི་རིམ་པ་བརྟག་པ་ཕྱི་མ་ལས་བསྟན་ཏོ། །
1620	terminal-particle	14		འདི་ལ་ཡང་བྱ་བའི་རིམ་པ་དང་ནོད་པའི་རིམ་པ་གཉིས་སོ། །
1621	line-end	16		གསུམ་པས་གོ་ཕྱེ་བའི་སློབ་མའི་ཉམས་སུ་མྱོང་བ་དེ་ཉིད་བཤད་པ་ནི།
1622	ordinal-open	3		བཞི་པ་སྟེ།
1623	verse-stanza	20		དེ་ལ་ཡང་རྟེན་ཅན་དང་རྟེན་མེད་གཉིས་སོ། །↵སློབ་དཔོན་ལ་ལ་ནི་རྟེན་ཅན་དུ་ཡང་འདོད་དོ། །
1624	terminal-particle	18		བླ་མའི་གཞུང་གིས་ནི་ཚིག་དབང་རིན་པོ་ཆེ་ཞེས་བྱ་སྟེ་རྟེན་མེད་ཀྱི་ལུས་སོ། །
1625	terminal-particle	35		དེ་ལ་ཡང་དབང་བཞི་པ་ཚིག་དབང་དང་། མན་ངག་དང་གཉིས་སུ་བཞེད་དེ། བླ་མའི་ཞལ་ལས་ཤེས་པར་བྱའ
1626	terminal-particle	15		དེའི་ཁྱད་པར་བསྟན་པ་ནི་དབང་བཞི་པ་སྟེ། རང་བཞིན་ནི་གཟུང་འཛིན་ནོ། །
1627	terminal-particle	16		ཡང་དག་རིག་པ་ནི་དང་པོ་ཡིན་ཡང་གསུམ་པ་སྟེ། དེ་དག་དེས་སྤངས་པའོ། །
1628	terminal-particle	11		དེས་ཅིར་འགྱུར་ཞེ་ན། མི་རྟོག་པ་སྟེ། མཁའ་མཉམ་ནི་དཔེའོ། །
1629	line-end	10		རྡུལ་ནི་རྣམ་པར་རྟོག་པ་དང་། ཉོན་མོངས་པའོ། །
1630	verse-stanza	20		དེའི་ཕྱིར་སྟོང་པ་ཉིད་དཔེ་དེ་ལས་བྱུང་བའོ། །↵དེ་དང་ལྷན་ཅིག་ཚིམ་པ་ནི་ཐབས་ཅི་ཞེ་ན།
1631	terminal-particle	8		དངོས་དང་དངོས་མེད་ནི་ཆོས་ཅན་ནོ། །
1632	line-end	11		བདག་ཉིད་མཆོག་ནི་བདེ་བ་ཆེན་པོའི་རང་བཞིན་ནོ། །
1633	verse-stanza	25		དེ་དག་ནི་དབྱེར་མེད་པ༌[^861]བསྟན་པའི་ཕྱིར།↵ཤེས་རབ་ཐབས་ནི་མི་རྟོག་པ་དང་བདེ་བའོ། །↵
1634	verse-stanza	15		ཡང་ཆགས་པ་དང་ཆགས་བྲལ་ནི།↵མཆོག་དགའ་དང་དགའ་བྲལ་གྱི་རྣམ་པས་སོ། །
1635	line-end	13		འདྲེས་པ་ནི་དབྱེར་མི་ཕྱེད་པ་སྟེ་ལྷན་ཅིག་སྐྱེས་པའི་རོའོ། །
1636	terminal-particle	47		ད་ནི་དེའི་རང་བཞིན་ནམ་ཆེ་བའི་བདག་ཉིད་བསྟན་པའི་ཕྱིར། དེ་ཉིད་སྲོག་ཆགས་རྣམས་ཀྱི་སྲོག
1637	terminal-particle	10		འགྲོ་བའི་བདག་ཉིད་ནི་ལྷན་ཅིག་སྐྱེས་པ་དེའོ། །
1638	terminal-particle	15		ཐམས་ཅད་ཁྱབ་པ་ནི་སེམས་ཏེ་དོན་དམ་ལྷན་ཅིག་སྐྱེས་པའི་ཕྱིར་རོ། །
1639	terminal-particle	31		ལུས་ཀུན་ལ་གནས་པ་ནི་ཀུན་རྫོབ་པོ། །དངོས་དང་དངོས་མེད་དེ་ལས་བྱུང་ནི་དངོས་པོ་ཀུན་རྫོབ
1640	terminal-particle	16		ཡང་ན་དངོས་པོ་སྟེ་གཟུགས་ལ་སོགས་པ་ལྔ་དང་། དངོས་མེད་དེ་ཆོས་སོ། །
1641	line-end	4		གཞན་ནི་དབང་པོའོ། །
1642	verse-stanza	13		གང་རྣམས་དེ་རྣམས་ནི་བརྟན་གཡོའོ། །↵རྣམ་ཤེས་ནི་མིག་ལ་སོགས་པའོ། །
1643	terminal-particle	17		ཀུན་གྱི་ཚུལ་ནི་གཟུགས་ལ་སོགས་པ་དེ་དག་དང་ལྷན་ཅིག་སྐྱེས་པར་སྣང་བའོ། །
1644	terminal-particle	50		འོ་ན་ལྷན་ཅིག་སྐྱེས་པ་དེ་ཉིད་ཆོས་ཀུན་གྱི་རང་བཞིན་ཡིན་ན་གྲུབ་མཐའ་ངན་པས་བརྟགས་པའི་ཆ
1645	terminal-particle	13		སྔོན་རབས་ནི་བྲི་ཏ་ཀ་སྟེ་ཕྱའམ་མེས་པོ་སྟེ་ཚངས་པའོ། །
1646	line-end	14		དབང་ཕྱུག་ནི་མ་ཧེ་ཤྭ་ར་སྟེ་ཀུན་ལ་དབང་བའི་བདག་པོའོ། །
1647	verse-stanza	24		དབང་ཕྱུག་ཆེན་པོའམ་ལྷ་ཆེན་པོ་ཞེས་བརྗོད་དོ། །↵བདག་ནི་རྟག་པའི་ཁྱད་པར་ལྡན་པའོ། །↵གསོ
1648	terminal-particle	11		སེམས་ཅན་ནི་ཤེས་པ་སྟེ་ནུས་པ་ཤེས་ཅན་ནོ། །
1649	terminal-particle	5		དུས་ནི་ཡོན་ཏན་ནོ། །
1650	terminal-particle	16		གང་ཟག་ནི་པུང་གལ་སྟེ། བྱེད་པ་པོའམ། ལས་ཀྱི་འབྲས་བུ་གང་ཞིག་སྨིན་པར་འཛག༌[^863]པའོ། །
1651	terminal-particle	21		དེ་དག་ཏུ་བཏགས་པ་མ་ཟད་དེ། དངོས་པོ་ཀུན་གྱི་རང་བཞིན་ནི་མྱ་ངན་ལས་འདས་པའི་བར་དུའོ། །
1652	terminal-particle	24		སྒྱུ་མའི་ཚུལ་ལམ་གཟུགས་ནི་མ་ཧཱ་མཱ་ཡཱ་སྟེ། བདེན་པ་ཡང་མ་ཡིན་བརྫུན་པ་ཡང་མ་ཡིན་པའི༌[^
1653	terminal-particle	13		ཡང་དག་གནས་ནི་ཟག་པ་མེད་པའི་བདེ་བར་རང་སྣང་བའོ། །
1654	terminal-particle	8		དེའི་ཕྱིར་ཉེས་པ་མེད་པ་ཁོ་ནའོ། །
1655	terminal-particle	30		ད་ནི་ཐེ་ཚོམ་གྱི་ཡུལ་བསྟན་པ་དང་ལྷན་ཅིག་སྐྱེས་པ་ཇི་ལྟར་ཉམས་སུ་བླང་བའི་ཐབས་བསྟན་པའི
1656	terminal-particle	12		དེ་བཞིན་གཤེགས་པ་དང་རྡོ་རྗེ་སྙིང་པོ་ནི་སྔོན་དུའོ། །
1657	terminal-particle	12		མཁས་པ་ནི་རྗེས་སུ་འཇུག་པའི་ཕ་རོལ་ཕྱིན་པ་ལའོ། །
1658	terminal-particle	21		དེ་སྐད་དེས་ཐོས་ནི་ཟག་པ་དང་བཅས་པ་ཆགས་པ་ལས་བྱུང་བའམ། ཟག་པའི་བདག་ཉིད་དུ་ཐོས་པའོ། །
1659	terminal-particle	13		མཆོག་ཏུ་ངོ་མཚར་ནི་དམན་པའམ་སྤྱོད་ཡུལ་མ་ཡིན་པས་སོ། །
1660	terminal-particle	15		བརྒྱལ་ཞིང་ས་ལ་འགྱེལ་བ་ནི་སྐྲག་པའམ་ཆེ་བའི་བདག་ཉིད་སྟོན་པའོ། །
1661	terminal-particle	10		ཡང་ན་བརྒྱལ་བ་ནི་སེམས་ཀྱི་ཁྱད་པར་རོ། །
1662	terminal-particle	7		འགྱེལ་བ་ནི་ལུས་ཀྱི་བཀོད་པའོ། །
1663	line-end	46		འདིར་དགའ་བའི་གྲངས་ལ་ཐེ་ཚོམ་སྐྱེས་པ་ལྟར་བསྟན་ཀྱང་དོན་ལ་དབང་བཞི་པ་ལ་ཐེ་ཚོམ་སྐྱེས་ཏ
1664	line-end	16		ད་ནི་དེ་དག་གི་རྒྱུ་མཚན་སེམས་ལ་གནས་པའི་སོ་སོར་བརྗོད་པའི་ཕྱིར།
1665	verse-stanza	17		དང་པོ་དགའ་བ་འགྲོ་བ་ནི་བརྟག༌[^865]པའོ། །↵མཆོག་དགའ་འགྲོ་བའམ་བརྟག་པས་ཏེ་འཁོར་བར་རོ།
1666	terminal-particle	15		དགའ་བྲལ་དགའ་བའང་འགྲོ་བའམ་བརྟག་པ་སྟེ་མྱ་ངན་ལས་འདས་པར་རོ། །
1667	terminal-particle	17		དེས་ན༌[^866]འཁོར་བ་དང་མྱ་ངན་ལས་འདས་པའི་མཐར་འགྲོ་བས་ངོ་མཚར་བའམ་བརྒྱལ་བའོ། །
1668	terminal-particle	15		ཡང་ན་ཟབ་པ་ཆེ་བའི་བདག་ཉིད་དགའ་བ་གསུམ་གྱིས་མི་རྟོག་པའོ། །
1669	terminal-particle	12		སྤྱོད་ཡུལ་མ་ཡིན་པར་དོགས་ན་ངོ་མཚར་ཞིང་བརྒྱལ་བའོ། །
1670	quote-close	9		དེའི་ཕྱིར། དགའ་བ་གསུམ་ལ་ལྷན་སྐྱེས་མེད། །ཅེས་པའོ། །
1671	quote-close	18		ད་ནི་ཐེ་ཚོམ་བསལ་བའི་ཕྱིར་སྡུད་པར་བྱེད་པས། བཅོམ་ལྡན་བཀའ་སྩལ་ཀྱེའི་རྡོ་རྗེ། །ཞེས་པ
1672	terminal-particle	12		སངས་རྒྱས་ཀུན་གྱི་སྐུ་གཅིག་ནི་བདེ་བ་ཆེན་པོའི་སྐུའོ། །
1673	terminal-particle	11		རྡོ་རྗེ་སྙིང་པོས་རྟོགས་བྱ་ནི་སྔོན་བྱུང་དག་གོ། །
1674	terminal-particle	16		ཐེ་ཚོམ་ནི་དམན་པའམ་སྤྱོད་ཡུལ་མ་ཡིན་པ་གོང་དུ་བརྗོད་པ་ཉིད་དོ། །
1675	terminal-particle	10		བཟང་བའམ་ལེགས་པར་སེལ་བ་ནི་ལས་ལེན་པའོ། །
1676	terminal-particle	14		ཅི་ཞེ་ན། དེ་ཡང་དང་པོར་དམ་པ་དོགས་པ་སེལ་བའི་ཕྱིར་རོ། །
1677	terminal-particle	24		འདོད་ཆགས་མེད་ཅིང་ཆགས་བྲལ་མེད་ནི་དགའ་བ་དང་དགའ་བྲལ་ཏེ། བརྟག་པ་དེ་དག་ལྷན་ཅིག་སྐྱེས་
1678	terminal-particle	39		དབུ་མ་ཞེས་པ་ནི་དགའ་བ་སྟེ། གྲངས་ཀྱི་དབུ་མར་ཡང་མ་ཡིན་ལ། དོན་གྱི་དབུ་མ༌[^867]དེ་ཁོ་
1679	terminal-particle	34		དེ་དག་ཀྱང་ལྷན་ཅིག་སྐྱེས་པ་ལ་མི་ལྡན་ཡང་བློས་བརྟགས་ནས་དམའ་བར་འགྲོའོ་ཞེ་ན། དེའི་ཕྱི
1680	line-end	21		ལྷན་ཅིག་སྐྱེས་པའི་བྱང་ཆུབ་ནི་དྲི་མ་དང་བྲལ་བས་རྟོགས་པ་སྟེ། ཡང་དག་པའི་འབྲས་བུར་བརྗ
1681	terminal-particle	15		ད་ནི་སྤྱོད་ཡུལ་མ་ཡིན་པར་དོགས་པའི་ཐེ་ཚོམ་བསལ་བའི་ཕྱིར་རོ། །
1682	terminal-particle	13		ཡང་ན་ཞེས་པ་ནི་དམན་པར་དོགས་པ་ལས་ཕྱོགས་གཞན་དུའོ། །
1683	terminal-particle	9		དེ་ཉིད་ཅེས་པ་ནི་ལྷན་ཅིག་སྐྱེས་པའོ། །
1684	terminal-particle	34		ཐམས་ཅད་བདག་ཅེས་པ་ནི་དགའ་བ་གསུམ་གྱི་རང་བཞིན་ཡིན་པའི་ཕྱིར་དགའ་བ་གསུམ་དང་ལྡན་པའི་ཚེ
1685	terminal-particle	33		ཡང་ན་ཞེས་པ་ནི་རང་བཞིན་གཅིག་ཀྱང་རྣམ་པའི་ཕྱོགས་གཞན་དུ་བསྟན་པའི་ཕྱིར། ཀུན་ནས༌[^869]
1686	terminal-particle	50		འོ་ན་རྣམ་པ་མི་མཐུན་ན་གསུམ་པོ་མི་དགོས་ལ། གསུམ་པོ་མེད་ན་སྤྱོད་ཡུལ་དུ་མི་འགྱུར་ཞེ་ན
1687	terminal-particle	19		རང་བཞིན་མཚོན་པའི་ཐབས་དང་ཤེས་རབ་ཀྱི་ཚུལ་དུ་མཐུན་ན་དགའ་བ་གསུམ་ལ་གནས་པའོ། །
1688	terminal-particle	22		དེའི་ཕྱིར་ན་དགའ་བ་གསུམ་པོ་སྤངས། །ཞེས་པ་ནི་ལྷན་ཅིག་སྐྱེས་པ་སྟེ་སྤྱོད་ཡུལ་དུ་གྱུར་
1689	line-end	16		ད་ནི་ཐེ་ཚོམ་མེད་པར་ཉམས་སུ་བླང་བའི་རྟགས་ཇི་ལྟ་བུ་ཞེ་ན།
1690	ordinal-open	37		དང་པོ་སྤྲིན་དང་འདྲ་བ་ནི། དབང་གི༌[^870]དུས་ཀྱི་སྟོབས་ཏེ་དེ་ཡང་ས་ཧ་ཛའམ༌[^871]ལས་ཀྱ
1691	terminal-particle	24		མཐོང་བ་དེ་ཡང་དོན་རང་གི་མཚན་ཉིད་ཀུན་དུ་སྦྱོར་བ་ནི་རྒྱ་མཚོའི་ལན་ཚྭའི་ཆུ་ཉུང༌[^872]
1692	terminal-particle	35		གྲུབ་པ་སྒྱུ་མ་ལྟ་བུ་ནི་སྒོམ་པའི་དུས་ཀྱི་སྟོབས་ཏེ། མཾ་ན་ཛའམ་དྷརྨཱ་མུ་དྲ་ལ་བརྟེན་པ
1693	terminal-particle	53		དེ་ནས་རྨི་ལམ་འདྲ་བ་ནི་སྤྱོད་པའི་སྟོབས་ཏེ། ཁེ་ཏྲ་ཛའམ་ས་མ་ཡ་མུ་དྲ་ལ་བརྟེན་པས། དོན་
1694	terminal-particle	14		གཉིད་ལོག་ནི་སྒྱུ་མ་དང་རྨི་ལམ་སྟེ་མི་གསལ་བའི་ཕྱིར་རོ། །
1695	terminal-particle	23		དེ་དག་ནི་འཆར་བ་དང་ནུབ་པ་སྟེ་ཐབས་དང་ཤེས་རབ་ཡིན་པས་མི་ཕྱེད་པ་ནི་ཕྱག་རྒྱ་ཆེན་པོའོ། 
1696	terminal-particle	41		གྲུབ་ཅེས་པ་ན་ཡང་མི་ཕྱེད་ཅེས་སྨོས་པ་ནི་འབྲས་བུའི་དུས་ཀྱི་སྟོབས་མནྟྲའམ་མ་ཧཱ་མནྟྲ་ལ
1697	terminal-particle	8		གྲུབ་ཅེས་པ་ནི་གདོན་མི་ཟ་བའོ། །
1698	terminal-particle	19		དེའི་རྗེས་ལ་མན་ངག་བསྟན་པར་བྱ་བའི་ཕྱིར་ཕྱི་ནས་ཞེས་པ་ནི་དབང་གི་རྗེས་ལའོ། །
1699	terminal-particle	18		དེ་ཉིད་ཡང་དག་བཤད་ནི་དབྱེར་མེད་པའི་མན་ངག་སྡུད་པར་བྱེད་པས་ཁས་ལེན་པའོ། །
1700	terminal-particle	34		ཡང་དང་ནི་དོན་དམ་ལྷན་ཅིག་སྐྱེས་པ་ནི་ཤེས་རབ་ཀྱི་མན་ངག་བསྟན་པའི་ཕྱིར། རྣམ་དག་ཡེ་ཤེས
1701	line-end	27		བཤད་པར་འདོད་ནས་འཁོར་བ་དང་མྱ་ངན་ལས་འདས་ཞེས་པ་ནི་དངོས་པོ་དང་དངོས་མེད་ལ་སོགས་པ་གཞན་
1702	verse-stanza	17		ཁྱད་པར་ནི་བརྟག་པའི་ཁྱད་པར་རོ། །↵ཅུང་ཟད་ནི་ཉུང་བ་བག་ཙམ་ཕྲ་བ་སྟེ།
1703	terminal-particle	15		སེམས་ཙམ་དུ་ཡང་ངོ་། །ཡོད་མ་ཡིན་ནི་གཅིག་དང་དུ་བྲལ་གྱིས་སོ། །
1704	terminal-particle	18		འོ་ན་ལམ་གྱི་དུས་སུ་ལྟ་བ་ཇི་ལྟ་བུ་ཞེ་ན། ཚིག་རྐང་གཉིས་ཏེ་གོ་སླའོ། །
1705	terminal-particle	16		ཡང་སྤྱོད་པ་ཇི་ལྟ་བུ་ཞེ་ན་ཚིགས་སུ་བཅད་པ་གཅིག་སྟེ་གོ་སླའོ། །
1706	terminal-particle	11		ཡང་སྒོམ་པ་ཇི་ལྟ་བུ་ཞེ་ན། རྐང་པ་གཅིག་གོ། །
1707	line-end	14		འབྲས་བུ་དོན་གྱི་རང་བཞིན་ཇི་ལྟ་བུ་ཞེ་ན། རྐང་པ་གཅིག་གོ། །
1708	terminal-particle	41		ད་ནི་ཀུན་རྫོབ་ལྷན་སྐྱེས་སམ། ཐབས་ཀྱི་མན་ངག་བསྟན་པའི་ཕྱིར། རྡོ་རྗེ་སྙིང་པོས་གསོལ་བ
1709	terminal-particle	14		གཟོད་ནས་རང་བཞིན་མེད་པའི་ཞེས་པ་ནི་སེམས་དག་པ་དེས་སོ། །
1710	terminal-particle	20		ལུས་ཀྱི་རང་བཞིན་དག་པ་ན་ཕྲ་རུ་སྟེ་དེ་རུ་དེའི་ཕྱིར་གང་དུ་ལོགས་སུ་འབྲེལ་ལོ། །
1711	terminal-particle	47		དེ་ཡང་རྒྱུ་མཚན་ནི་ལུས་འབྱུང་བའི་བདག་ཉིད་ཡིན་པའི་ཕྱིར། དག་པ་མི་རིགས་སོ་ཞེ་ན། དག་པ
1712	terminal-particle	10		བཅོམ་ལྡན་རྡོ་རྗེ་ཅན་ནི་རྡོ་རྗེ་འཛིན་པའོ། །
1713	terminal-particle	18		དེའི་ཁྱད་པར་བསྟན་པའི་ཕྱིར་མཁའ་འགྲོ་ནི་བདག་མེད་མ་པུཀྐ་སཱི་ལ་སོགས་པ་བཞིའོ། །
1714	terminal-particle	24		བདེ་བ་སྟེར་ནི་རྒྱུའི་རྡོ་རྗེ་འཆང་སྙོམས་པར་འཇུག་པའམ། གླུའི་ངོར་འབྲས་བུ་ཧེ་རུ་ཀ་ལྡ
1715	terminal-particle	15		ཡང་མཁའ་འགྲོ་ནི་ཌཱ་ཀི༌[^875]ནི་སྟེ་ཞིང་དག་ཏུ་རྒྱུ་བའི་ལས་ཕྱག་རྒྱའོ། །
1716	line-end	17		བདེ་བ་སྟེར་ནི་ལྷན༌[^876]སྐྱེས་པའི་རོ་དང་མི་འབྲལ་བའི་ཐབས་ཀྱིས་དགྱེས་པའི་རྡོ་རྗེའོ
1717	verse-stanza	15		དེ་ནི་གཞན་ལུས་ཤེས་རབ་ལ་བརྟེན་པའོ། །↵ཡང་མཁའ་འགྲོ་ནི་རྩ་རྣམས་སོ། །
1718	line-end	15		བདེ་སྟེར་ནི་ཀུནྡ་ལྷན་སྐྱེས་ཏེ་ལུས་ལ་གནས་པའི་དགྱེས་པ་རྡོ་རྗེའོ། །
1719	verse-stanza	15		དེ་ནི་རང་ལུས་ཐབས་དང་ལྡན་པའོ། །↵ཡང་མཁའ་འགྲོ་ནི་ཕྱག་རྒྱ་ཆེན་པོའོ། །
1720	terminal-particle	22		བདེ་སྟེར་ནི་གནས་པ་སྟེ། ཟག་པ་མེད་པའི་བདེ་བ་ཆེན་པོ་སྟེ་གཉིས་སུ་མེད་པའི་དགྱེས་པའི་ར
1721	terminal-particle	5		དེ་ནི་དབྱེར་མེད་དོ། །
1722	terminal-particle	8		གསུངས་ཞེས་པ་ཐེ་ཚོམ་སེལ་བར་རོ། །
1723	line-end	15		དེ་ཉིད་ཅི་ཞེ་ན། རློམ་སེམས་མེད་པའི་རང་བཞིན་ནི་སེམས་དག་པ་དེའོ། །
1724	verse-stanza	13		བདག་ནི་འབྱུང་བའི་བདག་ཉིད་དོ། །↵ཐམས་ཅད་ནི་འགྲོ་བ་ཀུན་གྱིའོ། །
1725	terminal-particle	13		ལུས་ལ་རྣམ་པར་གནས་ནི་གཉུག་མའི་དབང་པོ་ལ་བརྟེན་པའོ། །
1726	terminal-particle	19		བསྟན་པ་དེ་དག་ཀྱང་སོ་སོར་བཤད་པའི་ཕྱིར། ཀྱེ་བཅོམ་ལྡན་འདས་ཞེས་པ་ནི། མཛེས་པས་བོད་པའོ
1727	terminal-particle	16		ཅིའི་སླད་དུ་ཞེས་པ་ནི་ལུས་ལ་གནས་པ་ལུས་དག་པའི༌[^877]རྒྱུ་མཚན་དྲིས་པའོ། །
1728	terminal-particle	15		འབྱུང་བ་ཆེན་པོ་ལྔ་པོས་ཕུང་པོའི་རིགས་ནི་བསྡུས་པ་སྟེ་ལུས་སོ། །
1729	quote-close	9		དེ་ཇི་ལྟར་བསྐྱེད་ཅིང་རྟེན་ལགས་ཞེས་པའོ། །
1730	line-end	13		ད་ལན་བསྟན་པ་ཡང་འབྱུང་བས་སྐྱེས་པའི་ཚུལ་བསྟན་པའི་ཕྱིར།
1731	verse-stanza	18		བཅོམ་ལྡན་འདས་ཀྱིས་བཀའ་སྩལ་པ༌[^878]ཞེས་པའོ། །↵གང་གི་དུས་སུ་ཞེ་ན།↵བོ་ལ་ཀཀྐོ་ལ་སྦྱོ
1732	terminal-particle	9		ཞེས་པ་ནི་ལྷན་ཅིག་སྐྱེས་པ་སྦྱོར་བའོ། །
1733	line-end	15		རེག་པ་སྲ་བའི་ཆོས་ནི་སྙོམས་འཇུག་ལ་སའི་མཚན་ཉིད་ལྡན་པས་སོ། །
1734	verse-stanza	17		ས་ནི་དེ་ལས་སྐྱེ་ཞེས་པ་སར་བསྒྲུབ་པའོ། །↵བྱང་ཆུབ་སེམས་ཞུ་བ༌[^879]ནི་གཤེར་བ་སྟེ།
1735	verse-stanza	19		སྙོམས་འཇུག་དེ་ལ་ཆུའི་མཚན་ཉིད་དང་ལྡན་པས་སོ། །↵ཆུའི་ཁམས་ནི་འབྱུང་ཞེས་པ་ནི་དེ༌[^880
1736	verse-stanza	22		བསྲུབ་བའམ་བསྐྱེད་པ་ནི་སྙོམས་འཇུག་ལའོ། །↵དྲོད་ནི་མེའི་མཚན་ཉིད་ལྡན་པས་སོ། །↵སྐྱེས་
1737	terminal-particle	20		འགྲོ་ཞེས་པ་ནི་སྙོམས་འཇུག་གི་ཚེ་ཟླ་བ་གཡོ་བ་རླུང་གི་མཚན་ཉིད་དང་ལྡན་པས་སོ། །
1738	terminal-particle	14		རླུང་ནི་རབ་ཏུ་གྲགས་ཞེས་པ་པྲ་ཏི་སྟེ་རབ་ཏུ་བསྒྲུབ་བོ། །
1739	terminal-particle	16		བདེ་བ་ཞེས་པ་ནི་སྙོམས་འཇུག་གིས་སམ་ཞུ་བ་ལ་བརྟེན་པའི་ཆོས་སོ། །
1740	line-end	20		ནམ་མཁའི་ཁམས་ཞེས་བྱ་བ་ནི་ཁྱད་པར་ནམ་མཁའི་མཚན་ཉིད་དང་ལྡན་པ་ནམ་མཁའི་སྒྲུབ་པའོ། །
1741	terminal-particle	14		ལྔ་ཡིས་ཡོངས་སུ་བསྐོར་ཞེས་པ་ནི་དེ་དག་ཡོངས་སུ་འདུས་པའོ། །
1742	terminal-particle	17		གང་ཕྱིར་འབྱུང་བ་ཆེ་བདེ་ཞེས་བྱ་བ་ནི་འབྱུང་བ་ལས་གྱུར་ཅིང་བསྐྱེད་པའོ། །
1743	terminal-particle	10		དེའི་ཕྱིར་ཞེས་པ་ནི་འདུས་བྱས་པའི་ཕྱིར་རོ། །
1744	terminal-particle	13		བདེ་བ་དེ་ཉིད་མིན་ཞེས་པ་ནི་ལྷན་སྐྱེས་མ་ཡིན་པའོ། །
1745	terminal-particle	55		དེ་དག་གིས་ནི༌[^881]འབྱུང་བ་དང་ལྡན་པའི་ལུས་ཀྱི་བསྐྱེད་པ་རྒྱུ་བྱེད་པ་ཙམ་གྱིས་ལུས་ད
1746	terminal-particle	24		འོ་ན་ལྷན་སྐྱེས་ཡིན་ཞེ་ན། །ལྷན་ཅིག་སྐྱེས་པ་གང་སྐྱེས་ཞེས་པ་དོན་དམ་དེ༌[^882]ལུས་དང་
1747	terminal-particle	30		གང་སྐྱེས་པ་ཞེས་པ་ནི་དེ་དང་ལྡན་པ་གང་དང་གང་ཡང་ངོ་། །ལྷན་ཅིག་སྐྱེས་པར་དེ་བརྗོད་དོ་ཞ
1748	line-end	37		དེ་ཕྱིར་ཀུན་རྫོབ་ཀུན་དུ་ལུས་དང་ལྷན་ཅིག་སྐྱེས་པས་རང་བཞིན་ལྷན་ཅིག་སྐྱེས་ཞེས་བརྗོད་
1749	terminal-particle	27		ད་ནི་ཕྱག་རྒྱ་ཆེན་པོའམ་དབྱེར་མེད་ལྷན་སྐྱེས་བསྟན་པའི་ཕྱིར། རྣམ་པ་ཐམས་ཅད་ཅེས་པ་ནི་བ
1750	terminal-particle	7		སྡོམ་ཞེས་པ་ནི་མདོར་བསྡུས་པའོ། །
1751	terminal-particle	10		ཅི་ཞེས་པ་ནི་སེམས་སུ་སྡུད་པའི་ཚུལ་ལོ། །
1752	terminal-particle	37		དེ་ཡང་ཆོས་དུ་མ་དེ་དག་ཇི་ལྟར་བསྡུ་ཞེ་ན། ཕྱག་རྒྱ་རྒྱུ་དང་བྲལ་ཞེས་པ་ནི་བདག་མེད་མའི་
1753	line-end	55		དེ་བཞིན་དཀྱིལ་འཁོར་དང་ལྷ་དང་ཕྱག་རྒྱ་དང་སྦྱིན་སྲེག་དང་མཆོད་སྦྱིན་ལ་སོགས་པས་བརྟག་པ
1754	verse-stanza	13		སྙིང་རྗེ་ནི་སྣང་བ་ཀུན་ནོ། །↵ཐབས་ནི་བདེ་བའི་རོར་གྱུར་པའོ། །
1755	terminal-particle	13		དེ་དག་བསྡུས་ཏེ་མི་གདགས་པའི་ཕྱིར་ཡེ་ཤེས་ནི་སྟོང་པའོ། །
1756	terminal-particle	4		ཐབས་ནི་སྙིང་རྗེའོ། །
1757	terminal-particle	24		དབྱེར་མེད་ནི་དེ་དག་གིས་ཆོས་ཀུན་བསྡུས་ནས་དེ་དག་ཉིད་ཀྱང་ཟག་པ་མེད་པའི་ལྷན་ཅིག་སྐྱེས
1758	terminal-particle	19		དེས་ཅིར་འགྱུར་ཞེ་ན། སེམས་ཙམ་ཡིན་ཏེ། དེའི་བྱང་ཆུབ་སེམས་ཞེས་བརྗོད་པ་སྟེ་ལྷན་ཅིག་སྐ
1759	terminal-particle	28		ད་ནི་བསྟན་པ་དེ་དག་རྒྱུ་མཚན་སོ་སོར་བཤད་པའི་ཕྱིར། སྔགས་བཟླས་ཞེས་པ་ནི་བསྐྱེད་པའི་རི
1760	terminal-particle	15		མེད་ཅེས་པ་ནི་བདག་མེད་མའི་ཕྱག་རྒྱ་གཅིག་དང་དུ་བྲལ་གྱིས་སོ། །
1761	terminal-particle	15		ཡང་མེད་ཅེས་པ་ནི་རྒྱུའམ་ངོ་བོ་ལ་སོགས་པ་དང་བྲལ་བས་སོ། །
1762	terminal-particle	46		དེ་བཞིན་དུ་གཞན་དག་ལ་ཡང་ངོ་། །ད་ནི་ཐབས་ཀྱི་བསྡུས་པ་བསྟན་པའི་ཕྱིར། དེའི་སྔགས་བཟླས་
1763	terminal-particle	19		སྦྱིན་སྲེག་ནི་སྙིང་རྗེ་སྣང་བའི་སྲེག་བླུགས་མཆོད་པས་རྣམ་རྟོག་དང་ཉོན་མོངས་པ་མེད་པའོ
1764	terminal-particle	19		དཀྱིལ་འཁོར་པ་ནི་སྙིང་རྗེ་སྣང་བ་བདེ་བའི་ལྷ་སྟེ་ཉོན་མོངས་པའི༌[^887]ཟུག་རྔུ་ཞི་བས་ས
1765	terminal-particle	16		དཀྱིལ་འཁོར་ནི་ཐབས་བདེ་བ་སྟེ། ལྷན་ཅིག་སྐྱེས་པ་འདུས་པའི་གནས་ཡིན་པས་སོ། །
1766	terminal-particle	30		ད་ནི་རྣམ་པ་ཐམས་ཅད་སྡོམ་པ་གཅིག་གི་རྒྱུ་མཚན་བསྟན་པའི་ཕྱིར། མདོར་བསྡུས་ཞེས་པ་ནི་གང་
1767	terminal-particle	8		གང་ལྟར་ཞེ་ན། སྟོང་པ་ཉིད༌[^888]སྙིང་རྗེས་སོ། །
1768	terminal-particle	12		གང་གིས་ཞེ་ན་འདུས་པའི་ཞེས་པ་སྟེ། དབྱེར་མེད་ཀྱིས་སོ། །
1769	terminal-particle	12		གང་གི་ཕྱིར་ཞེ་ན། སེམས་ནི་ཞེས་པ་སྟེ། བྱང་ཆུབ་སེམས་སོ། །
1770	terminal-particle	17		གཟུགས་ཅན་ཞེས་པ་ནི་རཱུ་པ་སྟེ་ལྷན་ཅིག་སྐྱེས་པའི་ཚུལ་ལམ་རང་བཞིན་ནོ། །
1771	line-end	3		ལེའུ་བཅུ་པའོ།། །།
1772	terminal-particle	37		ད་ནི་ལེའུ་དང་པོ་ལ་ལྟ་སྟངས་ལ་སོགས་པ་རིམ་པ་གཉིས་ཀྱིས་དམིགས་པའི་ཡུལ་ཆེ་བའི་བདག་ཉིད་
1773	terminal-particle	10		མ་རུངས་ནི་ཧེ་རུ་ཀའི་ང་རྒྱལ་གྱིས་སོ། །
1774	terminal-particle	22		དཔྲལ་བ་ཅན་ནི་མིག་འབྲས་གཉིས་དཔྲལ་བ་ལ་བརྟེན་ཏེ་ཅུང་ཟད་གྱེན་དུ་བལྟས་ནས་ཐུར་དུ་འབེབས
1775	terminal-particle	10		ལྟུང་བར་བརྗོད་ནི་བསྒྲུབ་བྱ་འགྱེལ་བར་བྱེད་པའོ། །
1776	line-end	12		གཞན་དག་ནི་ལྟ་སྟངས་རྣམས་དང་། དབུགས་དང་དཔེ་དག་སྟེ།
1777	verse-stanza	25		གཞན་དག་དབུགས་ཀྱིས༌[^889]བསྒྲུབ་པ་ཡང་། །↵འབྱུང་བ་ཉིད་ཀྱིས་ལྟུང་བར་བྱེད། །↵རྡུབ་པ་
1778	terminal-particle	32		ཞི་བ་ཡིས་ནི་རེངས་པར་བྱེད། །ཅེས་བྱ་བ་ནི་ཕྱིར་འབྱུང་བ་དང་། ནང་དུ་རྔུབ་པ་དང་དབུགས་ན
1779	terminal-particle	17		དཔེ་གཏན་ལ་དབབ་པ་ནི་རློན་པའི་ཤིང་ལས་སྒྱེལ་བའི་ཉམས་སད་པའི་གནས་སོ། །
1780	terminal-particle	11		མེ་ཏོག་ཅན་ལ་ནི་དབང་གི༌[^890]ཉམས་སད་པའི་གནས་སོ། །
1781	terminal-particle	16		རྡོ་རྗེའི་ཤིང་ནི་ཤིང་ཐང་ཆུ་ཅན་དེ་དགུག་པའི་ཉམས་སད་པའི་གནས་སོ། །
1782	terminal-particle	13		གཡོ་བཅས་རྩ་ནི་འཇག་མ་སྟེ། རེངས་པའི་ཉམས་སད་པའི་གནས་སོ། །
1783	line-end	18		ཟླ་བ་དྲུག་གོམས་པའི་སྦྱོར་བ་ནི། དང་ལ་ཧེ་རུ་ཀའི་བཟླས་པ་དང་བསྒོམ་པ་སྟེ།
1784	verse-stanza	17		གཞན་དག་ཀྱང༌[^891]བཀག་པ་ནི་མ་ཡིན་ནོ། །↵སྒྲུབ་པ་ནི་བསྒྲུབ་བྱ་ལྟུང་བ་ལ་སོགས་པའོ། །
1785	terminal-particle	12		ཐེ་ཚོམ་མེད་པ་ནི་འདི་ལ་སྟེ་དཔེ་ལ་གྲུབ་ནའོ། །
1786	line-end	37		ཡང་དབང་ངམ་སྤྱོད་པའི་དུས་སུ་ལས་ཀྱི་ཕྱག་རྒྱ་ལ་བརྟེན་པ་ནི། མཉམ་པ་མ་རུངས་དཔྲལ་བ་ཅན་ན
1787	verse-stanza	20		དབང་ནི་སྒྱེལ་བའི་ཐབས་སོ། །↵དགུག་པ་ནི་བཟློག་པའི་མན་ངག་གོ། །↵རེངས་པ་ཡིས་ནི་གཟུང་བའ
1788	terminal-particle	14		དབུགས་དང་སྦྱར་ཏེ་ལྟུང་བ་ནི་དབབ་པའི་ཐབས་སོ།[^893] །དབང་ནི་སྒྱེལ་བའོ། །
1789	line-end	5		དགུག་པ་ནི་ཟློག་པའོ། །
1790	verse-stanza	37		རེངས་པ་ནི་ནམ་མཁའི་དཀྱིལ་འཁོར་དུ་བཟུང་བའོ། །↵དེ་དག་སོ་སོར་གཙོར་གང་ལ་བརྟེན་ཞེ་ན།↵ར
1791	verse-stanza	20		རྡོ་རྗེའི་ཤིང་ནི་ཕྱག་རྒྱ་ཆེན་པོའམ་སྔགས་སྐྱེས་སོ། །↵གཡོ་བཅས་ནི་ལས་ཀྱི་ཕྱག་རྒྱའམ་ལ
1792	terminal-particle	22		ཟླ་བ་དྲུག་གོམས་པའི་སྦྱོར་བ་ནི་དབང་གི་ཚེ་བསྙེན་པའི་དུས་ཡིན་ལ། ། སྤྱོད་པའི་དྲོད་སྐ
1793	terminal-particle	12		ཡང་འཁྲུལ་བ་མི་བྱ་བ༌[^894]ནི་ཐེ་ཚོམ་ཡིད་གཉིས་མི་བྱའོ། །
1794	terminal-particle	15		འདི་ལ་ཞེས་པ་ནི་ཕྱག་རྒྱའམ་རྣལ་འབྱོར་མ་དག་ལས་བསྒྲུབ་པས་སོ། །
1795	line-end	19		སངས་རྒྱས་རྫུ་འཕྲུལ་བསམ་མི་ཁྱབ་ནི་ལྷན་ཅིག་སྐྱེས་པའི་སྡོམ་པ་རང་ཡིན་པའི་ཕྱིར་རོ། །
1796	line-end	29		ད་ནི༌[^895]བདག་གི་དོན་དུ་བསྒྲུབས་ནས་གཞན་དོན་ཇི་ལྟར་བྱ་ཞེ་ན། ལྟ་སྟངས་བཞི་པོ་བསྒྲུ
1797	verse-stanza	17		མཁས་པ་ནི་བདག་མེད་མ་སྟེ་ཤེས་རབ་བོ། །↵སེམས་ཅན་འཇུག་ནི་སྙིང་རྗེ་ཐབས་སོ། །
1798	terminal-particle	33		འོ་ན་སྙིང་རྗེ་འཇུག་པ་ཡིན་ན་རེངས་པ་ལ་སོགས་པ་གནོད་པར་མི་འགྱུར་རམ་ཞེ་ན། དེ་ཕྱིར་གསད
1799	terminal-particle	16		དམ་ཚིག་ནི་ཞེ་སྡང་དག་པ་སྙིང་རྗེ་སྟེ་དེ་དང་བྲལ་བའི་ཕྱིར་རོ། །
1800	terminal-particle	27		འོ་ན་ཡང་གསད་པ་མ་ཡིན་ན། རེངས་པ་ལ་སོགས་པ་གནོད་དོ་ཞེ་ན། དེའི་ཕྱིར་སེམས་ཅན་སླུ་བ་ནི་
1801	terminal-particle	22		བྱ་བ་མ་ཡིན་ན་ནི༌[^897]ཁ་ན་མ་ཐོ་བར་གྲགས་ཀྱང་ངོ་། །ཐམས་ཅད་བྱ་ནི་མི་གནོད་པར་བྱེད་པའ
1802	terminal-particle	29		སེམས་ཅན་གནོད་པ་ཙམ་ཞེས་པ་ནི་གནོད་པ་ཆུང་ཡང་ཉས་པར་འགྱུར་བའོ།[^898] །ཕྱག་རྒྱའི་དངོས་
1803	terminal-particle	17		ཡང་རྫོགས་པའི་རིམ་པ་བཤད་པ་ནི༌[^899]ལྟ་སྟངས་དབབ་པ་ལ་སོགས་པའི་མན་ངག་གོ། །
1804	terminal-particle	12		བཞི་པོ་སྒྲུབ་པ་ནི་ཕྱག་རྒྱ་དང་རྣལ་འབྱོར་མ་ལའོ། །
1805	terminal-particle	11		མཁས་པ་ནི་གཟུང་བ་ལ་སོགས་པའི་མན་ངག་གོ། །
1806	terminal-particle	16		སེམས་ཅན་འཇུག་པ་ནི་རྡོ་རྗེ་འཛིན་པ་སྟེ་ནུས་པ་དང་ལྡན་པས་སོ། །
1807	terminal-particle	14		གསད་པ༌[^900]མ་ཡིན་པ་ནི་ལྷན་ཅིག་སྐྱེས་པ་གཉིས་དང་མི་འབྲལ་ལོ། །
1808	terminal-particle	5		ཉམས་པ་ནི་བྲལ་བའོ། །
1809	terminal-particle	10		དམ་ཚིག་ནི་ཚུལ་ཁྲིམས་ཏེ་ཚངས་པར་སྤྱོད་པའོ། །
1810	line-end	11		ཡང་དམ་ཚིག་ནི་སྡོམ་པ་སྟེ། རྣལ་འབྱོར་པའི་སྲོག་གོ། །
1811	verse-stanza	28		དེའི་ཕྱིར་མི་འབྲལ་བར་བྱ་བ་ཁོ་ནའོ། །↵སེམས་ཅན་སླུ་བ་ནི་དབང་པོ་རང་སྣང་དང་བྲལ༌[^901]
1812	terminal-particle	15		བྱ་བ་མ་ཡིན་ཐམས་ཅད་བྱ་བ་ནི་སྤྱོད་པ་ཀུན་ལ་འཇུག་པའོ། །
1813	terminal-particle	20		སེམས་ཅན་གནོད་པ་ཙམ་ནི་མན་ངག་དང་མི་ལྡན་པས་སྤྱོད་པའི་བྱ་བ་ཀུན་གྱིས་གནོད་པའོ། །
1814	terminal-particle	13		ཕྱག་རྒྱའི་དངོས་གྲུབ་ནི་ཡོངས་སུ་རྫོགས་པའི་ཕྱག་རྒྱ་ཆེན་པོའོ། །
1815	terminal-particle	13		རྙེད་མི་འགྱུར་ནི་མན་ངག་དང་བརྟུལ་ཞུགས་ལ་སོགས་པས་སོ། །
1816	line-end	5		དམ་ཚིག་གི་རྫས་ནི།
1817	verse-stanza	26		དེ་ལ་དམ་ཚིག་བཟའ་བྱ་བ། །↵ན་དང་ག་ཧ་དང་པོ་དང་། །↵མཐའ་ཡི་ཤྭ་དང་དང་པོའི་ཤྭ། །↵ཀྱེ་ཡི་
1818	terminal-particle	39		བདུད་རྩི་ལྔ་ཡང་དེ་བཞིན་བཟའ། །ཞེས་བྱ་བ་ནི་ན་ན་ར་མིའི་ཤ །ག་གོ་ར་བ་ལང་གི་ཤ །ཧ་ཧ་སྟི
1819	terminal-particle	24		བི་མུ་མར་ཤུ་བདུད་རྩི་ལྔ་ནི་བསྐྱེད་པའི་རིམ་པས་སྦྱང་བ་དང་སྤང་བ་དང་རྟོགས་པར་བྱས་ཏེ་
1820	terminal-particle	16		རྫོགས་པའི་རིམ་པ་ལ་ནི་བྱང་ཆུབ་སེམས་ཀྱི་རིམ་གྲོའི་དོན་དུ་བཟའ་བའོ། །
1821	terminal-particle	25		སྤྱིར་གང་ཟག་གི་རིམ་པས་བརྟགས་ཏེ་བཟའ་བ་དང་། བསྲེས༌[^903]ཏེ་བཟའ་བ་དང་། དངོས་སུ་བཟའ་
1822	terminal-particle	32		ཀྱེའི་རྡོ་རྗེས་གསུངས་མཚན་ཉིད། །སྐྱེ་བ་བདུན་པ་དེ་ནས་བརྟག །ཅེས་པ་ནི། སྐྱེ་བ་བདུན་པ
1823	terminal-particle	33		ནང་གི་བརྟག་པ་ནི། དགའ་བྲལ་དགའ་བ་ལ་སྨོད་པ། །ཞེས་ལས་ཀྱི་ཕྱག་རྒྱའི་དགའ་བ་སྤོང་བ་དང་།
1824	line-end	4		ཕྱིའི་བརྟག་པ་ནི།
1825	verse-stanza	14		སྐད་སྙན་མིག་དང་ལྡན་པ་ནི། །↵ཞེས་པ་ནི་མིག་དཀར་ནག་ཕྱེད་པའོ། །
1826	line-end	64		དྲི་ལུས་གཟི་བརྗིད་ཆེན་པོ་ནི་ལུས་ལ་དྲི་བཟང་པོ་ཡོད་པ་དང་། གང་ཟག་གཞན་པས་གཟི་བརྗིད་ཆ
1827	verse-stanza	28		དེ་ནི་ཟོས་པ་ཙམ་གྱིས་ནི། །↵སྐད་ཅིག་ལ་ནི་མཁའ་སྤྱོད་འགྱུར། །↵ཞེས་པ་ནི་དེའི་ཤ་བཟའ་བ་
1828	verse-stanza	19		ཡང་ནི༌[^906]དེའི་བཀའ་དྲིན་ནོད་པ་ཡིན་ནོ། །↵རྫོགས་པའི་རིམ་པ་ལྟར་ན་ནི།↵ཀྱེའི་རྡོ་རྗ
1829	line-end	37		ཅེས་པ། དགྱེས་པ་རྡོ་རྗེའི་རྒྱུད་འབུམ་ཚོ་ལྔའི་ནང་དུ་སྐྱེ་བ་བདུན་པའི་བརྟག་པ་གསུངས་པ
1830	verse-stanza	12		གང་གི་དུས་སུ་ཞེ་ན།↵དགའ་བྲལ་དགའ་བ་ལ་སྨོད་པ། །
1831	terminal-particle	10		ཞེས་པ་ལྷན་ཅིག་སྐྱེས་པའི་དགའ་བའི་དུས་སུའོ། །
1832	line-end	36		ལན་བདུན་པས་ནི་འགྲུབ་པར་འགྱུར། །ཞེས་པ་ནི་ལྷན་ཅིག་སྐྱེས་པ་དེ་བསྒོམས་པའི༌[^907]ཡོན་
1833	terminal-particle	123		ད་ནི་རིམ་པ་གཉིས་ཀྱི་ཧེ་བཛྲའི་སྒྲུབ་ཐབས་བསྟན་ནས་རྒྱུད་འདིར་ལྷ་གཞན་གྱིས་མི་འགྲུབ་ཅ
1834	line-end	35		དཔའ་མོ་གཅིག་པར་བསྒོམ་པར་འདོད་པས་ཚོགས་བསགས་པ་དང་། བསྲུང་བ་མཚམས་ཀྱི་འཁོར་ལོའི་ནང་ད
1835	verse-stanza	24		ཁ་དོག་དམར་ཞིང་ཕྱག་བཞི་མ། །↵མདའ་དང་གཞུ་ཡི་ལག་པ་མ། །↵ཨུཏྤ་ལ་དང་ལྕགས་ཀྱུ་འཛིན། །↵འད
1836	terminal-particle	41		ཞེས་པ་དེ་ལ་ཡེ་ཤེས་བསྟིམ་པ་དང་སྐྱེ་མཆེད་བྱིན་གྱིས་བརླབ་པ་དང་། སྐུ་གསུང་ཐུགས་བྱིན་
1837	terminal-particle	119		དཀྱིལ་འཁོར་གྱི་འཁོར་ལོ་ནི་སྲུང་བ་མཚམས་ཀྱི་འཁོར་ལོ་ཡན་ཆད་སྔ་མ་བཞིན་བྱས་ལ། ཆོས་ཀྱི
1838	terminal-particle	42		དེ་ལ་སེམས་དཔའ་སུམ་བརྩེགས༌[^916]ནས་ཡེ་ཤེས་ཀྱི་འཁོར་ལོ་སྤྱན་དྲངས། བྱིན་གྱིས་བརླབ་ད
1839	quote-open	15		དེ་ནས་བསྒྲུབ་པ་བྱ་བ་ནི་ཆོ་ག་སྔ་མ་དང་འདྲ་བ་ལས།
1840	terminal-particle	34		རང་གི་ཐུགས་ཀ་དང༌[^918]ལྷའི་ཐུགས་ཀ་ནས་འོད་ཟེར་ལྕགས་ཀྱུའི་ཚུལ་གྱིས་རྡོ་ཁབ་ལེན་ལྟར་
1841	terminal-particle	10		འདི་རུ་བྱམས་པ་ཆེན་པོ་ནི་མན་ངག་གོ། །
1842	terminal-particle	18		སྔགས་ལ་ནི་སོ་སོའི་མིང་ལ་བ་ཤིཾ་ཀ་ར་ན་ཧཱུཾ་ཕཊ་སྭཱ་ཧཱ་སྤེལ་ལོ། །
1843	line-end	17		དེའི་གྲངས་ཀྱི་ཚད་ནི། །འབུམ་ཕྲག་གཅིག་གིས་རྒྱལ་པོ་ནི་བསོད་ནམས་ལས་གྲུབ་པས་སོ། །
1844	verse-stanza	16		ཕལ་པ་ཉིད་ནི་དམན་པས་གྲངས་ཉུང་པའོ། །↵ཕྱུགས་ནི་དུད་འགྲོའི་གཙོ་བོ་སྟེ་ཀླུའོ། །
1845	terminal-particle	18		གནོད་སྦྱིན་ཡང་གླེགས་བམ་ལ་ལར་བཀྵ་ན་བྱ་བ་བྱ་སྟེ། ཡཀྵ་ཡིན་པས་གནོད་སྦྱིན་ནོ། །
1846	terminal-particle	19		དེ་དག་ལ་གྲངས་མང་བར་བྱ་བ་ནི་འགྲོ་བ་གཞན་དུ་གཏོགས་ཤིང་མ་རུངས་པས་སོ། །
1847	terminal-particle	7		ལྷ་མ་ཡིན་ཡང་དེ་བཞིན་ནོ། །
1848	terminal-particle	11		ལྷ་ནི་འགྲོ་བ་གཞན་པས་བསོད་ནམས་ལྷག་པས་སོ། །
1849	line-end	18		སྔགས་པ་གྲངས་ཉུང་བ་ནི་འགྲོ་བ་གཅིག་པ་དང་། དམ་ཚིག་གིས་བརྩེ་བའི་ཕྱིར་རོ། །
1850	verse-stanza	19		རྡོ་རྗེ་སྙིང་པོ་ནི་སྡུད་པ་པོས་ཞུས་པས་སོ། །↵མངོན་པར་བྱང་ཆུབ་ནི་རིམ་པ་གཉིས་སོ། །
1851	line-end	23		བརྟག་པ་ནི་ཆོ་ག་ཞི་བ་མོའོ།[^919] །རྒྱལ་པོ་ནི་དེ་ཁོ་ན་ཉིད་དམ་རྫོགས་པའི་རིམ་པ་དང་ལྡ
1852	verse-stanza	12		ལེའུ་བཅུ་གཅིག་པ་ནི་ལྷག་མའོ། །↵བརྟག་པ་དང་པོ་རྫོགས་སོ།། །།
1853	line-end	30		ད་ནི་བརྟག་པ་ཕྱི་མར་བསྟན་པའི་དོན་བཤད་པའི་ཕྱིར། རྡོ་རྗེ་སྙིང་པོས་གསོལ་ཞེས་པ་ནི་མཁའ
1854	verse-stanza	18		བཅོམ་ལྡན་རྡོ་རྗེ་ནི་རྡོ་རྗེ་འཛིན་པའོ། །↵སྙིང་པོ་ནི་ས་ར་སྟེ་བཅུད་དུ་བསྡུས་པའོ། །
1855	line-end	25		བདག་ནི་བདག་ཉིད་དམ་བདག་པོ་ཀྱེའི་རྡོ་རྗེའོ།[^921] །དེ་ནས་བཤད་དུ་གསོལ་ཞེས་བྱ་བར་འབྲ
1856	verse-stanza	12		སྙིང་པོ་ནི་བཅུད་དུ་གྱུར་པའོ། །↵རབ་གནས་ཀྱི་མཚན་ཉིད་དོ། །
1857	terminal-particle	13		དེ་བཤད་དུ་གསོལ་ཞེས་པར་འབྲེལ་ལོ།[^925] །དེའི་དོན་ནི་འདི་ཡིན་ནོ། །
1858	line-end	36		རབ་ཏུ་གནས་པ་ཡང་སྔོན་དུ་བསྙེན་པ་བྱ་སྟེ། རབ་མཐོང་སྔགས་ཀྱི་ཕ་རོལ་སོན། །ཞེས་བྱ་བ་ནི་
1859	verse-stanza	13		གྲངས་ཀྱི་བསྙེན་པ་འབུམ་དང་ཁྲི། །↵གཙོ་དང་འཁོར་ནི་ཚང་བར་བྱ། །
1860	terminal-particle	17		དུས་ཀྱི་བསྙེན་པ་ཟླ་བ་དྲུག་གོམས་པ་ལ་སོགས་པ༌[^926]ཅི་རིགས་པར་ཤེས་པར་བྱའོ། །
1861	terminal-particle	34		མཚན་མ་ནི་ལྷས་གནང་བའམ། རྨི་ལམ་གྱི་བར་དུ་བཟང་པོ་འབྱུང་བ་དང་། སློབ་དཔོན་མཚན་ཉིད་དང་
1862	terminal-particle	30		སྔར་སའི་ཆོ་ག་ཡང་ལེའུ་བཅུ་པ་ལྟར་བྱ་སྟེ། དེའི་སྔོན་དུ་བགེགས་བསལ་བའི་དོན་དུ་ཅི་གསུང
1863	terminal-particle	120		སྟ་གོན་ལ་སོགས་བྱས་ནས་ནི། བྱ་བ་བདག་ཉིད་ལ་ལྡན་པ་ཕུན་སུམ་ཚོགས་པར་བྱ་བ་ནི་ཡན་ལག་དྲུག
1864	terminal-particle	132		ལྷ་ལྷག་པར་གནས་པ་ནི་དཀྱིལ་འཁོར་ཁང་པའམ་གཞན་དུ་མཎྜལ་སྦྱོར་བ་ལྔས་བྱུགས་ལ། གཙོ་བོའི་ག
1865	line-end	35		དེ་ནས་བུམ་པ་དང་། ཡོ་བྱད་ཀུན་ལྷག་པར་གནས་པ་བྱ། དེ་ནས་ཡོན་བདག་སློབ་མ་དབང་བསྐུར་ནས། 
1866	verse-stanza	13		དེ་ནས་རབ་ཏུ༌[^932]གནས་པ་ལ། །↵སྔ་བར་སྐུ་གཟུགས་སྦྱང་བ་དང་། །
1867	terminal-particle	14		ཞེས་བྱ་བ་ནི་སྟ་གོན་བྱེད་པ་དང་ཉིན་གཅིག་པར་བྱ་བའོ། །
1868	terminal-particle	14		སྟ་གོན་བྱེད་པ་ནི་གཉིས་ཏེ། རྟེན་སྦྱང་བ་དང་། མགོན་པོ་བསྡུ་བའོ། །
1869	line-end	51		རྟེན་སྦྱང་བ་ནི་སྟེགས་བུ་ཁྲུ་གང་དཔངས་སུ་ཁྲུ་ཕྱེད་པའི་སྟེང་དུ་སྐུ་གཟུགས་གྲལ་ནས་ཕྱུ
1870	verse-stanza	30		དེ་ནས༌[^934]ཆུའི་ནང་དུ་སྔ་མ་བཞིན་བྱའོ། །↵དེ་ནས་རྩྭ་དཱུར་བས་སྦྱང་ངོ་། །↵དེ་ནས་ཤུན
1871	terminal-particle	9		འབྲུ་མར་བསྐུས་ལ་བག་ཕྱེས་དྲིལ་ཕྱིས་བྱའོ། །
1872	terminal-particle	35		དེ་ནས་ལས་ཐམས་ཅད་པའི་བུམ་པ་ནས་ཁྲུས་བྱ། བཀྲ་ཤིས་གདོན་ཞིང་བྱབས་ལ་སྐུ་ཕྱིས་ལ་སྦྱང་ངོ
1873	terminal-particle	31		དེ་ནས་མགོན་པོ་བསྡུ་བ་ནི་སངས་རྒྱས་དང་བྱང་ཆུབ་སེམས་དཔའ་ཐམས་ཅད་སྤྱན་དྲངས་ལ་མཆོད་པ་ད
1874	terminal-particle	27		དེ་ནས་ནང་པར་སྔ་བར་དབང་བསྐུར་ན་རྨི་ལམ་དྲིས་ཁ་སྦྱོར་ནམ་མཁའ་ལ་བཏེག་ལ། ཐིག་དང་ཚོན་དང
1875	terminal-particle	12		དེ་ནས་རྒྱན་དགྲམ་བུམ་པ་དགོད་པ་ལ་སོགས་པ་བྱའོ། །
1876	terminal-particle	60		དེ་ནས་དཀྱིལ་འཁོར་བསྒྲུབ་པ་ནི་ཡན་ལག་དྲུག་གམ་སྦྱོར་བ་གསུམ་གྱི་བདག་ཉིད་ལ་ལྡན་པ་ཕུན་
1877	terminal-particle	24		དེ་ནས་ནང་དུ༌[^936]གནས་པ་ནི་བཞི་སྟེ་རབ་ཏུ་གནས་པ་དང་། མངའ་དབུལ་བ་དང་། སྤྱན་དབྱེ་བ་
1878	terminal-particle	14		རབ་གནས་ལ་གཉིས་ཏེ། ཐུན་མོང་དང་ཁྱད་པར་གྱི་རབ་ཏུ་གནས་པའོ། །
1879	terminal-particle	23		དེ་ལ་ཐུན་མོང་ནི་སྦྱང་བ་ལྔ་པོ་དང་མགོན་པོ་བསྡུས་པ་ལ་ཚིག་བསྒྱུར་ལ་བྱ། ཉིན་གཅིག་པ་དང
1880	terminal-particle	108		དེ་ལ་རྟེན་རང་རང་གི་ལྷ་གང་ཡིན་པར་བསྐྱེད། མི་གསལ་ན་ལྷག་པའི་ལྷར་བསྐྱེད། པོ་ཏི་ལ་སྔག
1881	terminal-particle	17		ཁྱད་པར་གྱི་རབ་གནས་ནི་དཀྱིལ་འཁོར་བ་རྣམས་བསྟིམས་ལ་ཡང་སྔ་མ་བཞིན་བྱའོ། །
1882	terminal-particle	44		སྤྱན་དབྱེ་བ་ནི་གཉིས་ཏེ། ཐུན་མོང་སྤྱན་དབྱེ་ནི་གསེར་གྱི་ཐུར་མ་ལ་ཚིགས་བཅད་དང་སྔགས་ཀ
1883	terminal-particle	16		མངའ་དབུལ་བ་ལ་གཉིས་ཏེ། ལྷ་ལྟར་མཆོད་པ་དང་། སློབ་མ་ལྟར་དབང་བསྐུར་བའོ། །
1884	terminal-particle	42		མཆོད་པ་ནི་མཆོད་པའི་ཁྱད་པར་དཔག་ཏུ་མེད་པ་རྒྱལ་པོ་གཅིག་གི་ཡོ་བྱད་དེ། གདུགས་དང་བ་དན་
1885	terminal-particle	22		རས་ཡུག་བརྒྱའམ་སྟོང་ངམ་པ་ལང་གི་ཁྱུ་བརྟགས་པ་དང་། རིན་པོ་ཆེ་སྣ་བདུན་ལ་སོགས་པ་འབུལ་ལ
1886	terminal-particle	39		སློབ་མ་ལྟར་དབང་བསྐུར་བ་ནི་ཆུ་ནས་བརྩམས་ནས་རིག་པའི་དབང་དང་བརྟུལ་ཞུགས་དང་རྗེས་སུ་གན
1887	terminal-particle	14		ཞལ་བསྲོ་བ་ནི་རྒྱས་པའི་སྦྱིན་སྲེག་གམ་ཤིས་པའི་སྦྱིན་སྲེག་བྱའོ། །
1888	terminal-particle	27		དགེ་འདུན་ལ་མཆོད་པ་དང་། ཡུལ་ཁྲིམས་ཀྱིས་ཤིས་པའི་སྟོན་མོ་བྱ། ནད་པ་ཡིན་ན་ཚོགས་ཀྱི་མཆ
1889	terminal-particle	59		གཙུག་ལག་ཁང་ཡིན་ན་ནག་པོ་ཆེན་པོ་བསྒོམ་པར་བྱ་སྟེ། རྟེན་ཡོད་པའི་དྲུང་དུ་ཕྱིན་ལ་མཆོད་
1890	terminal-particle	15		ལ་ལ་ནི་རབ་ཏུ་གནས་པའི་ལྷ་ནི་གཤེགས་སུ་གསོལ་བར་འདོད་དོ། །
1891	terminal-particle	12		བླ་མ་ནི་སྐུ་གཟུགས་ལ་སོགས་པར་ཕལ་ཆེར་ནི༌[^942]མི་གཤེགས༌[^943]སོ། །
1892	terminal-particle	19		རྟེན་ཁྱད་པར་ཅན་མ་ཡིན་པ་ལ་ནི་ལན༌[^944]ཅིག་བྱིན་གྱིས་བརླབ་པ་ཙམ་བྱས་ལ་གཤེགས་སོ། །
1893	terminal-particle	39		བརྟག་པ་ཕྱི་མ་འདི་ནི་མངོན་པར་རྟོགས་པས་མི་འཆིང་སྟེ། བརྟག་པ་སྔ་མའི་ཡན་ལག་ཏུ་སྟོན་ཏེ
1894	terminal-particle	29		ལེའུ་གཉིས་པ་ནི་བརྟག་པ་སྔ་མའི་རིམ་པ་གཉིས་སྤྱིར་ཤེས་པར་བྱ་བ་ཉམས་སུ་བླངས།[^945] ཉམས
1895	terminal-particle	12		ལེའུ་གསུམ་པ་ནི་གླིང་གཞིའི་དོན་དུ་གཏན་ལ་འབེབས་སོ། །
1896	terminal-particle	14		ལེའུ་བཞི་པས་ནི་ཁ་འཐོར་གྱི་དོན་དཀའ་བ་གཏན་ལ་འབེབས་སོ། །
1897	terminal-particle	36		ལེའུ་ལྔ་པས་ནི་ཧེ་རུ་ཀ་ཕྱག་བཅུ་དྲུག་པའི་མངོན་པར་རྟོགས་པའི་དཀྱིལ་འཁོར་དང་། རྡུལ་ཚོ
1898	ordinal-open	28		དྲུག་པ་བདུན་པ་གཉིས་ཀྱིས་སྤྱིར་བྲིས་སྐུ་དང་གླེགས་བམ་ལ་བརྟེན་ནས་སྔར་ཚོགས་ཀྱི་འཁོར་
1899	terminal-particle	24		ལེའུ་བརྒྱད་པས་ནི་འཇུག་པའི་གང་ཟག་དད་པ་ཅན་དང་གདུལ་བར་དཀའ་བའི་ཐབས་རྒྱུད་འདིར་འཇུག་པ
1900	terminal-particle	15		དགུ་པས་ནི་བགྲང་ཕྲེང་དང་ལས་སོ་སོའི་བཟའ་བའི་དམ་ཚིག་བསྟན་ཏོ། །
1901	ordinal-open	23		བཅུ་པ་དང་བཅུ་གཅིག་པས་ནི་ཞེ་སྡང་ཅན་དང་། ཆགས་པ་ཅན་རྒྱུད་འདིར་འཇུག་པའི་ཚུལ་ལམ་ཐབས་བ
1902	terminal-particle	20		བཅུ་གཉིས་པས་ནི་དབང་བཞིའི་སྡོམ༌[^947]གྱི་ཚིག་དང་དབང་བསྐུར་བའི་ཚིགས་བཅད༌[^948]སྔར་
1903	line-end	9		རབ་གནས་ཀྱི་ལེའུ་བཤད་པ་སྟེ་དང་པོའོ།། །།
1904	terminal-particle	34		ད་ནི་བརྟག་པ་སྔ་མའི་རིམ་པ་གཉིས་ཀྱིས་ཐོབ་པའི་ཐབས་དང་ཤེས་རབ་མི་ཕྱེད་པ་ཕྱག་རྒྱ༌[^950
1905	line-end	12		ཆོས་ཀུན་ཞེས་པ་ནི་གཟུགས་ལ་སོགས་པའི་རང་བཞིན་ནོ། །
1906	verse-stanza	19		ནམ་མཁའ་ལྟ་བུ་ནི་ཤེས་རབ་ཟབ་མོའི༌[^951]དཔེའོ། །↵རྒྱ་མཚོ་ལྟ་བུས་ནི༌[^952]ལྷག་མ་སྟེ་
1907	line-end	15		དེ་ཡང་རིམ་པ་གཉིས་ཀྱི་དོན་ནི་ཟབ་པ༌[^953]སྟེ་དབྱེར་མེད་པ་ཡིན་ན།
1908	verse-stanza	25		བསྐྱེད་རིམ་སྐུ་ཞེས་པ་སྟེ་རིལ་པོའི་མཚན་མའོ། །↵ཇི་ལྟར་རམ་དེ་བཞིན་ཞེས་པ་ནི་དཔེའོ། །
1909	terminal-particle	16		སེམས་ཅན་གཟུགས་བསྒོམ་པ། ཇི་ལྟར་བསྒྲུབ་ནི་ཕྱག་རྒྱ་ཆེན་པོ་སྟེ་སྤོང་བའི་སྒྲའོ། །
1910	terminal-particle	16		ཡང་ན་ཐབས་དེ་ཞུ་འཚལ་ཞེས་ཞུས་པའོ།[^954] །བཅོམ་ལྡན་འདས་ཀྱིས་གསུངས་པའི་ལན་དུའོ། །
1911	line-end	13		བདག་མེད་རྣལ་འབྱོར་ནི་ཆོས་ཀྱི་སྐུ་ཤེས་རབ་དང་ལྡན་པའོ། །
1912	verse-stanza	28		ཧེ་རུ་ཀ་དཔལ་ནི་ལོངས་སྐུ་ཐབས་སོ། །↵གཞན་པའི་སེམས་ནི་ཤེས་རབ་དང་ཐབས་མ་ཡིན་པའོ། །↵སྐད
1913	terminal-particle	14		དངོས་གྲུབ་འདོད་པ་ནི་ཕྱག་རྒྱ་ཆེན་པོ་དབྱེར་མེད་པའི་ཕྱིར་རོ། །
1914	line-end	8		མི་གནས་པ་ནི་གཞན་པའི་སེམས་སོ། །
1915	line-end	22		ད་ནི་བསྟན་པ་དེ་བཤད་པའི་ཕྱིར་ཡང་དང་པོ་གོམས་པར་བྱེད་དུས་ནི་བཟང་པོར་རྟག་ཏུ་འབྲེལ་ཏེ
1916	verse-stanza	38		ལས་སྨིན་ཅིང་བྱང་བ་ལ་ཡང་མ་ཡིན་པའོ། །↵གནས་ཀྱང༌[^955]སྔགས་པ་ནི་བདེ་བ་སྐྱེད་པ༌[^956]
1917	terminal-particle	7		རང་ཁྱིམ་ནི་རྣལ་འབྱོར་པའི་འོ། །
1918	terminal-particle	17		མཚན་དུས་ནི་ནེ་སེ་ག་ལ་སྟེ་དུས་སམ་དུས་མཚན་མ་རྒྱུ་བའི་གནས་སོ། །
1919	terminal-particle	11		གྲུབ་པའི་སེམས་ནི་ཕྱག་རྒྱ་ཆེན་པོ་ལ་དམིགས་པའོ། །
1920	line-end	11		རྣལ་འབྱོར་མ་བསྒོམ་ནི་འདོད་པའི་ལྷ་བདག་མེད་པའོ།[^957] །
1921	verse-stanza	25		ཤེས་རབ་ཅན་ནི་ནམ་མཁའ་ལྟ་བུའོ། །↵ཡང་ན་ནི་འདོད་པའི་ལྷ་མོས་ཕྱོགས་གཞན་དུའོ། །↵ཧེ་རུ་ཀ
1922	terminal-particle	14		དེ་ཡང་ལ་ལ་དག་ཕྱག་བཅུ་དྲུག་པ་ཁོ་ན་ལ་འདོད་དོ། །
1923	terminal-particle	67		འདིར་ནི་རྡོ་རྗེ་བདག་མེད་མ་དང་གཉིས་ཀྱིས་མྱུར་བ་ཉིད་དུ་ཕྱག་རྒྱ་ཆེན་པོ་བསྒྲུབ་པར་འད
1924	line-end	5		ཇི་སྐད་དུ་ཡང་།
1925	verse-stanza	18		འཇམ་དཔལ་གྱིས་ནི་བློ་འཕེལ་བྱེད། །↵སོ་སོར་འབྲང་མ༌[^958]བྱིས་པ་སུན། །↵ནག་པོ་ཆེན་པོས
1926	terminal-particle	5		ཞེས་རྒྱ་ཆེར་གསུངས་སོ། །
1927	terminal-particle	20		དེ་ནས་ཧེ་རུ་ཀ་ཕྱག་བཅུ་དྲུག་པ་དང་བདག་མེད་མའི་གཟུགས་ནི་ཚུལ་ལམ་རང་བཞིན་ནོ། །
1928	terminal-particle	5		ཐབས་རྒྱ་མཚོ་ལྟ་བུའོ། །
1929	terminal-particle	17		དེའི་ཕྱིར་ཏུམྤི་སྟེ་ཀུ་བ་ལྟ་བུ་མ་ཡིན་པའི་གནས་ཡོན་ཏན་དང་བཅས་པའོ། །
1930	line-end	15		ཡང་སྤྱོད་ལམ་གྱི་དུས་སུ་ཡང་ཡོན་ཏན་དང་བཅས་པ་བསྟན་པའི་ཕྱིར།
1931	verse-stanza	20		རྐང་པ་འཁྲུ་བ་ལ་སོགས་པ་ནི་གོ་སླའོ། །↵བརྟུལ་ཞུགས་ཅན་ཐབས་དང་བཅས་པའི་ཧེ་རུ་ཀར༌[^959]
1932	line-end	15		རྣལ་འབྱོར་མ་ནི་ཤེས་རབ་དང་བཅས་པའི་བདག་མེད་མ་སྟེ་ལོངས་སྐུའོ། །
1933	verse-stanza	28		རྣམ་པར་བསྒོམ་པ་ནི་ལོངས་སྤྱོད་ལ་མོས་པའོ། །↵གཞན་པའི་ཚུལ་ལ་སོགས་པ་ནི་སྔ་མ་ལྟར་རོ། །
1934	terminal-particle	12		བསམ་གཏན་ནི་དབྱེར་མེད་པ་དང་ལྡན་པའི་རྩེ་གཅིག་པའོ། །
1935	terminal-particle	8		ཉོན་མོངས་པ་ནི༌[^960]འཇིགས་པའི་ཡོན་ཏན་ནོ། །
1936	quote-close	18		རྡོ་རྗེ་སྙིང་པོ་ནི་བོད་པའོ།[^961] །ང་ཡིས་བཤད༌[^962]ནི་བཅོམ་ལྡན་འདས་ཉིད་ཀྱི་ཞལ་གྱ
1937	line-end	10		བརྩེ་བ་ནི་སེམས་ཅན་དོན་དུ་སྟེ་གཞན་དུའོ། །
1938	verse-stanza	15		དངོས་གྲུབ་དོན་ནི་བདག་དོན་ནོ། །↵ཡང་བསྡུ་བ་ནི་ཕྱོགས་གཞན་མ་ཡིན་ནོ། །
1939	terminal-particle	14		ཟླ་བ་ཕྱེད་དུ་རྟོགས་ནི་བསྒོམ་པ་སྟེ་དུས་མྱུར་བའི་ཚད་དོ། །
1940	terminal-particle	13		བསམ་པ་ཐམས་ཅད་སྤངས༌[^963]ནི་ཉོ་ཚོང་དང་ཞིང་ལས་ལ་སོགས་པའོ། །
1941	terminal-particle	17		ཡང་ན་སྔ་མ་བཞིན་ཏེ་དབྱེར་མེད་པའི་དེ་ཁོ་ན་ཉིད་དང་ལྡན་པས་སོ། །
1942	terminal-particle	12		ལྷའི་གཟུགས་སུ་སེམས་པ་ནི་སྔ་མ་ལྟར་ཕྱོགས་གཉིས་སོ། །
1943	terminal-particle	23		ཉི་མ་གཅིག་ཏུ་མ་ཆད་པ་ནི་ཆུང་ངུ་ན་ཐུན་གཅིག་ཏུ་ཡང་ངོ་། །སྒོམ་པ་ནི༌[^964]ལྷའི་རྣམ་པར
1944	line-end	34		ཡོངས་སུ་བརྟགས་པ་ནི་གཉིས་སུ་མེད་པའི་དེ་ཉིད་དང་ལྡན་པ་སྟེ། དེའི་ཕྱིར་ཀུ་བ་ལྟ་བུ་མ་ཡ
1945	terminal-particle	30		ད་ནི་སྤྱོད་པ༌[^965]གྲོགས་དང་ལྡན་པའི་ཡོན་ཏན་བསྟན་པའི་ཕྱིར། རང་གཞན་དོན་བསྒྲུབ་པ་ནི
1946	terminal-particle	15		འཁོར་བ་ནི་ཞེས་པ་ནི་རྣལ་འབྱོར་པ་འདོད་ཆགས་མ་སྤངས་པས་སོ། །
1947	terminal-particle	11		ཐབས་གཞན་མེད་པ་ནི་ཉོན་ཐོས་ལ་སོགས་པ༌[^966]ཡིན་པའོ། །
1948	terminal-particle	30		དེའི་ཕྱིར་རིག་མ་གོམས་པ་ནི་བསྒོམ་པའི་དུས་སུ་འཕྲལ་དུ་མངོན་དུ་བྱེད་པའམ། ཡིད་ཆེས་ནི་
1949	terminal-particle	11		དེ་བཤད་པའི་ཚིགས་སུ་བཅད་པ་གཅིག་སྟེ་གོ་སླའོ། །
1950	terminal-particle	13		ཕན་གནོད་འབྲས་བུ་འབྱུང་བ་ནི་འཕྲལ་དུ་ཉམས་སུ་མྱོང་བའོ། །
1951	terminal-particle	14		དེ་ལྟར་ངེས་པར་ཤེས་ནས་ནི་མ་འོངས་པར་ཡང་ཤེས་པར་བྱའོ། །
1952	terminal-particle	15		རྣལ་འབྱོར་པ་རྣམས་སྐད་ཅིག་ཀྱང་ཞེས་པ་ནི་འདི་དག་དང་གཞན་དུའོ། །
1953	terminal-particle	19		ཇི་ལྟར་ངུ་འབོད་གནས་སུ་སྐྱེ་ནི་ངུ་འབོད་ནི་མཚོན་པ་སྟེ་སྡུག་བསྔལ་ཅན་ཀུན་དུའོ། །
1954	terminal-particle	14		ཇི་ལྟར་སྐྱེས་ན་ནི་སྤོང་བའི་སྒྲ་སྟེ་མིའི་འགྲོ་བ་ཁོ་ནའོ། །
1955	terminal-particle	72		ད་ནི་སྤྱོད་པ་མཐར་ཕྱིན་པའི་ཆེ་བའི་བདག་ཉིད་བསྟན་པ་ནི། མཚམས་མེད་ལྔ་ནི་བྱེད་པ་དང་། །
1956	line-end	10		གཞན་ཡང༌[^967]སྐྱེ་བ་དམན་པ༌[^968]གང༌[^969]ནི་སྨྱིག་མ་མཁན་དང་།
1957	verse-stanza	14		ཕག་གསོད་པ་ལ་སོགས་པ་དང་། །↵རྨོངས་དང་མ་རུངས་ལས༌[^970]བྱེད་དང་། །
1958	line-end	25		ཞེས་པ་ནི་རྒྱ་པ་དང་ཉ་པ་དང་། ཀོ་ལྤགས༌[^971]བྱེད་པ་ལ་སོགས་པས་ཀྱང་འགྱོད་པའི་བསམ་པ་སྔ
1959	verse-stanza	17		དགྱེས་པའི་རྡོ་རྗེར་ཞུགས་ན་འགྲུབ་པར་འགྱུར་རོ། །↵དགེ་བ་བཅུ་ལ་གོམས་པ་དང་། །
1960	line-end	19		ཞེས་བྱ་བ་ལ་སོགས་པ་ནི་དམ་པ་རྣམས་ཀྱིས་ངེས་པ་ཉིད་དུ་འགྲུབ་པར་འགྱུར་རོ། །
1961	line-end	9		ད་ནི་སྤྱོད་པའི་ཚུལ་དངོས་བསྟན་པའི་ཕྱིར།
1962	verse-stanza	29		འདིའི་དགོས་པ་ནི་ལེའུ་དྲུག་པར་ཤེས་པར་བྱའོ། །↵རྣམ་པ་ཆ་ལུགས་དང་ལྷའི་ང་རྒྱལ་དང་།↵གནས
1963	terminal-particle	33		དྲོད་ཚད་ནི་སྐད་ཅིག་མར་ལྷར་གསལ་བ་དང་། དངོས་པོ་ལྷར་གསལ་བ་དང་། དངོས་པོ་སྒྱུར་ནུས་པ་
1964	terminal-particle	13		རྒྱུ་མཚན་གྱི་དྲོད་ཚད་ནི་ལེའུ་དྲུག་པ་ལྟར་ཤེས་པར་བྱའོ། །
1965	terminal-particle	28		ད་ནི་གསང་བའི་སྤྱོད་པ་ལ་སོགས་པའི་གྲོགས་བསྟན་པར་བྱ་བའི་ཕྱིར། ཟླ་བ་གཅིག་ཏུ་གསང་ལ་སྤ
1966	terminal-particle	16		ཇི་སྲིད་ཕྱག་རྒྱ་མ་རྙེད་པ་ནི་མ་རྙེད་པའི་ཚེ་ཇི་ལྟར་བཙལ་བའོ། །
1967	terminal-particle	15		གནང་བ་སྦྱིན་པ་སྔགས་པ་ལ་ནི་ཚོལ་བའི་ནུས་པ་དང་ལྡན་པའོ། །
1968	terminal-particle	14		རྣལ་འབྱོར་མའི་བསྒོ་བ་ནི་མཁའ་འགྲོ་མས་ནམ་མཁའ་ནས་བསྟན་པའོ། །
1969	terminal-particle	32		ཇི་ལྟར་བསྒོ་ཞེ་ན། ཕྱག་རྒྱ་ཆེ་གེ་མོ་ཞིག་ནི་ཞིང་དང་ཞིང་སྐྱེས་མའི་མིང་ངོ་། །ཁྱེར་ལ་
1970	terminal-particle	17		སེམས་ཅན་དོན་གྱིས་ཞེས་པ་ནི་གྲོང་ཁྱེར་དག་ཏུ་འཁྱམས་པའམ་མོས་པར་འགྱུར་བའོ། །
1971	terminal-particle	10		རྡོ་རྗེ་འཛིན་ནི་རྣལ་འབྱོར་པ་ལ་བོས་པའོ། །
1972	terminal-particle	11		དགྱེས་པའི་རྡོ་རྗེའི་ང་རྒྱལ་གྱིས། །ཞེས་བྱ་བའི༌[^972]ཐ་ཚིག་གོ། །
1973	terminal-particle	42		འོ་ན་སྤྱོད་པ་ནི་སྒོ་གསུམ་གྱི་བདག་ཉིད་ཅན་ཡིན་ལ། གསང་བའི་སྤྱོད་པ་ནི་གྲོགས་དང་བཅས་པ
1974	terminal-particle	15		གསལ་བའི་སྤྱོད་པའི་གྲོགས་ནི་གཉིས་ཏེ་ཞིང་སྐྱེས་མ་དང་ལྷན་སྐྱེས་མའོ། །
1975	terminal-particle	15		བརྟན་པ་མ་ཐོབ་ཀྱི་བར་དུ་ལྷན་སྐྱེས་མ་དང་འགྲོགས་ཏེ་སྤྱོད་པའོ། །
1976	terminal-particle	53		ལྷན་སྐྱེས་མའི༌[^974]དེ་ཉིད་བསྟན་པའི་ཕྱིར། རྙེད་པ་དེ་ཡང་མིག་ཡངས་མ། །ཞེས་བྱ་བ་ལ་སོ
1977	terminal-particle	35		སྦྱངས་པའི་ཡོན་ནི། དགེ་བ་བཅུ་ནས་བརྩམས་ནས་ནི། །ཞེས་པ༌[^975]ལ་སོགས་པ་སེམས་བསྐྱེད་པ་
1978	terminal-particle	24		ད་ནི་ཡང་ན་ཡིད་སྐྱེས་དང་ལྷན་ཅིག་འགྲོགས་པ་བསྟན་པའི༌[^976]ཕྱིར། ཟླ་བ་གཅིག་ནི་སྔོན་ད
1979	terminal-particle	12		སྐལ་ལྡན་ཐེ་ཚོམ་མེད་ནི་སྤྱོད་པའི་གྲོགས་ནུས་པར་རོ། །
1980	terminal-particle	15		མཆོག་ཐོབ་ནི་ཡིད་ལས་བྱུང་བའི་ཆོས་ཀྱི་ཕྱག་རྒྱ་གསུངས་པའི་ཕྱིར་རོ། །
1981	terminal-particle	10		བུད་མེད་ནི་འདོད་པའི་བུད་མེད་འདྲ་བས་སོ། །
1982	terminal-particle	13		རྟོག༌[^977]ཀུན་ཡང་དག་སྤོང་བ་ནི་དེ་ལྟར་བརྟེན་པའི་ཡོན་ཏན་ནོ། །
1983	terminal-particle	12		དེས་ནི་ཅུང་ཟད་སྨྱོན་པའི་བརྟུལ་ཞུགས་ཀྱི་གྲོགས་བསྟན་ཏོ། །
1984	terminal-particle	15		དེ་སྐད་དུ་ཡང་། སྙིང་ལ་གནས་པའི་ལྷ་མོ་ཆེ། །ཡོན་ཏན་ཐམས་ཅད་སྐྱེད༌[^978]པའོ། །
1985	quote-close	3		ཞེས་གསུངས་སོ། །
1986	line-end	10		འདིའི་སྤྱོད་པའི་ལྡང་ཚད་ཀྱང་ལེའུ་དྲུག་པ་རུ།
1987	verse-stanza	14		ཅང་ཏེའུའི་སྒྲ་ནི་བཟླས་པ་སྟེ། །↵ཞེས༌[^979]བྱ་བ་ལ་སོགས་པ་འདིར་སྦྱར་རོ། །
1988	terminal-particle	30		ད་ནི་སྔགས་སྐྱེས་དང་སྤྱོད་པ་བསྟན༌[^980]པའི་ཕྱིར། ཡང་ན་ཕྱོགས་གཞན་ཏེ་སྔར་གྱི་དག་ལ་ཡ
1989	terminal-particle	15		ལྷ་དང་ལྷ་མིན་ལ་སོགས་པ་དགུག་པ་ནི་ཏིལ་མཆོག་མ་དག་གོ། །
1990	terminal-particle	8		ཁྱེར་ལ་སྤྱད་ནི་སྔ་མ་ལྟར་རོ། །
1991	terminal-particle	23		འདིས་ནི་སྨྱོན་པའི་བརྟུལ་ཞུགས་ཆེན་པོའི་གྲོགས་གང་ཡང་རུང་བ་དང་འགྲོགས་སམ་གྲོགས་བྱེད་
1992	terminal-particle	29		འདིའི་སྤྱོད་པའི་རྒྱུ་མཚན་ཡང་། ཨཱ་ལི་ཀཱ་ལིར་རབ་བརྟགས༌[^981]པས། བརྗོད་པ༌[^982]བཟླས
1993	terminal-particle	16		ད་ནི་ཐ་མལ༌[^983]དགག་པའི་ཕྱིར་བདག་གི་དཀྱིལ་འཁོར༌[^984]བསྟན་པ་ནི་ཏིང་ངེ་འཛིན་ནོ། །
1994	terminal-particle	25		མངོན་དུ་ནི་པྲ༌[^985]ཏ་ཡ་སྟེ་རྐྱེན་ནམ་ཡིད་ཆེས་སུ་ཡང་ངོ་། །གང་བཤད་ནི་ཐབས་དང་ཤེས་རབ
1995	terminal-particle	16		འཇིགས་པའི༌[^986]གཟུགས་སམ་ཚུལ་ནི་ཧེ་རུ་ཀ་དང་བདག་མེད་པའི་ང་རྒྱལ་གྱིས་སོ། །
1996	terminal-particle	12		སྤྱོད་པ་ལོངས་སྤྱོད་ཕྱིར༌[^987]ཞེས་པ་ནི་ཐ་མལ་གྱི་གྲོགས་སོ། །
1997	terminal-particle	15		སྤྱོད་པ་མ་གསུངས་པ་ནི་ཐ་མལ་ལམ་ལྟོ་དགང་བའི་དཔུང་གཉེན་ནོ། །
1998	line-end	30		དེ་སྐད་དུ་ཡང་ཀྱེ་བཅོམ་ལྡན་འདས་གལ་ཏེ་སིཧླ་ལ་སོགས་པ་དེ་ཟོས་ན་ཇི་ལྟར་མི་གཙང་བར་མི་འ
1999	verse-stanza	25		ཕོ་ཉ་གཙང་སྦྲ་དང་པོ་སྟེ། །↵གཉིས་པ་ཞི་བའི་བཏུང་བ་ཡིན། །↵སྣོད་གཅིག་ཏུ་ནི་ཟས་ཟ་བ། །↵
2000	verse-stanza	25		རྣལ་འབྱོར་ཕྱི་རོལ་ལ་དགའ་བ། །↵སྦྲང་རྩི་འདི་ནི་བརྩམ་པར་བྱ། །↵རང་སེམས་དྲི་མ་ཅན་འགྱུ
2001	verse-stanza	27		འདོད་དོན་ཐམས་ཅད་སྒྲུབ་བྱེད་པའི། །↵མི་མཐུན་ཆོས་རྣམས་གང་ཞིག་དང་། །↵ཟས་དང་ལོངས་སྤྱོ
2002	verse-stanza	24		སྨེ༌[^988]ཤ་ཅན་དུ་སྐྱེ་བར་འགྱུར། །↵དཔེར་ན་ལ་ལ་མར་འདོད་པས། །↵འབད་པས་ཆུ་ནི་བསྲུབས་
2003	verse-stanza	26		ལུས་ཉོན་མོངས་པ་ཁོ་ནར་ཟད། །↵འཚོ་བའི་ཐབས་ཀྱི་རྒྱུར་འགྱུར་བ། །↵འཛིན་ཅིང་མཆོད་པར་བྱེ
2004	line-end	11		དེ་བཞིན་ངལ་བ་དོན་མེད་འགྱུར། །ཞེས་གསུངས་པ་དང་།
2005	verse-stanza	27		དེ་ཁོ་ན་ཉིད་ཀྱི་དོན་དང་ལྡན་ན། །↵དུང་དང་ཉ་ཕྱིས་མུ་ཏིག་སྟེ། །↵གསུམ་ཀ་རྒྱུ་ལས་བྱུང་
2006	line-end	9		ཐོད་པ་ལ་ནི་སུ་ཞིག་སྨོད། །ཅེས་གསུངས་སོ། །
2007	terminal-particle	25		ད་ནི་བསམ་པའི་ཁྱད་པར་ཡང་། ཡིད་ནི་བརྟན་ནམ་གཡོ་ཞེས་བྱ་བ་ནི་བསྐྱེད་པའི་རིམ་པ་སྤྱིའི་
2008	terminal-particle	11		རང་གི་སེམས་བརྟན་པ་ནི་ཡིད་མི་གཡོ་བར་རོ། །
2009	terminal-particle	14		རྡོ་རྗེ་སྙིང་པོས་གསོལ་ཞེས་པ་ནི་གཞན་ལ་ཇི་ལྟར་རིགས་པའོ། །
2010	terminal-particle	14		བདག་མེད་རྣལ་འབྱོར་ནི་བདག་མེད་པར་བསྒོམས་པར༌[^990]ལྡན་པའི་བུད་མེད་དོ། །
2011	terminal-particle	30		ཕྱག་རྒྱ་ཉིད་ཅེས་ཇི་ལྟར་ཞེས་པ༌[^991]ནི་སྤོང་བ་སྟེ། རང་ཉིད་ཕྱག་རྒྱ་ཡིན་ན། དེའི་རྒྱ
2012	terminal-particle	26		ཕྱག་རྒྱ་གཉིས་ནི་ཡང་ཕྱག་རྒྱ་ལ་བརྟེན་པའི་དངོས་གྲུབ་ཇི་ལྟར་འགྱུར་ཞེས་པ་ནི་ཐབས་ལ་མ་བ
2013	terminal-particle	12		ཕྱག་རྒྱ་ཞེས་པ་ནི་ཕྱག་རྒྱ་ཆེན་པོའི༌[^992]སྟེ་དབྱེར་མེད་དོ། །
2014	terminal-particle	11		བཅོམ་ལྡན་འདས་ཀྱིས་གསུངས་པ་ནི་དེའི་ཡན་ལག་གོ། །
2015	line-end	18		བུད་མེད་གཟུགས་ནི་སྤང་ཞེས་པ་ནི་ཕྱག་རྒྱའི་རྟེན་རྣམ་པར་བསྒྱུར་བ་སྟེ་བསྟན་པའོ། །
2016	verse-stanza	25		དེ་བཤད་པ་སྟེ་ནུ་མ་སྤང་བར་འབྲེལ་ལོ། །↵བོ་ལར་བསྒྱུར་ཏེ་ཇི་ལྟར་ཞེ་ན།↵ཀཀྐོ་ལ་དབུས་གན
2017	terminal-particle	5		འགྲམ་གཉིས་ནི་མཁུར་བའོ། །
2018	terminal-particle	5		དྲིལ་བུ་ནི་འབྲས་བུའོ། །
2019	line-end	5		ཟེའུ་འབྲུ་ནི་ཀོན་ཏའོ། །
2020	verse-stanza	17		བོ་ལ་ནི་རིན་པོ་ཆེའི་ཕོ་བྲང་ངོ་། །↵དེ་ནས་སྐྱེས་བུ་ཉིད་དུ་འབྲེལ་ལོ། །
2021	terminal-particle	12		ཇི་ལྟར་ཞེ་ན་འབད་པ་མེད་པར་སྐྱེས་བུར་འགྱུར་རོ། །
2022	terminal-particle	9		ཅིའི་ཕྱིར་ཞེ་ན། གསལ་བར་ནུས་པའི་ཕྱིར་རོ། །
2023	terminal-particle	9		འདི་ལས་སྐྱེས་བུར་འགྱུར་བ་དེ་ལས་སོ། །
2024	terminal-particle	15		ཕྱག་རྒྱའི་དངོས་གྲུབ་ཕྱག་རྒྱ་ཆེན་པོ་སྒྲུབ་པར་བྱེད་ནུས་པ་ཁོ་ནའོ། །
2025	terminal-particle	19		ཡང་སྤངས་གཞན་ཞེས་པ་ནི་བདག་གཟུགས་བསྒྱུར་ཏེ་གཞན་ཞེས་པ་ནི་ཀཀྐོ་ལ་ལས་གཞན་པའོ། །
2026	terminal-particle	9		བཅོམ་ལྡན་འདས་ཀྱི་གཟུགས་ནི་ཧེ་རུ་ཀའོ། །
2027	terminal-particle	16		བསྟན་པ་དེ་བཤད་པའི་ཕྱིར་ལྷག་མ་ཞེས་པ་སྟེ་བོ་ལླ༌[^993]ལས་གཞན་པའི་སྐུའོ། །
2028	terminal-particle	10		བདག་ཉིད་ཆེན་པོ༌[^994]སྒེག་པ་ལ་སོགས་པའི་ཉམས་སོ། །
2029	line-end	13		དགའ་ཆེན་ཧེ་རུ་ཀའི་གཟུགས་ནི་ཐབས་བདེ་བ་དང་ལྡན་པའོ། །
2030	verse-stanza	37		ཧེ་རུ་ཀ་སྦྱོར་ནི་སྐུ་གསུང་ཐུགས་སུའོ། །↵དེ་ནས་གསལ་བར་ནུས་པའི་རྣལ་འབྱོར་དུ་འབྲེལ་ལ
2031	line-end	13		ཕྱག་རྒྱའི་དངོས་གྲུབ་ནི་ཕྱག་རྒྱ་ཆེན་པོར༌[^995]བསྒྱུར་ནུས་པ་ཁོ་ནའོ། །
2032	terminal-particle	35		ད་ནི་སྐྱེ་བ༌[^996]དག་པར་བསྟན་པའི་ཕྱིར། སྐྱེ་དང་འཇིག་པ་ནི་ཚོགས་གཉིས་སམ། ཨཱ་ལི་ཀཱ་
2033	terminal-particle	21		ཐབས་དང་ཤེས་རབ་མི་འཆིང་མི་གནོད་ཅེས་པ་ནི་དེ་རྣམས་ཐབས་དང་ཤེས་རབ་ཡིན་པའི་ཕྱིར་རོ། །
2034	terminal-particle	36		བསྟན་པ་དེ་བཤད་པའི་ཕྱིར་ཐབས་ནི་འབྱུང་བ་ཞེས་བྱ་བ་ནི་སྐྱེ་བ་སྟེ། བསོད་ནམས་ཀྱི་ཚོགས་
2035	terminal-particle	19		དེའི་ཕྱིར་དེ་རྣམས་ནི་ཐབས་ཡིན་པས་མྱ་ངན་ལས་འདས་པ་མཐར་ཕྱིན་པ་ནི་ལྷག་མའོ། །
2036	terminal-particle	32		ཡང་འཇིག་པ་ནི་ཡེ་ཤེས་ཀྱི་ཚོགས་དང་ཨཱ་ལི་ཀཱ་ལི་དང་ཟླ་བ་དང་རྗེས་སུ་ཆགས་པས་ཞུ་བ་ལ་སོག
2037	terminal-particle	15		ཤེས་རབ་ནི་འདི་རྣམས་ཀྱི་རང་བཞིན་ཡིན་པས་སྲིད་པ་མཐར་བྱེད་པའོ། །
2038	line-end	5		དེ་དག་བསྡུས་པའི་ཕྱིར།
2039	verse-stanza	18		དེ་ནས་ཞེས་པ་ནི་ཤེས་རབ་ཡིན་པས་ནའོ། །↵འདི་ལ་ནི་ཡེ་ཤེས་ལ་སོགས་པས་ནའོ། །
2040	line-end	13		དེ་ཉིད་ལས་ནི་ཞེས་པ་ནི་བསོད་ནམས་ཚོགས་ལ་སོགས་པའོ། །
2041	verse-stanza	20		དེས་ན་ཞེས་པ་ལྷག་མ་སྟེ་ཐབས་ཡིན་པས་སོ། །↵གང་ལའམ་ལ་ལ་ནི་ཐ་མལ་པའི་ཚེ་ནའོ། །
2042	terminal-particle	15		འཇིག་པས་འཇིག་པའམ་ཟད་པར་འགྱུར་ཞེས་པ་ནི་ཞིག་ནས་མེད་པར་རོ། །
2043	terminal-particle	17		འཇིག་པའི་དངོས་པོ་ནི་གདོད་མ་ནས་ཤེས་རབ་ཡིན་པས་འཇིག་པའི་རྒྱུ་མེད་པའོ། །
2044	terminal-particle	11		ཟག་པ་མེད་པ༌[^998]ནི་ཞིག་ནས་ཟད་པ་ཡིན་པས་སོ། །
2045	line-end	27		དེ་བཞིན་དུ་ཡང་ཐབས་སྐྱེ་བ་ལ་ཡང་ལྷག་མ་ཁོང་ནས་ཕྱུང་སྟེ་ཤེས་པར་བྱ་སྟེ། ལ་ལ་སྐྱེ་བ་སྐ
2046	verse-stanza	14		[^999]ཉོན་མོངས་པའི་སྐྱེ་བ་ཡིན་པས་སོ། །↵སྐྱེ་བའི་དངོས་མེད་ཟད་པར་འགྱུར། །
2047	terminal-particle	13		ཞེས་པ་ཐབས་དང་ཤེས་རབ་ཀྱིས་སྐྱེ་བ་ཡིན་པའི་ཕྱིར་རོ། །
2048	line-end	35		དེ་དག་གིས་ནི་བསྐྱེད་པའི་རིམ་པ་ཐབས་ཀྱི་ཆོ་ག་དག་པར་བྱས་ནས། བསྐྱེད་པ་ལྷའི་མཚན་མ་དག་
2049	verse-stanza	21		བརྟུལ་ཞུགས་ཅན་ནི་བསྐྱེད་རིམ་མཐར་ཕྱིན༌[^1002]པའི་བར་གྱིས་སོ། །↵སྤྲོས་པ་ནི་ཁ་དོག་ད
2050	terminal-particle	6		བསྒོམ་པ་ནི་གསལ་བར་རོ། །
2051	terminal-particle	11		རྨི་ལམ་ལྟར་གསལ་བ་སེམས་ཀྱི་ཆོས་ཡིན་པས་སོ། །
2052	line-end	17		དེའི་ཕྱིར། སྤྲོས་པ༌[^1003]ཉིད་ནི་སྤྲོས་པ་མེད། །ཅེས་བྱ་སྟེ་བསྐྱེད་པའི་ངོ་བོ་དག་པར
2053	line-end	37		ད་ནི་བསྐྱེད་པའི་རིམ་པའི་ཡོན་ཏན་ནམ་སྤྱོད་ཡུལ་དག་པར་བསྟན་པའི་ཕྱིར། །ཇི་ལྟར་སྒྱུ་མ་
2054	verse-stanza	26		དེ་བཞིན་རྨི་ལམ་གསལ་བ་སེམས་ཀྱི་ཆོས་སུའོ། །↵ད་ནི་སྐྱེ་བའི་རྟེན་དག་པར་བསྟན་པའི་ཕྱིར
2055	terminal-particle	16		བར་སྲིད་དམ་དྲི་ཟའི་གྲོང་ཁྱེར་ནི་ནམ་མཁའ་ལ་འཚོ་བའི་ཁང་བཟངས་སོ། །
2056	terminal-particle	16		རྟག་ཏུ་གོམས་པའི་སྦྱོར་བ་ནི་དག་པ་དང་ལྡན་པས་སྔ་མ་ལྟར་རོ། །
2057	line-end	21		དཀྱིལ་འཁོར་ཉིད་ཀྱང་དེ་བཞིན་སྣང་ནི་བསྐྱེད་རིམ་དེ་ལྟར་ཤེས་ནས་རྫོགས་རིམ་ལ་སྦྱོར་ནུས
2058	terminal-particle	33		ད་ནི་རྫོགས་པའི༌[^1005]རིམ་པ་བསྟན་པའི་ཕྱིར། ཕྱག་རྒྱ་ཆེན་པོའི་དབང་བསྐུར་ནི་ཀུན་རྫོ
2059	terminal-particle	18		དབང་བསྐུར་ནི་གསུམ་པ་དང་འདྲ་བ་ལས་རྟེན་ཁྱད་པར་ཅན་དུ་ཉམས་སུ་མྱོང་བའོ། །
2060	terminal-particle	16		ཇི་ལྟར་གཟུང་བའི་བདེ་ཆེན་པོ་ནི་ཟླ་བ་གཟུང་བའི་མན་ངག་ལས་སྐྱེས༌[^1006]པའོ། །
2061	terminal-particle	10		དེའི་བྱིན་རླབས་སམ་མཐུ་ནི་གསལ་བའི་བདེ་བའོ། །
2062	terminal-particle	16		བྱིན་རླབས་སྐྱེས་པ་ལས་རྟེན་དང༌[^1007]བརྟེན་པར་འགྱུར་བས་དཀྱིལ་འཁོར་ཡིན་པ་ཁོ་ནའོ། །
2063	terminal-particle	16		གཞན་ལས་དཀྱིལ་འཁོར་འབྱུང་བ་མེད་ནི་ལྷན་ཅིག་སྐྱེས་ལས་གཞན་པ་ལས་སོ། །
2064	terminal-particle	9		དེ་ནི་གཞན་ལུས་ཤེས་རབ་ལ་བརྟེན་པའོ། །
2065	terminal-particle	14		ཡང༌[^1008]ཕྱག་རྒྱ་ཆེན་པོ་ནི་ལྟེ་བ་ལ་གནས་པའི་ཐིག་ལེའམ་ཡི་གེའོ། །
2066	terminal-particle	21		དབང་བསྐུར་བ་ནི་སྤྱི་བོའི་ཧཾ་ལས་ཞུ་བ་སྟེ་གུར་ཀུམ་གྱི་ཆར་ལ་སོགས་པ་དང་ལྡན་པའོ། །
2067	line-end	9		ཤེས་པའི་བདེ་ཆེན་ནི་གསལ་བའི་བདེ་བའོ། །
2068	verse-stanza	13		གཞན་དག་སྔ་མ་ལྟར་རོ། །↵དེ་ནི་རང་ལུས་ཐབས་ལ་བརྟེན་པའོ། །
2069	terminal-particle	17		གསུམ་པ་ཆགས་བྲལ་གྱི་དབང་བསྐུར་བ་སྟེ༌[^1009]ཉམས་སུ་མྱོང་བ་ནི་སྔ་མ་དང་འདྲའོ། །
2070	terminal-particle	14		ཡང་ཕྱག་རྒྱ་ཆེན་པོ་ནི་ཤེས་རབ་ལྷ་མོ་བླ་ན་མེད་པའོ། །
2071	terminal-particle	17		དབང་བསྐུར་བ་ནི་དེ་བསྟེན་པའི་ཐབས་ཆགས་པ་དང་ཆགས་བྲལ་ལྟ་བུའི་ཚུལ་ལོ། །
2072	terminal-particle	15		ཤེས་པའི་བདེ་བ་ཆེ་ནི་གཉིས་སུ་མེད་པའི་ཤེས་པ་འབའ་ཞིག་གོ། །
2073	terminal-particle	10		བྱིན་གྱིས་བརླབས་ནི་སྣང་བ་བྱིན་གྱིས་རློབ་པའོ། །
2074	terminal-particle	12		གཞན་ལས་ནི་གཉུག་མའི་དབང་པོ་མ་སྨིན་པ་ལས་སོ། །
2075	line-end	49		དཀྱིལ་འཁོར་འབྱུང་བ་མེད་ན་སྒོ་གསུམ་ནུས་པ་མེད་པས་རྐང་པ་ཉེད་པ་དང་དཀྱིལ་འཁོར་མེད་པ་ད
2076	terminal-particle	15		ད་ནི་དེའི་རྒྱུ་མཚན་རང་སྣང་བའི་མན་ངག་བསྟན་པ་ནི་གོ་སླའོ། །
2077	terminal-particle	27		བདེ་བ་གནག་ཅིང་ཞེས་བྱ་བ་ལ་སོགས་པ་ནི་རྟེན་གྱི་དཀྱིལ་འཁོར་མཚོན་ཏེ། །བདེ་བ་ཆེན་པོ་ཁ་
2078	line-end	29		ཡང་བསྟེན་པའི་དཀྱིལ་འཁོར་མཚོན་ཏེ། ནག་པོ་ནི་རྡོ་རྗེ་འཆང་། སེར་པོ་ནི་རིན་ཆེན་འབྱུང་
2079	verse-stanza	12		ལྗང་གུ་དོན་ཡོད་གྲུབ་པ། །↵སྔོན་པོ་མི་བསྐྱོད་པ་མཚོན་པའོ། །
2080	terminal-particle	22		དེ་བཞིན་དུ་རྒྱུ་བ་དང་མི་རྒྱུ་བ་ལ་སོགས་པ་ཐམས་ཅད་ཕྱག་རྒྱ་ཆེན་པོའི་བདེ་བས་མཚོན་པའོ།
2081	terminal-particle	24		དེ་ཡང་། །རྡོ་རྗེ་སེམས་དཔའ་བདེ། །ཞེས་པ་ལ་གོ་བཟློག་སྟེ། སྣང་བ་བདེ་བ་ཆེན་པོ་ཉིད་དུ་
2082	terminal-particle	35		དེ་ནས་བདེ་བ་ཆེན་པོ་ལ་ཐེ་ཚོམ་དྲི་བའི་ཕྱིར། རྡོ་རྗེ་སྙིང་པོས་གསོལ་པ། རྫོགས་པའི་རིམ
2083	terminal-particle	16		སཏྭ་སུ་ཁ་སྟེ་དམ་པའམ་དེའི་བདེ་བ་ནི་རྫོགས་རིམ་གྱི་བདེ་ཆེན་ནོ། །
2084	line-end	14		དེ་ནས་བསྐྱེད་པ་ཡིས༌[^1011]ནི་ཅི་ཞིག་འཚལ་དུ་འབྲེལ་ཅིའི་ཕྱིར་ཞེ་ན།
2085	verse-stanza	17		རྫོགས་པ་བསྒོམ་པ་མེད་པའི་ཕྱིར་རོ། །↵བཅོམ་ལྡན་འདས་ཀྱིས་བཀའ་སྩལ་པ་ནི་ལན་དུའོ། །
2086	terminal-particle	13		ཨེ་མ་ནི་ཨ་ཧོ་སྟེ་དེ་ལྟར་ཡིན་ནའང་ངོ་མཚར་བའོ། །
2087	line-end	13		བྱང་ཆུབ་སེམས་དཔའི་ཆེ་བ་ནི་གུས་པའི་ཚུལ་དུ་བོད་པའོ། །
2088	verse-stanza	20		འདི་ནི་ཞེས་པ་ནི་འདི་ལ་སྟེ་རྫོགས་རིམ་ལའོ། །↵དད་པའི་ཤུགས་ཀྱིས༌[^1012]ཉམས་པ་ནི༌[^10
2089	terminal-particle	20		ཅིའི་ཕྱིར་ཞེ་ན་ལུས་ཀྱི་དངོས་མེད་ནི་བསྐྱེད་རིམ་གྱིས་རྣམ་པ༌[^1014]གསལ་བ་དང་བཅས་པའི
2090	terminal-particle	25		གང་ལས་བདེ་ནི་ལྔ་པ་ཡིན་ཡང་བདུན་པའི་དོན་ཏེ། དེ་ནས༌[^1015]རྟེན་མེད་པའི་ཕྱིར་བརྟེན་པ
2091	terminal-particle	9		ཁྱབ་བྱ་ཁྱབ་བྱེད་ཚུལ་ནི་ཕན་ཚུན་དུའོ། །
2092	terminal-particle	21		བདེ་བས་འགྲོ་བ་ཁྱབ་པ་ནི་གསུམ་དང་གཉིས་པ་ཡིན༌[^1016]པས་འགྲོ་བ་ཡང་བདེ་བ་ཁྱབ་པ་ཉིད་དོ
2093	terminal-particle	4		ཇི་ལྟར་ནི་དཔེའོ། །
2094	terminal-particle	5		མེ་ཏོག་ནི་རྟེན་ནོ། །
2095	line-end	4		དྲི་ནི་བརྟེན་པའོ། །
2096	verse-stanza	18		མེ་ཏོག་དངོས་མེད་ནི་བརྟེན་པའི་ཕྱིར་རོ། །↵ཤེས་མི་འགྱུར་ནི་བརྟེན་པ་འདྲི་མི་ཤེས་པའོ།
2097	line-end	7		དེ་བཞིན་ནི་དཔེ་ལས་འབྱུང་བའོ། །
2098	verse-stanza	20		གཟུགས་ལ་སོགས་པ༌[^1017]དངོས་མེད་ནི་རྟེན་མེད༌[^1018]པའི་ཕྱིར་རོ། །↵བདེ་བ་ཉིད་ཀྱང་མ
2099	line-end	30		རྫོགས་རིམ་ལ་རྟེན་མེད་པ་ནི་ཐབས་ལ༌[^1020]བདེ་བ་མི་འབྱུང་བ་བསྟན་ནས་མི་རྟོག་པར་མི་འབ
2100	verse-stanza	17		ད་ནི་བདག་ཏུ་མི་དམིགས་པའམ་མི་རྟོག་པའོ། །↵དངོས་པོ་མེད་པ་བསྡུ་བའམ་ཐིམ་པའོ། །
2101	terminal-particle	6		ད་ནི་ཡང་མི་རྟོག་པའོ། །
2102	terminal-particle	33		ཅིའི་ཕྱིར་ཞེ་ན། དངོས་པོ་རྟོགས་པའི༌[^1021]ཕྱིར་རོ་ཞེས་བྱ་བ་བདེ་བ་དེ་དག་ནི་རྨི་ལམ་
2103	terminal-particle	51		དེ་བཞིན་དུ་དངོས་པོ་མེད་པར་ཡང་ལྷག་མ་སྟེ་ཁོད་ནས་དྲང་ངོ་། །དེས་ནི་འདི་སྐད༌[^1025]འཆ
2104	terminal-particle	9		དེའི་ཕྱིར་གང་ཞིག་དམ་པ་སུ་ཞིག་གོ། །
2105	terminal-particle	14		ལེ་ལོས༌[^1028]བསྣུན་པའམ་བཅོས་མ་ནི་རྟེན་གྱི་ཆོས་ལ་དགའ་བ་སེམས་པའོ། །
2106	terminal-particle	8		རྨོངས་པ་ནི་རྟེན་པའི༌[^1029]ཆོས་སུམ་ཤེས་པའོ། །
2107	terminal-particle	14		ད་མི་ཤེས་པ་ནི་རྟོག་པ་མེད་པས་སངས་རྒྱས་མ་ཡིན་པའོ། །
2108	terminal-particle	116		དེ་ཡང་སྐྱེད་པ༌[^1030]ལྷའི་རྣམ་པས་ཆོག་པས་ལུས་ཅི་དགོས་ཤེ་ན། དེའི་ཕྱིར་གཉུག་མའི་ལུས
2109	terminal-particle	31		བདེ་བ་ཅན་དུ་གནས་སམ་བཞུགས། །ཞེས་པ་ནི་ཡེ་ཤེས་ཀྱི་འཁོར་ལོ་དགུག་པ་ནས་བཟླས་པའི་མཐར་ཐུ
2110	terminal-particle	16		ཡང་རྡོ་རྗེ་བཙུན་མོ་ནི་གཟུགས་དང་ལང་ཚོ་ལ་སོགས་པ་དང་ལྡན་པའོ། །
2111	terminal-particle	18		བྷ་ག་ནི་བྱ་རོག་གི་གདོང་ཅན་ཏེ་ཡེ་ཤེས་ཀྱི༌[^1032]སྐལ་བ་དང་ལྡན་པའི་ཕྱིར་རོ། །
2112	terminal-particle	12		ཨེའི་རྣམ་པའི་ཆ་བྱད་གཟུགས་ནི་གསང་བའི་གནས་ཀྱི་སྤྱིའོ། །
2113	terminal-particle	16		སངས་རྒྱས་རིན་ཆེན་ཟ་མ་ཏོག་ནི་དེ་དང་འབྲེལ་བའི་ཐབས་ཀྱི་གནས་སོ། །
2114	line-end	6		བདེ་བ་ཅན་ནི༌[^1033]ཞུ་བ་དེའོ། །
2115	verse-stanza	28		རྟག་ཏུ་གནས་བཞུགས་ནི་གནས་གཉིས་དང་འབྲེལ་ལོ། །↵དེ་དག་གཞན་ལུས་ཤེས་རབ་ལ་བརྟེན་པའོ། །↵
2116	verse-stanza	19		བྷ་ག་ནི་ཡེ་ཤེས་སོ། །↵ཨེའི་རྣམ་པ་ནི་སྐྱེ་གནས་སོ། །↵སངས་རྒྱས་རིན་ཆེན་ནི་བདེ་ཆེན་ནོ
2117	terminal-particle	12		ཟ་མ་ཏོག་ནི་སྣོད་ཡིན་པས་ཟ་མ་ཏོག་དང་འདྲའོ། །
2118	line-end	7		བདེ་བ་ཅན་ནི་ཞུ་བ་དེའོ། །
2119	verse-stanza	17		རྟག་ཏུ་ཞུགས༌[^1034]སམ་གནས་པ་ནི་བྱོན་ཏེ་གནས་པའོ། །↵དེ་ནི་རང་ལུས་ཐབས་ལ་བརྟེན་པའོ། 
2120	terminal-particle	13		ཡང་རྡོ་རྗེ་བཙུན་མོ་ཤེས་རབ་ལྷ་མོ་བླ་ན་མེད་པའོ། །
2121	line-end	12		བྷ་གར་ནི་གནས་བཟང་པོ་དེར་འཇུག་པ་དང་ལྡོག་པའོ། །
2122	verse-stanza	19		ཨེའི་རྣམ་པ་ནི་སའི་དཀྱིལ་དུ་ཟུག་པའོ། །↵སངས་རྒྱས་རིན་ཆེན་ནི་ནམ་མཁའི་དཀྱིལ་དུ་ཟུག་པ
2123	terminal-particle	7		ཟ་མ་ཏོག་ནི་གོང་དང་འདྲའོ། །
2124	terminal-particle	13		བདེ་བ་ཅན་ནི་གཉུག་མའི་དབང་པོ་ཞུ་བ་དང་བཅས་པའོ། །
2125	line-end	14		རྟག་ཏུ་ཞུགས་སམ་གནས་པ་ནི་ཡེ་ཤེས་ཆེན་པོ་འབའ་ཞིག་གོ། །
2126	verse-stanza	27		དེ་དག་ནི་གཉིས་སུ་མེད་པའི༌[^1035]ཕྱག་རྒྱ་ཆེན་པོའོ། །↵དེ་བཤད་པའི་ཕྱིར་བཙུན་མོའི་བྷ
2127	terminal-particle	17		དེའི་ཚེ་ཆེ་བ༌[^1036]བསྟན་པ་ནི་འཆད་པ༌[^1037]པོ་ང་ནི་ཞུ་བ་སྟོན་པ་ཡིན་པས་སོ། །
2128	line-end	6		ཆོས་ང༌[^1038]ནི༌[^1039]བདེ་བ་སྟོན་པས་སོ། །
2129	verse-stanza	32		ཉན་པ་ང་ནི་རྟོག་པ་གསལ་བ༌[^1040]འབྱུང་བའོ། །↵འཇིག་རྟེན་པ་ནི་ལུས་ལ་གནས་པའོ། །↵བསྒྲུ
2130	verse-stanza	19		འཇིག་རྟེན་འདས་པ་ང་ནི་དོན་དམ་ལྷན་སྐྱེས་སོ། །↵གོ་རིམས་ཟློག༌[^1041]སྟེ་ངའི་རང་བཞིན་
2131	verse-stanza	13		ལྷན་ཅིག་སྐྱེས་དགའ་ཞེས་པའོ། །↵དེ་ཇི་ལྟར་ཤེས་པར་བྱ་ཞེ་ན། །
2132	terminal-particle	18		མཆོག་དགའ་དགའ་བྲལ་དང་པོ་ནི་གསུམ་པའམ་ཁྱད་པར་ཏེ་ཀུན་རྫོབ་དང་དོན་དམ་མོ། །
2133	terminal-particle	14		དེའི་དཔེ་ཡང་བདུན་པ་ནི་གོ་རིམས་དང་ཁྱད་པར་མ་ཤེས་པའོ། །
2134	terminal-particle	16		མར་མེ་ལྟར་ནི་གསུམ་གྱི་བར་དུ་མཚོན་པའམ་གསུམ་ལ་ཁྱད་པར་མཚོན་པའོ། །
2135	terminal-particle	18		དེ་ལྟ་མོད༌[^1042]ཀྱིའམ་དེ་བཞིན་དུ་ནི་ལྷན་སྐྱེས་ལ་མཚོན་དུ་མེད་ཀྱིའམ། དཔེ་དང་མཐུན་
2136	terminal-particle	13		བུ་ནི་རྡོ་རྗེ་སྙིང་པོ་སྟེ་རྟོགས་པར་འདོད་པ་ཀུན་ནོ། །
2137	line-end	12		ཡིད་ཅེས་ནི་པྲ་ཏ་ཡ་སྟེ། རྐྱེན་ནམ་མངོན་དུ་བྱེད་པའོ། །
2138	terminal-particle	14		ད་ནི་དེ་དག་སྔར་གྱི་དྲིས་པའི་ལན་དུ་བསྡུས་པའི་ཕྱིར་རོ། །
2139	line-end	5		དེ་མེད་པས་ནི༌[^1043]འབྲེལ་ཏེ།
2140	verse-stanza	29		དེ་མེད་པའམ་མ་རྟོགས་པ་ནི་ལུས་སོ། །↵བདེ་མེད་འགྱུར་ནི་ཞུ་བ་དེའོ། །↵དེ་མེད་ན་ཞུ་བདེ་
2141	line-end	4		ཅིའི་ཕྱིར་ཞེ་ན།
2142	verse-stanza	15		ནུས་པ་མེད་ཕྱིར་ཞེས་པ་ནི༌[^1044]ཀུན་ཤེས་པའོ། །↵ལྟོས༌[^1045]དང་བཅས་ནི་བརྟེན་པ་དག་ལ
2143	line-end	25		འོ་ན་ལས༌[^1046]ཀྱིས་ཆོག་མོད་ལྷ་བསྐྱེད་པ་ཅི་དགོས་ཤེ་ན། དེའི་ཕྱིར་ལྷའི་རྣལ་འབྱོར་ལ
2144	verse-stanza	18		དེ་ནས་དེ་ཉིད་དུ་འབྲེལ་ཏེ་དེའི་ཕྱིར་རོ། །↵དངོས་མེད་ཚུལ་མིན་ལུས་ལྷར༌[^1048]བྱས་པའི
2145	terminal-particle	21		དེ་ནས་བདེ་བར་འབྲེལ་ཏེ་དེ་བས་སམ་དེའི་ཕྱིར་ན་སེམས་ཀྱི་ཆོས་བདེ་བ་ཡིན་པའི་ཕྱིར་རོ། །
2146	line-end	5		སངས་རྒྱས་ནི་རྟོགས་པའོ། །
2147	verse-stanza	11		དངོས་པོ་མིན་ནི་བེམས་པོའོ། །↵དེས་ནི་འདི་སྐད་བསྟན་ཏོ། །
2148	terminal-particle	13		ལུས་དང་ལྷ་དང་བདེ་བ་མི་རྟོག་གསལ་ལ༌[^1049]དབྱེར་མེད་བསྟན་ཏོ། །
2149	terminal-particle	15		དེ་བསྟན་པའི་ཕྱིར་ཞལ་ཕྱག་རྣམ་པའི་གཟུགས་ནི་གཟུགས་ཐ་མལ་པར༌[^1050]བསྒྱུར་བའོ། །
2150	line-end	7		དེ་ནས་ལྷའི་རྣམ་པར་འབྲེལ་ཏེ།
2151	verse-stanza	15		དེའི་གཟུགས་ནི་ཇི་ལྟར་འགྱུར་བའོ། །↵བཞིན་ལག་ཁ་དོག་ནི་འདི་ལྟར་གནས་པའོ། །
2152	terminal-particle	29		འོ་ན་བསྐྱེད་མི་དགོས་པས་བསྐྱེད་རིམ་མ་ཡིན་ནོ་ཞེ་ན་དེའི་ཕྱིར་བསྐྱེད་ཙམ་ཉིད་ན་ཞེས་བྱ
2153	terminal-particle	10		ཡང་གནས་ནི་དེ་ཡང་ལུས་རྫོགས་པའི་རིམ་པའོ། །
2154	line-end	14		དེ་ནས་མཆོག་ཏུ་བདེ་བར་འབྲེལ་ཏེ་གཟུགས་མེད་པ་ནི་སེམས་སོ། །
2155	verse-stanza	15		དེའི་ཕྱིར་ནི༌[^1051]ཆོས་ཉིད་བདེ་བ་ཡིན་པས་སོ། །↵འགྲོ་ཀུན་ནི་སེམས་ཅན་ཀུན་ནོ། །
2156	verse-stanza	19		ལྷན་ཅིག་སྐྱེས་པ་ནི་དབྱེར་མེད་པའི་བདེ་བའོ། །↵དེའི་ཕྱིར་རང་བཞིན་ལྷན་ཅིག་སྐྱེས་པར་བ
2157	terminal-particle	5		རྣམ་དག་སེམས་ནི་དགའ༌[^1052]བའོ། །
2158	terminal-particle	31		རང་བཞིན་མྱ་ངན་ལས་འདས་པ་ནི་རྟོག་པ་སྟེ་སངས་རྒྱས་ཁོ་ནའོ།[^1053] །དེས་ནི་འདི་སྐད་སྟོ
2159	quote-close	17		དེའི་ཕྱིར་འོན་ཀྱང་ཞེས་པ་ནི་ལྷན་ཅིག་སྐྱེས་པ་དེ་ལྟར་མིན་ཡང་ཞེས་པའོ། །
2160	terminal-particle	18		བག་ཆགས་ཕལ་པ་ནི་སྤྲིན་དང་ཁུ་རླངས་ལྟ་བུར་གློ་བུར་དུ་མངོན་པར་ཞེན་པའོ། །
2161	terminal-particle	71		ད་ནི་སྤང་བའི་ཚུལ་ཉམས་སུ་བླང་བའི་ཐབས་བསྟན་པའི་ཕྱིར། །དུག་གི༌[^1054]དུམ་བུ་ལ་སོགས་
2162	terminal-particle	25		ཇི་ལྟར་རླུང་གིས་ཟིན་པ་ཞེས་པ་ནི་དབྱེར་མེད་སྤྱོད་པས་སྤྲོས་པའི་དཔེ་སྟེ། མི་གཙང་བ་དང
2163	terminal-particle	27		མོན་སྲན་སྟེར་བ་ནི་མི་གཙང་བ་དང་མི་དགེ་བ་ལ་སྤྱོད་དུ་འཇུག་པ་སྟེ་བཟློག་པའི་སྨན་གཉེན་
2164	terminal-particle	18		རླུང་གིས་རླུང་ལ་བསྣུན་པ་ནི་མི་མཐུན་པ་ལ་སྤྱོད་པས་མི་མཐུན་པ་ལྡོག་པའོ། །
2165	terminal-particle	19		དེ་ནས་སངས་རྒྱས་སུ་འབྲེལ་ཏེ་སངས་རྒྱས་པའི་ཉན་ཐོས་པ་དང་རང་རྒྱལ་གྱིས༌[^1056]མི་ཤེས་པ
2166	terminal-particle	27		རྣམ་རྟོག་ལས་ནི་ཞེས་པ་ནི་དབྱེར་མེད་འབྲས་བུ་སྤོང་བ་སྟེ་དེ་ཡང་རྣམ༌[^1057]རྟོག་སྤོང་
2167	terminal-particle	14		རྟོག་པ་དང་བརྟགས་པས་མྱ་ངན་ལས་འདས་པ་ཆེན་པོ་ཐོབ་པའོ། །
2168	terminal-particle	12		ཇི་ལྟར་རྣ་བར་ཆུ་ཞུགས་པ་འཁོར་བར་ཞུགས་པའི་དཔེའོ། །
2169	terminal-particle	14		ཆུ་གཞན་གྱིས་དགུག་པ་ནི་འཁོར་བ་ཉིད་འབྲས་བུར་གྱུར་པའི་དཔེའོ། །
2170	terminal-particle	33		དེ་བཞིན་དངོས་པོའི་རྣམ་རྟོག་ནི་དཔེ་ལས་བྱུང་བ་སྟེ། བརྟགས་པ་འཁོར་བ་སྤང་ངོ་། །རྣམ་པར
2171	terminal-particle	16		ཡང་སངས་རྒྱས་སུ་འབྲེལ་ན་ནི་བསྐལ་པ་དུ་མར་སྦྱོང་བས་མི་ཤེས་སོ། །
2172	terminal-particle	27		ཇི་ལྟར་མི་ཤེས་པ་ནི་ཉོན་མོངས་ཐམས་ཅད་སྒོམ་པས་སྤོང་བ་སྟེ། མེ་ཡིས་ཡང་ནི༌[^1060]གདུང་
2173	terminal-particle	9		དེ་བཞིན་འདོད་ཆགས་ནི་དཔེ་ལས་འབྱུང་བའོ། །
2174	terminal-particle	20		འདོད་ཆགས་འདུལ་བ་ནི་རིམ་གྱིས་དལ་བུས་ཞུ་བ་དེ་ཆགས་པའི་ཆ་རྟོགས་པའི་མན་ངག་གོ། །
2175	line-end	19		སངས་རྒྱས་པས་མི་ཤེས་པ་ནི་བྱ་བ་དང་སྤྱོད་པ་དང་རྣལ་འབྱོར་གྱི་རྒྱུད་ཀྱིས་སོ། །
2176	terminal-particle	29		ད་ནི་བསྡུས་ཏེ་ཆེ་བའི་བདག་ཉིད་བསྟན་པའི་ཕྱིར། སྐྱེ་བོ་མི་བཟང་པའི་ལས་ནི་བླ་མ་འཕགས་པ
2177	terminal-particle	14		གང་དང་གང་གི༌[^1061]སྤྱིར་ཉོན་མོངས་པ་དང་མཚུངས་པར་ལྡན་པའི་སེམས་སོ། །
2178	line-end	5		འཆིང་འགྱུར་ནི་གནོད་པའོ། །
2179	verse-stanza	13		ཐབས་ནི་རྗེས་སུ་བརྒྱུད་པའི༌[^1062]ཚུལ་ལོ། །↵དེ་ཉིད་ལས་དང་ཉོན་མོངས་པའོ། །
2180	verse-stanza	26		ཡང་ན་ལྟ་བ་ལ་སོགས་པའི་དེ་ཉིད་དོ། །↵སྲིད་པའི་འཆིང་བ་ནི་འཁོར་བར་སྐྱེ་བའི་རྒྱུའོ། །↵
2181	terminal-particle	6		ཡང་ན་ཐབས་ནི་བསྒོམ་པའོ། །
2182	terminal-particle	5		བཅས་པ་ནི་ལྟ་བའོ། །
2183	terminal-particle	5		དེ་ཉིད་ནི་སྤྱོད་པའོ། །
2184	terminal-particle	8		སྲིད་པ་ནི་འཆིང་བ་ལས་གྲོལ་བའོ། །
2185	line-end	14		དེ་དག་གིས་སྤྱིར་བསྟན་ནས་སྒོམ་པ་ཁྱད་པར་དུ་བསྟན་པའི་ཕྱིར།
2186	verse-stanza	32		ཆགས་པ་ཞེས་པ་ནི་ཐ་མལ་པའོ། །↵འཇིག་རྟེན་འཆིང་བ་ནི་ལོ་ཀ་སྟེ།↵ཕྱི་མ་ལ་གནོད་ཅེས་བྱ་བའི
2187	terminal-particle	26		རྣམ་གྲོལ་ནི་དེ་ཁོ་ན་ཉིད་ལ་མོས་པ་ཙམ་ནི་མ་ཡིན་གྱི།[^1063] ལྷན་ཅིག་སྐྱེས་པའི་རང་གི་
2188	quote-close	49		བཟློག་པའི་སྒོམ་པ་ཉིད་ནི་མཚོན་པ་སྟེ། སྒོམ་པ་དང་སྤྱོད་པ་ལ་བརྗོད་དུ་ཟིན་ཀྱང་ལྟ་བ་དང
2189	terminal-particle	8		ཚིགས་སུ་བཅད་པ་གཅིག་སྟེ་གོ་སླའོ། །
2190	terminal-particle	12		དེའི་བཤད་པ་ཡང་ཚིགས་སུ་བཅད་པ་ལྔ་སྟེ་གོ་སླའོ། །
2191	line-end	25		ལུས་ལྷན་ཅིག་སྐྱེས་པའི་འབྲས་བུར་བསྟན་ནས་སེམས་བསྟན་པའི་ཕྱིར།[^1064] སེམས་ནི་ཆེན་པོ
2192	verse-stanza	27		དེ་ནས་བདེ་ཆེན་མཆོག་ཏུ་ཡང་འབྲེལ་ལོ། །↵འདོད་ཆགས་ལ་སོགས་སེམས་ལྔ༌[^1065]ནི༌[^1066]ཉོ
2193	terminal-particle	17		ལྔ་རུ་འགྲོ་བ་ནི་ཡེ་ཤེས་ལྔར་འགྲོ་བ་དང་། དེས་རིགས་ལྔར་ཡང་འགྱུར་བའོ། །
2194	line-end	5		དེ་དག་ཅིས་ཤེ་ན།
2195	verse-stanza	13		དེ་ནས་ལྔའི་གཟུགས་སུ་འབྲེལ་ལོ། །↵ལྔའི་གཟུགས་ཀྱིས་ནི་འབྱུང་བ་ལྔའོ། །
2196	terminal-particle	13		རྣམ་པར་མཚོན་ནས་བརྟགས་ནི་སེམས་ལ་ཡང་ངོ་། །རིགས་ནི་ལྔའོ། །
2197	terminal-particle	13		དེ་ཉིད་ལས་འབྱུང་བ་ལྔ་དང་ཡེ་ཤེས་ལྔ་ལས་གྱུར་པའོ། །
2198	terminal-particle	19		དེ་དག་ལས་དབྱེ་བ་ནི་དེའི་ཕྱིར་རང་བཞིན་ནི་དེ་བཞིན་གཤེགས་པའི་རིགས་སུ་འབྲེལ་ལོ། །
2199	quote-close	10		དེ་ལས་དུ་མ་ནི་རིགས༌[^1067]རྣམ་པ་བརྒྱ་ཞེས་པའོ། །
2200	line-end	18		ད་ལ་སྟོང་ཕྲག་ཏུ་མ་སྐྱེས་ཞེས་པ་ནི་དེ་ལས་ཁྲིར་འགྱུར་བ་ནི་ལྷག་མའོ། །
2201	verse-stanza	15		དེ་ལས་འབུམ་ཕྲག་རིགས་ཆེན་ནི་ཞེས་པའོ། །↵དེ་ལ་དབྱེ་བའི་རིགས་ཞེས་པའོ། །
2202	line-end	6		དེ་གཞན་དག་ནི་ལྷག་མའོ། །
2203	verse-stanza	18		དེ་ལས་གང་གཱ་ཀླུང་བཅུའི་བྱེ་མ་ཞེས་པའོ། །↵དེ་ལས་རིགས་ནི་གྲངས་མེད་དོ་ཞེས་པའོ། །
2204	line-end	19		དེ་ལྟར་ན་དེ་ཀུན་ཀྱང་མཆོག་ཏུ་དགའ་བ་སྟེ་ལྷན་ཅིག་སྐྱེས་པ་ཉིད་དབྱེར་མེད་པའོ། །
2205	verse-stanza	26		རིགས་ལས་བྱུང་ནི་སྒྱུའམ་རང་བཞིན་ནོ། །↵དགྱེས་པའི་རྡོ་རྗེ་ནི་རྒྱུད་སྤྱིའམ་ཧེ་རུ་ཀའོ
2206	terminal-particle	26		དྲ་བ་ནི་དེ་དག་གིས་ཞུས་པའམ་དེ་དག་གི་དོན་དུ་གསུངས་པར་འབྲེལ་བའོ།[^1068] །སྡོམ་པ་ནི་
2207	terminal-particle	23		དངོས་གྲུབ་གཏན་ལ་འབེབས་པ་ནི་ལམ་གཉིས་ཀྱིས༌[^1069]ཇི་ལྟར་མཐོང་བའམ་དབྱེར་མེད་ཕྱག་རྒྱ
2208	line-end	7		བརྟག་པ་གཉིས་པའི་ལེའུ་གཉིས་པའོ།། །།
2209	terminal-particle	5		དེ་ནས་ནི༌[^1070]དེའི་རྗེས་སུའོ། །
2210	line-end	7		རྡོ་རྗེ་ཅན་ནི་ཧེ་རུ་ཀའོ། །
2211	verse-stanza	19		རྣལ་འབྱོར་མ་རྣམས་ནི་བདག་མེད་མ་ལ་སོགས་པའོ། །↵རྒྱུད་ཀུན་གྱི་གླེང་གཞི་ནི་ཨེ་ཝཾ་མོ། 
2212	terminal-particle	6		ཐབས་ནི་དབང་ལ་སོགས་པའོ། །
2213	line-end	11		བཀའ་སྩལ་པ་ནི་མ་ཞུས་པར་གནང་བ་སྦྱིན་པའོ། །
2214	verse-stanza	22		དེ་ཡང་གླེང་གཞི་ནི་ཅི་ཞེ་ན།↵སྡོམ་པ་དང་ཞེས་པ་སྟེ་བདེ་མཆོག་གོ། །↵དེའི་གནས་ཨེ་ཝཾ་སྟེ
2215	terminal-particle	182		དབང་ལ་སོགས་པ་ནི་ཐབས་ཏེ་གོང་མའི་བཀའ་སྩལ་པ་དང་འབྲེལ་ཏོ།[^1071] །ལེའུ་འདིས་ནི་ལེའུ་
2216	terminal-particle	17		བསྟན་པ་དེ་བཤད་པའི་ཕྱིར་སྡོམ་པ་བཀའ་སྩལ་ཞེས་པ་ནི་རྟེན་དང་བཅས་པའོ། །
2217	terminal-particle	18		དེ་ཡང་སངས་རྒྱས་ཀུན་གྱི་སྡོམ་པ་ནི་རྣམ་པར་སྣང་མཛད་ལ་སོགས་པའི་སྡོམ་པའོ། །
2218	terminal-particle	19		ཨེ་ཝཾ་ཡི་གེར་རབ་ཏུ་གནས་ནི་ལས་ཀྱི་ཕྱག་རྒྱ་དང་བཅས་པའི་གསང་བའི་གནས་སོ། །
2219	terminal-particle	16		ཨེ་ཝཾ་རྣམ་པའི་ཚུལ་གཅིག་ནི་བདེ་ཆེན་ཉི་ཟླ་འདྲེས་པའི་བདེ་ཆེན་ནོ། །
2220	terminal-particle	7		དེ་ནི་གཞན་ལུས་ལ་བརྟེན་པའོ། །
2221	terminal-particle	12		ཡང་ཨེ་ཝཾ་ནི་སྐྱེ་གནས་དང་སྤྱི་བོ་སྟེ་རྟེན་ནོ། །
2222	terminal-particle	15		བདེ་ཆེན་ནི་རྒྱུན་མི་འཆད་པར་ཞུ་བ་དང་བཅས་པ་སྟེ་བརྟེན་པའོ། །
2223	terminal-particle	6		དེ་ནི་རང་ལུས་ཐབས་སོ། །
2224	terminal-particle	21		ཡང་ཨེ་ཝཾ་ཡི་གེར༌[^1075]རབ་ཏུ་གནས་ནི་ནམ་མཁའི་དཀྱིལ་དུ་ཟུག་པའི་ཕྱག་རྒྱ་ཆེན་པོ་སྟེ་
2225	terminal-particle	11		བདེ་ཆེན་ནི་ལྷན་ཅིག་པ་འབའ་ཞིག་སྟེ་བརྟེན་པའོ། །
2226	terminal-particle	30		དེ་དག་ནི་སྡོམ་པ་བཤད་ནས་ཐབས་བསྟན་པའི་ཕྱིར། དབང་ལས་ཡང་དག་ཤེས་པ་ནི་དགོངས་པའི་སྐད་ལ་
2227	line-end	35		དེ་ལ་དབང་ནི་ཕྱི་རོལ་གྱི་སྙོམས་འཇུག་གཞན་ལུས་ལ་བརྟེན་པ་དང་། ནང་གི་སྙོམས་འཇུག་རང་ལུ
2228	terminal-particle	18		ད་ནི་མཁའ་འགྲོ་མའི་སྡོམ་པ་དེ་ཨེ་ཝཾ་དུ་བྲིས་པ་དེ༌[^1076]ལ་སོགས་པ་གོ་སླའོ། །
2229	terminal-particle	12		བཅོམ་ལྡན་འདས་ཀྱིས་བཀའ་སྩལ་པ་ཞེས་པ་ནི་ལན་ནོ། །
2230	terminal-particle	43		ཨེའི་ཆ་བྱད་ལ་སོགས་པའི༌[^1077]མཁའ་འགྲོ་མའི་སྡོམ་པ་ནི་བདེ་ཆེན་ཡིན་ལ། དེ་སྡོམ་པ་ནི་
2231	line-end	28		ད་ནི་ཐབས་བསྟན༌[^1078]པའི་གོ་རིམས་བཟློག་སྟེ། སྐད་ཅིག་ལ་བསྟན་པ་ཡང་སྐད་ཅིག་དབྱེ་བ་ན
2232	verse-stanza	17		དབྱེ་བ་ཉིད་ནི་དགའ་བ་རྣམས་སོ། །↵དགའ་བ་བདེ་ལས༌[^1079]སྐྱེས་ཞེས་པ་ནི་དེའི་ཕྱིར་རོ། 
2233	line-end	11		སྐད་ཅིག་ཤེས་ནས་ཞེས་པ་ནི་སྤོང་བའི་རིམ་པའོ། །
2234	verse-stanza	20		བདེ་ཞེས་པ་ནི་ཐོབ་པའི་རིམ་པའོ། །↵དེ་དག་ནི་གང་གིས༌[^1080]སྡོམ་པ། །↵ཨེ་ཝཾ་ཡི་གེར་རབ
2235	terminal-particle	12		རབ་ཏུ་གནས་པ་ནི་བདེ་བ་ཆེན་པོ་རོ་གཅིག་པའོ། །
2236	terminal-particle	6		བདེ་བ་མཆོག་ཏུ་སྡོམ་པའོ། །
2237	terminal-particle	66		ད་ནི་རྣམ་པ་སྣ་ཚོགས་ལ་སོགས་པ་ནི་གྲངས་དང་མཚན་ཉིད་དང་སྦྱར་ཏེ། འཁྱུད་དང་འོ་བྱེད་ལ་སོ
2238	terminal-particle	31		ཁ་ཅིག་ནི་གཉིས་རྡོ་རྗེ་ནོར་བུའི་ཆ་ལ་གནས་གཉིས། པདྨའི་ཆ་ལ་གནས་པ་ལ་ལྷན་ཅིག་སྐྱེས་པའི
2239	terminal-particle	52		དགོངས་པ་ནི་འདི་ཡིན་ཏེ། འོ་དང་འཁྱུད་པ་ལ་སོགས་པའི་ཀར་ནའི་བྱེ་བྲག་སྣ་ཚོགས་པ་ལ་རྟོག་
2240	terminal-particle	48		རྣམ་པར་སྨིན་པ་དེ་ལས་བཟློག །ཅེས་ཕྱི་རོལ་གྱི་རྟོག་པ་སྤངས་ཏེ་ཤེས་པ་ནང་དུ་ཐིམ་ནས་ཀུན
2241	terminal-particle	56		གྲོས་ནི་རྣམ་པར་ཉེད་པར་བརྗོད། །ཅེས་པ་ནི་བོ་ལའི་གནས་སུ་ཐིག་ལེ་བྱང་ཆུབ་ཀྱི་སེམས་ཕྱི
2242	terminal-particle	58		མཚན་ཉིད་བྲལ་བ་གསུམ་ལས་གཞན། །ཞེས་པ་ནི་དེའི་ཚེ་ཐིག་ལེ་བྱང་ཆུབ་ཀྱི་སེམས་ཟིན་པ་ནི་མི
2243	terminal-particle	27		འདི་རྣམས་སྐྱེས་པ་ནི་མན་ངག་ལུས་ཀྱི་འཁྲུལ་འཁོར་དང་། [^1086]རྩའི་འཁྲུལ་འཁོར་གསུམ་ནི
2244	terminal-particle	18		དེ་བཞིན་དུ་དབང་གི་མན་ངག་ཀྱང་བསྒོམ་པའི་མན་ངག་བླ་མ་ལས་ཤེས་པར་བྱའོ། །
2245	terminal-particle	46		གཞན་ཡང་དམ་ཚིག་གི་ཕྱག་རྒྱའི་དགའ་བ་བཞི་དང་། ཕྱག་རྒྱ་ཆེན་པོའི་དགའ་བ་བཞི་དང་། སྐད་ཅི
2246	terminal-particle	14		ཡང་དག༌[^1088]སློབ་དཔོན་ཞེས་བྱ་བ་ལ་སོགས་པས་ནི་སྐད་ཅིག་སྤོང་བའོ། །
2247	line-end	76		མཆོག་དགའ་བ་ཐོབ་པའི་ཆ་ལ་འཇུག་པ་བཞིན་དུ་དབང་དབྱེར་མེད་ལ་འཇུག་པ། །དབྱེ་བའི་གྲངས་དང་
2248	verse-stanza	12		ད༌[^1090]ནི་ངེས་ཚིག་བསྡུ་བ་སྟེ། །↵གཏོར་དང་བླུགས་པ་ཞེས་བྱ་འདིས། །
2249	line-end	7		དབང་ཞེས་མངོན་པར་བརྗོད་པར་བྱ།
2250	ordinal-open	105		དང་པོ་ལ་བུམ་པའི་དབང་ངམ་སློབ་དཔོན་གྱི་དབང་ཞེས་བྱ་བ་ནི། ཨ་བྷི་ཥིཉྩ་དྲི་མ་འཁྲུད་པས༌
2251	terminal-particle	29		གསང་བའི་དབང་ལ་ཨ་བྷི་ཥིཉྩ་སྟེ་ཉོན་ཐོས་དང་རང་སངས་རྒྱས་རྣལ་འབྱོར་གྱི་རྒྱུད་མན་ཆད་ལ་
2252	terminal-particle	10		ངག་གི་དྲི་མ་འཁྲུ་བས་ན་དབང་ཞེས་བྱའོ། །
2253	terminal-particle	14		ཨ་བྷི་ཥེ་ཀ་སྟེ་ལོངས་སྤྱོད་རྫོགས་པའི་སྐུའི་ནུས་པ་འཇོག་པའོ། །
2254	terminal-particle	25		བསྐུར་བའི་གནས་ནི་མགྲིན་པར་བསྐུར་ལ། བསྐུར་བའི་རྫས་ནི་སློབ་དཔོན་གྱིས་ཉམས་སུ་མྱོང་བ
2255	terminal-particle	28		ཤེས་རབ་ཡེ་ཤེས་ཀྱི་དབང་ནི་ཤེས་རབ་མ་ལ་བརྟེན་ནས་ཡེ་ཤེས་སྐྱ་བར་བྱེད་པས་ན་ཤེས་རབ་ཡེ་ཤ
2256	terminal-particle	12		ཨ་བྷི་ཥིཉྩ་སྟེ་ཡིད་ཀྱི་དྲི་མ་འཁྲུ་བར་བྱེད་དོ། །
2257	line-end	17		ཨ་བྷི་ཥེ་ཀ་སྟེ་ཆོས་ཀྱི་སྐུའི་ནུས་པ་འཇོག་པར་བྱེད་པས་དབང་ཞེས་བྱའོ། །
2258	verse-stanza	20		གནས་གང་དུ་བསྐུར་ན་གསང་བའི་གནས་སུ་བསྐུར་རོ། །↵བསྐུར་བའི་རྫས་ནི་ཕྱག་རྒྱ་མ༌[^1093]མ
2259	terminal-particle	43		དབང་བཞི་པ་ནི་དེ་ལྟར་དེ་བཞིན་ཡང་བཞི་པ་ཞེས་པ་ནི་གསུམ་པས་གོ་ཕྱེ་བའི་ཚིག་དབང་རིན་པོ་
2260	terminal-particle	16		ཨ་བྷི་ཥེ་ཀ་སྟེ་བདེ་བ་ཆེན་པོའི་སྐུའི་ནུས་པ་འཇོག་པར་བྱེད་དོ། །
2261	terminal-particle	10		བསྐུར་བའི་གནས་ནི་ལུས་ངག་ཡིད་གསུམ་ཆར་ལའོ། །
2262	line-end	16		བསྐུར་པའི་རྫས་ནི་སློབ་དཔོན་ལ་ལ་དག་ནི་རྟེན་ཅན་དུ་ཡང་འདོད་དོ། །
2263	verse-stanza	29		བླ་མའི་གཞུང་གིས་ནི་རྫས་མི་འདོད་དོ། །↵དང་པོས་ནི་རྡོ་རྗེ་འཆང་གི་རིགས་སུ་བྱེད་དོ། །
2264	terminal-particle	12		གསུམ་པས་ནི་རྡོ་རྗེ་འཆང་གི་གོ་འཕང་ལ་འགོད་དོ། །
2265	line-end	22		བཞི་པས་ནི་རྡོ་རྗེ་འཆང་གི་ངོ་བོར་བྱས་ཏེ་གཞན་དོན་ཡོངས་སུ་རྫོགས་པའི་གོ་འཕང་ལ་འགོད་ད
2266	terminal-particle	38		ད་ནི་དེ་དག་གི་ཆོ་གའི་རིམ་པ་ནི་ཤེས་རབ་བཅུ་དྲུག་ལ་སོགས་པས་དབང་བསྐུར་གྱི་རིམ་པ་ཡང་བ
2267	terminal-particle	14		དེ་ནས་སློབ་མའི་བྱ་བ་བཤད་ཅེས་པ་ནི་ཚིག་བཤད་བསྒྱུར་བའོ། །
2268	terminal-particle	19		བླ་མ་ཕྱག་རྒྱ་ལྡན་མཐོང་ཞེས་པ་ནི་རང་གི་ཕྱག་རྒྱ་ཕུལ་བ་དང་བཅས་པ་ལའོ། །
2269	terminal-particle	10		དེ་ནས། མཆོད་བསྟོད་གསོལ་གདབ་ཇི་བཞིན་བྱ། །ཞེས་འབྲེལ་བའོ། །
2270	terminal-particle	17		[^1094]ཡང་མཆོད་པ་དེ་ནས་ཞིམ་པའི་བཟའ་བར་འབྲེལ་ཏེ་རྐང་པ་དྲུག་ནི་གོ་སླའོ། །
2271	terminal-particle	18		དེ་ནས་བསྟོད་པ་ནི་ཀྱེ་བཅོམ་ལྡན་འདས་སུ་འབྲེལ་ཏེ་ཚིགས་སུ་བཅད་པ་གཅིག་གོ། །
2272	terminal-particle	11		གསོལ་བ་བཏབ་པའི་ཡང་ཚིགས་སུ་བཅད་པ་གཅིག་གོ། །
2273	terminal-particle	22		ད་ནི་སློབ་དཔོན་གྱི་ལས་བསྟན་པའི་ཕྱིར་སློབ་དཔོན་གྱི་དབང་ནི་ཁྱད་པར་དུ་གྱུར་པ་སྟེ་གོ
2274	line-end	13		དེ་ནས་གསང་བའི་དབང་བསྟན་པའི་ཕྱིར། ཤིན་ཏུ་བཞིན་བཟང༌[^1095]མིག་ཡངས་མ། །
2275	verse-stanza	36		རྐང་པ་གཉིས་ཀྱིས་རྗེས་ལ་སྟོན་པ་ནི་བླ་མའོ། །↵ཤེས་རབ་ནི་དེ་མ་ཐག་གི་ཕྱག་རྒྱའོ། །↵རབ་
2276	verse-stanza	16		ལས་དང་པོ་པའི་དབང་བསྐུར་ཐབས་སོ། །↵སློབ་མའི་ཁ་ནི་ལོངས་སྤྱོད་ཀྱི་གནས་སུའོ། །
2277	line-end	13		དབང་པའམ་ལྟུང་བ་ནི་རྡོ་རྗེ་འཆང་གི་རིགས་དང་བཅས་པའོ། །
2278	terminal-particle	19		ད་ནི་གསུམ་པ་བསྟན་པའི་ཕྱིར། དེ་ནས་དེ་ཉིད་དུ་ནི་ཞེས་པའི་ཚིག་རྐང་གཉིས་བསྟན་པའོ། །
2279	terminal-particle	19		བཤད་པའི་ཕྱིར་ཕྲག་དོག་ཁྲོ་བ་འབྲེལ་ཏེ་སློབ་མ་མཚན་ཉིད་དང་ལྡན་པར་ཤེས་པར་བྱའོ། །
2280	terminal-particle	15		སྟོན་པས་གནང་བ་སྦྱིན་པ་ནི་མན་ངག་བཤད་པ་དང་བཅས་པར་རོ། །
2281	terminal-particle	28		ཀུན་དུ་རུ་ནི་ལྷན་ཅིག་སྐྱེས་པ་ལ་སྦྱོར་ཏེ།[^1096] དེ་ནས་མཆོག་ཏུ་དགའ་བར་འབྲེལ་ཏེ། མ
2282	terminal-particle	15		ཡང་ན་མཆོག་ཀྱང་ཡིན་ལ་ཡང་དག་ཐོབ་ཀྱང་ཡིན་པས་ལྷན་སྐྱེས་སོ། །
2283	line-end	21		རིམ་པ་གང་དུ་འཐོབ་ཅེ་ན་སྣ་ཚོགས་སྤངས་པའི་སྐད་ཅིག་ནི་སྣ་ཚོགས་པ་ལ་སོགས་པ་སྟེ།
2284	verse-stanza	14		དགའ་བྲལ་གྱི་སྔོན་དུ་འཐོབ་པའོ། །↵ཡང་ན་སྣ་ཚོགས་སྤངས་པའི་དགའ་བའོ། །
2285	verse-stanza	26		སྐད་ཅིག་མ་རྣམ་པར་སྨིན་པ་སྟེ་མཆོག་དགའོ། །↵དེ་ཡང་སྤངས་ཞེས་བྱ་བའི་ཐ་ཚིག་གོ། །↵དེ་ནས
2286	terminal-particle	25		དེའི་ཐབས་བསྟན་པའི་ཕྱིར་གོང་གི་རྡོ་རྗེ་འཛིན་ནས་དེ་བཤད་པའི་ཕྱིར་སྟོན་པས་སྨྲས་པ་སེམ
2287	terminal-particle	32		དེས་འདི་སྐད་སྟོན་ཏེ་སྟོན་པས་སྨྲས་པ་ནི་མན་ངག་སྔོན་དུ་བཤད་པ་སྟེ། ཟླ་བ་འཛིན་པའི་མན་
2288	line-end	16		དེའི་ཕྱིར་སེམས་དཔའ་ཆེན་པོ་ནི་གསོལ་བ་འདེབས་པའི་སློབ་མ་ལ་བོད་པའོ། །
2289	verse-stanza	25		བདེ་བ་ཆེན་པོ་བཟུང་ནི་ཞུ་བའི་ཟླ་བའོ། །↵ཇི་སྲིད་བྱང་ཆུབ་མ་འཐོབ་བར་དུའོ། །↵སེམས་ཅན་
2290	terminal-particle	38		རྡོ་རྗེ་འཛིན་གྱིས་ཞུ་བ་དེ་དང་མི་འབྲལ་བས་ཡོན་ཏན་གྱི་མིང་ངོ་། །དེ་ནས་གོང་གི༌[^1097
2291	line-end	5		གཏད་པ་ནི་ལག་ཏུའོ། །
2292	verse-stanza	19		སྟོན་པས་སྨྲས་པ་ནི་ཤེས་རབ་དང་གཉིས་ཀ་ལའོ། །↵སེམས་དཔའ་ཆེན་པོ་ནི་ཐབས་ལ་བོད་པའོ། །
2293	terminal-particle	18		ཕྱག་རྒྱ་བདེ་བ་དང་ལྡན་པ་ནི་དབང་གཉིས་པའི་ཡོན་ཏན་དང་ལྡན་པ་གཞན་ནོ། །
2294	terminal-particle	18		ཁྱེར་ཞེས་པ་ནི་ཡོལ་བའི་གནས་སུ་སྟེ། དེའི་ཚིགས་སུ་བཅད་པ་ཡང་འཆད་པར་འགྱུར་རོ། །
2295	terminal-particle	16		དེ་ནས་ཞི་བ་བསྟན་པའི་ཕྱིར་སློབ་མ་རྡོ་རྗེ་ཅན་མཐོང་དུ་འབྲེལ་ལོ། །
2296	terminal-particle	11		སློབ་མ་རྡོ་རྗེ་ཅན་ནི་གསུམ་པ་ཐོབ་པས་སོ། །
2297	terminal-particle	7		མཐོང་བས་ནི་སློབ་དཔོན་གྱི་ཤེས༌[^1098]པའོ། །
2298	terminal-particle	14		རྡོ་རྗེ་ཅན་གྱིས་སྨྲས་པ་ནི་བླ་མས་ཚིག་དབང་རིན་པོ་ཆེའོ། །
2299	terminal-particle	16		དེ་ཉིད་ནི་ཨེ་དྷ་སྟེ་བྷ་ག་གསུམ༌[^1099]པར་ཉམས་སུ་མྱོང་བ་དེ་ཉིད་དོ། །
2300	terminal-particle	9		ཡེ་ཤེས་ཆེན་པོ་ནི་ཟག་པ་མེད་པའོ། །
2301	line-end	16		ཐམས་ཅད་ལུས་ལ་རྣམ་པར་གནས་ནི་གཉུག་མའི་དབང་པོར་ལུས་ཅན་ཀུན་ལའོ། །
2302	verse-stanza	15		དེ་ཕྱིར་གཉིས་ནི་སྣང་བར་རོ། །↵གཉིས་མེད་ཚུལ་ནི་དེ་ཁོ་ན་ཉིད་དོ། །
2303	verse-stanza	17		དངོས་དང་དངོས་མེད་ནི་ཡོད་པ་དང་མེད་པའོ། །↵ཡང་ན་ལུས་ནི་ལུས་དང་སེམས་སོ། །
2304	terminal-particle	11		བདག་ཉིད་གཙོ་བོ་ནི་ལྷན་ཅིག་སྐྱེས་པ་གསལ་བའོ། །
2305	terminal-particle	27		བརྟན་གཡོ་ཁྱབ་པ་ནི་བདག་མེད་མའི༌[^1100]ཤེས་པ་དེ་ཉིད་དེ་ཤེས་རབ་པོ། །སྒྱུ་མའི་གཟུགས་
2306	terminal-particle	6		དེའི་ཕྱིར༌[^1101]དཀྱིལ་འཁོར་ནི་ཐབས་སོ། །
2307	terminal-particle	18		འཁོར་ལོ་ནི་ཤེས་རབ་མངོན་དུ་གྱུར་པའི་ངེས་པར་འགྲོ་བ༌[^1102]གཉིས་སུ་མེད་པར་གསལ་བའོ། 
2308	terminal-particle	32		དེ༌[^1103]དག་ནི་རྣལ་འབྱོར་མ་རྣམས་ལ་དབང་བསྟན་ནས་དབང་དེ་ཉིད་ལ་ཐེ་ཚོམ་བསལ་བ་ནི། མན་
2309	line-end	35		རྡོ་རྗེ་སྙིང་པོས་རྣལ་འབྱོར་མ་རྣམས་ལ་བཟོད་པར་གསོལ་བ་ནི་ཁྱེད་ལ་གནང་བའི་འཕྲོ་ཡིན་ཡང
2310	terminal-particle	13		དཀྱིལ་འཁོར་འཁོར་ལོ་ཅི་ཞེས་པ་ནི་སྡོམ་པ་སྟེ་གནས་པའོ། །
2311	line-end	15		དཀྱིལ་འཁོར་ཐོག་མར་བཤད་པ་ནི། སངས་རྒྱས་ཀུན་བདག་ནི་རྡོ་རྗེ་འཛིན་པའམ།
2312	verse-stanza	17		རྣམ་པར་སྣང་མཛད་ལ་སོགས་པའི་བདག་ཉིད་དོ། །↵གྲོང་ཁྱེར་གཅིག་པ་སྟེ་ཁང་བཟངས་སོ། །
2313	verse-stanza	11		བཅོམ་ལྡན་འདས་ནི་བདེ་བའོ། །↵བདག་ནི་རྡོ་རྗེ་སེམས་དཔའོ། །
2314	line-end	23		འཁྲུལ་འགྱུར་ནི་བཞི་པའི་དོན་དབྱེར་མེད་པའི་ལྷན་སྐྱེས་ལ་དཀྱིལ་འཁོར་དུ་གསུངས་པ་གྲོང་
2315	verse-stanza	26		དེའི་ཕྱིར་འཁྲུལ་ཞིང་ཐེ་ཚོམ་དུ་གྱུར་པའོ། །↵ཇི་ལྟར་རིགས་པ་ནི་རིགས་པ་གང་གིས་སོ། །↵བ
2316	terminal-particle	19		བཅོམ་ལྡན་འདས་ཀྱིས་བཀའ་སྩལ་པ༌[^1104]ནི་ཐབས་བདེ་བ་ཆེན་པོའི་རིགས་པས་དཀྱིལ་འཁོར་དུ་བ
2317	terminal-particle	9		དཀྱིལ་འཁོར་ནི་མཎྜལ་སྟེ་དཀྱིལ་ལམ་དབུས་སོ། །
2318	terminal-particle	15		དེ་ཅིའི་ཕྱིར་ཞེ་ན། ས་ར་ནི་སྙིང་པོའམ་བཅུད་དེ་དེའི་ཕྱིར་བརྗོད་དོ། །
2319	terminal-particle	24		དེ་ཉིད་གང་ཞེ་ན། བྱང་ཆུབ་སེམས་ནི་བདེ་ཆེན་པོ། །ཞེས་པ་སྟེ། ཐབས་དང་ཤེས་རབ་དབྱེར་མེད་
2320	terminal-particle	17		ཨ་ངྷན་ནན་ཏ་ཀ་རི་ཏའི་སྒྲ་དང་པོར་མཐར་བྱེད་པའམ་ལེན་པར་བྱེད་པའོ། །
2321	terminal-particle	9		དེ་ཡང་དང་པོར་ནི་དཀྱིལ་འཁོར་སྙིང་པོའོ། །
2322	line-end	4		མཐར་ནི་བསྐོར་བའོ། །
2323	verse-stanza	17		ཡང་ན་བླང་བྱ་ནི་བདེ་ཆེན་ནོ། །↵ལེན་པར་བྱེད་པ་ཞེས་པ༌[^1105]ནི་ཉམས་སུ་ལེན་པའོ། །
2324	terminal-particle	19		དེའི་ཕྱིར་འདུས་པ་ནི་མཎྜལ་ན་སྟེ་བསྐོར་བྱ་སྐོར་བྱེད་དམ་བླང་བྱ་བླང་བྱེད་སྡོམ་པའོ། །
2325	line-end	11		དེའི་མཎྜལ་མ་ཊ་སྟེ་དཀྱིལ་འཁོར་ཉིད་དུ་བརྗོད་དོ། །
2326	line-end	23		ད་ནི་འཁོར་ལོ་ཅི་ཞེས་པ་ནི་བསྟན་པ་བཤད་པའི་ཕྱིར་ཡང་སངས་རྒྱས་ཀུན་བདག་ནི་སྔ་མ་ལྟར་རོ།
2327	verse-stanza	14		གྲོང་ཁྱེར་ལ་ལྷག་མ་སྟེ་འཁོར་ལོའོ། །↵བཅོམ་ལྡན་འདས་སྔ་མ་ལྟར་རོ། །
2328	terminal-particle	35		འཁྲུལ་འཁོར༌[^1106]ནི་དབང་བཞི་པའི་དོན་ལྷན་ཅིག་སྐྱེས་པ་ལ་གསུངས་པས་འཁོར་ལོ་ནི་ཙཀྲ་བ
2329	terminal-particle	12		ཇི་ལྟར་རིགས་པ་ནི་ཤེས་རབ་མི་རྟོག་པའི་རིགས་པའོ། །
2330	terminal-particle	21		བཤད་དུ་གསོལ་ནི་སྔ་མ་ལྟར། བཅོམ་ལྡན་འདས་ཀྱིས་བཀའ་སྩལ་ནི་ཤེས་རབ་ཀྱི༌[^1107]རིག་པས་འ
2331	terminal-particle	31		[^1108]འཁོར་ལོ་ཞེས་གནས་སུ་འབྲེལ་ཏེ། དེ་ཡང་ཙ་ཀྲ་ནི་མ༌[^1109]ཧཾ་སྟེ་ཞེས་གནས་པ་དང་ཞ
2332	terminal-particle	14		ཡུལ་ལ་སོགས་པ་ནི་དབང་པོ་ལ་སོགས་པའི་ཆོས་ཇི་སྙེད་པའོ། །
2333	terminal-particle	29		རྣམ་པར་སྦྱོང་ནི་གཅིག་དང་དུ་མ་དང་བྲལ་བ་ལ་སོགས་པའི་ཤེས་རབ་ཀྱི་རིམ་པ༌[^1110]དང་འདྲ་
2334	terminal-particle	15		དེ་ནི་དེ་ཉིད་ཀྱི་རིམ་པ༌[^1111]ནི་སྡོམ་པ་སྟེ། དབང་གསུམ་པར་ཤེས་པར་བྱའོ། །
2335	terminal-particle	24		བོ་ལ་ཀཀྐོ་ལ་སྦྱོར་ནི་ཟླ་བ་བཟུང་བ་སྟེ་བཤད་ཟིན། དེའི་བདེ་བ་རྟེན་དང་བརྟེན་པ་ནི་འབྲེ
2336	terminal-particle	12		ཤེས་པར་གྱུར་པའི་མ་བྱ་བ་ནི་དེས་མི་རྟོགས་པར༌[^1112]རོ། །
2337	line-end	53		ད་ནི་གླེང་གཞི་ཨེ་ཝཾ་ལ་སྡོམ་པའི་ཆོས་ཏེ། རྟོག་པའི་ཡན་ལག་ཏུ་ཐབས་ཀྱི་རིམ་པ་དབང་ལ་སོག
2338	verse-stanza	27		ཁྱོད་ཀྱིས་སྲོག་ཆགས་གསད་པར་བྱ། །↵བརྫུན་གྱི་ཚིག་ཀྱང་སྨྲ་བ་དང་། །↵ཁྱོད་ཀྱིས་མ་བྱིན་
2339	line-end	36		ཞེས་བྱ་བ་ནི་འདི་དག་གི་དགོངས་པ་ནི་བཞི་སྟེ། དགོངས་པའི་སྐད་ཀྱིས་བཤད་པ་དང་། དགེ་བ་ཐུ
2340	verse-stanza	21		མཉམ་པ་དེ་ཁོ་ན་ཉིད་ལ་དགོངས་པའོ། །↵དགོངས་པའི་སྐད་ཀྱིས་བཤད་པ་ནི།↵སེམས་ཅན་སྲོག་ཆགས་ག
2341	terminal-particle	13		ཅེས་པ་ནི་བདག་གཞན་དུ་འཛིན་པའི་ཞེན་པ་སྤང་བར་བྱའོ། །
2342	terminal-particle	16		འཇིག་རྟེན་བསྒྲུབ༌[^1115]ཅེས་པ་ནི་བརྫུན་དང་འདྲ་བ་སྟེ་ཁས་ལེན་ཅིང་དམ་བཅའ་བའོ། །
2343	terminal-particle	20		བཙུན་མོ་ཞུ་བ་མ་བྱིན་པ་ནི་ཟླ་བ་མ་ཡིན་པར་ཉི་མ་བླང་བའི་མན་ངག་གོ། །
2344	terminal-particle	19		གཞན་གྱི་བུད་མེད་རང་མཚུངས་མཛེས། །ཞེས་པ་སངས་རྒྱས་སྤྱན་དང༌[^1116]མཱ་མ་ཀཱི་ལ་སོགས་པ་
2345	terminal-particle	8		དེ་དག་ནི་གོ་རིམས་སུ་བཤད་དོ། །
2346	terminal-particle	47		དགེ་བ་ཐུལ་གྱིས་གནང་བ་ནི་སྲོག་ཆགས་གཅིག་བསད་ན་མང་པོ་དག་སྲོག་ཐར་བར་མཐོང་བ་ནི་སྔོན་བ
2347	terminal-particle	22		ཇི་ལྟར་སྡིག་པར་མི་འགྱུར་ཞེ་ན། སྙིང་རྗེ་ལྡན་ཞིང༌[^1119]བྱམས་ཕྱིར་དང་། སེམས་དགེ་བ་
2348	line-end	67		བརྫུན་གནང་བ་ནི་ཉན་ཐོས་དག་ལ་ནི་རྣམ་པ་ཐམས་ཅད་དུ་མ་གནང་སྟེ། ནམ་མཁའ་མཐོང་དང་སེན་མོ་མ
2349	terminal-particle	25		མ་བྱིན་པར་བླང་པ་ནི། སེར་སྣ་ཅན་གྱི་ནོར་ཕྲོགས་ཤིང་བརྐུས་ལ། སེམས་ཅན་གཞན་ཕ་རོལ་གྱི་ས
2350	terminal-particle	32		ཕ་རོལ་གྱི་བུད་མེད་བསྟེན་པ་ནི་གཞན་ཕ་རོལ་སྲོག་གི་སྐྱབས་སུ་གྱུར་ན་འདོད་པ༌[^1121]ལོག
2351	line-end	3		དེ་སྐད་དུ།
2352	verse-stanza	13		གལ་ཏེ་སྦྱིན་པའི་དུས་དག་ཏུ། །↵ཚུལ་ཁྲིམས་བཏང་སྙོམ་གཞག་པར་གསུངས། །
2353	terminal-particle	1		ཞེའོ། །
2354	terminal-particle	28		ཡུལ་དང་བསམ་པ་ལ་སོགས་པས་གནང་བ་ནི་འོག་ནས་བསྟན་པ་ལ་གནོད་པ་བྱེད་པ་དང་། བླ་མའི་དགྲར་ག
2355	terminal-particle	11		བསམ་པ་ནི་སྙིང་རྗེའི་དབང་གིས་བསམ་པ་དཀར་བའོ། །
2356	terminal-particle	41		སྦྱོར་བས་གནང་བ་ནི་ཁ་སྦྱོར་འབྱེད་པ་སྟེ་འོག་ནས། བསམ་གཏན་སྔགས་ཀྱི་སྦྱོར་བ་ཡིས། །ཞེས
2357	terminal-particle	13		དེ་བཞིན་དུ་གསུམ་པོ་ལ་ཡང་ཅི་རིགས་པར་སྦྱར་བར་བྱའོ། །
2358	terminal-particle	44		མཉམ་པ་དེ་ཁོ་ན་ཉིད་ནི་ང་དང་བདག་ཏུ་འཛིན་པའི་རྣམ་པར་རྟོག་པ་ནུབ་པའི་དུས་ཙམ་ན། དགེ་བ་
2359	quote-close	43		དེ་ནས་རྣལ་འབྱོར་པ་ཐམས་ཅད་ཀྱིས་བཅོམ་ལྡན་འདས་ལ་འདི་སྐད་ཅེས་གསོལ་ཞེས་བྱ་བ་ནི། རྡོ་ར
2360	line-end	14		དེ་ཡང་ཡུལ་ལ་སོགས་པའི་གྲངས་དྲིས་པ་དང་། ལན་ནི་གོ་སླའོ། །
2361	line-end	52		ད་ནི་སྔར་གྱི་གཅིག་དང་དུ་བྲལ་ལ་སོགས་པ་དང་འདྲ་བའི་རང་བཞིན་སྦྱོར་བ་བསྟན་པའི་ཕྱིར། ར
2362	verse-stanza	22		གདོད་མ་ནས་མ་སྐྱེས་པའི་ཕྱིར་རོ། །↵དཔེར་ན་ཐམས་ཅད་ཆུའི་ཟླ་བ་ལྟ་བུའོ། །↵འདོད་པས་ནི་ག
2363	line-end	10		ཡང་ན་འདོད་ན་སྟེ་ཟབ་མོ་ལ་མོས་ནའོ། །
2364	verse-stanza	11		རྣལ་འབྱོར་མ་ནི་བོད་པའོ། །↵ཤེས་རབ་ཀྱིས་ནི་གདམས་པའོ། །
2365	terminal-particle	62		ད་ནི་དཔེ་ལ་ངེས་པ་བསྐྱེད་པའི་མན་ངག་ཏུ་བསྟན་པའི་ཕྱིར་འདི་ལྟ་སྟེ་ཏདྱ་ཐཱ་སྟེ་དཔེར་ན་
2366	terminal-particle	10		ཡང་ན་གཙུབ་ཤིང་ནི་རྩ་ཨ་ཝ་དྷཱུ་ཏཱིའོ། །
2367	terminal-particle	6		གཙུབ་གཏན་ནི་ལྟེ་བའི་པདྨའོ། །
2368	terminal-particle	50		ལག་པའི་རྩོལ་བ་ནི་ལ་ལ་ནཱ་དང་ར་ས་ནཱ་གཉིས་ཏེ། དེ་གཉིས་ནས་རླུང་རྒྱུ་བས་ཨ་ཝ་དྷཱུ་ཏཱིའ
2369	terminal-particle	32		ད་ནི་རྟེན་ཅིང་འབྲེལ་བར་འབྱུང་བ་ཆེ་བའི་མན་ངག་གིས་ལྟ་བ་རྟོགས་ནས། དེ་ནས་རྣལ་འབྱོར་མ
2370	terminal-particle	23		དེ་ནས་བཅོམ་ལྡན་འདས་དགྱེས་ནས་ཞེས་པ་ནི་དམ་ཚིག་གི་མཆོད་པ་དང་། བདེ་མཆོག་སྡོམ་པའི་མཆོ
2371	terminal-particle	16		རང་བྱིན་གྱིས་བརླབ་པ་ནི་བསྒོམ་པའི༌[^1125]མན་ངག་གིས་རང་གི་མཚན་ཉིད་ཉམས༌[^1126]སྐྱེས
2372	terminal-particle	6		བསྟན་པ་ནི་དེའི་ཕྱིར་རོ། །
2373	line-end	21		ཀྱེ་ཀྱེ་ནི་མཛེས་པས་བོད་པ་སྟེ་གནང་བ་སྦྱིན་པ་དང་ཉན་པ་ལ་སྦྱར་བ་སྟེ་གོ་སླའོ། །
2374	terminal-particle	62		ད་ནི་སྨྱོན་པའི་བརྟུལ་ཞུགས་ཆེན་པོའི་སྤྱོད་པ་དམ་ཚིག་དང་སྡོམ་པས་གཉུག་མའི་དབང་པོ་སྡང
2375	line-end	33		དེ་ནས་རྡོ་རྗེ་སྙིང་པོས་གསོལ་ཞེས་པ་ནི་བདག་དྲི་བའི་སྐབས་ཡིན་པ་བཞིན་དུ་རྣལ་འབྱོར་མ་
2376	verse-stanza	13		གཏི་མུག་རྡོ་རྗེ༌[^1128]ལ་སོགས་ལྡན། །↵ཞེས་པ་གནང་བ་དེ་ཞུས་པའི༌[^1129]ཕྱིར་རོ། །
2377	terminal-particle	15		ཐམས་ཅད་ཡུལ་གྱི་རྣམ་དག་ནི་ལེའུ་དགུ་པར་སྒྱུ་མ་རྣམ་དག་གོ། །
2378	terminal-particle	8		དེའི་ཕྱིར་བཅོམ་ལྡན་འདས་ཀྱིས་གསུངས་སོ། །
2379	terminal-particle	30		དབང་པོ་དྲུག་ལམ་གསུངས་པའི་བར༌[^1130]ལེའུ་དགུ་པར་མ་བསྟན་ཅིང་། དབང་པོའི་གྲངས་བསྟན་པ
2380	terminal-particle	5		གཞན་དག་ནི་གོ་སླའོ། །
2381	terminal-particle	32		གོ་ཆ་ཞེས་བྱ་བ་ནི་ཐ་མལ་གྱི་དབང་པོ་སྤངས་ནས། ལྷའི༌[^1131]ས་བོན་ལས་མོས་པ་མི་མཐུན་པ་འ
2382	terminal-particle	12		སེམས་དཔའ་ཆེན་པོ་བོས་ནས་དགོས་པ་ཡོད་པར་བསྟན་པའོ། །
2383	terminal-particle	34		རྡོ་རྗེ་སྙིང་པོས་གསོལ་ཞེས་པ་ནི་གླེང་གཞི་དང་སྡོམ་པ་ལ་དགོས་པའི་ཡན་ལག་གི་ཐབས་རྣལ་འབ
2384	terminal-particle	15		དགོངས་པའི་སྐད་ཅི་ཞེས་པ་ནི་སྔར་གནང་ཡང་ངེས་པར་མ་གསུངས་སོ། །
2385	terminal-particle	12		བཅོམ་ལྡན་འདས་ཀྱིས་ངེས་པར་གསུངས་པ་ནི་བཤད་པར་རོ། །
2386	terminal-particle	25		རྣལ་འབྱོར་མའི་དམ་ཚིག་ཆེན་པོ་ནི་རྡོ་རྗེ་སྙིང་པོས་དྲིས་ཀྱང་རྣལ་འབྱོར་མ་ལ་ཐུགས་སྟོན
2387	terminal-particle	20		ཉན་ཐོས་ལ་སོགས་མི་ཤེས་པ། །ཞེས་པ་ནི་རང་རྒྱལ་བ་དང་ཕ་རོལ་ཕྱིན་པས་མི་ཤེས་པའོ། །
2388	terminal-particle	41		འོ་ན་བྱ་བའི་རྒྱུད་ལ་སོགས་པ་རྒྱུད་སྡེ་གཞན་གྱིས་ཀྱང་ཤེས་སམ་ཞེ་ན། དབང་གི་ཐབས་ཀྱིས་ས
2389	terminal-particle	20		ད་ནི་ཉམས་སུ་ལེན་པ་སུ་དག་དང་སྨྲ་ཞེ་ན། དེའི་ཕྱག་རྒྱ་ནི་གཡུང་མོ་ལ་སོགས༌[^1134]གོ་སླ
2390	terminal-particle	17		ད་ནི་སྐད་ཀྱིས༌[^1135]མ་སྨྲས་པའི་སྐྱོན་བསྟན་པའི་ཕྱིར་རྡོ་རྗེ་སྙིང་པོ་ལ་སོགས་པའོ། 
2391	line-end	14		དགྱེས་པའི་རྡོ་རྗེ་དབང་བསྐུར་ཞེས་པ་ནི་དབང་བསྐུར་བའི་དུས་སུའམ།
2392	verse-stanza	15		ཡང་ན་དབང་ཐོབ་ནས་དུས་ཐམས་ཅད་དུའོ། །↵རང་གི་དམ་ཚིག་རིགས་རྙེད་ནས། །
2393	terminal-particle	19		ཞེས་པ་ནི་ཁྱད་པར་གྱི་དུས་ཏེ་ཞིང་སྐྱེས་མ་ལ་སོགས་པ་རྙེད་ནས་སྤྱོད་པའི་ཚེའོ། །
2394	line-end	3		ལེའུ་གསུམ་པའོ།། །།
2395	terminal-particle	9		དེ་ནས་ནི་རྗེས་ལ་སྟེ་ལེའུ་སྔ་མའིའོ། །
2396	terminal-particle	33		རྡོ་རྗེ་སྙིང་པོ་ལ་སོགས་པ་རྡོ་རྗེ་མཁའ་འགྲོ་མ་ཐེ་ཚོམ་དུ་གྱུར་པ་ནི་སྔར་ནི་སོ་སོར་དྲ
2397	line-end	10		དེ་དག་གིས་སོ་སོར་དྲིས་པ་ནི་གོ་སླའོ། །
2398	verse-stanza	15		བཅོམ་ལྡན་འདས་ཀྱིས་བཀའ་སྩལ་པ། །↵ཞེས་པ་ལན་རིམ་གྱིས་ཏེ་དང་པོར་གླུའོ། །
2399	terminal-particle	53		རྡོ་རྗེའི་གླུ་ཡང་བཞིར་གནས་ཏེ་བསྐྱེད་རིམ་གྱི་ང་རྒྱལ་དང་ལྡན་པའི་དཔའ་བོའི་སྟོན་མོ་ད
2400	terminal-particle	11		བསྐྱེད་རིམ་ལ་གཉིས་ཏེ། དཔའ་བོའི་སྟོན་མོ་དང་ཚོགས་སོ། །
2401	terminal-particle	18		དཔའ་བོའི་སྟོན་མོ་ལ་བཞི་སྟེ། འདུ་བའི་ཁྱད་པར་དང་ལོངས་སྤྱོད་དང་དམ་ཚིག་དང་རྟོག༌[^113
2402	terminal-particle	59		དེ་ལ་འདུ་བའི་ཀོ་ལ་ཨི་རེ་ཊྛི་སྟེ་གནས་ལ་སོགས་པའི་རྣལ་འབྱོར་པ་དང་། མུམྨུ་ནི་ཞིང་ལ་ས
2403	terminal-particle	8		ནི་རཾ་ཤུ་རུས་པའི་རྒྱན་བཏགས་པའོ། །
2404	line-end	17		ཀྲྀ་པི་ཊ་ཧོ་བཛྲ་ཞེས་པ་ནི་ཅང་ཏེའུའི་སྒྲ་ནི་བརྡུང་བ་དང་བཅས་པའོ། །
2405	verse-stanza	27		ཀཱ་རུ་ཎ་ནི་བརྩེ་བ་དང་ལྡན་པའོ། །↵ཨ་ཨི་ན་རོལ་སྟེ་ཞེ༌[^1140]འགྲས་པ་མེད་པས་སོ། །↵ཏ༌[
2406	terminal-particle	12		པ་ཎི་ཨ་ཨི་སྟེ་དབུས་སུ་བཅུག་པ་དང་བཅས་པའོ། །
2407	terminal-particle	47		ཀུན་ཀྱང་རྟོག་པ་བསྐྱེད་ཅིང་བསྒོམ་སྟེ། ལོངས་སྤྱོད་ཀྱི་རྣལ་འབྱོར་ཀུན་དང་སྤྱད་པར་བྱ་
2408	line-end	13		གཞན་དག་བཟའ་བཏུང་གི་ཆོ་གས༌[^1144]ནི་ཤུདྡྷ་སྟེ་དག་པ་དང་། །
2409	verse-stanza	15		ཨ་ཤུདྡྷ་སྟེ་མ་དག་པར་རོ། །↵མུ་ཎི་ཨ་ཨི་སྟེ་མི་བལྟ་བར་རོ། །
2410	terminal-particle	45		གཙང་བ་དང་མི་གཙང་བ་མེད་པའི་ཕྱིར་དག་པ་དང་མ་དག་པར་མི་བལྟ་སྟེ་ལྷར་རྟོགས་པས་བསྒོམ་པ་ད
2411	terminal-particle	12		དེ་ནས་དམ་ཚིག་ནི་ཙ༌[^1145]ཨུ་མ་སྟེ། བཞི་མཉམ་ལ་སོགས་པའོ། །
2412	terminal-particle	21		ཨ་ཨི་བྷ་རུ་ཁཱ་ཨི༌[^1146]སྟེ་དེར་ཁེངས་པར་བཟའ་བཏུང་ངོ་། །རྟོགས་པ་ནི་མངོན་རྟོགས་འཁྲ
2413	terminal-particle	12		ཚོགས་ལ་གཉིས་ཏེ་ཡུལ་མཉམ་པ་དང་སྦྱོར་བ་མཉམ་པའོ། །
2414	terminal-particle	7		དེ༌[^1148]ཡང་ཚིག་གི་གོ་རིམས་བཟློག་པའོ། །
2415	terminal-particle	25		དེ་ཡུལ་མཉམ་པ་ནི་ཌི་མ་སྟེ་གཡུང་མོ་ཉེ་བར་མཚོན་པ་སྟེ་བྲམ་ཟེ་མོའི་བར་དུ་མི་སྤང་བར་སྤ
2416	terminal-particle	11		ཀྱེ་ཧ་ཧི་ནི་བྷ་ཛའི་སྟེ་མི་སྤང༌[^1149]བར་བཤད་དོ། །
2417	line-end	34		སྦྱོར་བ་མཉམ་པ་ནི་མ་ལཱ་ཛེ་སྟེ་ཡབ་ཡུམ་ལུས་ཆ་མཉམ་པ་དང་ཀུན་དུ་རུ་བྷ་ཏ་ཧི༌[^1150]སྙོམ
2418	terminal-particle	64		ད་ནི་གཞན་ལུས་ཤེས་རབ་ལ་བརྟེན་པ་ལ་རྗེས་སུ་ཆགས་པའི་ཆོས་སུ་བསྟན་པའི་ཕྱིར་ལ་ཚིག་བཞི་བ
2419	terminal-particle	13		སྦྱོར་བ་དང་དབྱེར་མེད་བསྒོམ་པའི་ཁྱད་པར་ལྡན་པའི་སྦྱོར་བའོ། །
2420	terminal-particle	25		དེ་ལ་སྙོམས་པར་འཇུག་པའི་སྦྱོར་བའི་ཆོས་ནི་ཀོལླ༌[^1153]ཨི་རི་སྟེ་རྣལ་འབྱོར་པའི་ལུས་
2421	terminal-particle	15		མུམྨུ་སྟེ་རྣལ་འབྱོར་མའི་ལུས་དང་ཀ་ཀྐོ་ལ་སྟེ་གསང་བའི་གནས་སོ། །
2422	terminal-particle	7		གྷ་ཎ་སྟེ་ཕྲད་ཅིང་ཞུགས་པའོ། །
2423	terminal-particle	14		ཀྲྀ་པི་ཊ་ཧོ་བཛྲ་ཨི་གདུངས་ཤིང་བརྩེ་བའི་ངག་སྟོན་པས་སོ། །
2424	terminal-particle	17		ཀཱ་རུ་ཎི་ཀ་ཨ་ཨི་ཎ་རོལ་ཏེ་ཆགས་ཤིང་གདུངས༌[^1154]པའི་སེམས་ཤིན་ཏུ་འཕེལ་བའོ། །
2425	terminal-particle	20		དེ་ནས་ཌི་ཎྜི་མ་ཏ་ཧིནྣ་བཱཛྫི་ཨ་ཨི་སྟེ། དེས་གཡུང་མོ་ལ་སོགས་པ་ཡང་མི་སྤོང་བར༌[^1155]
2426	terminal-particle	16		མ་ལ་ས་ཛ་འདུས་པ་ལུས་མཉམ་པར་སྦྱོར་བ་ཞུ་བདེ་ཆ་མཉམ་པའོ། །
2427	terminal-particle	26		དེ་ནས་ཡོན་ཏན་སྤོང་བའི་ཁྱད་པར་བ་ལ་ཁཱ་ཛྫ་ཨི་སྟེ་བདེ་བ་རྟོག་པ་སྤངས་ནས་མི་རྟོག་པ་ལ་འ
2428	terminal-particle	42		ག་ཌྷེཾ་མ་སྟེ་འབད་པས་ཞུ་བ་དང་མི་འབྲལ་ཞིང་། །འཐུངས་པས་དམ་ཚིག་ཏུ་ལུས་རྒུད་པ་མེད་པར་
2429	terminal-particle	18		དུཾ་དུ་ར་ནི་སྐལ་མེད་སྤོང་བ་སྟེ་ཆགས་པ་ལ་སོགས་པའི་སྐལ་མེད་སྤོང་བའོ། །
2430	terminal-particle	12		དེ་ནས་ཚིག་རྐང་གཉིས་ཀྱིས་སྦྱོར་བ་སྔ་མ་བཞིན་ནོ། །
2431	terminal-particle	49		ད་ནི་ཡོན་ཏན་ཐོབ་པའི་ཁྱད་པར་ནི་རྣལ་འབྱོར་མ་ལ་ཙ་ཨུ་ས་མ་ལ་སོགས་པ་ཕུང་པོ་ལྔའི་བདག་ཉི
2432	terminal-particle	34		རྣལ་འབྱོར་མས་ནི་ཙ་ཨུ་ས་མ་ལ་སོགས་པ་འབྱུང་བ་ལྔའི་རོའི་བདག་ཉིད་འདུས་པ་ཉི་མའི་རྣམ་པ་
2433	terminal-particle	13		ཚིག་རྐང་གཉིས་ཀྱིས་སྦྱོར་བ་ནི་འདིར་ཡང་སྔ་མ་བཞིན་ནོ། །
2434	terminal-particle	28		ད་ནི་དབྱེར་མེད་སྒོམ་པའི་ཁྱད་པར་ནི་ཀུན་རྫོབ་བྱང་ཆུབ་སེམས་ཏེ་མན་ངག་གི་ཚུལ་དུ་གཟུང་
2435	terminal-particle	33		མན་ངག་གི༌[^1156]སྒྲུབ་པ་ནི་ས་འོག་ས་སྟེངས་ས་བླ་མ་ཡིན་པ་ནམ་མཁའི་དཀྱིལ་དུ་ཕྲེཾ་ཁ་ཎ་
2436	terminal-particle	58		དམ་ཚིག་གི་ཚུལ་ནི་ལག་པ་དང་སྣོད་མ་ཡིན་པར་དག་པ་དང་མ་དག་པར་གཙང་བ་དང་མི་གཙང་བ་མེད་པར་
2437	terminal-particle	22		དེ་ཡང་དམ་ཚིག་ཏུ་ཟོས་པས༌[^1157]ཏ་ཧིཾ་ཛ་ས་ར་ཝའི་རོ་དང་འདྲ་བར་རྟོག་པ་མེད་པར་འཇུག་གོ
2438	terminal-particle	17		གཡུང་མོ་མི་སྤོང་བ༌[^1158]དང་ཀུན་དུ་རུ་ནི་སྔ་མ་ལྟར་གཞན་དག་ལ་སྦྱར་རོ། །
2439	terminal-particle	16		རང་ལུས་ཐབས་དང་ལྡན་པ་ནི། ཀོ་ལ་ཨི་རི་ཊྛི་སྟེ་མགོ་བོའི་གནས་སོ། །
2440	terminal-particle	9		བོ་ལ་སྟེ་ཧཾ་ངོ་། །མུམྨུ་སྟེ་ལྟེ་བའོ། །
2441	terminal-particle	18		ཀཀྐོ་ལ་སྟེ་ཨཾ་ངོ་། །གྷ་ཎ་སྟེ་བྱང་ཆུབ་ཀྱི་སེམས་རྒྱུན་སྟེང་འོག་ཏུ་འདུས་པའོ། །
2442	line-end	14		ཀྲྀ་པི་ཊ་སྟེ་ནཱ་དའི་སྒྲ་སྐྲའི་རྩེ་མོ་དབབ་པས་ཕྲ་བའོ། །
2443	verse-stanza	28		ཀཱ་རུ་ཎི་སྟེ་ཆགས་པས་ནང་དུ་བལྟས་པའོ། །↵ཨ་ཨི་ན་སྟེ་ཕྱི་རོལ་དུ་མི་གཡེངས༌[^1159]པས་ས
2444	terminal-particle	7		གཌྷེཾ་སྟེ་ནང་གི་རོ་མྱང་བའོ། །
2445	terminal-particle	16		ཧ་ལེ་ཀཱ་ལི་སྟེ་རླུང་སྐལ་བ་དང་ལྡན་པར་ནང་དུ་བཅུག་པས་སོ། །
2446	line-end	23		དུཾ་དུ༌[^1161]ར་སྟེ་ཕྱི་རོལ་གྱི་རྟོག་པ་གཟུང་བའི་ཡུལ་སྤང་ངོ་། །ཙ་ཨུ་ས་མ་ལ་སོགས་ཉོ
2447	terminal-particle	14		ག་ཎ་བཟའ་སྟེ་དེ་དག་རང་རིག་འོད་གསལ་དུ་མི་རྟོག་པའོ། །
2448	terminal-particle	34		ཕྲེཾ་ཁ་ཎ་སྟེ་སྟེང་ནས་བྱང་ཆུབ་ཀྱི་སེམས་རྒྱུ་བ་དང་འོག་ནས་རླུང་དང་འོད་ཟེར་རྒྱུ་བ་སྟ
2449	terminal-particle	25		ནི་རཾ་ཤུ་སྟེ་ཞུ་བ་འདུས་པ་སྟེ་ཡང་སར་པ་སྟེ་རོ་དང་འདྲ་བའི་བདེ་བ་ལ་མི་རྟོག་པ་སྐྱེ་བའ
2450	terminal-particle	24		དེ་ལྟར་དེ་ཉིད་གཡུང་མོ་ལ་སོགས་པ་ལྟོས་པ་མེད་ཅིང་སྤང་བླང་མེད་པར་ནང་གི་ཀུན་དུ་རུའི་ས
2451	terminal-particle	33		གཉིས་མེད་ཕྱག་རྒྱ་ཆེན་པོ་ལ་དྲུག་སྟེ། ལྟ་བ་དང་སྤྱོད་པ་དང་སྒོམ་པ་དང་དབང་པོ་རང་སྣང་ད
2452	terminal-particle	29		དེ་ལ་ལྟ་བ་ནི་ཀོ་ལླ་ཨི་རེ་སྟེ་དངོས་པོ་རཱུ་པ་ལ་སོགས་པ་ཕུང་པོ་དང་ཁམས་དང་སྐྱེ་མཆེད་ཐ
2453	terminal-particle	26		མུམྨུ་ཎི་ནི༌[^1162]གཅིག་དང་དུ་བྲལ་གྱིས་ཤེས་བྱ་སྟོང་ཞིང་བདག་མེད་པ་མི་རྟོག་ཅིང་མི་
2454	terminal-particle	7		དེ་གཉིས་དབྱེར་མེད་པར་བྱས་པའོ། །
2455	terminal-particle	13		སྤྱོད་པ་ལ་གཉིས་ཏེ་སྤྱོད་པ་དང་སྤྱོད་པའི་རྒྱུ་མཚན་ནོ། །
2456	terminal-particle	32		སྤྱོད་པ་ནི་ག་ཎ་སྟེ་ཅུང་ཟད་སྨྱོན་པའི་རྡོ་རྗེ་ཐོད་པའི་སྤྱོད་པས་ང་རྒྱལ་དུ་བསྒོམ་པ་ད
2457	terminal-particle	60		སྤྱོད་པའི་རྒྱུ་མཚན་ནི་ཀཱ་རུ་ཎ་སྟེ་སེམས་ཅན་ཀུན་ལ་སྙིང་རྗེ་འཇུག་པ་དང་། བ་ལ་ཁཱ་ཛྫ་ས
2458	terminal-particle	25		ཡང་སྒོམ་པའི༌[^1166]རྟེན་བསྟན་པ༌[^1167]ནི་ཧ་ལེ་ཀཱ་ལིཉྫ་སྟེ་རྣམ་པར་མི་གཡེང་བའི་དབང
2459	terminal-particle	20		དུཾ་དུ་ར་སྟེ་སྐལ་མིན་ནི་ཡིད་ཀྱི་རྗེས་སུ་འབྲང་བའི་ཐ་མལ་པའི་དབང་པོ་སྤངས་པའོ། །
2460	terminal-particle	28		དབང་པོ་རང་སྣང་ནི་སྐལ་ལྡན་གྱི་དབང་པོ་དང་པོར༌[^1168]བྱེད་པ་དང་། དབང་པོ་དེའི་བྱིན་ར
2461	terminal-particle	33		དེ་ཡང་ཙ་ཨུ་ས༌[^1169]མ་ནེ་གཟུགས་སྡུ་གུ༌[^1170]ཀཙྪུ་རི་སྒྲ་སྙན་པ་སི་ཧླ༌[^1171]དྲི་
2462	terminal-particle	14		སོགས་པ་ལྔ་པོ་འདོད་པའི་ཡོན་ཏན་ལྔ་སྟེ་གཟུགས་ལ་སོགས་པའོ། །
2463	terminal-particle	26		བྷ་རུ་ཁ་སྟེ་བཀང་ཞིང་ཚིམ་པས་དབང་པོ་དང་བ་དང་། ཁེངས་པར་ཟོས་ཤིང་འཐུངས་པས་བྱིན་རླབས་མ
2464	terminal-particle	10		སྤྱོད་ལམ་དང་བསྲེ་བས༌[^1172]ནི་འཇུག་པ་དང་སྤྱོད་པའོ། །
2465	terminal-particle	33		འཇུག་པ་ནི་བཟའ་བ་ལ་སོགས་པ་གང་ལ་འཇུག་ཀྱང་། ཁ༌[^1173]ཊ་ཀ་ར་སྟེ་འཇུག་དང་འགྲོ་བ་མི་རྟ
2466	terminal-particle	36		སྤྱོད་པ་ནི་ཤུདྡྷ་སྟེ་དག་པ་དང་མ་དག་པ་དང་གཙང་བ་དང་མི་གཙང་བ་དང་། ཡིད་དུ་འོང་བ་དང་མི
2467	terminal-particle	28		འབྲས་བུ་རྫོགས་པ་ནི་ལྟ་བ་ལ་སོགས་པ་ཀུན་གྱི་འབྲས་བུ་ཆེན་པོ་སྟེ། རྟེན་ལུས་དང་བརྟེན་པ
2468	terminal-particle	25		རྟེན་ཡང་ལུས་ཅན་ཀུན་ལ་གནས་པ་ནི་རཾ་ཤུ་སྟེ་དབང་པོ་དང་བའི་དབུས་སུ་ཞུ་བ་དེ་རྫོགས་པའི་
2469	terminal-particle	28		བརྟེན་པ་སེམས་ནི་སྟེ༌[^1174]རོ་དང་འདྲ་བར་རྣམ་པར་རྟོག་པའི་ཟུག་རྔུ་མེད་པས་མི་རྟོག་པ
2470	line-end	26		ད་ནི་དབྱེར་མེད་བསྟན་པའི་ཕྱིར་མ་ལཱ་ཛེ་སྟེ་ཆུ་དང་འོ་མ་དང་། ནམ་མཁའ༌[^1175]བཞིན་དུ་ཀ
2471	terminal-particle	19		དེ་ཡང་ཀུན་དུ་བ་ཏ་ཨི་སྟེ་རང་རིག་པ་ཀུན་དུ་རུ་སྟེ་ཀུན་དུ་སྦྱོར་བའོ། །
2472	terminal-particle	93		བརྟེན་པ་སེམས་ནི་ས་ར་བ་སྟེ་རོ་དང་འདྲ་བར་རྣམ་པར་རྟོག་པའི་ཟུག་རྔུ་མེད་པས་ཉི་མའི་འོད
2473	terminal-particle	39		ཌིཎྜི་མ་སྟེ་གཡུང་མོ་ལ་སོགས་པ་མི་སྤང་བ་སྟེ། རང་རིག་གི་འོད་ཟེར་མཐའ་ཡས་པ་སྣང་བས་འབྱ
2474	terminal-particle	13		ཡང་ན་བླ་ན་མེད་པའི་རིགས་དབྱེ་བ་ཡོངས་སུ་རྫོགས་པའོ། །
2475	terminal-particle	25		དེ་ལྟར་བྱས་པས་རྟགས་གསུམ་འབྱུང་སྟེ་འཛིན་པའི་རྟགས་དངོས་གྲུབ་གྲུབ་པའི་རྟགས་དེ་ཁོ་ན་
2476	terminal-particle	11		ཡང་ན་ལྟ་བའི་རྟགས་བསྒོམ་པའི་རྟགས་ཙརྱའི་རྟགས་སོ། །
2477	line-end	36		དཔལ་དགྱེས་པ་རྡོ་རྗེའི་རྒྱུད་ནས་རྡོ་རྗེའི་གླུ། བརྟག་པ་གཉིས་ཀྱི་དོན་ཡང་འདིར་གནས་ཤི
2478	terminal-particle	20		ད་ནི་རྡོ་རྗེའི༌[^1177]གར་བསྟན་པའི་ཕྱིར། དྲན་པས་མི་འཕྲོགས་རྣལ་འབྱོར་ཞེས་པ་ནི་གཡེང
2479	terminal-particle	15		ཧེ་རུ་ཀའི་གཟུགས་ཀྱིས་གར། །ཞེས་པ་ནི་རིགས་བསྡུས་པ་ལུས་ཀྱི་སྤྱིས་སོ། །
2480	terminal-particle	19		ཆགས་བྲལ་མིན་གོམས་སེམས་ཀྱིས་ནི། །ཞེས་པ་གང་གི་ཧེ་རུ་ཀ་སྟེ་དགའ་བྲལ་མ་ཡིན་པའོ། །
2481	terminal-particle	16		འདོད་ཆགས་སེམས་ཀྱིས་ཞེས་པ་ནི་མཆོག་དགའ་འམ་ཐབས་ཀྱི་ཁྱད་པར་ལས་སོ། །
2482	terminal-particle	7		བསྒོམ་པ་ཉིད་ནི་ལྷན་སྐྱེས་སོ། །
2483	line-end	27		ད་ནི་གླུ་དང་གར་ཐུན་མོང་དུ་ཡོན་ཏན་གྱི་ཆ་སྟོན་ཏེ། རྡོ་རྗེ་ཆོས་ནི་འོད་དཔག་ཏུ་མེད་པ་
2484	verse-stanza	19		སངས་རྒྱས་ནི་རྣམ་པར་སྣང་མཛད་དེ་གར་རོ། །↵རྣལ་འབྱོར་མ་ནི་རྗེས་སུ་ཆགས་པའི་ཡུལ་ལོ། །
2485	terminal-particle	14		མ་མོ་ནི་གར་གྱི་ཆགས་པའི་ཡུལ་ཏེ་དེ་དག་ནི་ཐུགས་སོ། །
2486	terminal-particle	14		གླུ་དང་གར་ནི་འདི་དག་གི་སྔར་གྱི་མཚན་ཉིད་དང་ལྡན་པའོ། །
2487	terminal-particle	33		གླུ་བླང་གར་ཡང་བྱ་ནི་ཧེ་རུ་ཀའི་ང་རྒྱལ་ལ་སྐུ་དང་གསུང་གི་ཡོན་ཏན་དང་ལྡན་པས་ཐུགས་ཀྱི་
2488	terminal-particle	34		ཡང་ན་རྡོ་རྗེ་ཆོས་སངས་རྒྱས་ནི་སྐུ་མདོག་དཀར་པོའི་གླུའི་གྲོགས་སུ་བསྟན་ལ། རྣལ་འབྱོར་
2489	terminal-particle	12		ད་ནི་དེའི་ཕན་ཡོན་བསྟན་པ་ཚོགས་སྲུང་ནི་འཁོར་རོ། །
2490	terminal-particle	6		བདག་གི་གཙོ་བོའམ་བྱེད་པའོ། །
2491	terminal-particle	10		འཇིག་རྟེན་དབང་དུ་བྱེད་པ་ནི་ཡིད་འཕྲོག་པའོ། །
2492	terminal-particle	5		སྔགས༌[^1180]ཀྱི་ཟློས་པ་ནི་གླུའོ། །
2493	terminal-particle	7		གར་སྒོམ་པ༌[^1181]ནི་སྔ་མ་ལྟར་རོ། །
2494	terminal-particle	29		ད་ནི་རིམ་པ་བསྟན་པའི་ཕྱིར་ཚོགས་ཀྱི་བདག་པོ་སྔར་བྱས་ནི་སློབ་དཔོན་གྱི་གླུ་དང་གར་ནང་ད
2495	line-end	12		དྲི་མཚོན་པ་ནི་དངོས་གྲུབ་ཤིས་པའི་མཚན་མ་གར་གྱིའོ། །
2496	verse-stanza	13		སྒོག་པའི་དྲི་ནི་ངན་པའོ། །↵བྱ་རྒོད་དྲི་ནི་ཅུང་ཟད་ངན་པའོ། །
2497	terminal-particle	5		ག་བུར་ནི་ཞིམ་པའོ། །
2498	terminal-particle	22		མཱ་ལ་ཡ་ཛ་ནི་ཧེ་མ༌[^1182]ལ་ཡ་ཛ་སྟེ་ཁ་བ་ཅན་ལས་སྐྱེས་པ་སྟེ་ཙནྡན་ཤིན་ཏུ་ཞིམ་པའོ། །
2499	terminal-particle	10		ད་ནི་གླུའི་མཚན་མའི་དང་པོ༌[^1183]ནི་དང་པོའི་སྒྲའོ། །
2500	terminal-particle	5		བུང་བ་ནི་བར་དུའོ། །
2501	terminal-particle	8		བ་ལང་ཚེའི་སྒྲ་ནི་ཐ་མར་རོ། །
2502	terminal-particle	17		དེ་གང་དུ་ཞེ་ན། གླུའི་མཐའ་ནས་མཉམ་པར་བྱ་ནི་དྲིལ་བུའི་སྒྲ་མཐའ་ལྟ་བུའོ། །
2503	terminal-particle	17		གནས་གང་དུ་ཞེ་ན། ཕྱི་རོལ་གྱི་ཚལ་དུ་སྐྱེ་ཤིང་གི་ར་བའམ་དུར་ཁྲོད་དུའོ། །
2504	terminal-particle	13		གླུའི་བྱིན་རླབས་མཚན་ཉིད་ནི་དངོས་གྲུབ་བམ་ཤིས་པ་བརྗོད་པའོ། །
2505	terminal-particle	14		ད་ནི་ཕྱག་རྒྱའི་ལན་ཕྱག་རྒྱ་རྟགས་དང་མཚན་མ་ལ་སོགས་པའོ། །
2506	terminal-particle	24		འདི་ནི་རིགས་མཚོན་པ་སྟེ་བསྐྱེད་པའི་རིམ་པ་མཐའ་དག་རྣམ་པ་གཉིས་ཏེ། ཞི་བའི་རྣམ་པ་དང་ཁྲ
2507	line-end	37		དེ་དག་ཐམས་ཅད་ཀྱང་རྒྱལ་བ་རིགས་ལྔ་ལས་མི་འདའ་སྟེ། རྒྱུ་སེམས་ཅན་གྱི་གནས་སྐབས་ནས་སྦྱང
2508	verse-stanza	25		ཞི་བ་ཡི་ནི་དཀྱིལ་འཁོར་རོ། །↵ཁྲོ་བོ་ཡི་ནི་དཀྱིལ་འཁོར་ཏེ། །↵རྗེས་སུ་གཟུང་བ་བྱ་ཕྱིར
2509	quote-close	28		ཡང་ལྷ་དང་ལྷ་མོ་ཐ་དད་པ་དང་དེའི་རིགས་འབྱུང་སྟེ་དེ་མེད་ཀྱང་ནི་དེ་ཡོད་ནི། འགྲོ་བའི་ད
2510	terminal-particle	10		དེ་རྣམས་ཀྱི་རྒྱུ་མཚན་ནི་འོག་ནས་འཆད་དོ། །
2511	line-end	20		ཡང་རྣལ་འབྱོར་མ་རྣམས་ཀྱི་ས་བོན་ནི་ཨཱ་ལི་དང་པོ་ལ་སོགས་པ་སྟེ་དེ་བཞིན་ནོ། །
2512	terminal-particle	25		ད་ནི་རྩའི་གྲངས་ལས་རྣལ་འབྱོར་མའི་གང༌[^1184]བསྟན་པའི་ཕྱིར། རིགས་ཀྱི་ལེའུ་ལས་རྩ་རྣམ
2513	terminal-particle	17		བཅུ་དྲུག་གཉིས་གསུངས་པ་ནི་སྔོན་དུ་དྲིས་པ་སྟེ། བདེན་ཏེ་ཞེས་པ་ནི་ལྷག་མའོ། །
2514	terminal-particle	35		ཇི་ལྟ་བུ་ཞེ་ན་རྩ་ནི༌[^1185]གཉིས་གཉིས་ཞེས་པ་ནི་ཐབས་དང་ཤེས་རབ་ཀྱི་རྩ་གཉིས་སྡོམ་པའོ
2515	terminal-particle	10		གསུམ་དུ་བརྗོད་ཅེས་པ་ནི་བརྐྱང༌[^1187]མ་ལ་སོགས་པའོ། །
2516	terminal-particle	18		བདག་མེད་རྣལ་འབྱོར་ཞེས་པ་ནི་རྩ་གསུམ་སྐུ་གསུང་ཐུགས་ཀྱི་རང་བཞིན་དུ་གཅིག་པའོ། །
2517	terminal-particle	41		འོ་ན་རྣལ་འབྱོར་མ་རྣམས་ཀྱི་ས་བོན་ཐ་མ་ལྷག་པ༌[^1188]དང་རྩ་རྣམས་ཀྱི་ཐ་མ་ལྷག་པ་ཅི་བྱེ
2518	terminal-particle	24		ཆ་མེད་ཅེས་པ་ནི་རྩ་སུམ་ཅུ་རྩ་གཉིས་པ་མེད་པའམ་བདག་མེད་མ་བཞིན་དུ་མཁའ་སྤྱོད་མ་གསུམ་འད
2519	terminal-particle	44		འབད་པ་ནི་བླ་མ་ལས་རྙེད་པའི་མན་ངག་གིས་ཏེ་དབྱངས་ཡིག་བཅོ་ལྔ་པ་ལས་བཅུ་དྲུག་པ་ཐིག་ལེ་བ
2520	terminal-particle	22		རྩ་བདུད་འདྲལ་མ༌[^1189]ཡང་བྱང་ཆུབ་ཀྱི་སེམས་གནས་པ་ཙམ་ལས་འཕེལ་བ་དང་འགྲིབ་པའི་བྱ་བ་མ
2521	terminal-particle	4		དེའི་ཕྱིར་སྤང་བའོ། །
2522	terminal-particle	23		དཔེར་ན་ཕྱིའི་ཟླ་བ་དཀར་པོ་དང་ནག་པོའི་ཕྱོགས་འཕེལ་བ་དང་འགྲིབ་པ་བཅོ་ལྔ་ལས་མེད་པའི་ཕྱ
2523	line-end	23		འོ་ན་ཕྱིའི་ཟླ་བ་མེད་པས་བཅུ་དྲུག་པ་དང་སུམ་ཅུ་རྩ་གཉིས་པ་ལས་ཅི་གནོད་ཅེ་ན་དེའི་ཕྱིར།
2524	verse-stanza	13		བཅོ་ལྔའི་ཆ་ཡི་བདག་ཉིད་ཀྱི། །↵ཟླ་བ་བྱང་ཆུབ་སེམས་སུ་འགྱུར། །
2525	terminal-particle	29		ཞེས་པ་སྟེ་ལུས་ལ་རྩ་གཉིས་ལ་བྱང་ཆུབ་ཀྱི་སེམས་གཡོན་ནས་འཕེལ་བ་བཅོ་ལྔ་དང་། གཡས་ནས་འགྲ
2526	terminal-particle	22		དེ་དང་ས་བོན་ཡི་གེ་དག་དང་ཅི་འབྲེལ་ཞེ་ན། དེའི་ཕྱིར་བདེ་བ་ཆེན་པོ་ནི་རྟེན་ཏེ་ཞུ་བའོ།
2527	terminal-particle	42		ཨཱ་ལི་གཟུགས་ནི་ཞུ་བའི་གནས་བཅོ་ལྔ་ལས་ཨ་ལ་སོགས་པ་བཅོ་ལྔར་འགྱུར་བ་སྟེ། དེའི་རྩ་རྣམས
2528	line-end	11		དེའི་ཆ་ནི་རྟེན་ཞུ་བ་དེ་ཡང་རྟེན་རྩའི་ཆས༌[^1190]སོ། །
2529	quote-close	24		ད་ནི་སྔར་གྱི་རྣམ་དག་དྲིས་པའི་ལན་དུ་བྱང་ཆུབ་ཀྱི་སེམས་བསྟན་པའི་ཕྱིར་རྡོ་རྗེ་སྙིང་པ
2530	terminal-particle	22		ག་པུར་ངེས་པར་ཅིས་མི་སྤངས། །ཞེས་པ་ནི་ཀུན་རྫོབ་མི་སྤང་བའི་ཐབས་ཏེ་དོན་དམ་ཡང་ཤུག༌[^1
2531	terminal-particle	21		རྣལ་འབྱོར་མ་ཀུན་ལས༌[^1192]ཞེས་པ་ནི་འཆད་པར་འགྱུར་བའི་ཤིན་ཏུ་བཞིན་བཟངས་ལ་སོགས་པ་ལས
2532	terminal-particle	8		ལྷན་སྐྱེས་རང་བཞིན་ནི་ཀུན་རྫོབ་བོ། །
2533	terminal-particle	13		ཟག་མེད་དང་འགྲིབ་མེད་ནི་གཟུང་བའི་ཐབས་ཀྱི་མི་འབྲལ་བའོ། །
2534	terminal-particle	8		བཏུང་མཆོག་ནི་བདུད་རྩི་ཡིན་པས་སོ། །
2535	terminal-particle	42		དེས་ནི་འདི་སྐད་སྟོན་ཏེ་ཀུན་རྫོབ་ལྷན་ཅིག་སྐྱེས་པའི་ཚུལ་ནི་རྟེན་རྣལ་འབྱོར་མ་ལས་བྱུ
2536	terminal-particle	7		དེ་ལྟར་ལགས་སམ་ཞེས་ཞུས་པའོ། །
2537	terminal-particle	17		ཡང་རྣལ་འབྱོར་མ་ཀུན་ལས་བྱུང་ན་སྟོང་པ་ཤེས་རབ་ཀྱི་རང་བཞིན་ལས་སོ། །
2538	terminal-particle	30		ལྷན་ཅིག་སྐྱེས་དགའ་ནི་བདེ་བ་ཐམས་ཅད་ཀྱི་རང་བཞིན་ཏེ། དེ་ནམ་མཁའ་ཉིད་དུ་འབྲེལ་ཏེ་ནམ་མ
2539	terminal-particle	37		དེས་ཀྱང་འདི་སྐད་དུ་སྟོན་ཏེ་རྣལ་འབྱོར་མ་ཀུན་ལས་བྱུང་བའི་ཆོས་ཀྱི་སྐུ་ལྷན་ཅིག་སྐྱེས
2540	terminal-particle	13		བཅོམ་ལྡན་འདས་ཀྱིས་བཀའ་སྩལ་ཞེས་པ་ནི་ཡིན་པར་ཞུས་སོ། །
2541	terminal-particle	20		ཇི་སྐད་སྨྲས་པ་དེ་བཞིན་ཞེས་པ་ནི། བདུད་རྩི་དང་བདེ་ཆེན་གྱི་སྐུར་བྱས་པ་སྟེ་བསྟན་པའོ།
2542	terminal-particle	21		དེ་བཤད་པ་ཡང་རྡོ་རྗེ་སྙིང་པོས་གསོལ་ཞེས་པ་ནི་བདག་གི་ཡིན་ཡང་དེ་ལས་རྒྱས་པར་རོ། །
2543	terminal-particle	14		ཐབས་གང་གིས་བསྐྱེད་ལགས་ཞེས་པ་ནི་ལམ་རིམ་པ་གཉིས་དྲིས་པའོ། །
2544	terminal-particle	24		མ་བསྐྱེད་ན་བསོད་ནམས་མེད་ཅིང༌[^1193]སྡིག་པ་མེད་པས་བསྐྱེད་དེ་མི་སྤང་བར་ཞུས་པ་ཡང་བཀ
2545	terminal-particle	7		དཀྱིལ་འཁོར་ནི་རྟེན་གྱི༌[^1194]རྣལ་འབྱོར་རོ། །
2546	terminal-particle	5		འཁོར་ལོ་ནི་བརྟེན་པའོ། །
2547	terminal-particle	14		ཐབས་ནི་ཡེ་ཤེས་དགུག་པ་དང་དབང་དང་མཆོད་པ་ལ་སོགས་པའོ། །
2548	terminal-particle	35		ཅི་རྫོགས་རིམ་གྱི་སྐབས་སུ་མི་འགལ་ལམ་ཞེ་ན། བསྐྱེད་རིམ་ཉུང་ལྡན་ཐ་མལ་གྱི་རྣམ་པར་བསྒྱ
2549	line-end	26		བྱིན་གྱིས་བརླབ་པ་ཞེས་པ་ནི། སྔར་བསྟན་པ་བཞིན་དབང་པོའི་རང་སྣང་བ་འཆད་པའམ་འཆད་པར་འགྱུ
2550	verse-stanza	16		རིམ་པས་ཞེས་པ་ནི་རྫོགས་རིམ་མོ། །↵ཀྱང་ནི་བསྐྱེད་རིམ་བསྡུ་བ་སྟེ་གཉིས་སོ། །
2551	line-end	11		ཀུན་རྫོབ་དོན་དམ་བསྐྱེད་པ་ནི་གོ་རིམས་བཞིན་དུའོ། །
2552	verse-stanza	17		ཀུནྡ་ལྟ་བུའི་ཟླ་བ་སྟེ་ཞུ་བའོ། །↵བདེ་བ་ནི་མཚོན་པ་སྟེ་ནམ་མཁའ་ལྟ་བུའོ། །
2553	line-end	86		དེ་ནི་དེ་དག་སྡོམ་པའི་གནས་བསྟན་པའི་ཕྱིར་བུད་མེད་ཅེས་བྱ་བ་ལ་སོགས་པ་ཚིགས་སུ་བཅད་པ་ཕ
2554	terminal-particle	17		ད་ནི་དེ་དག་གི་རང་བཞིན་བསྟན་པའི་ཕྱིར། འདི་ཉིད་ནི་དོན་དམ་ཀུན་རྫོབ་བོ། །
2555	line-end	5		འཁོར་བ་ནི་བསླད་པའོ། །
2556	verse-stanza	21		མྱ་ངན་ལས་འདས་པ་ནི་གཉུག་མ་མ་བཅོས་པའོ། །↵དེའི་ཕྱིར་འཁོར་བ་སྤངས་ནས་གཞན་ཉན་ཐོས་ལྟ་བུ
2557	terminal-particle	18		མྱ་ངན་ལས་འདས་པ་མི་རྟོག་ནི་རང་བཞིན་གཉུག་མ་མ་ཤེས་པ་སྟེ་བསྟན་པའོ། །
2558	line-end	4		དེ་བཤད་པའི་ཕྱིར།
2559	verse-stanza	15		འཁོར་བ་གཟུགས་དང་སྒྲ་ལ་སོགས། །↵ཞེས་པ་ནི་ཡུལ་གྱི་སྐྱེ་མཆེད་རྣམས་སོ། །
2560	terminal-particle	12		འཁོར་བ་ཚོར་བ་ལ་སོགས་པ་ནི་ཕུང་པོ་རྣམས་སོ། །
2561	terminal-particle	10		འཁོར་བ་དབང་པོ་ནི་ནང་གི་སྐྱེ་འཆེད་དོ། །
2562	terminal-particle	18		འཁོར་བ་ཞེ་སྡང་ལ་སོགས་པ་ནི་ཉོན་མོངས་པ་ལྔའམ་རྣམ་པར་ཤེས་པའི་ཁམས་སོ། །
2563	terminal-particle	22		འདི་རྣམས་ཆོས་ནི་མྱ་ངན་འདས་ནི་གཉུག་མ་ལས་མི་འགྱུར་ཞིང་རང་གི་མཚན་ཉིད་འཛིན་པས་ཆོས་སོ
2564	terminal-particle	30		རྨོངས་ཕྱིར་འཁོར་བ་ནི་རང་གི་མཚན་ཉིད་མ་རྟོགས་པར་འཁོར་བ་ལྟར་ལོག་པར༌[^1195]སྣང་ངོ་། 
2565	terminal-particle	16		མྱ་ངན་ལས་འདས་པར་འགྱུར་ནི་དག་པའི་ལུས་དང་སེམས་ལ་དབང་ཐོབ་པའོ། །
2566	terminal-particle	16		རྟོག་པ་མེད་པའི་བྱང་ཆུབ་ཀྱི༌[^1196]སེམས་ནི་ལུས་དང་སེམས་ཀྱི་ལྷན་ཅིག་སྐྱེས་པའོ། །
2567	terminal-particle	8		ཀུན་རྫོབ་དོན་དམ་རྟེན་དང་བརྟེན་པའོ། །
2568	terminal-particle	18		ཚུལ་ཅན་ནི་རུང་བ་སྟེ་རྟེན་ཡི་གེ་ཡང་བསྐྱེད་པ་མ་ཡིན་པའི་རང་བཞིན་ནོ། །
2569	terminal-particle	27		ད་ནི་ཀུན་རྫོབ་བསྐྱེད་པའི་ཐབས་བསྟན་པའི་ཕྱིར། ཤིན་ཏུ་བཞིན་བཟངས་ནས་དེར་སྦྱོར་བ་ལས་བ
2570	line-end	15		བསྟན་པ་གཞན་གྱི་བཤད་པ་ཡང་མི་སྤང་ནི་མི་སྤང་བའི་ལན་ནོ། །
2571	verse-stanza	17		ག་བུར་ནི་ལྷན་ཅིག་སྐྱེས་དགའི་ལན་ནོ། །↵མཁས་པ་ནི་འགྲིབ་མེད༌[^1199]ཟད་མེད་ཀྱི་ལན་ནོ།
2572	terminal-particle	14		ལག་ཏུ་མི་བླང་བ་ལ་སོགས་པ་ནི་བཏུང་མཆོག་གི་ལན་དུའོ། །
2573	line-end	16		ད་ནི་དོན་དམ་ལྷན་སྐྱེས་སུ་བསྟན་པའི་ཕྱིར། ལྷན་སྐྱེས་རྣམ་དག་ཉིད་ཀྱི་ནི།[^1200] །
2574	verse-stanza	15		ག་བུར་ཉིད་ནི་བདག་མེད་མ། །↵ལ་སོགས་པ་དོན་དམ་སྐྱེད་པ་གསུངས་ཏེ།
2575	terminal-particle	11		ཀུན་རྫོབ་ཉིད་ནི་ཀུན་རྫོབ་སྔ་མ་དེ་ཉིད་དོ། །
2576	terminal-particle	8		བདག་མེད་མ་དེ་ནི་རྣལ་འབྱོར་མའོ། །
2577	terminal-particle	15		བདེ་བ་བདག་མེད་ཚུལ་ཅན་ནི་ཐབས་དང་ཤེས་རབ་ཀྱི་རང་བཞིན་ནོ། །
2578	terminal-particle	9		དེ་ནི་བདག་མེད་མ་སྟེ་ཤེས་རབ་ཀྱིའོ། །
2579	terminal-particle	5		བདེ་བ་ནི་ཐབས་སོ། །
2580	terminal-particle	5		ཕྱག་རྒྱ་དབྱེར་མེད་དོ། །
2581	terminal-particle	28		དེ་ཇི་ལྟར་སྐྱེ་ཞེ་ན། ལྟེ་བའི་དཀྱིལ་འཁོར་ཉིད་དུ་གནས་ནི་བཞི་སྟེ་པདྨའི་ཟེ་འབྲུ་ལས་ད
2582	terminal-particle	12		བློ་ཞེས་པ་ནི་ཕྱག་རྒྱ་ཆེན་པོའི་ཆོས་ཏེ་བརྟེན་པའོ། །
2583	terminal-particle	16		སངས་རྒྱས་རྣམས་ཀྱིས་བཏགས་པ་ནི་དགྱེས་པའི་རྡོ་རྗེའམ་གཞན་གྱིས་ཏེ་ཡུལ་དུའོ། །
2584	terminal-particle	16		རྫོགས་པའི་རིམ་པའི་རྣལ་འབྱོར་ནི་རྣལ་འབྱོར་པའམ། བདེ་བ་ཆེན་པོ་ནས་འབབ་པའོ། །
2585	terminal-particle	17		དེ་ཉིད་བཅོམ་ལྡན་ཤེས་རབ་ནི་ལྟེ་བ་ན་གནས་པ་སྟེ་ཡུམ་དུ་བྱས་པའོ། །
2586	terminal-particle	13		དེ་ནི་རིང་མིན་ལ་སོགས་པ་ནི་དེ་དག་ལས་འདས་པའོ། །
2587	terminal-particle	15		ལྷན་ཅིག་སྐྱེས་དགའ་བྱེད་པ་ནི་བདེ་བ་ཆེན་པོ་ལ་སོགས་པས་སོ། །
2588	terminal-particle	15		དེ་ལས་སྐྱེས་པ་ནི་མཚོན་བྱ་ལས་བྱུང་བའི་མཚོན་བྱེད་མྱོང་བས་སོ། །
2589	terminal-particle	15		རྣལ་འབྱོར་པས་དེའི་བདེ་བའི་བཟའ་བ་ནི་གཞན་ལ་མི་ལྟོས་པར་རོ། །
2590	terminal-particle	41		ཡང་ན་ག་བུར་ཉིད་ནི་བདག་མེད་མ་ལ་སོགས་པ་ཕྱག་རྒྱ་ཆེན་པོའི་སའི་དཀྱིལ་དང་། ནམ་མཁའི་དཀྱ
2591	terminal-particle	14		བདེ་བ་བདག་མེད་ཚུལ་ནི་བདེ་བའི་གཟུང༌[^1201]ལ་བདག་མེད་པར་རྟོགས་པའོ། །
2592	terminal-particle	11		དེའི༌[^1202]ཕྱག་རྒྱ་ཆེ་ནི་རྟེན་ཁྱད་པར་ཅན་དུ་མྱོང་བའོ། །
2593	terminal-particle	14		ལྟེ་བའི་དཀྱིལ་ནི་བརྟེན་པའི་དཀྱིལ་དང་ནམ་མཁའི་དཀྱིལ་དུ་གནས་པའོ། །
2594	ordinal-open	11		དང་པོ་དབྱངས་ཡིག་ནི་མ་ཏྲ་སྟེ། ཕྱི་མོའམ་ཐོག་མའོ། །
2595	terminal-particle	15		བློ་ཞེས་སངས་རྒྱས་རྣམས་ཀྱིས་བཏགས་ནི་བུདྡྷ་སྟེ་རྟོག་པ་ལས་འབྱུང་བའོ། །
2596	line-end	3		དེ་སྐད་དུ།
2597	verse-stanza	21		མ་ཞིག་ན་བར་གྱུར་ལ་བུ་ནི་མང་ཡོད་པ། །↵དེ་ཀུན་ཡིད་མི་བདེ་ཞིང་དེ་ལ་རིམ་གྲོ་བྱེད། །
2598	terminal-particle	24		དེ་བཞིན་ཕྱོགས་བཅུ་འཇིག་རྟེན་ཁམས་ཀྱི་སངས་རྒྱས་ཀྱང་། །ཡུམ་གྱུར་ཤེས་རབ་དམ་པ་འདི་ལ་ད
2599	line-end	10		དེ་ལས་སྐྱེས་པའི་རྣལ་འབྱོར་ནི་དེ་ཉིད་བསྒོམ༌[^1203]པའོ། །
2600	terminal-particle	17		དེ་ཉིད་བཅོམ་ལྡན་འདས་ཤེས་རབ་མ་ནི་ཡོན་ཏན་ཐམས་ཅད་སྐྱེད་པར་བྱེད་པའོ། །
2601	terminal-particle	18		དེའི་མཚན་ཉིད་དབྱིབས་དང་ཁ་དོག་ལ་སོགས་པ་ཡིན་ཏེ་རིང་མིན་ཐུང་མིན༌[^1204]ལ་སོགས་པའོ། 
2602	line-end	14		དེ་དང་ལྷན་ཅིག་ཅེས་བྱ་བ་ནི་དེར་སྐྱེས་པའི་ཡེ་ཤེས་སོ། །
2603	verse-stanza	19		བདེ་བ་བཞི་པ་ནི་ཟག་མེད་མཐར་ཐུག་པའོ། །↵གཟུགས་སོགས་གཉིས༌[^1205]ཀྱིས་སྤྱོད་པ༌[^1206]
2604	terminal-particle	12		དེའི་ཆོས་ཀྱི་འཁོར་ལོ་ལ་སོགས་པ་སྔ་མ་བཞིན་ནོ། །
2605	terminal-particle	11		མེ་ལོང་ཡེ་ཤེས་ནི་ཆོས་རྣམས་དེ་ལ་སྣང་བའོ། །
2606	terminal-particle	8		མཉམ་ཉིད་ནི་རོ་གཅིག་པར་རྟོགས་པའོ། །
2607	terminal-particle	14		སོ་སོར་རྟོག་པ་ནི་སེམས་ཅན་གྱི་དོན་གྱི་སྤྲུལ་པ་སྟོན་པའོ། །
2608	line-end	11		བྱ་བ་ནན་ཏན་ནི་བྱ་བ་ཐམས་ཅད་བསྒྲུབ་པའོ། །
2609	verse-stanza	13		ཆོས་དབྱིངས་ནི་དེས་ཀུན་ལ་ཁྱབ་པའོ། །↵ཇི་ལྟར་རིགས་པ་བཞིན་ནོ། །
2610	line-end	48		དེ་ལྟར་མཚན་ཉིད་བསྟན་ནས་ཆོས་བསྟན་པའི་ཕྱིར། །དེ་དང་ལྷན་ཅིག་ཕྱག་རྒྱ་ཆེ་ནི་རྟེན་དག་པ
2611	line-end	14		ད་ནི་ལུས་སྡོམ་པ་བསྟན་པའི་ཕྱིར། རྡོ་རྗེ་སྙིང་པོས་གསོལ་ཞེས་པའོ། །
2612	verse-stanza	19		འཁོར་ལོ་བསྒོམ་པ་ནི་སེམས་བསྐྱེད་པའི་ཐབས་ཏེ།↵དཀྱིལ་འཁོར་དང་འཁོར་ལོ་དང་རང་བྱིན་གྱིས
2613	terminal-particle	13		ལམ་དང་ཞེས་བྱ་བ་ནི་བསྐྱེད་པ་དང་རྫོགས་པའི་རིམ་པའོ། །
2614	terminal-particle	14		ལྷ་རྣམས་ཇི་ལྟར་ནི་ག་བུར་ཀུནྡ་བདེ་བ་རྣམས༌[^1208]ནམ་མཁའ་ལྟ་བུའོ། །
2615	terminal-particle	16		འབྱུང་བ་ཉིད་ནི་བསྐྱེད་པ་སྟེ་ཀུན་རྫོབ་དང་དོན་དམ་གྱི་སེམས་གཉིས་སོ། །
2616	terminal-particle	16		ཐམས་ཅད་བཅོམ་ལྡན་འདས་གསུངས་ནས། ཕྱག་རྒྱ་ཆེན་པོ་རྒྱས་བཏབ་པ་ཡང་གསུངས་པའོ། །
2617	line-end	7		སྡོམ་པ་བདག་ལ་བཤད་དུ་གསོལ། །
2618	verse-stanza	19		ཞེས་པ་ནི་དམ་ཚིག་གི་ཕྱག་རྒྱའི་ཚུལ་དུའོ། །↵བཅོམ་ལྡན་འདས་ཀྱིས་བཀའ་སྩལ་ནི་དེའི་ལན་དུ
2619	terminal-particle	15		རྣལ་འབྱོར་མ་ལུས་ནི་བདག་མེད་པར་བསྒོམ་པའོ།[^1209] །དབུས་གནས་ནི་ལྟེ་བར་རོ། །
2620	terminal-particle	12		ཨཾ་སྡོམ་པར་གནས་ནི་བདག་མའི་ཡི་གེའི་རྣམ་པས་སོ། །
2621	terminal-particle	19		ཇི་ལྟར་ཕྱི་རོལ་དེ་དེ་བཞིན་དུ་སྙིང་གར་དགྱེས་པའི་རྡོ་རྗེ་ཧཱུཾ་གི་རྣམ་པར་རོ། །
2622	terminal-particle	8		སྡོམ་པ་དེ་ཉིད་ནི་སྙོམས་འཇུག་གོ། །
2623	terminal-particle	16		རབ་ཏུ་ཕྱེ་བའམ་བཤད་པ་ནི་རྣམ་པ་སྣ་ཚོགས་ལ་སོགས་པར་དབྱེ་བའོ། །
2624	terminal-particle	16		བོ་ལའི་བདེ་བ་ནི་གསང་བའི་གནས་ཀྱི་ཡང་བསྐུལ་པའམ་ཧཱུཾ་དེ་ཉིད་དོ། །
2625	terminal-particle	17		ཕྱག་རྒྱ་ཆེན་པོར་ཕྱག་རྒྱ་དེ་ཉིད་ལ་སྦྱར་བའམ་སྔར་གྱི་དང་འདྲ་བས་སོ། །
2626	terminal-particle	18		རྡོ་རྗེ་སྐྱེ་མཆེད་ཐབས་ཉིད་ནི་ཧཱུཾ་ཞུ་བ་གསང་བའི་དབང་པོར་ཉམས་སུ་མྱོང་བའོ། །
2627	terminal-particle	13		འདིས་ནི་གསང་བའི་སྙོམས་འཇུག་ནི་ནང་གི་སྙོམས་འཇུག་གིས་སོ། །
2628	terminal-particle	16		ཕྱི་རོལ་གཉིས་བསྟན་པ་མེད་དམ་དེ་བཞིན་ནི་བདག་མེད་མར་བསྒོམ་པ་ལའོ། །
2629	terminal-particle	55		དེས་ནི་འདི་སྐད་བསྟན་པར་འགྱུར་ཏེ། ཕྱག་རྒྱ་ལ་བརྟེན་པར་ཕྱག་རྒྱ་ཆེན་པོ་ཇི་ལྟར་འགྲུབ་
2630	terminal-particle	43		དེ་ལྟར་སྙོམས་འཇུག་གི་སྡོམ་པ་བསྟན་ནས། ད་ནི་སྤྱིར༌[^1211]ལུས་ལ་གནས་བའི་སྡོམ་པ་བསྟན
2631	terminal-particle	15		ཚིག་རྐང་གཉིས་རྟེན་དང་བརྟེན་པའི༌[^1213]སྐུ་སྟེ་བདེ་བ་ཆེན་པོ་ཡང་ལྷག་མའོ། །
2632	terminal-particle	14		ཡང་ཚིག་རྐང་གཉིས་ཀྱིས་ནི་ལུས་ཅན་ཀུན་ལ་ཡོད་པར་བསྟན་པའོ། །
2633	terminal-particle	13		སྤྲུལ་པར་གནས་བརྟེན་པ་ལ་སོགས་པ་ནི་རྒྱུ་མཚན་བཤད་པའོ། །
2634	terminal-particle	33		ཨེ་ཝཾ་ལ་སོགས་པ་བསྟན་པས་དེ་བཤད་པ་ཡང་ལས་ཀྱི་རླུང་གིས་བསྐུལ་ཞེས་པ་ནི་མདོམས་བར༌[^121
2635	terminal-particle	14		བཅོམ་ལྡན་འདས་ཤེས་རབ་བརྗོད་ནི་བདག་མེད་མ་ཨཾ་གི༌[^1215]གཟུགས་ཅན་ནོ། །
2636	terminal-particle	11		ཇི་ལྟར་བྱས་པ་ནི་དཀའ་བའི་བྱ་བ་དུ་མའོ། །
2637	terminal-particle	21		དེ་བཞིན་སྤྱོད་ནི་ཡེ་ཤེས་རྟོག་པ་དང་འདྲེན་མ་དུ་མ་སྐྱེད་ཅིང་ཉམས་སུ་མྱོང་བའི་ཕྱིར་རོ
2638	terminal-particle	28		རྒྱུ་མཐུན་ཞེས་པ་ནི་རབ་ཏུ་གྲགས་ནི་རྒྱུ་མཚན་དེས་བསྒྲུབ་པོ། །ཡང་ལས་ཆུང་ཞེས་པ་ནི་རླུ
2639	terminal-particle	14		འབྲས་བུ་ཆེ་བ་ནི་ཡེ་ཤེས་རྩེ་གཅིག་པ་མྱོང་བའི་ཕྱིར་རོ། །
2640	terminal-particle	26		རྣམ་སྨིན་དེ་ལས་བཟློག་པ་ནི་རྒྱུ་འབྲས་ཆེ་ཆུང་བཟློག་པའམ་རྒྱུ་མཐུན་དང་མི་འདྲ་བར་བཟློ
2641	terminal-particle	22		དེ་ནས་སྐྱེས་བུར་འབྲེལ་ཏེ་མགྲིན་པ་ལོངས་སྤྱོད་ཀྱི་བདག་པོར་བྱེད་པར་འདོད་པས་སྐྱེས་བུ
2642	terminal-particle	10		དེར་ནི་རྣལ་འབྱོར་བདག་ཕྱིར་ནི་བདེ་ཆེན་དུའོ། །
2643	line-end	14		དྲི་མེད་ཉིད་ནི་གློ་བུར་བ་སྤངས་པ་སྟེ་བྲལ་བའི་འབྲས་བུའོ། །
2644	terminal-particle	59		གང་ཕྱིར་སྤྲུལ་པ་ལ་སོགས་པ་ནི་དེ་རྣམས་དང་ཆོས་མཐུན་དུ་བྱས་པའམ། འབྲས་བུ་སྐུ་གསུམ་ཡོང
2645	line-end	23		སྙིང་ག་དང་ཆོས་སྐུ་ཡང་ཆོས་ཐམས་ཅད་སེམས་ལས་བྱུང་བ་དང་། ཆོས་སྐུ་ཡང་ཐམས་ཅད་ཀྱི་རྟེན་བ
2646	verse-stanza	13		ཡོན་ཏན་བསམ་ཡས་ཀུན་རྟེན་ཕྱིར། །↵སྐྱོབ་པ་རྣམས་ཀྱི་ཆོས་སྐུར་བཞེད། །
2647	terminal-particle	3		ཅེས་གསུངས་སོ། །
2648	terminal-particle	50		མགྲིན་པ་དང་ལོངས་སྐུ་ཡང་རོ་དྲུག་ནི་མངར་བ་དང་། སྐྱུར་བ་དང་། ཁ་བ་དང་། ཚ་བ་དང་། བསྐ་
2649	terminal-particle	33		སྤྱི་བོ་བདེ་ཆེན་གྱི་སྐུ་ཡང་སྤྱི་བོར་བདེ་བ་ཁྱད་པར་དུ་འཕགས་པ་བདེ་བ་ཆེན་པོའི་སྐུ་ཡང
2650	terminal-particle	18		ཨེ་ཝཾ་རྒྱུ་མཐུན་ནི་ཨེ་སྟེ་སྤྲུལ་པ་ལ་སོགས་པ་ཨེ་ཝཾ་མ་ཡཱ་སྦྱར་རོ། །
2651	terminal-particle	69		ཕ་རོལ་ཕྱིན་པ་ལ་འབྲས་བུ་བཞི་སྟེ། འཁོར་ལོ་བཞི་དང་ཆོས་མཐུན་བསྟན་ཏེ། དང་པོར་རྒྱུ་མཐུ
2652	terminal-particle	52		རྣམ་པར་སྨིན་པའི་འབྲས་བུས་ནི་དེ་ལས་དགེ་མི་དགེ་ཅུང་ཟད་ལས་མ་འོངས་པའི་དུས་སུ་ལྷ་མིན་
2653	terminal-particle	38		སྐྱེས་བུ་བྱེད་པའི་འབྲས་བུ་ནི་རྐྱེན་གྱི་སྟོབས་ཀྱིས་གང་ནས་གང་དུ་འཕེལ་བ་སྟེ། བསླབ་པ
2654	terminal-particle	43		དྲི་མ་མེད་པའི་འབྲས་བུ་ནི་མི་མཐུན་པ་དང་འབྲེལ་པ་སྟེ། དཔེར་ན་སྨིན་པའི་འབྲས་བུས་ལོངས
2655	terminal-particle	47		ཉན་ཐོས་ལ་ཤེས་བྱ་སྡེ་པ་བཞི་དང་། ཤེས་བྱེད་སྡེ་པ་བཞི་སྟེ། དེ་ཡང་འཁོར་བཞིར་སྦྱར་བ་གན
2656	line-end	32		དགེ་འདུན་གཞི་ཐམས་ཅད་ཡོད་པར་སྨྲ་བ་ཁྲིམས་ལས་རེ་རེ་བཅས་པའི་གཞི་འདོད་པ་སྟེ། དཔེར་ན་ན
2657	verse-stanza	19		སྙིང་ག་ཆོས་ཐམས་ཅད་འབྱུང་བའི་གནས་གཞིའོ། །↵དགེ་འདུན་ཀུན་བཀུར་ནི་སྡེ་པ་ཀུན་གྱིས་བཀུ
2658	terminal-particle	13		དེ་བཞིན་དུ་བྱ་བ་ཐམས་ཅད་བྱས་ནས་མགྲིན་པར་བཀུར་བའོ། །
2659	terminal-particle	13		དགེ་འདུན་ཕལ་ཆེན་ནི་སྡེ་པ་གཞན་ལས་ཕལ་ཆེ་བས་ནའོ། །
2660	terminal-particle	15		བདེ་ཆེན་ཡང་འོག་མ་བས་བདེ་བ་ཟླ་བ་ཞུ་བ་ཕལ་ཆེ་བའོ། །
2661	terminal-particle	62		ཤེས་བྱ་ཡང་སྡུག་བསྔལ་བདེན་པ་ནི་འཁོར་བའི་ཕུང་པོ་ལྔ་ཡིན་ལ་དེ་ལ་སྐྱེ་བ་དང་། རྒ་བ་དང་
2662	terminal-particle	18		ཀུན་འབྱུང་གི་བདེན་པ་ནི་ལས་དང་ཉོན་མོངས་པ་སྟེ་དེ་ལ་སྡུག་བསྔལ་འབྱུང་བའོ། །
2663	terminal-particle	14		སྙིང་ག་ལ་ཆོས་དགེ་མི་དགེ་ཀུན་འབྱུང་བས་ཆོས་མཐུན་པས་སོ། །
2664	terminal-particle	12		འགོག་པའི་བདེན་པ་སྡུག་བསྔལ་རྒྱུ་དང་བཅས་པ་བཞི་པའོ། །
2665	line-end	17		སྤྱི་བོ་ཡང་མི་མཐུན་པ་ཐམས་ཅད་ཞི་ནས་གཉེན་པོར་གནས་པ་ཆོས་མཐུན་པའོ། །
2666	terminal-particle	22		ལམ་གྱི་བདེན་པ་ནི་འཕགས་པའི་ལམ་ཡན་ལག་བརྒྱད་དེ་དེས་མི་མཐུན་པ་རིང་དུ་སྤོང་བས་ལམ་མོ། 
2667	terminal-particle	12		མགྲིན་པར་ཡང་མི་མཐུན་པའི་རིང་དུ་སྤོང་བས་ལམ་མོ། །
2668	terminal-particle	29		ཡང་འཇིག་རྟེན་པའི་ཆོས་དགོད་པ་དང་། བལྟ་བ་དང་། འཁྱུད་པ་དང་། གཉིས་སྦྱོར་བ་ཡེ་ཤེས་དང་
2669	terminal-particle	21		དེ་བཞིན་དུ་དགའ་བ་དང་། སྐད་ཅིག་མ་རྒྱུད་བཞི་དང་། རིགས་བཞི་དང་བཞི་བཞིར་བསྡུས་ལ་སྦྱར
2670	line-end	14		དེ་ཡང་། དགྱེས་པའི་རྡོ་རྗེ་ཡིས་ནི་བདེ་མཆོག་འཁོར་ལོ་དང་། །
2671	verse-stanza	18		དེ་བཞིན་དུ་ནི་རྡོ་རྗེ་གདན་བཞི་དང་། །↵བཞི་བཞི་པ་ནི་ཐམས་ཅད་ཤེས་པར་འགྱུར། །
2672	terminal-particle	21		ཞེས་གསུངས་པས་ཀུན་དུ་སྦྱར་བས་རྒྱུ་མཚན་ཅི་རིགས་པར་བྱའོ།[^1217] །ཕྱི་རོལ་གྱི་ཞེན་པ་
2673	terminal-particle	60		དེ་དག་གིས་ནི་སེམས་དང་ལུས་རྫོགས་པའི་སངས་རྒྱས་སུ་བསྟན་ནས། ད་ནི་ས་བཅུ་པའི་སངས་རྒྱས་
2674	terminal-particle	14		སངས་རྒྱས་ཉིད་དུ་ཐེ་ཚོམ་མེད༌[^1218]ནི་དོན་ལ་སྐྱེ་བ་དག་པས་སོ། །
2675	terminal-particle	16		ཅིས་ཤེ་ན་ཟླ་བ་བཅུར་ནས་རྣམས་ཕྱིར་ནི་དག་པ་ཡིན་པའི་ཕྱིར་རོ། །
2676	terminal-particle	13		སེམས་ཅན་ས་བཅུའི་དབང་ཕྱུག་ནི་དེ་ལས་མཛད་པ་འབྱུང་བའོ། །
2677	line-end	13		གང་དག་ཅེ་ན། དེ་ལ་ལྟེ་བ་གནས་སུ་བརྗོད་དུ་འབྲེལ་ཏེ།
2678	verse-stanza	18		གནས་ནི་རྒྱལ་བའི་གནས་དགེ་འདུན་གྱི༌[^1219]གནས་ལྟ་བུའོ། །↵སྐྱེ་གནས་ནི་མངལ་ལམ་ཆོས་འབ
2679	terminal-particle	15		འདོད་ཆགས་བྲལ་བ་འབྱུང་ནི་བཙུན་མོ་ནང་ནས་འབྱུང་བའི་བར་དུ་བྱུང༌[^1220]བའོ། །
2680	terminal-particle	28		མངལ་གྱི་ཁྲུ་མ་ཆོས་གོས་ཀྱི་གཙོ་བོ་ཙི་བ་རའོ།[^1221] །དེ་བཞིན་མ་ནི་མཁན་པོ་ཉིད་ནི་མཁ
2681	terminal-particle	11		མགོ་བོ་ཐལ་མོ་སྦྱར་བ་ནི་སྐྱེ་བའི་དུས་ནའོ། །
2682	terminal-particle	5		ཕྱག་ནི་དེར་ཞེས་བྱའོ། །
2683	terminal-particle	12		འགྲོ་བའི་བྱ་བ་ནི་སྐྱེ་གནས་ཐ་མལ་གྱི་བྱ་བའོ། །
2684	terminal-particle	9		ཁྲིམས་ནི་སིན་ཁྱ་སྟེ་བསླབ་པའི་རིམ་པའོ། །
2685	line-end	12		གནས་ནི་བནྡྷན་ཛ་སྟེ། སྟོན་པའི་ཚིག་གམ་ནོད་པའི་གནས་སོ། །
2686	verse-stanza	19		དེ་བཞིན་ཨ་ཧཾ་ཐོག་མ་ཉིད་ནས་སྐད་འདོན་པའོ། །↵སྔགས་བཟླས་ནི་ཨཱ་ལི་ཀཱ་ལི་བསྡུས་པའོ། །
2687	line-end	4		གང་དུ་ཞེ་ན།
2688	verse-stanza	26		སྐྱེ་གནས་འཁོར་ལོ་ནི་ལྟེ་བར་རོ། །↵རྣམ་པ༌[^1222]ཨ་ནི་ཨཾ་ཡིག་གོ། །↵བདེ་ཆེན་གྱི་ཡང་ན
2689	terminal-particle	16		གཅེར་བུ་སྐྲ་དང་ཁ་སྤུ་བྲེགས་ནི་ཐོག་མ་ཉིད་ནས་དགེ་སློང་ཉིད་དོ། །
2690	line-end	15		ཁྱད་པར་ནི་ཅི་ཞེ་ན། གོང་གི་ཨ་ཧཾ་དང་ལྡན་པས་སྔགས་སྐྱེས་པའོ། །
2691	terminal-particle	25		ད་ནི་རྫོགས་པའི་སངས་རྒྱས་སུ་བསྟན་པས་སྐྲག་པའི་ཐེ་ཚོམ་དུ་གྱུར་པས་ནི་དེ་ནས་རྣལ་འབྱོར
2692	line-end	20		དེ་ནས་དེ་དབུགས་དབྱུང་བར་བྱ་བའི་ཕྱིར་ཡང་རྡོ་རྗེ་ཅན་གྱིས་ནི་དགྱེས་པའི་རྡོ་རྗེས་སོ།
2693	verse-stanza	29		ལྷ་མོ་ཐམས་ཅད་གཟིགས་ནས་ནི་འགྱེལ་བ་རྣམས་སོ། །↵བསླང་བའི༌[^1223]ཕྱིར་ནི་དྲན་པ་རྙེད་ན
2694	terminal-particle	30		ཅི་ཞེ་ན། ཁི་ཏོ་ཛ་ལ་སོགས་པ་མིང་ཁྱད་པར་ལྡན་པ༌[^1224]ལ་སོགས་པ་བསྡུས་པའི་ལྷ་མོ་སྤྱན་
2695	terminal-particle	25		གང་ཞིག་སུས་ཀྱང་མི་ཤེས་པ་ནི་བྱང་ཆུབ་སེམས་དཔས་ཀྱང་ངོ་། །དེ་ཉིད་ང་ཡིས་སྤྲོ་ཡི༌[^122
2696	terminal-particle	15		བཅོམ་ལྡན་འདས་ཀྱི་གསུང་ནི་ལྷ་མོ་དག་ལ་བསྟོད་པ་དེ་དག་གོ། །
2697	terminal-particle	15		རྨི་ལམ་ལྟ་བུར་ཐོས་ནས་བརྒྱལ་བའི་སྐབས་སུ་ཡང་ཡང༌[^1226]དུ་དྲན་པས་སོ། །
2698	terminal-particle	13		ཐམས་ཅད་སྲོག་རྙེད་བར་འགྱུར་ནི་བརྒྱལ་བ་ཅུང་ཟད་སངས་པའོ། །
2699	terminal-particle	23		ད་ནི་དབུགས་གཉིས་པ་དབྱུང་བའི་ཕྱིར། བཅོམ་ལྡན་འདས་ཀྱིས་བཀའ་སྩལ་པ་ནི་དྲན་པ་ཅུང་ཟད་རྙ
2700	terminal-particle	15		བཅོམ་ལྡན་འདས་ཀྱིས་གསུངས་པ་ནི་ལྷ་མོ་དག་ལ་བསྟོད་པ་དག་གོ། །
2701	terminal-particle	15		སེམས་ཅན་རྣམས་ནི་སངས་རྒྱས་ཉིད་ནི་སྟོང་པ་ཉིད་ནི་རྟོགས་པས་སོ། །
2702	terminal-particle	19		འོན་ཀྱང་གློ་བུར་དྲི་མས་བསྒྲིབས་ནི་སྟོང་པ་སངས་རྒྱས་ཀྱི་རང་བཞིན་ཡིན་ཡང་སྒྲིབ་པའོ། 
2703	terminal-particle	19		དེ་ཉིད་བསལ་ནས་སངས་རྒྱས་ཀྱི་སྒྲིབ་པ་དེ་ཉིད་བདག་མེད་པར་གསལ་བའི་སངས་རྒྱས་སོ། །
2704	terminal-particle	12		ལྷ་མོས་གསོལ་བ་ནི་དྲན་པ་བརྟན་པར་གྱུར་ནས་སོ། །
2705	terminal-particle	19		བཅོམ་ལྡན་འདས་དེ་དེ་བཞིན་ཏེ་སེམས་ཅན་གྱི་སེམས་བདག་མེད་པའི་དབང་དུ་བྱས་པའི་ཚེའོ། །
2706	terminal-particle	6		བདེན་ཏེ་ནི་དོན་དམ་དུའོ། །
2707	terminal-particle	24		བརྫུན་པ་མ་ལགས་ནི་ཀུན་རྫོབ་ཐབས་ཀྱི་དབང་དུ་བྱས་པས་སོ།[^1227] །ཡང་ན་བཅོམ་ལྡན་འདས་ཀྱ
2708	line-end	24		ད་ནི་དབུགས་གསུམ་པ་དབྱུང་བའི་ཕྱིར་བཅོམ་ལྡན་འདས་ཀྱིས་བཀའ་སྩལ་པ༌[^1228]ནི་ལྷ་མོ་དག་
2709	verse-stanza	12		བདེ་བའི་ཉམས་བསྐྱེད་པའི་ཕྱིར་རོ། །↵མི་ཤེས་བཙན་དུག་ཏུ་དཔེའོ། །
2710	terminal-particle	15		རྨོངས་སྤངས་དེ་ཉིད་ཀྱིས༌[^1229]ཞེས་པ་ནི་དཔེ་ལས་འབྱུང་བ་སྔར་གྱི་བདག་པོའོ། །
2711	terminal-particle	21		དེའི་མྱ་ངན་ཡོངས་སུ་གཅོད་ནི་སྟོང་པར་རྟོགས་པས་དབུགས་གཉིས་པ་ཕྱུང༌[^1230]ན་ཞེས་བྱ་བའ
2712	terminal-particle	5		དེ་བཞིན་དཔེ་ལྟར་རོ། །
2713	terminal-particle	11		ཞི་བའམ་ཐར་པ་ནི༌[^1231]བདག་མེད་པ་དཔེ་ལས་བྱུང་བའོ། །
2714	terminal-particle	6		ཐབས་ཤེས་རབ་ནི་བདེ་བའོ། །
2715	terminal-particle	14		དགྱེས་པའི་རྡོ་རྗེ་ལ་སོགས་པ༌[^1232]ནི་ལྷན་ཅིག་སྐྱེས་པའི་རོར་བྱས་པའོ། །
2716	terminal-particle	12		མ་རིག་པ་ལ་སོགས་པ་ནི་ཉོན་མོངས་པའི་སྒྲིབ་པའོ། །
2717	terminal-particle	9		གཏི་མུག་ལ་སོགས་པ་ནི་ཤེས་བྱའི༌[^1233]སྒྲིབ་པའོ། །
2718	terminal-particle	18		ཡང་ན་མ་རིག་པ་ལ་སོགས་པས་མི་འཛིན་ནི་སྔར་བདག་མེད་པར་བྱས་པས་སོ། །
2719	terminal-particle	15		གཏི་མུག་ལ་སོགས་པས་མི་འཆིང་ནི་ལྷན་ཅིག་སྐྱེས་པའི་བདེ་བས་སོ། །
2720	terminal-particle	15		རང་དང་རང་གི་བྱང་ཆུབ་ཕྱིར་ནི་གཉུག་མའི་ཡེ་ཤེས་ཡིན་པས་སོ། །
2721	terminal-particle	19		སངས་རྒྱས་མ་ཡིན་སེམས་ཅན་ནི། །ཞེས་པ་ནི་ལྷན་ཅིག་སྐྱེས་གཉིས་ལས་གཞན་པའི་ལུས་སེམས་སོ། 
2722	terminal-particle	17		གཅིག་ཀྱང་ཡོད་པ་མ་ཡིན་ནི་བདེ་ཆེན་དང་ལྡན་པའི་སངས་རྒྱས་འབའ་ཞིག་གོ། །
2723	terminal-particle	27		འོ་ན་དམྱལ་བ་ལ་སོགས་པ་ཅི་ཞེ་ན། དེའི་ཕྱིར་རྟག་ཏུ་རང་བཞིན་བདེ་བ་ཅན་ནི་གཉུག་མར་ལྡན་པ
2724	terminal-particle	45		འོ་ན་ལྷ་ལ་སོགས་པས་མྱོང་ཞིང་ཤེས་སོ་ཞེ་ན། །དེའི་ཕྱིར་ལྷ་དང་ལྷ་མིན་ཞེས་པ་ནི་བདེ་བ་མ
2725	terminal-particle	33		དེ་དག་བསྡུ་བའི་ཕྱིར་འཇིག་རྟེན་ཁམས་ནི་ལ་སོགས་པའི་རྡོ་རྗེ་སྙིང་པོ་སྙིང་རྗེ་ཆེ་ནི་ལ
2726	terminal-particle	12		ཀྱེའི་རྡོ་རྗེའི་ཐབས་རྙེད་ནི་དབུགས་དབྱུང་གསུམ་པ་ལྟར་རོ། །
2727	line-end	12		ཡུལ་རྣམས་ནི་གཟུགས་ལ་སོགས་པ་འདོད་པའི་ཡོན་ཏན་ནོ། །
2728	verse-stanza	14		རྣལ་འབྱོར་ནི་བདག་མེད་པས་སོ། །↵བླ་མེད་རྙེད་ནི་བདེ་བའི་རོས་སོ། །
2729	line-end	99		ད་ནི་སྔར་བསྟན་པའི་ཕྱག་རྒྱ་ངེས་པའི་རྒྱུ་མཚན་བཤད་པའི་ཕྱིར། རྡོ་རྗེ་སྙིང་པོས་གསོལ་ཞ
2730	verse-stanza	13		སེམས་སྤངས་ནས་ནི་ལུས་ཀྱི་ནི། །↵མཛེས་པ་གཞན་དུ་མི་འགྱུར་རོ། །
2731	terminal-particle	17		ཞེས་པ་ནི་བྱིན་གྱིས་བརླབ་བྱ་དང་རློབ་བྱེད་ཀྱི་དབང་དུ་བྱས་ཏེ་གསུངས་སོ། །
2732	line-end	35		ཡང་། སེམས་སྤངས་ནས་ནི་ལུས་ཀྱི་ནི། །ཞེས་པ་སྔ་མ་དང་གཉིས་ཀ་ལ་རྩ་བའི་ཚིག་བསྒྱུར༌[^123
2733	verse-stanza	12		རྡོ་རྗེ་སྙིང་པོས་གསོལ་པ། །↵མེ་ནི་གདོལ་བ་མོར་བཤད་དེ། །
2734	line-end	34		ཞེས་པ་ནི་འདོད་ཆགས་ཀྱི་ཕྱག་རྒྱར་རིགས་པ་ལས་རིན་ཆེན་འབྱུང་ལྡན་གྱི་ཕྱག་རྒྱར་ཇི་ལྟར་འ
2735	verse-stanza	19		སེར་སྣ་དང་ཤ་རྒྱུ༌[^1236]འབྲས༌[^1237]ཡིན་པའི་ཕྱིར་རོ། །↵རྡོ་རྗེ་སྙིང་པོས་གསོལ་པ།↵
2736	terminal-particle	66		ཅེས་པ་ནི་གཡུང་མོ་ལ་ཕྲག་དོག་གི་ཕྱག་རྒྱས་རིགས་པ་ཡིན་ནོ་ཞེ་ན། འདོད་ཆགས་ཀྱི་ཕྱག་རྒྱས
2737	terminal-particle	28		རོ་ལངས་མ་དང་གྷ་སྨ་རཱི་ཡང་རྒྱུ་ལ་འབྲས་བུས་རྒྱས་གདབ་པ་དང་། འབྲས་བུ་ལ་རྒྱུ་ཡིས་རྒྱས
2738	terminal-particle	27		དེ་ནས་གཏོར་མ་བསྟན་པའི་ཕྱིར་དགྱེས་པའི་རྡོ་རྗེ་ནི་གྱུར༌[^1238]མ་ཐག་པ་དེའམ། རྡོ་རྗེ
2739	terminal-particle	8		སྙོམས་འཇུག་གནས་པ་ནི༌[^1239]དགྱེས་པའི་རྡོ་རྗེའོ། །
2740	terminal-particle	14		ལྷ་ཉིད་ནི་ལུས་ལས་འབྱུང་བ་སྟེ་ཞུ་བ་དང་བཅས་པ་ལའོ། །
2741	terminal-particle	12		སེམས་ཅན་དོན་ཕྱིར་ནི་འཆད་པར་འགྱུར་བའི་ཕན་ཡོན་ནོ། །
2742	terminal-particle	14		གཏོར་མ་ཆེ་ནི་བ་ལིཾ་སྟེ་སྟོབས་སམ་ནུས་པ་དང་ལྡན་པའོ། །
2743	terminal-particle	10		བདག་མེད་མས་ཞུས་པ་ནི་གཞན་གྱི་དོན་དུའོ། །
2744	terminal-particle	37		ཨེ་ཝཾ་རྣམ་པར་བཞུགས་ནི་སྙོམས་འཇུག་གི་ཚུལ་ལམ། ཨེ་ཝཾ་ངེས་བཞུགས་ནི་སྔོན་བྱུང་དང་རྗེས
2745	terminal-particle	25		རྗེས་སུ་འཇུག་པ་ནི་སྒྲུབ་པ་དང་མགྲོན་ཏེ། ཆོས་འབྱུང་གི་ནང་གི༌[^1240]པདྨ་སུམ་བརྩེགས་
2746	terminal-particle	6		འདབ་མ་ལ་མགྲོན་དམིགས་པར༌[^1243]བྱའོ། །
2747	terminal-particle	17		ཡང་གཏོར་མ་ཨེ་ཝཾ་སྟེ་རླུང་དང་མེ་དང་ཐོད་པར་སྦྱར་བ་ལ་སོགས་པའོ། །
2748	terminal-particle	16		བྱིན་གྱིས་རློབ་པའི༌[^1244]ཚེ། ཨཾ་ཧཱུཾ་ཨེ་ཝཾ་གྱི་བརྡས་ཤེས་རབ་དང་ཐབས་སུ་བྱས་པའོ། །
2749	terminal-particle	6		གཞན་དག་ནི་དེ་བཞིན་ནོ། །
2750	line-end	22		དེའི་དོན་ནི་འདི་ཡིན་ཏེ། གཏོར་མ་སྔར་བཤད་པའི་བདུད་རྩི་སྦྱངས་པས་བསྒྲུབས༌[^1245]ནས་ཆ
2751	verse-stanza	24		པདྨ་འདབ་མ་སུམ་བརྩེགས་བསམ། །↵དཀར་དང་སྔོ་དང་དམར་བ་སྟེ། །↵སྟེང་དུ་ཨོཾ་ལས་ཚངས་ལ་སོགས
2752	verse-stanza	22		འོག་ཏུ་ཨཱཿལས་མཐའ་ཡས་སོགས། །↵པདྨའི་མདོག་བཞིན་བསྐྱེད་པར་བྱ། །↵རང་བཞིན་སྤྱན་དྲང༌[^1
2753	verse-stanza	25		སྟེང་ལ་རྟག་པ་མི་བསྐྱོད་དབུས། །↵འོག་མ་སྣང་བ་མཐའ་ཡས་མཚན། །↵ལྗགས་ལ་རྡོ་རྗེར་བརླབས་ལ
2754	verse-stanza	19		རིམ་པ་བཞིན་དུ་བསྔོ་བའོ། །↵ཕན་ཡོན་གཉིས་ཏེ་རེ་ཞིག་དང་། །↵རྒྱུན་དུ་བྱིན་པའི་ཕན་ཡོན་
2755	terminal-particle	28		ཡང་སྔར་ནི་ཕྱག་རྒྱའི་ངེས་པ་བསྒྲུབ་པ་ལས་མཁའ་སྤྱོད་མ་ལ་སོགས་པ་རིགས་གསུམ་དུ་བྱ་བ་དང་
2756	line-end	3		ལེའུ་བཞི་པའོ།། །།
2757	terminal-particle	37		ད་ནི་ཧེ་རུ་ཀ་ཕྱག་བཅུ་དྲུག་པ་ལས༌[^1247]གསུངས་པ།[^1248] དེའི་སྒྲུབ་ཐབས་བཤད་པར་ཞུས་
2758	terminal-particle	21		དཔའ་བོ་ཐོད་པའི་ཕྲེང་བ་ཅན་ནི་མི༌[^1249]མགོ་ལྔ་བཅུའི་ཕྲེང་བ་འཕྱང་སྟེ་འདུ་བྱེད་ལྔ་བ
2759	terminal-particle	11		གཞན་དག་ནི་རྣམ་པར་དག་པ་སྔར་བཤད་ཟིན་ཏོ། །
2760	terminal-particle	18		བཅོ་ལྔས༌[^1250]ཡོངས་སུ་བསྐོར་བའི་བདག་གི་འཁོར་ལོ་ཁྱེད་ཀྱིས་བཤད་ནི་ལེའུ་བརྒྱད་པར་ག
2761	terminal-particle	9		ཁྱོད་ཀྱི་དཀྱིལ་འཁོར་ཇི་ལྟར་ལགས། །ཞེས་དྲིས་པའོ། །
2762	terminal-particle	24		བདག་མེད་མ་ལ་འོ་མཛད་ནས། །ཞེས་བྱ་བ་ལ་སོགས་པ་ནི་ཞེ་སྡང་ཅན་དང་ཆགས་པ་ཅན་འདུལ་བའི་དོན་
2763	line-end	44		འཁོར་ལོ་ཇི་ལྟར་སྔར་གསུངས་པ། །ཞེས་པའི་དོན་འདིར་སྒྲུབ་པའི་ཐབས་ནི་སྒྲུབ་པ་པོས་གནས་ག
2764	verse-stanza	12		འཁོར་ལོ་ས་དང་ཆུ་ནི་སྔོན། །↵ཇི་ལྟར་རིགས་པར༌[^1251]བྱིན་ཟ་ཡི། །
2765	terminal-particle	51		ཞེས་ལེའུ་བརྒྱད་པ་ལྟར་བསྒོམས་ལ། ཁྱད་པར་ནི་འཕར་མ་གཅིག་པ་ལ་སོགས་པ་དང་ལྡན་པའི་རྗེས་ལ
2766	line-end	5		དེ་སྐད་དུ་ཡང་།
2767	verse-stanza	25		མི་མཉམ་མེད་པས་གྲུ་བཞི་སྟེ། །↵དྲན་པས་དབང་པོ་སྒོ་བཞི་ཡིན། །↵རྣམ་ཐར་བརྒྱད་ཀྱི་ཀ་བ་ས
2768	verse-stanza	25		བསམ་གཏན་བཞི་ཡི་རྟ་བབས་ཅན། །↵འདོད་པའི་ཡོན་ཏན་ལྔ་ཡིས་སྤྲས། །↵ཉོན་མོངས་ཆེ་ཆུང་རྣམ་ད
2769	verse-stanza	25		ཁམས་གསུམ་བདག་ནི་མེད་པ་ཡི། །↵དུར་ཁྲོད་བརྒྱད་ཀྱིས༌[^1253]ཉེ་བར་མཛེས། །↵ཚངས་པ་ལ་སོག
2770	terminal-particle	20		རྟེན་གྱི་རྣལ་འབྱོར་དྲོད་གཤེར་ལས་སྐྱེས་པ་དང་མཐུན་པ་རྣམ་པར་སྣང་མཛད་ཀྱི་རྣམ་པར༌[^12
2771	line-end	31		དེ་ནས་འདོད་ཆགས་ཆེན་པོ་རྗེས་ཆགས་ཞེས་བྱ་བ་ཤློ་ཀ་གཅིག་སྦྱར་ཏེ། དེ་ལ་དབུས་སུ་ང་ཡོད་ཅ
2772	verse-stanza	18		ཨཱ་ལི་ཟླ་བ་ཀཱ་ལི་ཉི། །↵ས་བོན་ནང་དུ་སོན་གྱུར་པ། །↵དེ་ཉིད༌[^1255]སེམས་དཔའ་ཞེས་བྱར་
2773	line-end	7		ནམ་མཁའི་དཀྱིལ་འཁོར་ཁྱབ་པ་ནི།[^1256] །
2774	verse-stanza	25		རང་གི་ལུས་མཚུངས་རྣམ་པར་སྤྲོ། །↵བསྡུས་ནས་སྙིང་གར་དགུག་པ་ནི། །↵ཡོ་གི་ཞེ་སྡང་བདག་ཉི
2775	verse-stanza	25		ཟླ་བ་མེ་ལོང་ཡེ་ཤེས་ལྡན། །↵བདུན་གྱི་བདུན་པ་མཉམ་ཉིད་ལྡན། །↵རང་ལྷའི་ས་བོན་ཕྱག་མཚན་ན
2776	verse-stanza	12		དེ་རྣམས་གཅིག་གྱུར་བྱ་ནན་ཏན། །↵རྫོགས་པ་ཆོས་དབྱིངས་དག་པའོ། །
2777	line-end	56		ཞེས་པ་རྡོ་རྗེ་འཆང་སྐུ་མདོག་དཀར་པོ་གོང་དུ་གསུངས་པ་དང་། འོག་ནས་འཆད་པའི་ཕྱག་མཚན་ལ་ས
2778	line-end	3		དེའི་རྗེས་ལ།
2779	verse-stanza	14		གྲོང་ཁྱེར་ཉམས་དགར་ཁྱོད་དང་ང་། །↵དགའ་བས་ཤིན་ཏུ་རོལ་པ་ལས། །
2780	line-end	5		ཞེས་སྦྱར་ཏེ། དེ་ཡང་།
2781	verse-stanza	13		དང་པོ་སྐྱེས་བུ་བསམ་དེ་ནས། །↵མཁའ་འགྲོ་མ་ཡི་འཁོར་ལོ་སྤྲོ། །
2782	terminal-particle	29		ཞེས་གསུངས་ཏེ་འཁོར་རྗེས་སུ་མཐུན་པའི་བྱང་ཆུབ་པ་ལྔས༌[^1257]མངལ་སྐྱེས་ཀྱི་སྒོང་སྐྱེས
2783	line-end	74		དེའི༌[^1258]དོན་ནི་སྙིང་ག་ནས་འོད་འཕྲོས་སངས་རྒྱས་དང་བྱང་ཆུབ་སེམས་དཔའ་བཀུག་ནས་ཞལ་ད
2784	verse-stanza	20		དཀར་མོ་དབང་པོའི་ཕྱོགས་ཕྱུང་ནས། །↵ཞེས་བྱ་བ་ལ་སོགས་པ་སྦྱར་རོ། །↵རླུང་གི་མཚམས་སུ་གཡ
2785	terminal-particle	47		ཞེས་པའི་མཐར་ཏེ། རླུང་མཚམས་ནི༌[^1261]ཉི་མའི་སྟེང༌[^1262]ན་ཐགས༌[^1263]བཟངས་རིས་མནན
2786	terminal-particle	7		གཞན་ལ་ཡང་དེ་བཞིན་སྦྱར་རོ། །
2787	line-end	3		དེ་སྐད་དུ།
2788	verse-stanza	13		ཟླ་བ་ཉི་མའི་རབ་དབྱེ་བས། །↵དཀར་མོ་ལ་སོགས་རབ་ཏུ་གྲགས། །
2789	quote-close	3		ཞེས་གསུངས་སོ། །
2790	quote-open	16		དེ་ལྟར་འཁོར་བསྐྱེད་ནས་གཙོ་བོ་འགྱུར་བ་ནི། དེ་ནས་རྡོ་རྗེ་ཆགས་ཆེན་ལས། །
2791	line-end	39		རིག་མ་བཅས་པར་ཞུ་བར་འགྱུར།[^1265] །ཞེས་པ་སྟེ། རྒྱུའི་འགྱུར་བ་ནི་སྔར་གྱི་ཐིག་ལེ་བྱ
2792	verse-stanza	19		དེ་ནས་རྐྱེན་གྱིས་འགྱུར་བ་ནི། །↵སྣ་ཚོགས་གླུ་ཡི་མཆོད་པ་ལས། །↵དེ་ནས་ལྷ་མོ་རྣམས་ཀྱིས
2793	terminal-particle	57		ཞེས་པ་སྟེ་མཚམས་ཀྱི་ལྷ་མོས་བསྐུལ་ཏེ་ཆོས་ཅན་རྣམ་པར་དག་པ་འབྱུང་བ་བཞིས་འབྲས་བུ་བསྐྱེ
2794	terminal-particle	15		རྗེ་བཙུན་ཞེས་བྱམས་པ་ཆེན་པོ་པུཀྐ་སཱིའི་གླུ་སྟེ་སྲི་ཞུས་བོད་པའོ། །
2795	terminal-particle	13		སྙིང་རྗེའི་ཡིད་ཀྱིས་བཞེངས་ཤིག་པ་སྟེ་ཐིག་ལེ་ལས་བསྐུལ་བའོ། །
2796	terminal-particle	13		པུཀྐ་སཱི་ནི་བདག་ལ་སྐྱོབས༌[^1268]ནི་སེམས་ཅན་གྱི་དོན་མཛོད་ཅིག་པའོ། །
2797	terminal-particle	20		སྟོང་པའི་རང་བཞིན་ཉིད་སྤོངས་ལ་ནི་ཐིག་ལེ་སྟོང་པ་དང་འདྲ་སྟེ་གཞན་དོན་མི་ནུས་པའོ། །
2798	terminal-particle	17		བདག་ལ་བདེ་ཆེན་སྦྱོར༌[^1269]ནི་གཞན་དོན་ལ་བསྐུལ་བ་སྟེ་གཞན་བདེ་བས་བདག་བདེ་བའོ། །
2799	line-end	35		ཁྱོད་མེད་ན་ནི་བདག་འགུམ་པས། །ཞེས་པ་སྙིང་རྗེ་ཆེན་པོ་ཤ་བ་རཱིའི་གླུ་སྟེ་བདག་གི་སྲོག་
2800	verse-stanza	11		ཀྱེའི་རྡོ་རྗེ་ཞེས་བོད་པའོ། །↵སྟོང་པ་སྔ་མ་དང་འདྲའོ། །
2801	terminal-particle	12		རི་ཁྲོད་མ་འབྲས་བསྒྲུབ་པ་ནི་གཞན་དོན་མཛོད་ཅིག་པའོ། །
2802	line-end	32		དགའ་གཙོ་ཞེས་པ་ནི་དང་བའི་དགའ་བའི་གླུ་སྟེ། ཁྱེད་དང་པོ་སེམས་བསྐྱེད་ཙམ་ན་སེམས་ཅན་མགྲ
2803	terminal-particle	26		འོ་ན་རང་གིས་གཞན་དོན་བྱས་མོད་ཅེ་ན། ཁྱོད་མེད་ན་ནི་ཕྱོགས་མི་ཁུམས། །ཞེས་པ་སྟེ་བདག་གི
2804	terminal-particle	7		དེའི་ཕྱིར་བདག་ཞུ་བར་བགྱིད་པའོ། །
2805	quote-close	40		མིག་འཕྲུལ་ལྟ་བུར་ཞེས་བྱ་བ་ཤློ་ཀ་གཅིག་སྦྱར་ཏེ། བཏང་སྙོམས་གཡུང་མོའི་གླུ་སྟེ། ཁྱེད་
2806	terminal-particle	29		དེའི་འཐད་པ་གཡུང་མོ་བདག་ཉིད་དྲན་ཉམས་ནི་གྲོང་ཁྱེར་ཆེན་པོའི་མི་ཞེས་བྱ་སྟེ། སྙིང་རྗེ
2807	terminal-particle	107		དེའི་རྗེས་སུ། ཨཾ་དང་ཧཱུཾ་གིས་རྡོ་རྗེ་ཆེ། ཞེས་བྱ་བ་ཤློ་ཀ་གཅིག་སྦྱར་ཏེ་འབྲས་བུ་ཧེ་
2808	terminal-particle	13		དེ་ལས་སྐུར་བཞེངས་པ་ནི་ཆོས་ཀྱི་དབྱིངས་ཀྱི་ཡེ་ཤེས་སོ། །
2809	terminal-particle	14		དེའི་མོད་ལ་ཞབས་རྣམས་ས་ལ་བརྡབས་པ་ལ་སོགས་པར་གྱུར་ཏོ། །
2810	terminal-particle	22		འདིར་ཐིག་ལེ་གཉིས་བྱས་ལ་ཡུམ་ཡང་འགྲན་ཐུབ་ཏུ་བསྐྱེད་དེ་བདག་མེད་མ་གཙོ་བོ་ཡིན་པའི་ཕྱི
2811	terminal-particle	16		ཞལ་བརྒྱད་པ་ལ་ཞབས་བཞི་ཞེས་སྦྱར་ཏེ་རྣམ་དག་ཕལ་ཆེར་སྔར་བཤད་དོ། །
2812	terminal-particle	11		སྣ་ཚོགས་རྡོ་རྗེ་ནི་མི་བསྐྱོད་པའི་རིགས་མཚོན་པའོ། །
2813	terminal-particle	14		ཐལ་བས་ལུས་ལ་བྱུགས་པ་ནི་དྲུག་པ་རྡོ་རྗེ་འཆང་གི་དག༌[^1272]པའོ། །
2814	terminal-particle	14		དབའ་རླབས་མེད་པའི་བདེ་བ་ཞེས་པ་ལྷན་ཅིག་སྐྱེས་པའི་ངོ་བོའོ། །
2815	line-end	19		དེའི་རྗེས་ལ་གླང་པོ་རྟ་བོང་ཞེས་སྦྱར་ཏེ། གློ་དང་དབུགས་དང་དེ་བཞིན་སྨྱོ། །ཁྲག་སྐྱུག༌
2816	verse-stanza	24		མཆེར་པ་མཆིན་པར༌[^1275]རང་གཟུགས་ནི། །↵གོ་རིམས་བཞིན་དུ་སྤོང་ཕྱིར་རོ། །↵ཕྲ་བ་ཡང་བ་མ
2817	verse-stanza	13		གང་ཡང་ཕྱིན་ཅིང་འདོད་དགུར་ལྡན། །↵དགའ་མགུར་སྤྱོད་པ་བདེ་བས་སོ། །
2818	line-end	5		དེ་སྐད་དུ་ཡང་།
2819	verse-stanza	25		འགྲོ་བ་རྣམས་ཀྱི་ནང་ན་ནི། །↵མི་རྣམས་ཀྱི་ནི་འགྲོ་བ་མཆོག།↵དེ་རྣམས་ནད་ནི་ཞི་དོན་དུ། 
2820	line-end	8		ཉིད་ཀྱི་སྐུ་ལ་ཟློག་པར་མཛད། །ཅེས་པའོ། །
2821	verse-stanza	26		སྒེག་ཅིང་དཔའ་བ་མི་སྡུག་པ། །↵རྒོད་ཅིང་དྲག་ཤུལ་འཇིགས་སུ་རུང་། །↵སྙིང་རྗེ་རྔམ་དང་ཞི
2822	line-end	2		ཅེས་པ།
2823	verse-stanza	26		རིག་མ་ལ་འཁྱུད་བདུད་བཞི་མནན། །↵སྨིན་མ་བཅུམ་ཞིང་ཞལ་གདངས་པ། །↵ཐོད་པའི་དོ་ཤལ་མཆེ་བ་ག
2824	verse-stanza	12		བརྒྱད་པོ་རིམ་པར་སྦྱར་བྱས་ལ། །↵ཞི་བ་སྤྱིར༌[^1276]ནི་སེམས་ཅན་དོན། །
2825	line-end	3		དེའི་རྗེས་སུ།
2826	verse-stanza	13		དཀར་མོ་གཡས་ན་གྲི་གུག་སྟེ། །↵ཞེས་པ་ལ་སོགས་པ་སྦྱར་རོ། །
2827	line-end	24		སྔར་འཁོར་བསྐྱེད་ཀྱང་གཙོ་བོ་མ་བསྟན་པས་མ་བཤད་ལ། འདིར་གཙོ་བོ་བསྟན་པས་དེའི་རྗེས་སུ་འ
2828	terminal-particle	21		གཡས་པ་ཐབས་ཀྱི་ཉོན་མོངས་འཇོམས་ལ། གཡོན་པ་ཤེས་རབ་ཀྱི་ཆོས་འཆད་པ་ལ་སོགས་ཀུན་ལ་སྦྱོར་ར
2829	line-end	22		དེའི་རྗེས་སུ་མ་མོའི་འཁོར་ལོ་གྲོང་ཉམས་དགའ་ཞེས་པ་ཤློ་ཀ་གཅིག་སྦྱར་ཏེ། སེམས་དཔའ་སུམ་
2830	verse-stanza	26		ཐམས་ཅད་རྡོ་རྗེ་འདི་ཡིས་ནི། །↵རང་སྔགས་ཡི་གེ་རྫོགས་པ་དང་། །↵ས་བོན་ཕྱག་མཚན་གྱུར་པ་ལ
2831	verse-stanza	25		དེ་ཡི་ཐུགས་ཀའི་ས་བོན་ལས། །↵ལྷ་དགུའི་རྣམ་པར་སྤྱན་དྲངས་ཏེ། །↵ཕྱག་མཚན་རྡོ་རྗེ་ཧཱུཾ་
2832	verse-stanza	25		ལྷ་རྣམས་ཀུན་ལ་བསྒོམ་པར་བྱ། །↵དེ་ནས་རྫོགས་པར་བྱ་བའི་ཕྱིར། །↵ཡེ་ཤེས་འཁོར་ལོ་དགུག་པ
2833	terminal-particle	77		ཡེ་ཤེས་འཁོར་ལོ་ཆེན་པོ་འབར། །རང་གི་ཏིང་ངེ་འཛིན་སེམས་དཔའ་ལ་འོད་ཟེར་འཕྲོས་ཏེ། སངས་ར
2834	terminal-particle	26		དེ་ནས་མ་བརྟས་བརྟས༌[^1278]པར་བྱེད་པ་སྐྱེ་མཆེད་བྱིན་གྱིས་བརླབ་པ་དང་། སྐུ་གསུང་ཐུགས
2835	terminal-particle	20		དེ་ནས་དབང་བསྐུར་བ་སྟེ་སྔ་མ་བཞིན་སྤྱན་དྲངས་པ་ལ་ཡང་མཆོད་པ་སྔ་མ་ལྟར་བྱའོ། །
2836	line-end	27		དེ་ནས་གསོལ་བ་གདབ་པ་ཨོཾ་སརྦ་ཏ་ཐཱ་ཏ་ཨ་བྷི་ཥིཉྩ་ཏུ་མཱཾ་ཞེས་བརྗོད་ལ་ལེའུ་གསུམ་པ་བཞིན
2837	verse-stanza	17		གོང་གི་རང་གི་རིགས་ཀྱིས་དབུ་བརྒྱན་ནོ། །↵དེ་ནས་དབང་བསྐུར་བའི་སྔགས་བརྗོད་པར་བྱའོ། །
2838	line-end	39		དེ་ནས་རང་གི་ཐུགས་ཀ་ནས་གཽ་རཱི་བྱང་ཆུབ་ཀྱི་སེམས་འཛིན་པ་ལ་སོགས་པ་སྤྲོས་ཏེ། ལྷ་མོ་བཅ
2839	verse-stanza	24		བསྟོད་པ་ལས༌[^1279]འབྱུང་བ་རྣམས་བརྗོད་ལ། །↵བསྟོད་པའི་སྔགས་ཀྱང་བརྗོད་དོ། །↵བདུད་རྩ
2840	verse-stanza	24		ཀཾ་ལས་ཐོད་པ་རྣམ་གསུམ་བསྐྱེད། །↵ཨ༌[^1280]ལས་ཐོད་པ་ཆེན་པོ་སྟེ། །↵ཉི་ཟླ་ཁ་སྦྱོར་ནང་
2841	verse-stanza	25		བདུད་རྩི་ལྔ་དང་ཤ་ལྔ་བསམ། །↵དེ་སྟེང་ཧཱུཾ་ལས་རྡོ་རྗེ་ནི། །↵ཁ་བཅང་རྒྱ་གྲམ་ཧཱུཾ་གིས་
2842	verse-stanza	25		རྒྱ་གྲམ་ཧཱུཾ་གིས་བ་དན་བསྐྱོད། །↵མེ་སྦར་རྫས་རྣམས་ཞུ་བ་ལས། །↵ཨོཾ་ལས་འོད་བྱུང་ཡེ་ཤེ
2843	verse-stanza	25		དེ་ཉིད་གསུམ་གྱིས་བྱིན་གྱིས་བརླབ། །↵དཀྱིལ་འཁོར་བ་ཡི་ལྷ་རྣམས་ཀྱི། །↵ལྗགས་ལ་རྡོ་རྗེ
2844	terminal-particle	112		བརྗོད་པས་བདུད་རྩིས་ཚིམ་པར་བསམ། །ཨོཾ་སརྦ་ཏ་ཐཱ་ག་ཏ་ཨ་མྲྀ་ཏ་སུ་སཏྭཱ་ནཱཾ་བཛྲ་སྭ་བྷཱ་
2845	line-end	19		དེ་ལ་རྟགས་ལ་སོགས་པ་སྦྱར་བ་དང་སྤྱོད་པའི་རིམ་པ་སྔར་བསྟན་པ་བཞིན་དུ་བྱའོ། །
2846	line-end	45		ད་ནི་དེ་ལ་སྔགས་བསྟན་པ་ནི། བོ་ལ་གཞིབ་པར་མཛད་ནས་ནི། །ཞེས་བྱ་བ་ལ་སོགས་པ་ངོ་མི་ཆོགས་
2847	verse-stanza	13		འབར་བའི་ཕྲེང་བ་འཁྲུག་པ་ཡིན། །↵དཀྱིལ་འཁོར་རབ་ཏུ་བཞེངས་ནས་ནི། །
2848	line-end	42		ཞེས་བྱ་བ་ཟླ་བ་ལྟ་བུའི་བསམ་གཏན་དང་། ཆུ་ཟླ་ལྟ་བུའི་དཀྱིལ་འཁོར་པ་བསྒོམས་ལ། སྒྲ་རིང་
2849	verse-stanza	26		ཅེས་པ་ནི་བསྙེན་པའི་གྲངས་སོ། །↵བཟླས་པ་ཁྲི་ཡིས་གསལ་བ་དང་། །↵ཞེས་པ་ནི་སྒྲུབ་པའི་གྲང
2850	terminal-particle	62		ཞེས་པ་ནི་སྔགས་བཏུ་བ་སྟེ་རིག་བྱེད་ནི་བཞི་སྟེ་མཆོད་སྦྱིན་གྱི་རིག་བྱེད་དང་། །སྙན་དང
2851	terminal-particle	32		འདིར་དགོངས་པ་ནི་གཙོ་བོ་དང་འཁོར་གྱི་གྲངས་ནི་སྔར་བསྟན་ཟིན་ནོ།[^1284] །གཙོ་བོའི་བཟླ
2852	line-end	5		ཁྲོ་བོའི་འདི་ཡིན་ཏེ།
2853	verse-stanza	21		འབྲས་བུ་ཧེ་རུ་ཀའི་ང་རྒྱལ་གྱིས་བཟླས་པ་བྱའོ། །↵སྔགས་ཀྱི་འབྲས་བུའི་དོན་ནི་གཞན་དུ་ཤེ
2854	terminal-particle	18		དེ་ནས་ལྷ་མོ་དེ་དགྱེས་ནས་ཞེས་པ་ལ་སོགས་པ་སྒྲུབ་པའི་དཀྱིལ་འཁོར་ཞུས་པའོ། །
2855	terminal-particle	44		དེ་ལ་སྟོན་པ་ཞེས་པ་ནས། ཉིད་ཀྱི་དཀྱིལ་འཁོར་བྲི་བར་མཛད། །ཅེས་པ་ནི་སྔོན་བྱུང་དང་རྗེས
2856	terminal-particle	46		རྗེས་སུ་འཇུག་པ་ནི་ཉིད་ཀྱི་ཞེས་པས་གང་ཟག་བཞིའི་རིམ་པ་སྟོན་ཏེ། ཐོས་བསམ་གྱི་མཐར་ཕྱིན
2857	ordinal-open	34		གཉིས་པ་གསུམ་པ་ཕབ་སྟེ་བྲི།[^1286] །ཞེས་པ་ཅུང་ཟད་ཡེ་ཤེས་ལ་དབང་བ་ནི་དབང་པོ་སྤྲིན་དང
2858	ordinal-open	42		གསུམ་པ་ཡེ་ཤེས་ལ་དབང་བའི་རྟགས་ནི་དུ་བ་དང་། སྲིན་བུ་མེ་ཁྱེར་དང་མངོན་པར་ཤེས་པ་གསུམ་
2859	terminal-particle	37		ཡང་དག་པའི་ཡེ་ཤེས་ལ་དབང་བའི་རྟགས་ནི་ནམ་མཁའ་ལྟ་བུ་མཐོང་བ་དང་། མངོན་པར་ཤེས་པ་ལྔ་ཐོབ
2860	terminal-particle	30		དེའི་དོན་ནི་འདི་ཡིན་ཏེ་སྔར་བསྟན་པས་བསྙེན་པ་རྫོགས་ནས། དེ་ནས་སྒྲུབ་པ་ནི་སའི་ཆོ་ག་ད
2861	terminal-particle	39		དེ་ལ་སའི་ཆོ་ག་ནི་ལེའུ་བཅུ་པ་ནས་བཤད་པ་བཞིན་དུ་བྱས་ལ། སྟ་གོན་དུ་གནས་པ་དང་བུམ་པ་དང་
2862	terminal-particle	30		བུམ་པ་སྟ་གོན་ནམ༌[^1288]གྲངས་ནི་རྒྱས་པར་བསྡུ་ན་བཅུའམ་དྲུག་སྟེ། རྣམ་པར་རྒྱལ་བ་དང་།
2863	line-end	24		ཡང་ན་རྣམ་རྒྱལ་གཙོ་བོའི་བུམ་པ་དང་ལྷ་མོ་བརྒྱད་པོ་རིགས་བཞི་རུ༌[^1289]བསྡུས་ལ་ལྔ། ལས
2864	terminal-particle	11		གང་བའི་བུམ་པ་ནི་ཅི་རིགས་པར་ཤེས་པར་བྱའོ། །
2865	terminal-particle	51		ལྷ་སོ་སོའི་མཚན་མས་མཚན་ལ༌[^1290]རིན་པོ་ཆེའི་བུམ་པའམ་གཞལ་ཡས་ཁང་དུ་བསྐྱེད། པཾ་ལས་པད
2866	terminal-particle	16		གཞན་དག་ལ་ལྷ་རེ་རེའམ། ལྷ་གཉིས་གཉིས་བསྐྱེད་ལ་ཆོ་ག་སྔ་མ་བཞིན་བྱའོ། །
2867	terminal-particle	89		དེ་ནས་སློབ་མའི་སྟ་གོན་ནི་ཁྲུས་བྱས་ཏེ་ཀུན་གྱིས་མཎྜལ་ཕུལ་ལ། དགའ་ཆེན་ཁྱོད་བདག་སྟོན་
2868	terminal-particle	15		དེ་ནས་སེམས་བསྐྱེད་པ་གསང་བ་སྟ་གོན་ལ་གནས་ཏེ་མཆོད་པར་བྱའོ། །
2869	terminal-particle	28		དེ་ནས་སོ་ཤིང་དོར་བའི་ཆོ་ག་བྱ། ཧུབ་གསུམ་གྱིས་ཆུ་བླུད། ཀུ་ཤ་སྦྱིན་སྲུང་སྐུད་གདགས་ལ
2870	terminal-particle	12		དེ་ནས་འབྱོར༌[^1292]ན་སྦྱིན་སྲེག་གིས་ལྷག་པར་གནས་པར་ཡང་བྱའོ། །
2871	terminal-particle	31		རྨི་ལམ་མ་བརྗེད་པར་བསྒོས་ལ་ཉལ་ཁང་དུ་གཏང་། དེ་དག་གི་ཆོ་གར་བྱ་བ་ནི་མཚོ་སྐྱེས་ཀྱི་དཀ
2872	terminal-particle	34		དེ་ནས་ནང་པར་སྔར་ལངས་ལ་རྨི་ལམ་བརྟག །མཆོད་བསྟོད་བྱ་སྟེ། སྟ་གོན་གྱི་དཀྱིལ་འཁོར་ནམ་མ
2873	line-end	11		ཐིག་དང་ཚོན་ནི་ལེའུ་བཅུ་པ་ལྟར་ཤེས་པར་བྱའོ། །
2874	verse-stanza	14		དཀྱིལ་འཁོར་གྱི་མཚན་ཉིད་བསྟན་པ་ནི།↵འཕར་མ་གཅིག་དང་སྒོ་བཞི་པ། །
2875	line-end	4		ཞེས་བྱ་བ་ནས།
2876	ordinal-open	21		བརྒྱད་པ་ཟེ་བ་བཅས་པར་བྲི། །ཞེས་བྱ་བའི་བར་དུ་དཀྱིལ་འཁོར་གྱི་རྣམ་དག་སྔར་བཞིན་ཤེས་པར
2877	line-end	9		དེ་ནས་མཚན་མ་ཙ་ཀླི་དགོད་པ་ནི།
2878	verse-stanza	12		སྙིང་པོར༌[^1293]བསྐྱེད་པའི་ཐོད་པ་ཉིད། །↵མདོག་དཀར་ཆ་ནི་གསུམ་པ་བྲི། །
2879	terminal-particle	14		དེའི་རྗེས་སུ་དབུས་སུ་ཐོད་པ་དཀར་པོ་ཡང་ཚིག་གཉིས་སྦྱར་རོ། །
2880	terminal-particle	36		དེ་ནས། དབང་ལྡན་དུ་ནི་ཤ་ར་བྷ། །ཞེས་བྱ་བ་ནས། ཕྱག་མཚན་བརྒྱད་དུ་རབ་ཏུ་གྲགས། །ཞེས་པ་ས
2881	terminal-particle	52		དེ་ནས་བུམ་པ་དགོད་པ་ནི་དེ་ནས་རྣམ་རྒྱལ་ཉིད་ཅེས་བྱ་བ་ལ་སོགས་པ་བུམ་པའི་ཡོ་བྱད་ཐམས་ཅད
2882	terminal-particle	13		བུམ་པ་གཞན་རྣམས་ནི་རང་རང་གི་གནས་ལ་ཉེ་བར་གཞག༌[^1295]གོ། །
2883	terminal-particle	14		ལས་ཐམས་ཅད་པའི་བུམ་པ་ནི་སྒོའི་གཡས་ཕྱོགས་སུ་དགོད་པར་བྱའོ། །
2884	line-end	44		དེ་བཞིན་དུ་མཆོད་པ་ཐམས་ཅད་ཀྱང་ཉེ་བར་བཤམ། བླ་རེ་དང་རྒྱན་དང་གདུགས་དང་བདན་ལ་སོགས་པ་ད
2885	verse-stanza	19		དེ་ནས་དཀྱིལ་འཁོར་བསྒྲུབ་པ་ནི། །↵མང་དུ་བརྗོད་པས་ཅི་ཞིག་བྱ། །↵ཇི་ལྟར་དེ་ཉིད་བསྡུས་
2886	line-end	20		དཀྱིལ་འཁོར་ཆོ་ག་དེ་བཞིན་བྱ།[^1297] །ཞེས་བྱ་བ་ནི་སྤྱིར་དེ་དག་ཐམས་ཅད་མཐུན་པར་ཤེས་པ
2887	terminal-particle	39		ཁྱད་པར་ནི་དཀྱིལ་འཁོར་གྱི་ཤར་སྒོ་རུ་སྟན་བདེ་བ་ལ༌[^1298]འདུག་སྟེ། ཡན་ལག་དྲུག་གི་རྣ
2888	terminal-particle	38		དེར་དཀྱིལ་འཁོར་གྱི་ལྷ་རྣམས་ས་བོན་ཕྱག་མཚན་ཙམ་ལས་བསྐྱེད་ལ་ཡེ་ཤེས་ཀྱི༌[^1300]འཁོར་ལ
2889	terminal-particle	23		དེ་ནས་སློབ་མས་མཎྜལ་བྱས་ལ་གསོལ་བ་གདབ་པ་དང་ཆོ་ག་རྣམས་ནི་སྟ་གོན་གྱི་སྐབས་བཞིན་འདིར་
2890	terminal-particle	18		དེ་དག་ཐུན་མོང་གི་ཆོ་ག་ཐམས་ཅད་ནི་ཇི་ལྟར་དེ་ཉིད་བསྡུས་པ་ལྟར་བྱའོ། །
2891	terminal-particle	13		ཁྱད་པར་གྱི་ཆོ་ག་ནི་ལེའུ་བཅུ་པར་བསྟན་པ་བཞིན་ནོ། །
2892	terminal-particle	47		འཇུག་པའི་ཆོ་ག་ལ་དམ་ཚིག་བསྒྲགས། མནའ་ཆུ་བླུད། དེ་ནས་ཡེ་ཤེས་དབབ་པ་དང་། མེ་ཏོག་དོར་བ
2893	terminal-particle	49		དེ་ནས་དབང་བསྐུར་བ་ལ་ཁྱད་པར་དུ་ཡི་དམ་གྱི་ལྷའི་དབང་བསྐུར་བ་དང་། བུམ་པའི་དབང་བསྐུར་
2894	terminal-particle	40		དེ་ནས་ཁྱད་པར་གྱི་དབང་བསྐུར་བ༌[^1303]ནི་གསང་བའི་དབང་སྔོན་དུ་སོང་བས་ཤེས་རབ་ཡེ་ཤེས་
2895	ordinal-open	4		དང་པོ་བཤད་པ།
2896	verse-stanza	13		བཅུ་གཉིས་བརྒྱད་གཉིས་ལོན་པ་ཡི། །↵རིག་མ་བདེ་ཆེན་བརྒྱད་པོ་ཉིད། །
2897	terminal-particle	33		ཅེས་བྱ་བ་ལ་སོགས་པ་ནི་ན་ཚོད་ཀྱི་ཡོན་ཏན་དང་། རིགས་ཀྱི་ཡོན་ཏན་དང་། སྦྱངས་པའི་ཡོན་ཏན
2898	terminal-particle	55		མ་དང་སྲིང་མོ་ཉིད་དང་ཞེས་བྱ་བ་ལ་སོགས་པ་ནི་སྒྲ་ཇི་བཞིན་མ་ཡིན་པ་སྟེ་སློབ་དཔོན་གྱི་ད
2899	terminal-particle	25		དམ་དུ་འཁྱུད་དང་འོ་བྱེད་པ། །ལ་སོགས་པ་ནས། དེ་ལ་རྩེད་མོ་རྩེ་བར་བྱ། །ཞེས་བྱ་བའི་བར་ད
2900	line-end	51		དེ་ནས་ཐུན་ཚོད་གཉིས་པ་ལ། །ཞེས་བྱ་བ་ནས། སློབ་དཔོན་ལ་སོགས་རབ་ཕྱེ་ནས།[^1304] །ཞེས་བྱ
2901	verse-stanza	18		དགའ་བྲལ་དང་པོ་མཆོག་མཐའ་ཅན། །↵ཐམས་ཅད་རྒྱུད་དུ་སྤྲོས་པ༌[^1306]སྟེ། །↵མཐའ་ཡིས་མཐའ་ཡ
2902	line-end	31		ཅེས་བྱ་བ་ནི་རྒྱུད་ཀྱི་རིམ་པ་དང་སྦྱར་ཏེ་བྱ་བའི་རྒྱུད་དང་སྤྱོད་པའི་རྒྱུད་དང་རྣལ་འབ
2903	ordinal-open	15		དང་པོ་རུ་བལྟ་བ་ཙམ་གྱིས་དགའ་བའི་ཡེ་ཤེས་སྦས་ཏེ་བསྟན་པའོ། །
2904	ordinal-open	19		གཉིས་པ་རུ་ལྷ་རྣམས་ཕན་ཚུན་དགོད་པ་ཙམ་གྱིས་མཆོག་དགའི་ཡེ་ཤེས་སྦས་ཏེ་བསྟན་པའོ། །
2905	terminal-particle	28		གསུམ་པར་ནི་ལྷ་དམ་ཚིག་སེམས་དཔའ་དང་། །ཡེ་ཤེས་སེམས་དཔའ་ཕྱག་རྒྱ་འཁྱུད་པ་ཙམ་གྱིས་དགའ་
2906	line-end	17		འདིར་ནི་ཀུན་དུ་རུའི་ལྷན་ཅིག་སྐྱེས་པའི་ཡེ་ཤེས་གཏན་ལ་ཕབ་སྟེ་བསྟན་ཏོ། །
2907	verse-stanza	21		ཡང་དང་པོ་དགའ་བ་ལམ་ནས་ཞུགས་པ་ཡིན་ནོ། །↵གཉིས་པ་མཆོག་དགའ་གཉེན་པོ་དང་ལྡན་པ་ཡིན་ནོ། །
2908	terminal-particle	17		གསུམ་པ་དགའ་བྲལ་གཉེན་པོར་གྱུར་པ་སྟེ་མི་མཐུན་པ་དང་བྲལ་བ་ཡིན་ནོ། །
2909	ordinal-open	7		བཞི་པ་ལྷན་ཅིག་སྐྱེས་པ་སྟེ།
2910	verse-stanza	19		གཉེན་པོ་འབའ་ཞིག་གི་ངོ་བོ་ཡིན་ནོ། །↵དེ་ནས་ཆགས་བྲལ་གྱི་དབང་བསྐུར་བ་བསྟན་པ་ནི།
2911	line-end	7		རྡོ་རྗེ་མཆོད་པས་ཡང་སྦྱར་ནས། །
2912	verse-stanza	20		ལྷ་དེ་ཞེས་བྱ་བ་ལ་སོགས་པ་ཞུས་པའོ། །↵བཅོམ་ལྡན་འདས་བཀའ་སྩལ་ཞེས་བྱ་བ་ནི་ལན་ཏེ།
2913	verse-stanza	25		དེར་ནི་ཐོག་མ་ཐ་མ་མེད། །↵སྲིད་མེད་མྱ་ངན་འདས་པ་མེད། །↵འདི་ནི་མཆོག་ཏུ་བདེ་ཆེན་ཉིད། 
2914	terminal-particle	54		ཅེས་པ་སྟེ་འདིས་ནི་བྱ་རོག་གི་མིག་དང་འདྲ་བར་སྔ་མ་དང་ཕྱི་མ་གཉིས་ཀྱི་དོན་གཏན་ལ་འབེབས
2915	terminal-particle	31		དང་པོ༌[^1307]ནི་ཐོག་མ་སྟེ་དངོས་པོ་སྐྱེ་བར་མ་གྲུབ། དབུས་གནས་པ་མ་གྲུབ། ཐ་མ་འགག་པར་
2916	terminal-particle	9		མྱ་ངན་ལས་འདས་པར་ཡང་མི་གནས་སོ། །
2917	terminal-particle	39		བདག་དང་གཞན་མེད་པ་སྟེ་གཟུང་བ་དང་འཛིན་པའི་དངོས་པོ་ཡང་མེད་དེ།[^1308] འདིར་ནི་མཆོག་ཏ
2918	terminal-particle	12		ཡང་ཐོག་མར་དགའ་བའི། [^1309]དབུས་མ་མཆོག་དགའ། ཐ་མ་དགའ་བྲལ་ལོ། །
2919	terminal-particle	25		སྲིད་མེད་མྱ་ངན་འདས་མེད་ནི་ལྷན་ཅིག་སྐྱེས་པའི་དགའ་བ་སྟེ་འཁོར་བ་དང་མྱ་ངན་ལས་འདས་པ་ད
2920	terminal-particle	18		འདི་ནི་མཆོག་ཏུ་བདེ་ཆེན་ཉིད་ནི་ཟག་པ་མེད་པའི་དོན་གྱི་ཡེ་ཤེས་མཚོན་པའོ། །
2921	terminal-particle	14		བདག་མེད་གཞན་མེད་ཅེས་བྱ་བ་ནི་བདག་གཞན་གྱི་རྟོག་པ༌[^1310]འགགས་པའོ། །
2922	terminal-particle	47		ཡང་སིད་མེད་ཅེས་པ་ཕྱི་སྣོད་ཀྱི་འཇིག་རྟེན་དང་། ནང་བཅུད་ཀྱི་སེམས་ཅན་ཐམས་ཅད་རྟེན་དང༌
2923	terminal-particle	15		བདག་མེད་གཞན་མེད་ནི་བདག་མེད་མ་ཡང་ཧེ་རུ་ཀ་ལ་བསྡུ་བའོ། །
2924	terminal-particle	23		དེར་ཐོག་མ་དབུས་མཐའ་མེད་ནི་ཐུགས་ཀའི་ཟླ་བ་དང་ཉི་མ་ནི་དབུས་ཀྱི་ཡི་གེ་ཧཱུཾ་ལ་བསྡུ་བའ
2925	terminal-particle	10		ཧཱུཾ་ཡང་ཞབས་ཀྱུ་ལ་དེ་འ༌[^1312]ལ་འ༌[^1313]ཡང་ཧ་ལའོ། །
2926	terminal-particle	5		ཧ་ནི་ཟླ་ཚེས་ལའོ། །
2927	line-end	5		ཟླ་ཚེས༌[^1314]ནི་ཐིག་ལེ་ལའོ། །
2928	verse-stanza	15		ཐིག་ལེ་ནཱ་ད་མར་མེ་ལྟར་ཕྲ་བའོ། །↵འདི་ནི་མཆོག་ཏུ་བདེ་ཆེན་ཉིད། །
2929	terminal-particle	2		ཅེས་བྱའོ། །
2930	line-end	14		ལྷན་ཅིག་སྐྱེས་པའི་ཡེ་ཤེས་སྤྲོས་པ་ཐམས་ཅད༌[^1315]དང་བྲལ་བ་བསྒོམ་པའོ། །
2931	line-end	9		ད་ནི་དབང་བསྐུར་བའི་ཐབས་བསྟན་པ་ནི།
2932	verse-stanza	26		ལོངས་སྤྱོད་ཀྱི་ནི་རླབས་ཉིད་ལ། །↵རང་གི་གཡས་དང་ལག་གཞན་གྱི། །↵མཐེ་བོང་དང་ནི་སྲིན་ལག
2933	terminal-particle	33		ཞེས་པ་ལ་ལ་ནཱ་དང་ར་ས་ནཱ་གཉིས་རང་གི་ལག་པ་དང་བླ་མའི་ལག་པས་བཙིར་བ་སྟེ། དེ་ལས་དགའ་བ་བ
2934	terminal-particle	30		དེ་ལ་ཅི་ཞིག་སྐྱེ་ཞེ་ན། གཞོན་ནུའི་དགའ་བ་ཇི་ལྟ་བའམ། ལྐུགས་པའི་རྨི་ལམ་ཇི་ལྟ་བ། །ཞེས
2935	line-end	7		ཇི་ལྟར་མཚོན་དུ་བཏུབ་ཅེ་ན།
2936	verse-stanza	13		མཆོག་གི་མཐའ་དང་དགའ་བྲལ་དབུས། །↵སྟོང་དང་སྟོང་མིན་ཧེ་རུ་ཀ།
2937	terminal-particle	10		ཞེས་པ་སྟེ་མཆོག་གི་མཐའ་ནི་མཆོག་དགའ་བའོ། །
2938	terminal-particle	19		དགའ་བྲལ་དབུས་ནི་དགའ་བྲལ་ཡང་ཡིན་ལ་དབུས་ཡིན་ཏེ་མཆོག་དགའི་རྗེས་ལ་བྱ་ཞེས་བྱའོ། །
2939	terminal-particle	21		ཐ་མ་ནི་ལྷན་ཅིག་སྐྱེས་པ་སྟེ། དེའི་དོན་སྟོང་པ་དང་ཞེས་པ་རྣམ་པར་ཐར་པའི་སྒོ་གསུམ་མོ། 
2940	terminal-particle	19		སྟོང་མིན་ནི་གཉིས་སུ་མེད་པའི་ཡེ་ཤེས་ཏེ་དཔལ་ཧེ་རུ་ཀ་ཞེས་བྱ་བའི་དོན་ཏོ། །
2941	terminal-particle	24		ཁ་ཅིག་ནི་དགའ་བྲལ་དབུས་ཞེས་བྱ་བ་ནི་དགའ་བྲལ་ཐ་མར་ཏེ། གསུམ་པར་ལྷན་ཅིག་སྐྱེས་པ་ཡིན་ཞ
2942	terminal-particle	17		འདི་ལ་བརྟག་པ་མང་དུ་ཡོད་མོད༌[^1317]ཀྱང་སྤྲོས་པ་མང་དུ་དོགས་པས་མ་བྱས་སོ། །
2943	terminal-particle	13		དབང་དེ་རྣམས་བསྐུར་བའི་ཐབས་ནི་བླ་མ་ལས་ཤེས་པར་བྱའོ། །
2944	line-end	3		ལེའུ་ལྔ་པའོ།། །།
2945	terminal-particle	47		ད་ནི་བྲིས་སྐུ་དང་གླེགས་བམ་ལ་སོགས་པའི་མཚན་ཉིད་ཇི་ལྟར་བྱ་བ་དང་ཆོ་ག་ཇི་ལྟར་བྱ་བ་དང་
2946	line-end	31		ལྷ་མོ་ལ་ནི་དམ་འཁྱུད་ཅིང་། །ཞེས་བྱ་བ་ནས། མཉམ་སྦྱར་བདེ་བ་མྱོང་མཛད་ནས། །ཞེས་པའི་བར་
2947	verse-stanza	15		ཕྱག་རྒྱ་ལྔ་ནི་རབ་ཕྱེ་ཞེས་པ་ནས། །↵སངས་རྒྱས་ལྔ་ཡི་ཕྱག་རྒྱས་གདབ། །
2948	terminal-particle	19		ཅེས་པའི་བར་ནི་དགོངས་པ་དང་། ཕྱག་རྒྱ་ལྔའི་རྣམ་དག་གོ་སླ་བ་དང་སྔར་བཤད་དོ། །
2949	terminal-particle	29		དེ་ནས་རབ་ཏུ་བཞད་མཛད་ཅིང་། །བྱ་བ་ནས་བྱེད་པ་བདེ་བ་ཆེན་པོ་གསུངས་ཀྱི་བར་གྱིས་བྲིས་སྐ
2950	terminal-particle	40		བཅོམ་ལྡན་འདས་ཀྱིས་བཀའ་སྩལ་ཞེས་པ་ནས། འདིར་ནི་འདྲི་མཁན་དམ་ཚིག་ཅན། །ཞེས་པ་ལ་སོགས་པས
2951	terminal-particle	21		དབེན་པའི་གནས་སུ་ཚོན་ཀོང་དང་པིར་ལ་སོགས་ཏེ། མཆོད་པ་དང་ཚོགས་ཀྱི་འཁོར་ལོ་ཅི་འབྱོར་པ་
2952	terminal-particle	30		དེ་ནས་དེ་ལ་ལྷ་མོས་ཞུས། །ཞེས་པ་ལ་སོགས་པ་ལེའུ་བདུན་པ་སྦྱར་ཏེ། གླེགས་བམ་ཇི་ལྟ་ཇི་ལྟ
2953	terminal-particle	26		བྷ་གར་ལིང་ག་རབ་གནས་ཞེས་བྱ་བ་ནས་སྒྲུབ་པ་ཅན་གྱི་དངོས་གྲུབ་འགྱུར་གྱི་བར་གྱིས་ཚོགས་ཀ
2954	terminal-particle	31		ལེའུ་གཉིས་གཅིག་ཏུ་བསྐོར་ཏེ་མངོན་རྟོགས་སུ་ཤེས་པར་བྱེད་པའི་ཚེ། ཚོགས་ཀྱི་འཁོར་ལོར་འ
2955	terminal-particle	19		དེ་ལ་ཚོགས་ཀྱི་འཁོར་ལོ་ནི་བཞི་སྟེ། ཕན་ཡོན་དང་། གནས་དང་། ཟླ་བ་དུས་དང་། འཇུག་པའོ། །
2956	terminal-particle	27		དེ་ལ་ཕན་ཡོན་ནི་སྟོན་མོ་བཟའ་བའམ་ཚོགས་ལ་ཞུགས་པའི་དུས་སུ་སྒྲུབ་པ་དང་དངོས་གྲུབ་ཏུ་གྱ
2957	terminal-particle	7		གནས་ནི་དུར་ཁྲོད་ལ་སོགས་པའོ། །
2958	terminal-particle	18		དུས་ནི་ཟླ་བ་བྱུང༌[^1321]ངོ་ཅོག༌[^1322]གི་བཅུ་བཞི་པའམ་མཚན་ཕྱེད་དམ་བསམ་པའི་ཁྱད་པར་
2959	terminal-particle	10		འཇུག་པ་ལ་གཉིས་ཏེ། ཐུན་མོང་དང་ཁྱད་པར་རོ། །
2960	terminal-particle	33		ཐུན་མོང་ལ་གསུམ་སྟེ། གདན་བྲི་བ་ནི་གདན་ལ་རབ་འབྲིང་གསུམ་སྟེ། སྟག་གི་པགས་པ་དང་། ཞིང་
2961	terminal-particle	24		རྒྱན་དགྲམ་པ་ལ་ཡང་གསུམ་སྟེ་ཐལ་ཆེན་གྱིས་བྱུག་པ་དང་། ཞིང་དང་སྟག་གི་པགས་པ་དང་། །རུས་
2962	terminal-particle	8		རྣལ་འབྱོར་པ་ལྷའི་ཚུལ་དུ་དགོད་པའོ། །
2963	line-end	15		ཐུན་མོང་མ་ཡིན་པ་ལ་དཔའ་བོའི་སྟོན་མོ་དང་ཚོགས་ཀྱི་འཁོར་ལོའོ། །
2964	terminal-particle	17		དཔའ་བོའི་སྟོན་མོ་ལ་བཞི་སྟེ། སྡེར་དགོད་ཅིང་བཟའ་བའི་སྟོན་མོ་གཙོ་བོར་བསྟན་པའོ། །
2965	terminal-particle	17		སྡེར་ལ་གསུམ་སྟེ་རབ༌[^1323]ཞིང་གི་པགས་པ། འབྲིང་དུར་ཁྲོད་ཀྱི་རས། ཐ་མ་ཤིང་ལོའི་སྡེར
2966	line-end	14		ཇི་ལྟར་བཟའ་བའི་ཚུལ་ཚོད་མ་དང་བཅས་པ་དང་། དེ་སྐད་དུ།
2967	verse-stanza	25		ལྟོས་ཤིག་དགའ་བ་ཡི་ནི་ཆོས། །↵འདི་ལ་རྣམ་རྟོག་ཡོད་མ་ཡིན། །↵བྲམ་ཟེ་ཁྱི་དང་གདོལ་པ་གསུ
2968	quote-close	3		ཞེས་གསུངས་སོ། །
2969	terminal-particle	20		བཏུང་བའི་གཙོ་བོ་སུ་ར་སྟེ་ཅུང་ཟད་ཙམ་དང་། ཇི་ལྟར་བཏུང་བའི་ཚུལ་སྣོད་དང་བཅས་པའོ། །
2970	terminal-particle	36		ཚོགས་ལ་གཉིས་ཏེ་ལས་དང་པོ་པས་ཡོན་ཏན་དང་ལྡན་པའི་ཕྱག་རྒྱས༌[^1324]གཡས་སུ་འདུག་སྟེ་བསྒ
2971	terminal-particle	38		འདིའི་དོན་ནི་མངོན་པར་རྟོགས་པ་སྟེ་དམ་ཚིག་བསྒྲུབ་པ་དབང་བསྐུར་བ་དང་རབ་ཏུ་གནས་པ་དང་།
2972	terminal-particle	52		ཚོགས་ཀྱི་འཁོར་ལོ་ནི་གནས་དབེན་པར་ཡོ་བྱད་རྣམས་ཚོགས་པར༌[^1325]བྱས་ཏེ། རྣལ་འབྱོར་མ་ར
2973	terminal-particle	62		དེ་ནས་ལས་ཀྱི་རྡོ་རྗེ་མཆོད་པ་ནས་ཚོགས་དང་། ཚད་མེད་པ་དང་སྟོང་པ་ཉིད་དང་ར་བ་དང་དྲ་བ་ད
2974	terminal-particle	50		ཕྱོགས་མཚམས་ཀྱི་རྣལ་འབྱོར་པ་རྣམས་ནི་རང་རང་གི་ལྷར་མོས་ཤིང་བསྐྱེད་ལ། དེ་ནས་ལས་ཀྱི་ར
2975	terminal-particle	9		སློབ་མ་རྣམས་རང་གི་མན་ངག་བསྒོམ་མོ། །
2976	line-end	6		དེ་ནས་ཅི་རིགས་པར་བྱའོ། །
2977	verse-stanza	37		དབང་བསྐུར་རམ་རབ་གནས་བྱེད་ན་དུས་དེར་བྱའོ། །↵དངོས་གྲུབ་བསྒྲུབ་པ་ནི་ཡང་དང་ཡང་དུ་བྱའ
2978	line-end	6		ལེའུ་དྲུག་པ་དང་བདུན་པའོ།། །།
2979	terminal-particle	71		དེ་ནས་རྣལ་འབྱོར་མ་ཞེས་བྱ་བ་ལ་སོགས་པས་བརྟགས་ནས། ལས་ཀྱི་ཕྱག་རྒྱ༌[^1330]ཆེན་པོ་ཇི་ལ
2980	terminal-particle	21		རྡོ་རྗེའི་རིགས་དང་རིན་པོ་ཆེའི་རིགས་དང་པདྨའི་རིགས་དང་ལས་ཀྱི་རིགས་ཏེ་གོ་རིམས་བཞིན་
2981	terminal-particle	45		དེ་ནས་རྣལ་འབྱོར་མ་ལ་སོགས་པས་སྨོན་ལམ་གདབ་པ་ཞུས་པ་དང་། བཅོམ་ལྡན་འདས་ཀྱིས་བཀའ་སྩལ་པ
2982	line-end	44		རིགས་སུ་སྐྱེ་དང་ཞེས་བླ་མ་ལ་འཇིག་རྟེན་པའི་རིགས་བཙུན་པའམ། ཡང་ན་ཐེག་པ་ཆེན་པོའི་རིགས
2983	verse-stanza	14		ལག་པ་རྡོ་རྗེ་དྲིལ་བུ་འཁྲོལ། །↵ཟབ་མོའི་ཆོས་ནི་ཀློག་པ་དང་། །
2984	line-end	29		ཞེས་པ་སྟེ་ལུས་དང་ངག་དང་ཡིད་དེ་ལྷའི་རྣལ་འབྱོར་དང་། བཟླས་པ་དང་བསྒོམ་པ་དེ་དང་ལྡན་པའ
2985	verse-stanza	19		སྐྱེ་བ་གང་དུ་སྐྱེས་ཀྱང༌[^1333]ཕྲད་པར་ཤོག་ཅིག༌[^1334]པའོ། །↵ཡང་ན་རང་ཉིད་དེ་བཞིན་ས
2986	quote-close	32		བཙུན་མོ་ཞུ་བ་ཞེས་བྱ་བ་ནི་ཐིག་ལེ་བསྒོམ་པ་དང་། རྫོགས་རིམ་དེ་ཁོ་ན་བསྒོམ་པ་བླ་མ་དང་ར
2987	line-end	23		ལྷ་མོ་དེ་དགྱེས་ནས་ཞེས་པ་གཏི་མུག་ཅན་འདུལ་བའི་ཐབས་ཞུས་བ། བཅོམ་ལྡན་འདས་ཀྱིས་བཀའ་སྩལ
2988	ordinal-open	20		དང་པོ་གསོ་སྦྱོང་སྦྱིན་པ་ནི་བསྙེན་གནས་ནས་བཟུང་ལ༌[^1335]དགེ་ཚུལ་དང་དེ་ཅི་རིགས་པར་ས
2989	terminal-particle	20		དེ༌[^1336]རྗེས་བསླབ་པའི་གནས་བཅུ་ནི་མི་དགེ་བ་བཅུ་སྤང་བ་བྱང་ཆུབ་སེམས་དཔའི་སྡོམ་པ་ས
2990	terminal-particle	41		དེ་ལ་བྱེ་བྲག་སྨྲ་བ་བསྟན་པ་ནི་སོ་སོར་ཐར་པ་དང་ལྡན་པ་ལ་བྱེ་བྲག་ཏུ་སྨྲ་བའི་གྲུབ་མཐའ་
2991	terminal-particle	7		མདོ་སྡེ་པ་ཡང་དེ་བཞིན་ནོ། །
2992	terminal-particle	54		ཞེས་པ་དགེ་སློང་གི་སྡོམ་པ་དང་ལྡན་པ་ལ་མདོ་སྡེ་པའི་གྲུབ་མཐའ་བསྟན་པའི་ཕྱིར་གཟུང་བའི་
2993	terminal-particle	38		དེ་ནས་རྣལ་འབྱོར་སྤྱོད་པ་བསྟན། །ཞེས་པ་བྱང་ཆུབ་སེམས་དཔའི་སྡོམ་པ་དང་ལྡན་པ་ལ་སེམས་ཙམ
2994	terminal-particle	25		རྣམ་མེད་ནི་བརྟགས་ཏེ་ཤེས་པ་ཤེལ་དག་པ་ལྟ་བུར་སྣང་བ་སྟེ། རིགས་པས་འགྲུབ་ཅིང་རིགས་པས་མ
2995	terminal-particle	18		དེའི་རྗེས་སུ་དབུ་མ་བསྟན་པ་ནི་སྒྱུ་མར་སྨྲ་བ་དང་རབ་ཏུ་མི་གནས་པའོ། །
2996	terminal-particle	33		སྒྱུ་མར་སྨྲ་བ་ནི་རྣམ་བཅད་ཡང་དག་པར་བཅད་ནས་ཡོངས་གཅོད་སྒྱུ་མར་འདོད། རབ་ཏུ་མི་གནས་པ་
2997	terminal-particle	25		སྔགས་ཀྱི་རིམ་པ་ཀུན་ཤེས་ནས་ནི་བྱ་བ་དང་སྤྱོད་པ་དང་རྣལ་འབྱོར་རྒྱུད་དེ་ཕྱི་རོལ་དབྱིབ
2998	terminal-particle	16		དགྱེས་པའི་རྡོ་རྗེ་མཐར་ཐུག་ཕྱག་རྒྱ་ཆེན་པོ་ལྷན་ཅིག་སྐྱེས་པ་བསྟན་པའོ། །
2999	line-end	3		དེ་སྐད་དུ།
3000	verse-stanza	24		དང་པོ་ཞིང་ནི་སྦྱང་བའི༌[^1339]ཕྱིར། །↵དྲུག་ཅུ་པ་ཡི་ཁ་ཟས་གདབ། །↵དེ་ནས་འབྲུ་རྣམས་རི
3001	verse-stanza	13		བསླབ་ཚིག་ལྔ་པའི་རིམ་པ་ཡིས། །↵རྒྱུད་ནི་དེ་ལྟར་སྦྱང་བར་བྱ། །
3002	quote-close	3		ཞེས་གསུངས་སོ། །
3003	line-end	3		ལེའུ་བརྒྱད་པའོ།། །།
3004	line-end	12		ད་ནི་ཞེ་སྡང་ཅན་གྱི་གང་ཟག་གདུལ་བའི་དོན་དུ།
3005	verse-stanza	13		དེ་ནས་ཁ་སྦྱར་འབྱེད་པ་ཡི། །↵མཚན་ཉིད་ཡང་དག་རབ་ཏུ་བཤད། །
3006	terminal-particle	11		ཅེས་བྱ་བ་ཤློ་ཀ་གཅིག་གིས་དགོས་པ་བསྟན་ནོ། །
3007	line-end	19		བསྟན་པ་ལ་གནོད་པ་བྱེད་པ་དང་ཞེས་པ་ཚིག་གསུམ་གྱིས་ཡུལ་གྱི་གནང་བ་བསྟན་ཏོ། །
3008	verse-stanza	14		སྙིང་རྗེས་གསད་པར་བྱ་བ་ཉིད། །↵ཅེས་བྱ་བ་ནི་བསམ་པས་གནང་བའོ། །
3009	terminal-particle	15		བསྒྲུབ་བྱའི་རྩ་བ་ལ་ཞེས་བྱ་བ་ལ་སོགས་པས༌[^1340]ནི་སྦྱོར་བར་གནང་བའོ། །
3010	terminal-particle	18		སངས་རྒྱས་ཀྱང་ནི་ངེས་པར་འཇིག །ཅེས་པ་ནི་སངས་རྒྱས་ཀྱི་བསྲུང་བ་ཡང་འཇིག་ཅེས་བྱའོ། །
3011	terminal-particle	6		ཡང་ན་ལ་དོར་བའི༌[^1341]ཚིག་གོ། །
3012	terminal-particle	19		དེ་ཡི་ལམ་དུ་ཁབ་ནི་མེ།[^1342] །ཞེས་བྱ་བ་ལ་སོགས་པས་ནི་ཤེས་པ་སྦྱོང་བ་བསྟན་པའོ། །
3013	terminal-particle	9		སྔགས་དང་བསམ་གཏན་ཙམ་གྱིས་གསད་པར་བྱའོ། །
3014	terminal-particle	19		སྦྱིན་སྲེག་དང་འཁོར་ལོ་དང་ཕྱག་རྒྱ་དང་རྫས་ཀྱི་སྦྱོར་བ་རྣམས་ནི་སྦྱོར་བས་གནང་བའོ། །
3015	terminal-particle	10		མན་ངག༌[^1343]རིམ་པ་ནི་བླ་མ་ལས་ཤེས་པར་བྱའོ། །
3016	terminal-particle	36		དེའི་འཐད་པ་ནི་བརྗོད་བྱ་ནུས་པ་དང་ལྡན་པ་དང་རྗོད་བྱེད་ནུས་པ་དང་ལྡན་པ་སྟེ། རྟོག་མེད་
3017	terminal-particle	17		སྲིད་པ་སྦྱོང་བ་ཉམས་དགའ།[^1344] །ཞེས་པའི་ཚིག་གཅིག་གིས་བསྐྱེད་པའི་རིམ་པ་མདོར་བསྟན་
3018	terminal-particle	60		དེའི་རྒྱས་པར་བཤད་པ། རིན་ཆེན་གཟི་བརྗིད་འབར་བ་ཡི། །ཞེས་པ་ལ་སོགས་པའི་དཔེ་དང་དོན་གཉི
3019	terminal-particle	24		དེ་བཞིན་དུ་འདོད་པའི་ཡོན་ཏན་རྣམ་པ་ལྔ་ཐབས་དེ་ཁོ་ན་ཉིད་ཀྱིས་ཟིན་ན་བདུད་རྩི་ལྟ་བུར་འ
3020	terminal-particle	12		དངོས་པོ་ལ་མངོན་པར་ཞེན་པས་ནི་དུག་ཏུ་འགྱུར་རོ། །
3021	terminal-particle	31		འཁོར༌[^1345]བའི་རྣམ་པ་ཧེ་རུ་ཀ །ཞེས་བྱ་བ་ནི་བསྐྱེད་པའི་རིམ་པའི་རྒྱས་པར་བཤད་པ་སྟེ།
3022	terminal-particle	45		པགས་པ་བྱང་ཆུབ་ཡན་ལག་བདུན་ནི་དྲན་པ་དང་ཏིང་ངེ་འཛིན་དང་ཤེས་རབ་དང་བརྩོན་འགྲུས་དང་དགའ
3023	terminal-particle	34		རུས་པ་བདེན་པ་བཞི་པོ་ཉིད་ནི་ཚོགས་ཆེན་པོ་བཞི་ལས་སྡུག་བསྔལ་གྱི་བདེན་པ་དང་ཀུན་འབྱུང་
3024	terminal-particle	9		གཞན་དག་ནི་གོ་སླ་བས་མ་བཤད་དོ། །
3025	terminal-particle	84		བདག་མེད་མས་གསོལ་བ། སྔགས་བསྡུ་བ་ནི་ཇི་ལྟར་འགྱུར། །ཞེས་བྱ་བ་ལ་སོགས་པས་ནི་རྗོད་བྱེད
3026	terminal-particle	32		འདིར་ཡང་རྣལ་འབྱོར་མའི་ས་བོན་དུ་སྦྱར་བས་ནི་རིམ་པར་བསྟན་ཏེ་རྐྱེན་དུ་སྦྱར་བ་དང་། ཡན
3027	line-end	31		ཀ་ཁ་ག་གྷ་ང་། ཙ་ཚ་ཛ་ཛྷ་ཉ། ཊ་ཋ་ཌ་ཌྷ་ཎ། ཏ་ཐ་ད་ངྷ་ན། པ་ཕ་བ་བྷ་མ། ཡ་ར་ལ་ཝ། ཤ་ཥ་ས་ཧ་ཀྵ
3028	ordinal-open	7		དང་པོ་ཞེས་བྱ་བ་དང་།
3029	ordinal-open	8		གཉིས་པ་ས་བོན་དུ་ཡང༌[^1347]ཤེས་པར་བྱ།
3030	verse-stanza	20		ཙའི་སྡེ་ཚན་ནི་གཉིས་པ་སྟེ་ཡིག་འབྲུ་ལྔ་ལྔའོ། །↵ཊ་ཋ་ནི་གསུམ་པ་སྟེ་ཀུན་ལ་ཤེས་སོ། །
3031	terminal-particle	59		ཏ་ཐ་ནི་བཞི་པ་དང་ལྔ་པ་གཉིས་ཆར་ཡང་སྡེ་ཚན་ནི་ལྔ་ལྔར་ཤེས། པ་ཕ་ནི་ལྔ་པར་ཤེས། ཡ་ར་ནི་མ
3032	terminal-particle	45		ཡི་གེ་འོག་མ་གསུམ་ནི་ཡི་གེའི་བདག་པོ་ཞེས་བྱ། ཡི་གེའི་དབང་ཕྱུག་ཅེས་བྱ། ཡི་གེ་ཐུ་བོ་
3033	terminal-particle	12		འདིས་ནི་རྒྱུད་ཐམས་ཅད་ཀྱི་སྔགས་བཏུ་བ་ལ་འཇུག་གོ། །
3034	terminal-particle	8		འབྲུ་སོ་སོར་སྦྱར་བ་ནི་གོ་སླའོ། །
3035	line-end	2		ལེའུ་དགུ༌[^1352]པའོ།། །།
3036	line-end	30		དེ་ནས་ཆོས་ཀུན་སྡོམ་གཅིག་པའི། །ཞེས་བྱ་བ་ལ་སོགས་པ་སྤྱིར་བསྟན་པ་བཟླས་པའི་རྟེན་བགྲང་
3037	verse-stanza	14		ཤེལ་གྱིས་རེངས་པའི་བཟླས་པ་ཉིད། །↵ཅེས་བྱ་བ་ལ་སོགས་པ་གོ་སླའོ། །
3038	terminal-particle	15		རེངས་པའི་འོ་མ་བཏུང་བ་ཉིད་ནི་ཆང་ངམ་བྱང་ཆུབ་ཀྱི་སེམས་སོ། །
3039	terminal-particle	11		དབང་ལ་རང་གི་འདུན་པས་སྤྱད་ནི་གང་འདོད་པའོ། །
3040	line-end	13		བསད་པ་ལ་ནི་སི་ཧླ་ལ༌[^1354]ཉིད་ནི་རང་འབྱུང་གི་ཁྲག་གོ། །
3041	verse-stanza	29		དགུག་པ་ལ་ནི་བཞི་མཉམ་ཉིད་ནི་དྲི་ཆེན་ནོ། །↵སྡང་ལ༌[^1355]སཱ་ལུ་སྐྱེས་པར་བརྗོད་ནི་ཤ་
3042	terminal-particle	16		ཡང་ན་མཐའི་ཤྭ༌[^1356]དང་ཞེས་པ་ལ་སོགས་པ་ནི་རབ་གནས་ཀྱི་ལེའུར་བཤད་དོ། །
3043	terminal-particle	14		དེ་དག་གིས་ཀྱང་རེངས་པ་ལ་སོགས་པའི་ལས་གོ་རིམས་བཞིན་ནོ། །
3044	line-end	5		དེ་སྐད་དུ་ཡང་།
3045	verse-stanza	25		གསང་སྔགས་སྒྲུབ་པ་ལྔ་བཅུ་སྟེ། །↵དབང་གི་ལས་ལ་དེ་ཡི་ཕྱེད། །↵ཞི་ལ་བརྒྱ་ཕྲག་གཅིག་ཡིན་
3046	verse-stanza	25		མངོན་སྤྱོད་ལ་ནི་དྲུག་ཅུ་སྟེ། །↵ལས་ཀྱི་ཁྱད་པར་གྱིས་ནི་སྦྱར། །↵ལས་ཀྱི་བྱེ་བྲག་ཇི་བ
3047	verse-stanza	25		ཕྱོགས་དང་ཕྱོགས་མཚམས་བརྒྱད་དང་ནི། །↵དགུག་པ་དབུས་ཀྱི་སངས་རྒྱས་ཏེ། །↵སྐུད་པ་དགུ་ལ་བ
3048	verse-stanza	19		སྟེང་དུ་མཆོད་རྟེན་བརྟག་པར་བྱ། །↵མཆོད་རྟེན་ཆོས་ཀྱི་དབང་པོ་བས། །↵སྟེང་དུ་ཆོས་ཀྱི་ད
3049	terminal-particle	13		ཞེས་གསུངས་པས་ནི་བགྲང་ཕྲེང་གི་ལས་ཀྱི་བྱེ་བྲག་བསྟན་ནོ། །
3050	line-end	3		ལེའུ་བཅུ་པ།།[^1357] །།
3051	line-end	42		ཀྱེའི་རྡོ་རྗེས༌[^1358]དམ་འཁྱུད་ཅིང་། །ཞེས་བྱ་བ་ལ་སོགས་པ་ཁྲོ་ཆགས་རྣམ་པ་གཉིས་དང་ལྡ
3052	verse-stanza	12		གང་གི༌[^1360]སྲིན་ལག་རྩ་བ་ན། །↵རྡོ་རྗེ་རྩེ་དགུ་པར་གྱུར་པ། །
3053	line-end	12		ཞེས་བྱ་བ་ལ་སོགས་པ་རིགས་ཀྱི་མཚན་མ་དང་།
3054	verse-stanza	13		རྣལ་འབྱོར་པ་གང་ནག་པོ་ཡིན། །↵དེ་ཡི་ལྷ་ནི་མི་བསྐྱོད་པ། །
3055	terminal-particle	43		ཞེས་བྱ་བ་ལ་སོགས་པ་ནི་ཁ་དོག་གི་མཚན་མ་དང་། གཞན་ཡང་སྤྱོད་ལམ་དང་། མཆོད་པའི་རྟེན་དང་ཆ
3056	line-end	5		དེ་སྐད་དུ་ཡང་།
3057	verse-stanza	27		གང་ཞིག་སྨིན་མ་གཡོ་བྱེད་ཅིང་། །↵ཀུན་དུ་ཆགས་པས་བལྟ་བ་དང་། །↵སྔོན་གྱི་གཟུགས་ནི་བསྡུ
3058	verse-stanza	13		གཟུགས་ཅན་མར་ནི་ཤེས་བྱ་སྟེ། །↵དཔའ་བོ་གཉིས་མེད་པར་བསྟེན་བྱ། །
3059	line-end	6		ཞེས་གསུངས་པ་དང་། ཡང་།
3060	verse-stanza	25		དམར་ཞིང་སེར་བའི་བུད་མེད་གང་། །↵པདྨའི་འདབ་ལྟར་དཀྱུས་རིང་མིག།↵རྟག་ཏུ་གོས་དཀར་ལ་དགའ
3061	verse-stanza	23		བདེ་གཤེགས་འདུས་པ་ཉིད་ལ་དགའ། །↵ཞེན་པར་ལྟ་བའི་རྗེས་སུ་འགྲོ། །↵ཁྱིམ་དུ་པདྨ་བྲི་བར་བ
3062	quote-close	3		ཞེས་གསུངས་སོ། །
3063	terminal-particle	33		འདིས་ནི་སེམས་ཅན་གྱི་དུས་ན་དེ་དང་དེའི་རིགས་སུ་ཤེས་པས་རང་ང་རྒྱལ་མི་བཅག་པ་དང་། གཞན་
3064	terminal-particle	15		སངས་རྒྱས་པའི་དུས་སུ་རིགས་དེ་དང་དེ་རུ་སངས་རྒྱས་པར་འགྱུར་རོ། །
3065	terminal-particle	25		བྷ་ག་ལིང་གར་འོ་མཛད་ནས། །ཞེས་བྱ་བ་ལ་སོགས་པས་ནི་ལུས་ཀྱི་འཁྲུལ་འཁོར་བསྟན་ཏེ་བླ་མ་ལས
3066	terminal-particle	26		ལེའུ་འདིས་ནི་སྤྱོད་པ་དང་ཤེས་རབ་ཡེ་ཤེས་ཀྱི་དབང་དང་། ལས་ཀྱི་ཕྱག་རྒྱ་ལ་བརྟེན་ཏེ་བསྒ
3067	line-end	4		ལེའུ་བཅུ་གཅིག་པའོ།། །།
3068	line-end	40		དེ་ནས་རྡོ་རྗེ་ཅན་གྱི་དབང་བཞིའི་དོན་ནི་བཀའ་སྩལ་པ་ཞེས་བྱ་བ་ལ་སོགས་པ་ལེའུ་ཐ་མ་འདིར་
3069	verse-stanza	14		རྡོ་རྗེ་རབ་གནས་རྡོ་རྗེ་ཉིད། །↵ཆེ་དང་ཆེན་པོ་དྲིལ་བུ་ཟུང་། །
3070	line-end	24		ཞེས་བྱ་བ་ནི་བུམ་པའི་དབང་ནས་བརྩམས་ཏེ།[^1361] །བརྟུལ་ཞུགས་ཀྱི་དབང་ཁྱད་པར་རྡོ་རྗེ་ས
3071	verse-stanza	13		དེ་རིང་རྡོ་རྗེ་སློབ་དཔོན་གྱུར། །↵སློབ་མ་བསྡུ་བ་ཉིད་དུ་གྱིས། །
3072	line-end	27		ཞེས་པ་ནི་ལུང་བསྟན་པ་དང་རྗེས་སུ་གནང་བ་དང་། དབུགས་དབྱུང་བ་དང་སློབ་དཔོན་གྱི་ལས་ལ་སོ
3073	verse-stanza	24		ཇི་ལྟར་འདས་པའི་སངས་རྒྱས་ཀྱིས། །↵བྱང་ཆུབ་སྲས་རྣམས་དབང་བསྐུར་བ། །↵བདག་གི་གསང་བའི་ད
3074	terminal-particle	14		ཞེས་བྱ་བ་ནི་བྱང་ཆུབ་ཀྱི་སེམས་སྦྱིན་པའི་ཚིགས་སུ་བཅད་པའོ། །
3075	terminal-particle	18		ལྷ་མོ་དགའ་སྦྱིན་གནས་སྦྱིན་མ། །ཞེས་བྱ་བ་ཤློ་ཀ་གཅིག་གིས་ནི་རིག་མ་སྦྱིན་པའོ། །
3076	terminal-particle	33		ཡེ་ཤེས་འདི་ནི་ཆེས་ཕྲ་ཞིང་། །ཞེས་པ་ནི་གསུམ་པས་གོ་ཕྱེ་བའི་བཞི་པའི་དོན་ཏེ། །རྡོ་རྗེ
3077	terminal-particle	19		རྡུལ་བྲལ་ཐར་པ་ཞི་བ་ཉིད་ནི་ཉོན་མོངས་པ་དང་གློ་བུར་བ་ཐམས་ཅད་ཞི་བའོ། །
3078	terminal-particle	23		ཁྱོད་རང་ཡང་ནི་དེ་ཡི་ཕ། །ཞེས་པ་ནི་རང་གི་སེམས་ཏེ་དེའི་བདེ་བ་ལྷན་ཅིག་སྐྱེས་པའི་ཡེ་ཤ
3079	terminal-particle	42		ད་ནི་རྡོ་རྗེ་དང་པདྨ་བྱིན་གྱིས་བརླབ་སྟེ།[^1363] ཨོཾ་པདྨ་སུ་ཁ་ངྷ་ར་ལ་སོགས་པས་བསྟན་
3080	terminal-particle	15		ཡང་སྤྱོད་པ་དང་ལས་ཀྱི་ཕྱག་རྒྱ་བསྒོམ་པའི་སྔོན་དུ་ཡང་འགྲོ་བའོ། །
3081	terminal-particle	32		སྤྱི་བོར་ཨོཾ་གྱི་རྣམ་པ། སྙིང་གར་ཧཱུཾ་གི་རྣམ་པ། ཟེའུ་འབྲུ་ལ་ནི་ཨའི་རྣམ་པའོ་ཞེས་བྱ
3082	terminal-particle	41		གང་ཟེའུ་འབྲུ་ནི་སའི་རྣམ་པའོ་ཞེས་པ་རྡོ་རྗེ་པདྨ་བྱིན་གྱིས་རློབ་པ་ཡང་གཟུང་སྟེ། ཧཱུཾ
3083	line-end	10		གོང་དུ་ཡང་། ཧཱུཾ་ཕཊ་རྣམ་པ་འདོད་མི་བྱ། །
3084	verse-stanza	19		ཞེས་གསུངས་པ་ནི་བདག་མེད་མ་ལ་བཀག་པའོ། །↵དགྱེས་པའི་རྡོ་རྗེ་ལ་ནི་འདོད་པ་ཁོ་ནའོ།། །།
3085	terminal-particle	24		རྒྱུད་ཀྱི་རྒྱལ་པོ་ཆེན་པོ་སྒྱུ་མའི༌[^1366]བརྟག་པ་ཞེས་བྱ་བ་ནི་ཕྱག་རྒྱ་ཆེན་པོ་སྟེ་ས
3086	terminal-particle	7		བརྟག་པ་ནི་ཆོ་ག་ཞིབ་མོའོ། །
3087	terminal-particle	54		བརྟག་པ་སུམ་ཅུ་རྩ་གཉིས་ལས་ཕྱུང་བ་ཞེས་བྱ་བ་ནི་མི་བསྐྱོད་དགྱེས་པའི་རྡོ་རྗེ་ལ་བསྡུ་བ
3088	terminal-particle	24		ཀྱེའི་རྡོ་རྗེ་མཁའ་འགྲོ་མ་དྲ་བའི་སྡོམ་པ་ནི་རྡོ་རྗེ་བདག་མེད་མ་ལ་སོགས་པ་ཞུ་བ་པོའི་ག
3089	terminal-particle	10		དེ་ཡང་དྲ་བ་ནི་ཐབས་དང་ཤེས་རབ་བོ། །
3090	terminal-particle	14		སྡོམ་པ་ནི་ཕྱག་རྒྱ་ཆེན་པོར་སྡོམ་པའམ་རྒྱུད་འདིར་སྡོམ་ཞེས་བྱའོ། །
3091	line-end	8		རྒྱུད་ཀྱི་རྒྱལ་པོ་ཆེན་པོ་རྫོགས་སོ།། །།
3092	line-end	80		བླ་མ་དམ་པས་རྐྱེན་བྱས་སོ་སོར་རྟོག་པའི་ཉེར་ལེན་གྱིས། །སློབ་མ་དམ་པ་འགའ་ཡིས་ཡང་དང་ཡང
3093	terminal-particle	560		[^1]: སརྦ་ ༼སྣར། པེ།༽ སརྦཱ་↵[^2]: བརྒྱད་དོ། ༼སྣར། པེ།༽ བརྒྱད་དེ།↵[^3]: ཏི་ངན་ཏའི
3094	line-end	6		དོན་བསྡུས་པ་ནི་↵[^121]: གཉིས་ ༼སྣར།༽
3095	ordinal-open	216		གཉིས་པ་↵[^122]: དམིགས་ནས་ ༼སྣར། པེ།༽ དམིགས་ན་↵[^123]: སྙིང་རྗེ་ ༼སྣར། པེ།༽ སྙིང་
3096	terminal-particle	63		༼སྣར། པེ།༽ །། །།↵[^180]: ཆས་ ༼སྣར། པེ།༽ ཆུས་↵[^181]: བྱུང་བ་ ༼སྣར། པེ།༽ འབྱུང་བ་
3097	terminal-particle	16		༼སྣར། པེ།༽ ནི་རྡོ་རྗེ་སྟེ་སྙིང་རྗེ་རིགས་རྡོ་རྗེ་སྙིང་པོ་སྟེ་དེས་ན་རིགས་སོ།། །།
3098	line-end	30		[^197]: གཏུབས་ ༼སྣར། པེ།༽ བཏུབས་↵[^198]: གཏུབས་ ༼སྣར། པེ།༽ བཏུབས་↵[^199]: རྣམ་པར
3099	ordinal-open	31		དང་པོ་རྡོ་རྗེ་རིགས་ཀྱི་ལེའུའི་ ༼སྣར། པེ།༽ དང་པོའི་↵[^203]: གཞིའམ་ ༼སྣར། པེ།༽ གཞི
3100	ordinal-open	4		དང་པོ་ལ་ ༼པེ།༽
3101	ordinal-open	191		དང་པོ་↵[^211]: ཨ་ ༼སྣར། པེ།༽ ཨཱ་↵[^212]: ནི་ ༼སྣར། པེ།༽ ནི་ཨ་ཝཪྞ་ཨུ་↵[^213]: ག་ཏ
3102	terminal-particle	3		ལེའུ་གཉིས་པའོ།། །།
3103	terminal-particle	1		༼སྣར། པེ།༽ རོ།། །།།
3104	line-end	96		[^257]: རྒྱུན་ ༼སྣར། པེ།༽ རྒྱུད་↵[^258]: རྣལ་འབྱོར་གྱི་ ༼སྣར། པེ།༽ རྣལ་འབྱོར་↵[^
3105	ordinal-open	4		བརྒྱད་པ་ལྟར་ ༼སྣར། པེ།༽
3106	ordinal-open	84		བརྒྱད་པ་↵[^288]: བསྒོམས་པ་ ༼སྣར། པེ།༽ བསྒོམ་པ་↵[^289]: བསྒོམས་པ་ ༼སྣར། པེ།༽ བསྒོ
3107	ordinal-open	165		བཞི་པ་↵[^308]: འཆང་དུ་ ༼སྣར། པེ།༽ འཆང་↵[^309]: རྣམས་ཀྱི་ ༼སྣར། པེ།༽ རྣམས་ཀྱིས་↵[
3108	ordinal-open	4		དང་པོ་པ་ ༼སྣར། པེ།༽
3109	ordinal-open	459		དང་པོ་↵[^351]: འབྲེལ་བ་ ༼སྣར། པེ།༽ འབྲེལ་↵[^352]: ཤེས་རབ་ཀྱི་ཆོ་ག་ ༼སྣར། པེ།༽ ཤེ
3110	terminal-particle	265		༼སྣར། པེ།༽ ། །གང་འགྲུབ་འགྱུར་↵[^465]: དང་ ༼སྣར། པེ།༽ བསྟེན་པ་ལ་↵[^466]: དེར་ ༼སྣ
3111	terminal-particle	324		༼སྣར། པེ།༽ ། །མཐུ་↵[^526]: བྱུང་ ༼སྣར། པེ།༽ འབྱུང་↵[^527]: སྨྲས་པ་ ༼སྣར། པེ།༽ སྨ
3112	terminal-particle	7		ཉིན་མོ་ ༼སྣར།༽ ཀུན་སྟོངཔར་བདག་མེད་པའོ། །
3113	terminal-particle	6		ཉིནམོས་ ༼པེ།༽ ཀུན་སྟོངཔར་དག་མེད་པའོ། །
3114	quote-open	220		ཉིནམོས་↵[^594]: མོས་ ༼སྣར། པེ།༽ མོ་↵[^595]: ཉིན་མོའི་ ༼སྣར། པེ།༽ ཉིནམོ་ཡིས་↵[^59
3115	terminal-particle	100		[^651]: རང་བཞིན་ཏེ་ ༼སྣར། པེ།༽ རང་བཞིནནམ་↵[^652]: མའོ། ༼སྣར། པེ།༽ མལོ།↵[^653]: བ
3116	quote-open	122		༼སྣར། པེ།༽ ཀུན་རྫོབ །↵[^674]: འགྲོ་བའི་ ༼སྣར། པེ།༽ འགྲོ་བ་ནི་↵[^675]: རིགས་པར་རང
3117	quote-open	3		༼སྣར། པེ།༽ བཅད་པ་གཉིསལས།
3118	line-end	416		[^704]: ཡིད་ཀྱིས་ ༼སྣར། པེ།༽ ཡིད་ཀྱི་↵[^705]: མེད་པ་ ༼སྣར། པེ།༽ མེད་པར་↵[^706]: 
3119	ordinal-open	4		གསུམ་པ་ལ་ ༼པེ།༽
3120	ordinal-open	430		གསུམ་པ་↵[^807]: སྦྱང་བ་ ༼པེ།༽ སྐྱང་བ་↵[^808]: ལ་ས་ ༼སྣར། པེ།༽ ལ་ལ་↵[^809]: གནས་ 
3121	quote-open	15		དེ་ནས་བསྒྲུབ་པ་བྱ་བ་ནི་ཆོ་ག་སྔ་མ་དང་འདྲ་བ་ལས།
3122	line-end	321		རང་གི་ཐུགས་ཀ་དང་ ༼སྣར། པེ།༽ བྱའོ།↵[^919]: ཆོ་ག་ཞི་བ་མོའོ། ༼སྣར། པེ།༽ ཆོ་ག་བཞི་པོ
3123	ordinal-open	337		གསུམ་པ་ཆགས་བྲལ་ང་↵[^1009]: བསྐུར་བ་སྟེ་ ༼སྣར། པེ།༽ བསྐུར་ཏེ་↵[^1010]: སེམས་དཔའ་ 
3124	terminal-particle	3		༼སྣར། པེ།༽ འབྲེལ་བ་ལོའོ། །
3125	terminal-particle	51		དེ་↵[^1095]: བཟང་ ༼སྣར། པེ།༽ བཟངས་↵[^1096]: སྦྱོར་ཏེ། ༼སྣར། པེ།༽ སྦྱོར་བ་སྟེ།↵[^
3126	line-end	270		༼སྣར། པེ།༽ ། །དེ་ནས་↵[^1109]: ནི་མ་ ༼སྣར། པེ།༽ ནི་བ་↵[^1110]: རིམ་པ་ ༼སྣར། པེ།༽ 
3127	ordinal-open	353		དང་པོ་ ༼སྣར། པེ།༽ དང་པའི་↵[^1184]: གང་ ༼སྣར། པེ།༽ གྲངས་↵[^1185]: རྩ་ནི་ ༼སྣར། པེ
3128	line-end	66		ལྷའི་སྟ་གོན་↵[^1288]: ནམ་ ༼སྣར། པེ།༽ རྣམ་↵[^1289]: བཞི་རུ་ ༼སྣར། པེ།༽ བཞིན་དུ་↵[
3129	ordinal-open	26		དང་པོ་ ༼སྣར། པེ།༽ དབང་པོ་↵[^1308]: མེད་དེ། ༼སྣར། པེ།༽ མེད་དོ།↵[^1309]: བའི། ༼སྣར
3130	line-end	122		ཟླ་ཚེས་ ༼སྣར། པེ།༽ ཟླ་ཚེས་↵[^1315]: ཐམས་ཅད་ ༼སྣར།༽ ཐ་དད་↵[^1316]: བཞི་ ༼སྣར། པེ།
3131	ordinal-open	76		གཉིས་པ་ས་བོན་དུ་ཡང་ ༼སྣར། པེ།༽ ཡང་↵[^1348]: པའམ་ ༼སྣར། པེ།༽ པའི་སྡེ་ཞེས་བྱ་ཤ་ཥ་ན
SUMMARY	quote-balance	12	MISMATCH	open=12 close=46
