index	trigger	syllables	flag	preview
1	terminal-particle	37		༄༅༅། །རྒྱ་གར་སྐད་དུ། པྲ་དཱིཔྟ་ན་ནཱ་མ་ཊཱི་ཀཱ། བོད་སྐད་དུ། སྒྲོན་མ༌[^1]གསལ་བ་ཞེས་བ
2	terminal-particle	49		ཆོས་རྣམས་རང་བཞིན་མེད་ལས་སྒྱུ་མའི་སྐུར་བསྟན་ནས། །ཐུགས་རྗེ་ཆེན་པོའི་སྟོབས་ཀྱིས་སེམ
3	terminal-particle	38		དྲི་མེད་མཐའ་ཡས་དངོས་གྲུབ་ཀུན་བརྙེས་དེ་ལ་ཕྱག་འཚལ་ཏེ། །སྟོང་པ་ཉིད་ཀྱི་དོན་རྣམས་མངོ
4	terminal-particle	15		རླུང་དང་སྔགས་དང་སེམས་ལ་སོགས་པ་ཀུན་མཁྱེན་ཁྱོད་ལ་ཕྱག་འཚལ་ལོ། །
5	line-end	97		སེམས་ཅན་གང་དག་རྒྱལ་བ་ཡིས་གསུངས་ལེགས་པའི་དོན་ལ་རབ་རྨོངས་པ། །དེ་གསལ༌[^3]ཕྱིར་ནི་ཟླ
6	line-end	13		འདི་ན་མི་མཁས་གང་ཞིག་གིས། །སྔོན་དུ་བསྟན་བཅོས་མ་རྙེད་པར།[^4] །
7	verse-stanza	25		གང་ཡིན་པ་ནི་ཕྱིས་རྙེད་པ། །↵གང་ཡིན་དེ་ནི་ཡ་མཚན་ཏེ། །↵དེ་འདིར་བདག་གིས་རྣམ་པར་དབྱེ།
8	verse-stanza	25		མཁས་པས་བསྟན་བཅོས་མི་རྩོམ༌[^5]པར། །↵ཉོན་མོངས་དྲ་བས་བཅིངས་པ་ཡིས། །↵བསྟན་བཅོས་མཐའ་ད
9	verse-stanza	25		དེ་ཕྱིར་མཁས་པས་སྤང་བར་བྱ། །↵བསྟན་བཅོས་རྩོམ་པའི་མཁན་པོ་ཡིས། །↵རྒྱལ་བའི་བཀའ་ནི་འབྱ
10	verse-stanza	27		དྲན་དང་ངོ་ཚ་ཤེས་པ་དང་། །↵ཁྲེལ་ཡོད་པ་དང་ཤེས་རབ་དང་། །↵དད་དང་མོས་པ་ལ་སོགས་ལ། །↵སེམ
11	verse-stanza	25		གང་གིས༌[^6]སྔོན་དུ་སོང་བ་ཡིས། །↵བསྟན་བཅོས་མི་རྩོམ་གྱུར་ཀྱང་བླའི། །↵བསོད་ནམས་འབའ་
12	verse-stanza	24		དེ་བཞིན་ང་རྒྱལ་ལ་སོགས་པ། །↵ཉོན་མོངས་མི་དགེ་སྔོན་སོང་ནས། །↵རྒྱལ་བའི་བཀའ་རྣམས་མ་ལུ
13	verse-stanza	24		ས་བོན་མི་དགེའི་དབང་གྱུར་པས། །↵མཐོང་བའི་ཆོས་ལ་དམྱལ་ཚོགས་བསྲེག །↵དེ་བས་བསྟན་བཅོས་ར
14	line-end	7		གང་ཡིན་བསྟན་བཅོས་བརྩམ་པར་བྱ། །
15	verse-stanza	26		ཤེས་རབ་ཞན་པར་གྱུར་པ་ཡིས། །↵བསྟན་བཅོས་གང་ཞིག་བརྩམས་གྱུར་ཀྱང་། །↵དེ་ཡིས་དོན་བྱེད་ན
16	verse-stanza	26		གཞན་གྱི་ལོང་ཁྲིད་མི་ནུས་པ། །↵དེ་བཞིན་དེ་ཡང་དེ་བཞིན་ནོ། །↵གང་ཚེ་བསྟན་བཅོས་རྩོམ་པ་
17	line-end	13		ཕྱི་རོལ་བསྟན་བཅོས་ལེགས་པར་མཁས། །གྲུབ་པའི་མཐའ་རྣམས་ཀུན་ལ་མཁས།[^10] །
18	verse-stanza	21		སྔགས་དང་རྫས་དང་སྨན་རྣམས་དང་། །↵ཐུན་མོང་གསོ་བ་ལ་སོགས་ལ། །↵རབ་ཏུ་མཁས་པར་གྱུར་པ་དང་
19	line-end	7		གཞན་གྱི་བསྟན་བཅོས་སུན་འབྱིན་གྱི།[^11] །
20	verse-stanza	25		སྦྱོར་བ་ལ་ནི་ཤིན་ཏུ་མཁས། །↵དགེ་བའི་ཆོས་ཀྱིས་རྣམ་པར་བརྒྱན། །↵དེ་ཡིས་བསྟན་བཅོས་བརྩ
21	verse-stanza	25		ཐུགས་རྗེའི་སྟོབས་ཀྱིས་སྤྲུལ་པ་ཡི། །↵སངས་རྒྱས་འཇིག་རྟེན་ལྷར་སྣང་སྟེ། །↵དེ་ཡིས་བརྩ
22	terminal-particle	97		དེ་བཞིན་གཤེགས་པ་ཐམས་ཅད་ཀྱི་སྐུ་དང་གསུང་དང་ཐུགས་ཀྱི་གསང་བ་བསྡུས་པ་འདི་ཅིའི་ཕྱིར་ག
23	line-end	57		གལ༌[^13]ཏེ། རིགས་ཐམས་ཅད་ཅེས་བྱ་བ་ནི་རིགས་ཆད་པ་ལ་སོགས་པ་ཡང་སྨོས་པ་ཡིན་ནམ། གལ་ཏེ་ད
24	terminal-particle	43		དེ་ལྟ༌[^15]ན་ནི་རིགས་མཆོག་ཏུ་གྱུར་པ་འདུལ་བ་དང་། རིགས་ཐམས་ཅད་པ་འདུལ་བ་གཅིག་གིས་གཅ
25	terminal-particle	34		དེ་ལྟ་ན་ནི་ཐེག་པ་མཆོག་ཏུ་མི་འགྱུར་གྱི་ཐེག་པ་ཐམས་ཅད་པར་འགྱུར་རོ་ཞེ་ན་མ་ཡིན་ཏེ། ཐེ
26	line-end	35		དེ་ཅིའི་ཕྱིར་ཞེ་ན། དེ་བཞིན་གཤེགས་པ་ཐམས་ཅད་ཀྱི་སྐུ་དང་གསུང་དང་ཐུགས་གསང་བ་ལས་མི་འད
27	terminal-particle	45		དེ་ལྟ་ན་ནི་བཅོམ་ལྡན་འདས་ཀྱིས་བདེན་པ་བཞིའི་ཆོས་ཀྱི་འཁོར་ལོ་ལ་སོགས་པ་གསུངས་པ་དོན་ཡ
28	terminal-particle	31		རིགས་ཞེས་བྱ་བ་འདི་ཡང་རྐྱེན་ལས་བྱུང་བའམ། ཆོས་ཉིད་ཀྱིས་ཡིན་ཞེས་རྟོག་གྲང་ན། རྐྱེན་ལ
29	terminal-particle	24		དེ་ལྟ་ན་ནི་རིགས་ངེས་པར་མི་འགྱུར་གྱི། རིགས་མ་ངེས་པར་ནི་འགྱུར་རོ་ཞེ་ན། རང་གི་རིགས་
30	terminal-particle	84		རང་གི་ཆོས་ཀྱིས༌[^18]བསྐྱེད་པ་ཞེས་བྱ་བ་འདི་ཡང་ས་བོན་ཐམས་ཅད་ཀྱིས་གཅིག་བསྐྱེད་དམ། ས
31	line-end	27		གསོས་འདེབས་པ་ཞེས་བྱ་བ་འདི་ཡང་ས་བོན་ཉིད་རྐྱེན་གཞན་གྱི་དབང་དུ་འགྱུར་བ་ནི་མ་ཡིན་ཏེ།
32	terminal-particle	57		ལུང་ལས་དེ་བཞིན་གཤེགས་པ་གསང་བ་མཆོག་གི་ཕྱིར། ས་བོན་རྣམས་ནི་གཅིག་ཏུ་འགྱུར། །ཞེས་འབྱ
33	line-end	44		ཕྱོགས་ཕྱི་མ་ལྟར་ན་ནི་འཇུག་པར་ཡང་མི་འགྱུར་ན། རིགས་གཅིག་པ་ལྟར་གྱུར་པ་ལྟ་སྨོས་ཀྱང་ཅ
34	ordinal-open	12		དང་པོ་ལྟར་ནི་མ་ཡིན་ཏེ། དུས་ཀྱིས་གནོད་པའི་ཕྱིར་རོ། །
35	terminal-particle	14		ཕྱོགས་ཕྱི་མ་ལྟར་ན་ནི་རང་གི་ཚིག་གིས་གནོད་པའི་ཕྱིར་རོ། །
36	line-end	26		དེ་ཅིའི་ཕྱིར་ཞེ་ན། ཚིག་གི་བླང་དོར་མེད་པའི་བྱང་ཆུབ་སྒྲུབ་པའམ། བསྐལ་པ་གྲངས་མེད་པ་ག
37	terminal-particle	24		ཐམས་ཅད་གསང་བ་མཆོག་ལ་གནས། །ཞེས་བྱ་བ༌[^21]དང་། རང་གི་ལམ་ལ་གནས་ཞེས་པ་ཡང་གཅིག་གིས་གཅ
38	terminal-particle	50		དེ་བས་ན་འདི་ནི་བླང་བར་བྱ་བ་ཉིད་དོ་ཞེ་ན་མ་ཡིན་ཏེ། ས་ལ་གནས་པ་རྣམས་ནི་ཐམས་ཅད་ཀྱང་བས
39	terminal-particle	22		དེ་ལྟ་ན་ནི་ཐེག་པའི་བྱེ་བྲག་མེད་པར་འགྱུར་རོ་ཞེ་ན་མ་ཡིན་ཏེ་གཉིས་པ༌[^22]ཡོད་པའི་ཕྱི
40	terminal-particle	15		གཉིས་ཞེས་བྱ་བ་འདི་ཡང་གསུམ་དང་གཉིས་ཀྱི་བྱེ་བྲག་གིས་ཡིན་ནོ། །
41	terminal-particle	40		ཐེག་པ་ཆེན་པོ་མདོ་སྡེའི་རྗེས་སུ་ཞུགས་པ་རྣམས་ནི་དོན་དམ་པ་ཆོས་ཉིད་མངོན་དུ་གྱུར་ནས་ས
42	line-end	32		གསང་བ་འདུས་པའི་དཀྱིལ་འཁོར་ལ་གནས་པ་རྣམས་ནི་དོན་དམ་པའི་བདེན་པ་དང་། ཡང་དག་པའི་ཀུན་ར
43	terminal-particle	37		དངོས་པོར་སྣང་བ་སྒྱུ་མ་ཙམ་འདི་ཅི་ཡང་དག་པའི་ཀུན་རྫོབ་པ་འམ། ལོག་པའི་ཀུན་རྫོབ་ཅེས་རྟ
44	terminal-particle	17		ལོག་པའི་ཀུན་རྫོབ་པ་ནི་མ་ཡིན་ཏེ། ཐམས་ཅད་ལས་མཐུན་པར་སྣང་བའི་ཕྱིར་རོ། །
45	terminal-particle	27		དངོས་པོ་ལྷའི་དཀྱིལ་འཁོར་དུ་སྣང་བ་ཞེས་བྱ་བ་འདི་ཡང་ལོག་པའི་ཀུན་རྫོབ་ནི་མ་ཡིན་ཏེ་ཁས
46	terminal-particle	20		ཡང་དག་པའི་ཀུན་རྫོབ་ཀྱང་མ་ཡིན་ཏེ། ཐམས་ཅད་ལ་མཐུན་པར་སྣང་བ་མ་ཡིན་པའི་ཕྱིར་རོ། །
47	line-end	65		དེ་བས་འདི༌[^24]བླང་བར་བྱ་བ་མ༌[^25]ཡིན་ནོ་ཞེ་ན་མ་ཡིན་ཏེ། དངོས་པོར་སྣང་བ་སྒྱུ་མ་ཙམ
48	terminal-particle	50		འདི་ལྟར་འཁྲུལ་པ་ཞེས་བྱ་བ་ཡང་། རྟོག་པ་དང་དབང་པོ་མེད་པ་ནི་ཡང་དག་པར་ཡང་སྣང་ངོ་། །དང
49	terminal-particle	30		གང་གིས་གང་ལ་གནས་པ་དེ་ཉིད་དོན་ལ་མི་སླུ་བར༌[^30]བྱེད་པ་ནི་ཡང་དག་པའི་ཀུན་རྫོབ་སྟེ། 
50	terminal-particle	24		ལོག་པའི་ཀུན་རྫོབ་ནི་རྟོག་པའི༌[^31]དུས་ན་མི་གནས་པའི་ཕྱིར་དོན་ལ་སླུ་བར༌[^32]བྱེད་པ
51	line-end	54		བསྐྱེད་པའི་རིམ་པ་འདི་ཡང་ཕྲད་པར་བྱེད་པའི་ཕྱིར་དང་། མི་སླུ་བར༌[^33]བྱེད་པའི་ཕྱིར་ཡ
52	terminal-particle	37		དེ་བས་ན་མདོ་སྡེའི་རྗེས་སུ་ཞུགས་པའི་བྱང་ཆུབ་སེམས་དཔའ་རྣམས་ནི་དོན་དམ་པའི་བདེན་པ་དང
53	line-end	45		སྔགས་ཀྱི་སྒོར་ཞུགས་པའི་བྱང་ཆུབ་སེམས་དཔའ་རྣམས་ནི། དོན་དམ་པའི་བདེན་པ་དང་། ཡང་དག་པའ
54	verse-stanza	19		སློབ་པ་དང་མི་སློབ་པའི་བྱེ་བྲག་གིས་ཡིན་ནོ། །↵རང་གི༌[^35]ཚིག་གིས་གསལ་བ་ཡང་མ་ཡིན་ཏེ
55	terminal-particle	6		གཉིས་ཉིད་ཡོད་པའི་ཕྱིར་རོ། །
56	terminal-particle	11		དེ་བས་ན་འདི་ནི་བླང་བར་བྱ་བ་ཉིད་དོ། །
57	terminal-particle	23		དགོས་པ་མེད་པ་ཡང་མ་ཡིན་ཏེ། སེམས་ཅན་འདོད་ཆགས་ཅན་ལ་སོགས་པ་འདུལ་བར་བྱེད་པ་ཉིད་ཀྱི་ཕྱ
58	line-end	32		སེམས་ཅན་འདོད་ཆགས་ཅན་རྣམས་ནི་འདོད་ཆགས་ཆེན་པོའི་ཆོས་ཀྱི་རྗེས་སུ་འཇུག་པའི་ཕྱིར་དེ་བ
59	terminal-particle	32		སེམས་ཅན་ཞེ་སྡང་ཅན་རྣམས་ནི་ཞེ་སྡང་ཆེན་པོའི་ཆོས་ཀྱི་རྗེས་སུ་འཇུག་པའི་ཕྱིར་དེ་བཞིན་
60	terminal-particle	33		སེམས་ཅན་གཏི་མུག་ཅན་རྣམས་ནི་གཏི་མུག་ཆེན་པོའི་ཆོས་ཀྱི་རྗེས་སུ་འཇུག་པའི་ཕྱིར་དེ་བཞི
61	terminal-particle	31		སེམས་ཅན་ང་རྒྱལ་ཅན་རྣམས་ནི་ང་རྒྱལ་ཆེན་པོའི་ཆོས་ཀྱི་རྗེས་སུ་འཇུག་པའི་ཕྱིར་དེ་བཞིན་
62	terminal-particle	32		སེམས་ཅན་ཕྲག་དོག་ཅན་རྣམས་ནི་ཕྲག་དོག་ཆེན་པོའི་ཆོས་ཀྱི་རྗེས་སུ་འཇུག་པའི་ཕྱིར་དེ་བཞི
63	terminal-particle	31		དེ་ལ་སོགས་པ་རྨད་དུ་བྱུང་བའི་སྤྱོད་པ་ཆེན་པོས་སེམས་ཅན་ཐམས་ཅད་ཀྱི་དོན་བྱེད་པའི་ཕྱིར
64	terminal-particle	30		དེ་ལྟ་བུའི་རྨད་དུ་བྱུང་བའི་རྒྱུད་འདི་ནི་སྤྱོད་པ་ཆེན་པོ་དང་། དུས་ཆེན་པོ་ལ་སོགས་པ་
65	terminal-particle	45		འདིའི་བརྗོད་པར་བྱ་བ་ནི་གང་དགོས་པ་ནི་གང༌[^37]དགོས་པའི་དགོས་པ་ནི་གང་། འབྲེལ་པ་ནི་ག
66	terminal-particle	17		ལམ་འབྲས་བུ་དང་བཅས་པ་ཇི་ལྟ་བུའི་འབྲས་བུ་རྣམ་པར་རྟོག་པ༌[^38]ནི་དགོས་པའོ། །
67	terminal-particle	25		རྗོད་པར༌[^39]བྱེད་པ་དང་དགོས་པ་ནི་གང་ལ་གང་ཞིག་རག་ལས་པར་འགྱུར་བ་དེའི་ཕྱིར་རག་ལས་པའ
68	line-end	18		བདག་གི་དོན་དང་གཞན་གྱི་དོན་ཕུན་སུམ་ཚོགས་པར་བྱེད་པ་ནི་དགོས་པའི་དགོས་པའོ། །
69	terminal-particle	22		ཡང་ན་ལམ་ལ་གནས་པར༌[^40]བྱེད་པ་ནི་དགོས་པ་ཡིན་ལ། དེས་འབྲས་བུ་ཐོབ་པ་ནི་དགོས་པའི་ཕྱིར
70	terminal-particle	30		ཡང་ན་ཐུན་མོང་དང་མཆོག་གི་དངོས་གྲུབ་དང་བདག་དང་གཞན་གྱི་དོན་རྣམ་པ་གཉིས་པོ་དགོས་པ་དང་
71	terminal-particle	35		བརྗོད་པར་བྱ་བ་དེ་ཉིད་ལ་སོགས་པ་རྒྱས་པར་བསྟན་པའི་ཕྱིར། དཔལ་ལྡན་རྒྱུད་རྒྱལ་ཞེས་བྱ་བ
72	terminal-particle	19		དཔལ་དེ་དང་ལྡན་པས་ན༌[^44]དཔལ་ལྡན་ཏེ། དེ་བཞིན་གཤེགས་པ་བཙུན་མོའི་ཚོགས་དང་རྣམ་པར་རོལ
73	terminal-particle	15		དེ་ཉིད་ཐབས་ཤེས་རབ་གཉིས་སུ་མེད་པའི་སྙོམས་པར་ཞུགས་པའི་རྒྱུད་དོ། །
74	terminal-particle	20		རྒྱུད་དེ་ཉིད་རྒྱལ་པོ་སྟེ་རྣལ་འབྱོར་རྒྱུད་ཀྱི༌[^45]ཤིན་ཏུ་གསལ་བར་རྣམ་ཕྱེ་ཞེས་བཤད་
75	terminal-particle	57		སེམས་ཅན་ཐམས་ཅད་ཀྱང་དེ་ལྟ་བུའི་ཆོས་དང་ལྡན་པར་འགྱུར་རོ་ཞེ་ན། མཐའ་དྲུག་གི་ནི་འཆིང་བ
76	line-end	4		འདི་ནི་མཐའ་སྟེ།
77	verse-stanza	21		འཁོར་བའི་གཡང་ས་དང་ཉེ་བ་ཉིད་ཀྱི་ཕྱིར་རོ། །↵མཐའ་ཡང་ཡིན་དྲུག་ཀྱང་ཡིན་པས༌[^46]འདི་ནི
78	terminal-particle	19		མཐའ་དྲུག་ཀྱང༌[^47]ཡིན་པ་དེ་ནི་འཆིང་བས་བཅིངས་པ༌[^48]ཡང་ཡིན་པས་མཐའ་དྲུག་གི་འཆིང་བས
79	line-end	16		དེས་ཅིར་འགྱུར་ཞེ་ན། རྒྱལ་པོར་མ་གྱུར་ཞེས་པ་ནི་དམན་པར་གྱུར་ཞེས་པའོ། །
80	terminal-particle	14		དེ་བས་ན་མཆོག་ཏུ་མ་གྱུར་པ་དེ་ནི་དམན་པར་གྱུར་པའོ། །
81	terminal-particle	16		གང་དམན་པར་གྱུར་པ་དེ་ནི་རྨད་དུ༌[^49]བྱུང་བའི་སྤྱོད་པ་ལ་མི་གནས་པའོ། །
82	terminal-particle	21		གང་རྨད་དུ་བྱུང་བའི་སྤྱོད་པ་ལ་མི་གནས་པ༌[^50]དེ་ནི་རྨད་དུ་བྱུང་བའི་སྤྱོད་ཡུལ་མ་ཡིན
83	terminal-particle	19		གང་རྨད་དུ་བྱུང་བའི་སྤྱོད་ཡུལ་མ་ཡིན་པ་དེ་ནི་དེའི་འབྲས་བུ་ཅན་མ་ཡིན་ནོ། །
84	terminal-particle	19		གང་དེའི་འབྲས་བུ་ཅན་མ་ཡིན་པ་དེ་ནི་ལོག་པའི་འབྲས་བུ་དང་ལྡན་པར་འགྱུར་རོ། །
85	line-end	39		མདོ་དག་ལས་ཀྱང་། སེམས་དཔའ་ཆེན་པོ་མ་རིག་པ་ལས་ནི་འདུ་བྱེད་འབྱུང་ངོ་། །འདུ་བྱེད་ལས་ན
86	verse-stanza	28		མིང་དང་གཟུགས་ལས་ནི་སྐྱེ་མཆེད་དྲུག་འབྱུང་ངོ་། །↵སྐྱེ་མཆེད་དྲུག་ལས་ནི་རེག་པ་འབྱུང་
87	line-end	37		ཚོར་བ་ལས་ནི་སྲིད་པ༌[^51]ལ་སོགས་པ་འབྱུང་བ་དང་། གཞན་ལས་ཀྱང་། སེམས་དཔའ་ཆེན་པོ་དེ་བཞ
88	terminal-particle	38		སེམས་ཅན་ལོག་སྲེད་ཅན་རྣམས་ནི་འདོད་ཆགས་དང་ཞེ་སྡང་ལ་སོགས་པས་དེ་བཞིན་གཤེགས་པའི་སྤྱོད
89	terminal-particle	11		ཀྱེ་མ་སེམས་ཅན་འདི་དག་ནི་རབ་ཏུ་བརླག་གོ། །
90	terminal-particle	4		ཀུན་དུ་བརླག་གོ། །
91	line-end	6		ཀུན་དུ་རབ་ཏུ་བརླག་གོ། །
92	verse-stanza	18		འདི་དག་ནི་འཁོར་བའི་ཆོས་ཉེ་བར་ལེན་པའོ། །↵འདི་དག་ནི་ཉོན་མོངས་པ་ལྷུར་ལེན་པའོ། །
93	terminal-particle	13		སེམས་ཅན་འདི་དག་ནི་རྨད་དུ་བྱུང་བའི་སྤྱོད་པ་སྤངས་པའོ། །
94	terminal-particle	20		སེམས་ཅན་འདི་དག་ནི་དེ་བཞིན་གཤེགས་པའི་དངོས་གྲུབ་ཐམས་ཅད་སྤངས་པའོ་ཞེས་འབྱུང་བའི་ཕྱིར
95	terminal-particle	42		མཐའ་དྲུག་གི༌[^52]འཆིང་བས་བཅིངས་པའི་ཕྱིར་ཐམས་ཅད་ཀྱི་སྤྱོད་ཡུལ་མ་ཡིན་ནམ་ཞེ་ན། མ་ཡི
96	line-end	13		རྒྱལ་བའི་སྲས་ནི་རྒྱལ་བའི་སྲས་ཏེ་བྱམས་པ་ལ་སོགས་པའོ། །
97	terminal-particle	18		དེ་རྣམས་ཀྱི་ཡུལ་དུ་གྱུར་ཞེས་པ་འདིས་ནི་འཁོར་བ་པའི༌[^53]ཡུལ་མ་ཡིན་ཞེས་སྦྱར་རོ། །
98	quote-close	17		ཡུལ་དུ་གྱུར་ཞེས་པ་ནི་དེ་རྣམས་ཀྱིས་ཉེ་བར་ལོངས་སྤྱོད་དུ་ཡོད་ཅེས་པའོ། །
99	terminal-particle	44		གང་ལ་སྤྱོད་ཅེ་ན། དཔལ་ལྡན་རྒྱུད་རྒྱལ་ཞེས་བྱ་བ་དེ་ཉིད་བཤད་པ། རྒྱལ་བའི་འདུས་པ༌[^54]
100	terminal-particle	35		དེ་ཉིད་སེམས་ཅན་ཐམས་ཅད་ཀྱི་ཡུལ་དུ་མ་གྱུར་པ་ཅིའི་ཕྱིར་ཞེ་ན། སངས་རྒྱས་ཀུན་གྱིས་རྒྱས
101	quote-close	13		དེས་རྒྱས་བཏབ་ཅེས་པ་ནི་ཐམས་ཅད་ལ་སྦས་པ་ཞེས་པའོ། །
102	line-end	55		དེ་དག་གི་དོན་ཡང་དོན༌[^56]འདི་སྐད་དུ་སྟོན་པར་འགྱུར་ཏེ། དེ་བཞིན་གཤེགས་པ་རྣམས་ཀྱི་ས
103	terminal-particle	47		གལ་ཏེ་གསང་བ་ཞིག་ཡིན་ན། ཐམས་ཅད་ནས་ཐམས་ཅད་དུ་རྟོག་པ༌[^57]མེད་པར་འགྱུར་རོ་ཞེ་ན། མ་ཡ
104	terminal-particle	14		ཡང་ན་དཔལ་ལྡན་རྒྱུད་རྒྱལ་གྱི་དཔལ་ནི་སྐུ་རྣམ་པ་གསུམ་མོ། །
105	terminal-particle	22		དཔལ་དེ་ཐོབ་པའི་ཐབས་གང་ལ་ཡོད་པ་དེ་ནི་དཔལ་ལྡན་ཏེ། བསྐྱེད་པའི་རིམ་པ་དང་རྫོགས་པའི་རི
106	line-end	14		རིམ་པ་རྣམ་པ་གཉིས་གཙོ་བོར་སྟོན་པའི་རྒྱུད་ནི་རྒྱུད་རྒྱལ་ཏེ།
107	verse-stanza	21		དེ་བཞིན་གཤེགས་པ་ཐམས་ཅད་ཀྱི་གསང་བ་འདུས་པའོ། །↵ཡང་ན་དཔལ་ལྡན་ནི་དེ་བཞིན་གཤེགས་པ་རྣམ
108	terminal-particle	14		དེ་དང་གང་ལྡན་པ་ནི་དཔལ་ལྡན་ཏེ་རྡོ་རྗེ་འཆང་ཆེན་པོའོ། །
109	line-end	16		དེ་ཉིད་ཀྱིས་གསུངས་པ་འདི་ཉིད་ནི་རྒྱུད་ཀྱི་རྒྱལ་པོ་ཡིན་ཞེས་སྦྱར་རོ། །
110	terminal-particle	37		ཡང་ན་དཔལ་ལྡན་ཡང་ཡིན་རྒྱུད་ཀྱང་ཡིན་པས་ན་དཔལ་ལྡན་རྒྱུད་རྒྱལ་ཏེ། གང་ལ་བསོད་ནམས་དང་ཡ
111	terminal-particle	31		དེ་ཉིད་ནི་རྣལ་འབྱོར་གྱི་རྒྱུད་ཀྱིས་ཤིན་ཏུ་གསལ་བར་རྣམ་ཕྱེ་སྟེ། གང་ལ་ཏིང་ངེ་འཛིན་ག
112	terminal-particle	26		གང་ཞེ་ན། དེ་བཞིན་གཤེགས་པ་ལ་བྱམས་པ་ལ་སོགས་པས་ཞུས་པའི་རྒྱུད་ཡེ་ཤེས་རྡོ་རྗེ་ཀུན་ལས་
113	line-end	68		དེས་གསལ་བར་བྱེད་པ་ནི་དེས་གསལ་བར་བཤད་པ་སྟེ། སྒྲ་དང་དོན་ཐམས་ཅད་རྒྱས་པར་བྱས་ཤེའོ།[^
114	terminal-particle	37		གལ་ཏེ་མཐའ་དྲུག་གི་འཆིང་བས་བཅིངས་ཀྱང་ཉེ་བར་གདགས་པ་མི་བྱའོ་ཞེ་ན། བློ་དམན་པ་རྣམས་ཀྱ
115	terminal-particle	24		རྒྱལ་བའི་ཡུལ་དུ་གྱུར་ཞེས་པས་ནི་རྡོ་རྗེ་འཆང་ཆེན་པོ་ལ་སོགས་པས་རྟོགས་པར་བྱ་བ་ཡིན་པར
116	terminal-particle	28		རྒྱལ་བའི་སྲས་ཀྱི་ཡུལ་དུ་གྱུར། །ཞེས་པས་ནི་བྱམས་པ་ལ་སོགས་པ་བྱང་ཆུབ་སེམས་དཔའ་རྣམས་ཀ
117	line-end	24		རྒྱས་སྲས༌[^60]ཡུལ་གྱུར་ཞེས་བྱ་བ་འདི་ནི་རྒྱལ་སྲས་གྱི་ཡུལ་དུ་གྱུར་པ་ཁོ་ནའོ་ཞེས་བྱ་
118	verse-stanza	19		རྒྱལ་བའི་སྲས་ཁོ་ནའི་ཡུལ་དུ་གྱུར་ཞེས་པའོ། །↵འདིས་ནི་གཞན་དང་ལྡན་པ་རྣམ་པར་བཅད་པའོ། 
119	terminal-particle	32		མཐའ་དྲུག་གི་ནི་འཆིང་བས་བཅིངས། །ཞེས་བྱ་བ་འདི་ནི་ཉེ་བར་མཚོན་པའི་ཚིག་སྟེ། བཤད་པ་བཞི
120	terminal-particle	37		དེ་དག་གིས་བཅིངས་པ་ཡང་གང་ཡིན༌[^61]ཞེ་ན། རྒྱལ་བའི་འདུས་གང་ཡིན་ཞེས་བྱ་བ་སྨོས་ཏེ། དེ
121	line-end	48		རྒྱལ་བའི་འདུས་པ་ཡང་སྒྲའི་རྣམ་པ་བཅིངས་སམ། དོན་གྱི་རྣམ་པ་བཅིངས་ཞེས་རྟོག༌[^62]གྲང་ན
122	terminal-particle	39		དེ་བཞིན་གཤེགས་པ་རྣམས་ཀྱིས་རྒྱས་བཏབ་ཅེས་པ་ཡང་མི་གདུག༌[^63]སེམས་དང་བཅས་པ་འམ། སྙོམ༌
123	terminal-particle	48		དེ་ཉིད་ཐམས་ཅད་ཀྱིས་རྟོགས་པ་མ་ཡིན་ནོ་ཞེ་ན། ཀླུ་སྒྲུབ་ལས་རྙེད་པ་ཞེས་སྨོས་ཏེ། དེ་བཞ
124	terminal-particle	35		འདི་དག་གི་དོན་ནི་འདི་སྐད་དུ་སྟོན་པར་འགྱུར་ཏེ། སྣོད་དང་སྣོད་མ་ཡིན་པ་རྣམ་པར་ཕྱེ་ནས
125	terminal-particle	18		གང་མཐའ་དྲུག་གི་འཆིང་བས་བཅིངས་པ་དེ་ནི་རྒྱལ་བའི་སྲས་ཀྱི་ཡུལ་དུ་འགྱུར་རོ། །
126	line-end	25		གང་རྒྱལ་བའི་སྲས་ཀྱི་ཡུལ་དུ་གྱུར་པ་དེ་ནི་ཚོགས་དང་སློབ་མའི་གང་ཟག་གིས་རྙེད་པ་མ་ཡིན་
127	terminal-particle	28		གང་ཚོགས་དང་སློབ་མས་རྙེད་པར་མ་གྱུར་པ་དེ་ནི་རྣལ་འབྱོར་གྱི་རྒྱུད་དང་། བྱང་ཆུབ་སེམས་
128	terminal-particle	25		གང་རྣལ་འབྱོར་གྱི་རྒྱུད་དང་། བྱང་ཆུབ་སེམས་དཔའ༌[^69]སྤྲུལ་པ་ལས་རྙེད་པ་དེ་ནི་ཀུན་དང
129	terminal-particle	13		ཀུན་དང་ཐུན་མོང་མ་ཡིན་པའི་ཕྱིར་རིགས་དབྱེ་བར་འགྱུར་རོ། །
130	terminal-particle	52		རྣལ་འབྱོར་གྱི་རྒྱུད་ཀྱང་ཇི་ལྟར་བཤད་ཅེ་ན། དེ་བཞིན་གཤེགས་པ་ཐམས་ཅད་ནི་ཕྱི་དང༌[^70]ན
131	line-end	63		དེ་བཞིན་གཤེགས་པའི་གསང་བ་འདུས་པའི་མངོན་པར་བྱང་ཆུབ་པ་དེ་ཉིད༌[^71]ཕྱི་དང་ནང་གི་དབྱེ
132	terminal-particle	50		དེ་བཞིན་གཤེགས་པ་རྣམས་ནི་ངེས་པའི་དོན་དུ་བྱང་ཆུབ་ཀྱི་སེམས་ལ་བརྟེན་ཏེ། སངས་རྒྱས་པས་
133	terminal-particle	42		དེ་བཞིན་གཤེགས་པ་ཐམས་ཅད་ནི་སྤྲུལ་པའི་སྐུ་ལས་མི་འདའ་ལ། སྤྲུལ་པའི་སྐུའི་དེ་ཁོ་ན་ཉིད
134	terminal-particle	14		དེ༌[^73]གསལ་བར་སྟོན་པའི་ཕྱིར་བྱམས་པས་ཞུས་པའི་རྒྱུད་ཕྱི་མ་གསུངས་སོ། །
135	line-end	31		དེ་བཞིན་གཤེགས་པ་རྣམས་ནི་བཤད་པའི་ཚུལ་རྣམ་པ་བཞི་ལས་མི་འདའ་ལ། དེ་གསལ་བར་བྱ་བའི་དོན་
136	terminal-particle	45		དེ་བཞིན་གཤེགས་པ་རྣམས་ནི་ཐུགས་རྗེ་ཆེན་པོའི་སྟོབས་ཀྱིས༌[^74]སེམས་ཅན་ལ་ཆོས་སྟོན་པ་ལ
137	terminal-particle	29		དེ་བཞིན་གཤེགས་པ་རྣམས་ནི་རྨད་དུ་བྱུང་བའི་སྤྱོད་པ་ལས་མི་འདའ་ལ། དེ་གསལ་བར་བྱེད་པའི་
138	terminal-particle	37		དེ་བཞིན་གཤེགས་པ་རྣམས་ནི་ཐོབ་པ་དང་རྩོལ་བ་དངོས་གྲུབ་རྣམ་པ་གཉིས་ལས་མི་འདའ་ལ། དེ་གསལ
139	terminal-particle	34		དེ་བཞིན་གཤེགས་པ་རྣམས་ནི་དབང་དང་དམ་ཚིག་ལས་མི་འདའ་ལ། དེ་གསལ་བར་བྱེད་པའི་རྒྱུད་ནི་ད
140	line-end	35		དེ་བཞིན་གཤེགས་པ་རྣམས༌[^76]ནི་བསྐྱེད་པའི་རིམ་པ་དང་ལྷའི་རྣལ་འབྱོར་གྱི་རྫོགས་པའི་རི
141	terminal-particle	114		དེ་བས་ན་དེ་བཞིན་གཤེགས་པ་ཐམས་ཅད་ཀྱི་སྐུ་དང་གསུང་དང་ཐུགས་གསང་བ་འདུས་པ་ནི་རྣལ་འབྱོར
142	line-end	22		དེ་ལྟར་བཤད་པར་དམ་བཅའ་བ་བསྟན་ནས། ད་ནི་དེ་ཁོ་ན་ཉིད་ཀྱི་དོན་མདོར་བསྡུས་ཏེ་བསྟན་པར་བ
143	line-end	44		དེའི་ཕྱིར། གསང་སྔགས་སྐུ་ནི་རབ་ཏུ་སྒྲུབ་པར༌[^79]བྱེད། །ཅེས་བྱ་བ་ལ་སོགས་པ་སྨོས་ཏེ།
144	verse-stanza	20		རིམ་པ་ཞེས་བྱ་བ༌[^80]ནི་གཉི་ག་ལ་སྦྱར་བར་བྱའོ། །↵འདིས་ནི་བསྐྱེད་པའི་རིམ་པ་ཡང་གཟུང་
145	terminal-particle	47		རིམ་པ་དང་པོ་ཞེས་སྨོས་པ་མ་ཡིན་ནམ། དེ་ཅིའི་ཕྱིར་གཉི་ག་ལ་དང་པོ་ཞེས་བརྗོད་ཅེ་ན་འདི་ན
146	line-end	20		རིམ་པ་དང་པོ་ཞེས་བྱ་བ་འདི་ཡང་གང་ཞིག་ཅེ་ན། འདི་ནི་རྡོ་རྗེ་བཟླས་པ་ཉིད་དོ། །
147	line-end	7		རིམ་པ་གཉིས་པ་བརྗོད་པའི་ཕྱིར།
148	verse-stanza	13		སེམས་ལ་དམིགས་པ་ཙམ་ཞིག་ནི། །↵རིམ་པ་གཉིས་པ་ཞེས་བརྗོད་དོ། །
149	terminal-particle	21		ཞེས་པ་སེམས་ལ་དམིགས་པས་ན། སེམས་ལ་དམིགས་པ་སྟེ། གང་གི་སེམས་ཡུལ་དུ་བྱས་པས་ན། སེམས་ལ་
150	terminal-particle	16		རིམ་པ་གཉིས་པ་ཞེས་པ་ནི། རྡོ་རྗེ་བཟླས་པ་ལ་ལྟོས་པའི༌[^81]རིམ་པ་གཉིས་སོ། །
151	terminal-particle	24		ཙམ་ཞེས་པ་ནི་དགག་པ་སྨོས་པ་སྟེ། སེམས་ལ་དམིགས་པ་ཙམ་ཞིག་རིམ་པ་གཉིས་པ་ཡིན་གྱི། གཞན་ནི
152	line-end	9		དེ་ནས་རིམ་པ་གསུམ་པ་བསྟན་པའི་ཕྱིར།
153	verse-stanza	12		ཀུན་རྫོབ་བདེན་པ་བསྟན་པ་ནི། །↵ཡིད་དང་རིམ་པ་གསུམ་པའོ། །
154	line-end	26		ཞེས་པ་གང་རྒྱུ་རྐྱེན་གྱིས་བསྐྱེད་པ་བརྫུན་པར་སྣང་བ་ནི་ཀུན་རྫོབ་སྟེ། ཀུན་རྫོབ་དེའི་
155	line-end	2		རིམ་པ༌[^83]
156	ordinal-open	9		གཉིས་པ་ལ་ལྟོས༌[^84]ནས་འདི་རིམ་པ་གསུམ་པའོ། །
157	line-end	23		འདིས་ནི་ཅིག་ཅར་གྱིས་འབྱུང་བའི་སྒྱུ་མ་ལྟ་བུའི་སྐུ་གཟུང་ངོ་། །དེ་ནས་རིམ་པ་བཞི་པ་བས
158	verse-stanza	13		ཀུན་རྫོབ་བདེན་པ་དག་པ་ནི། །↵རིམ་པ་བཞི་པ་ཞེས་བརྗོད་དོ། །
159	terminal-particle	33		ཞེས་པ༌[^85]རིལ་པོར་འཛིན་པ་དང་། རྗེས་སུ་གཞིག་པའི་སྟོབས་ཀྱིས་སྒྱུ་མ་ལྟ་བུའི་སྐུ་རང
160	terminal-particle	28		རིམ་པ་བཞི་པའི་དུས་སུ་ནི་བདེན་པ་རྣམ་པ་གཉིས་ཀྱི་ཚུལ་དུ་གནས་པ་སྟེ། འདི་ལྟར་མཉམ་པར་ག
161	terminal-particle	12		དེའི་རྗེས་ལས་ཐོབ་པའི་སྐུ་ནི་ཀུན་རྫོབ་ཀྱི་བདེན་པའོ། །
162	line-end	53		དེ་ནས་རིམ་པ་ལྔ་པ་བསྟན་པའི་ཕྱིར། བདེན་པ༌[^87]གཉིས་སྦྱོར༌[^88]གང་ཡིན་པ། །ཟུང་འཇུག་
163	line-end	39		དེ་ནས་སྒྲུབ་ཐབས་ཀྱི་ཆེ་བ་བསྟན་པའི་ཕྱིར། འདི་ནི་སྒྲུབ་པའི་ཐབས་ཀྱི་མཆོག །ཅེས་པ་བསྐ
164	verse-stanza	15		དངོས་གྲུབ་གཉིས་ཀྱི་རྒྱུར་གྱུར་པའི་ཕྱིར་རོ། །↵རྒྱུད་ཀུན་གྱི་ནི་དོན་བསྡུས་པའོ། །
165	terminal-particle	41		ཞེས་པ། དེ་བཞིན་གཤེགས་པ་ཐམས་ཅད་ཀྱི་རྒྱུད་ནི་ལམ་དང་འབྲས་བུ་གཉིས་ལས་མི་འདའ་ལ། བསྐྱེ
166	terminal-particle	15		ཡང་ན་རྒྱུད་ནི་དེ་བཞིན་གཤེགས་པ་ཐམས་ཅད་ཀྱི་གསང་བ་འདུས་པའོ། །
167	terminal-particle	12		དེའི་ཡན་ལག་ནི་ལྷ་མོ་བཞིས་ཞུས་པ་ལ་སོགས་པའོ། །
168	terminal-particle	12		དེའི་དོན་མདོར་བསྡུས་པ་ནི་ལམ་འབྲས་བུ་དང་བཅས་པའོ། །
169	terminal-particle	14		ལམ་ནི༌[^89]རྣམ་པ་གཉིས་ཏེ་སྨིན་པ་དང་གྲོལ་བར་བྱེད་པའི་ལམ་མོ། །
170	terminal-particle	27		སྨིན་པར་བྱེད་པའི་ལམ་ནི་རྣམ་པ་བཞི་སྟེ། བུམ་པའི་དབང་དང་། གསང་བའི་དབང་དང་། ཤེས་རབ་ཡ
171	terminal-particle	20		གྲོལ་བར་བྱེད་པའི་ལམ་ནི་རྣམ་པ་བཞི་སྟེ།[^90] དེ་ཁོ་ན་ཉིད་ཀྱི༌[^91]ཏིང་ངེ་འཛིན་དང་ག
172	terminal-particle	33		དེ་ཁོ་ན་ཉིད་ཀྱི་ཏིང་ངེ་འཛིན་ལ་གཉིས་ཏེ། བསྐྱེད་པའི་རིམ་པ་དང་། རྫོགས་པའི་རིམ་པའོ།[
173	terminal-particle	23		སྤྱོད་པ་ནི་རྣམ་པ་གསུམ་སྟེ། སྤྲོས་པ་དང་བཅས་པ་དང་། སྤྲོས་པ་མེད་པ་དང་། ཤིན་ཏུ་སྤྲོས
174	terminal-particle	17		འབྲས་བུ་ནི་རྣམ་པ་གཉིས་ཏེ། འབྲས་བུ་གནས་སྐབས་པ་དང་། འབྲས་བུ་མཐར་ཐུག་པའོ། །
175	terminal-particle	14		ཐུན་མོང་གི་དངོས་གྲུབ་འབའ་ཞིག་པ་ནི་འབྲས་བུ་གནས་སྐབས་པའོ། །
176	terminal-particle	10		མཆོག་གི་དངོས་གྲུབ་ནི་འབྲས་བུ་མཐར་ཐུག་པའོ། །
177	terminal-particle	16		འདི་དག་ནི་དེ་བཞིན་གཤེགས་པ་ཐམས་ཅད་ཀྱི་རྒྱུད་ཀྱི་དོན་མདོར་བསྡུས་པའོ། །
178	line-end	16		སྔགས་དང་སེམས་དང་ལུས་དང་ནི། །ཞེས་བྱ་བ་ལ་སོགས་པ་ནི་བཤད་ཟིན་ཏོ། །
179	terminal-particle	36		མདོར་བསྡུས་པ་ཞེས་བྱ་བ་འདི་ཡང་འོག་ནས་འབྱུང་བའི་དོན་ཉིད་ཡིན་ནམ་དེ་ལས་གཞན་ཞིག་ཡིན་ཞ
180	terminal-particle	56		ཕྱོགས་ཕྱི་མ་ལྟར་ན་ཡང་རྒྱུད་འདི་ཉིད་ཀྱི་དོན་མདོར་བསྡུས་པ་ཞེས་འབྱུང་བའི་ཕྱིར་རོ་ཞེ
181	terminal-particle	26		རེ་ཞིག་དབང་པོ་རྟུལ་པོ་དོན་མཐའ་དག་ལ་གཞོལ་བའི་དབང་དུ་ནི་མ་ཡིན་ཏེ། གོང་མའི་སྐྱོན་ཉི
182	terminal-particle	15		འདི་ནི་དབང་པོ་རྣོན་པོ་མགོ་སྨོས་པས་གོ་བའི་དབང་དུ་བྱས་པའོ། །
183	terminal-particle	29		དེ་ཅིའི་ཕྱིར་ཞེ་ན། དབང་པོ་རྣོན་པོ་ནི་དེ་ཙམ་གྱིས་གོ་བར་འགྱུར་བ་དང་། དོན་རྒྱ་ཆེན་པ
184	line-end	24		དེ་བས་ན་དེ་བཞིན་གཤེགས་པའི་གསང་བ་འདུས་པའི་དོན་རྒྱ་ཆེར་བཤད་པ་འདིས་ནི་དབང་པོ་རྣོན་པ
185	verse-stanza	18		དབང་པོ་རྟུལ༌[^94]པོའི་གང་ཟག་གཉི་ག་གཟུང་བར༌[^95]འགྱུར་རོ། །↵དེ་དག་གིས༌[^96]ནི་དོན
186	terminal-particle	18		དེ་ནས་རྒྱུད་ཀྱི་མཐའི་ཡི་གེ་ཤེས་པར་བྱ་བའི་ཕྱིར། ཤེས་ནས་མཐའ་དྲུག་ལ་འཇུག་གོ། །
187	line-end	18		ཞེས་བྱ་བ་སྨོས་ཏེ། མཐའ་དྲུག་ལ་འཇུག་པ་ཡིན་པས་ན་མཐའ་དྲུག་ལ་འཇུག་པ་ཞེའོ།[^97] །
188	terminal-particle	26		མཐའ་དྲུག་པོ་འདི་ཡང་གང་ལ་འཇུག་ཅེ་ན། དེ་བཞིན་གཤེགས་པའི་གསང་བ་འདུས་པའི་རྒྱུད་ཆེན་པོ
189	terminal-particle	19		དེ་ཅིའི་ཕྱིར་ཞེ་ན། དེ་བཞིན་གཤེགས་པའི་རྒྱུད་ཐམས་ཅད་ནི་མཐའ་རྣམ་པ་དྲུག་ལས་མི་འདའོ། 
190	line-end	18		དེ་བས་ན་དེ་བཞིན་གཤེགས་པའི་རྒྱུད་ཀྱི་མཐའི༌[^98]ཡི་གེ་ཤེས་པར་བྱ་སྟེ། དེ་ཡང་བཤད་པ།
191	verse-stanza	19		ཇི་སྲིད་ཡ་ར་ལ་ཧའི་བར། །↵ཀ་ག་གྷ་མཐའ་ན་ཛའི་མཐའ། །↵ད་དྷའི་མཐའ་དང་མ་མཐར་བཅས། །
192	terminal-particle	15		ཞེས་པ་འདི་དག་ནི་རྣལ་འབྱོར་གྱི་རྒྱུད་ཀྱི་མིང་གི་མཐའི་ཡི་གེའོ། །
193	line-end	105		འདི་དག་ནི་དཔལ་ཡེ་ཤེས་རྡོ་རྗེ་ཀུན་ལས་བཏུས་པ་ལས་ཀྱང་། བཅོམ་ལྡན་འདས་རྣལ་འབྱོར་གྱི་ར
194	terminal-particle	15		དེ་བཞིན་དུ་ཧའི་མཐའ་ཅན་གྱི་བར་དུ་ཡང་སུམ་ཅུ་རྩ་གཉིས་སོ། །
195	terminal-particle	19		དེ་བས་ན་རྣལ་འབྱོར་དང་། རྣལ་འབྱོར་ཆེན་པོའི་རྒྱུད་ནི་སྟོང་ཕྲག་བདུན་ཅུ་རྩ་གཉིས་སོ། 
196	line-end	32		ཡང་ན། ཇི་སྲིད་ཡ་ར་ལ་ཧའི་བར། །ཞེས་བྱ་བ་ལ་སོགས་པས་ནི་ཨཱ་ལི་ཀཱ་ལི་ཡང་གཟུང་བར་བྱ་སྟེ
197	verse-stanza	13		ཨཱ་ལི་ཀཱ་ལི་མཉམ་སྦྱོར་བས། །↵འཁོར་ལོ་བཞི་ནི་འགྲུབ་པ་ཡིན། །
198	terminal-particle	15		ཞེས་གསུངས་ཏེ། འཁོར་ལོ་བཞི་ནི་ཨཱ་ལི་ཀཱ་ལི་ལས་གཞན་མ་ཡིན་ནོ། །
199	terminal-particle	27		འཁོར་ལོ་བཞི་ལས་ནི་རྡོ་རྗེ་བཟླས་པ༌[^100]དང་། སེམས་ལ་དམིགས་པ་དང་། སྒྱུ་མ་ལྟ་བུའོ།[
200	line-end	4		གཞན་ལས་ཀྱང་།
201	verse-stanza	13		སྙིང་གི་དབུས་ན་མི་ཤིགས་པ། །↵འབར་བ་མར་མེའི་རྩེ་ལྟར་འབར། །
202	line-end	10		ཞེས་བྱ་བ་ལ་སོགས་པ་གསུངས་པ་ལྟ་བུའོ། །
203	line-end	4		གཞན་ལས་ཀྱང་།
204	verse-stanza	23		འཁོར་ལོ་ས་བོན་འོད་ཟེར་ལས། །↵རྡོ་རྗེ༌[^102]བཟླས་དང་སེམས་ལ་དམིགས། །↵སྒྱུ་མའི༌[^103
205	terminal-particle	47		ཞེས་འབྱུང་བའི་ཕྱིར། དེ་བས་ན་རླུང་ལས་ནི་རྣམ་པར་ཤེས་པ་འབྱུང་ངོ་། །རྣམ་པར་ཤེས་པ་ལས་
206	terminal-particle	11		དེ་ནས་ནི་རྣམ་པར་ཤེས་པ་ལ་བསླབ་པར་བྱའོ། །
207	terminal-particle	28		རྣམ་པར་ཤེས་པ་ལས་རླུང་ལ་ལོབས་པར་འདོད་པས་ཀྱང་འཁོར་ལོ་རྣམ་པ་བཞིའི་ཡི་གེའི་དོན་ཇི་ལྟ
208	line-end	31		ཡི་གེ་དེ་དག་ཀྱང་མཐའ་གང་དུ་འདུས་ཤེ་ན། དེ་དེའི་རྩ་བ་ཡི་གེ་གསུམ། །ཞེས་སྨོས་ཏེ། མཐའ་
209	terminal-particle	32		ཡི་གེ་གསུམ་པའི་ངོ་བོ་གང་ཡིན་ཞེ་ན། སྐྱེས་བུ་སྒྲ་ལ་གཞོལ་བ་རྣམས་ཀྱི་དབང་དུ་བྱས་ཏེ། 
210	terminal-particle	56		ཡང་ན་སྒོམ་པ་ལ་མཆོག་ཏུ་བྱས་ཏེ། དེ་དེའི་རྩ་བ་ཡི་གེ་གསུམ། །པ་ཞེས༌[^104]པ་ནི་དེ་བཞིན
211	terminal-particle	53		ཡི་གེ་གསུམ་དེ་བཞིན་གཤེགས་པ་ཐམས་ཅད་ཀྱི་ཐོབ་པར་བྱེད་པའི་ཐབས་ལས༌[^105]མི་འདའ་ལ། ཡི་
212	terminal-particle	4		ཨཱཿནི་གསུང་རྡོ་རྗེའོ། །
213	line-end	5		ཧཱུཾ་ནི་ཐུགས་རྡོ་རྗེའོ། །
214	line-end	17		འདི་ལྟར་དེ་བཞིན་གཤེགས་པ་ཐམས་ཅད་ནི་སྐུ་རྣམ་པ་གསུམ་ལ་མི་འདའ་ལ།
215	verse-stanza	12		ཡི་གེ་ཨོཾ་ནི་ཆོས་ཀྱི་སྐུའོ། །↵ཨཱཿནི་ལོངས་སྤྱོད་རྫོགས་པའི་སྐུའོ། །
216	terminal-particle	5		ཧཱུཾ་ནི་སྤྲུལ་པའི་སྐུའོ། །
217	terminal-particle	15		དེ་བཞིན་གཤེགས་པ་བསྐྱེད་པའི་རིམ་པའི་དབང་དུ་བྱས་པ་དེ་བཞིན་ནོ། །
218	line-end	15		དེ་བཞིན་གཤེགས་པ་ཐམས་ཅད་ཀྱི་སྨིན་པར་བྱེད་པའི་དབང༌[^107]ཇི་ལྟར་འདུ༌[^108]ཞེ་ན།
219	verse-stanza	25		ཡི་གེ་ཨོཾ་ནི་བུམ་པའི་དབང་ངོ་། །↵ཡི་གེ་ཨཱཿནི་གསང་བའི་དབང་ངོ་། །↵ཧཱུཾ་ནི་ཤེས་རབ་ཡེ
220	terminal-particle	24		དེ་བཞིན་གཤེགས་པ་ཐམས་ཅད་ཀྱི་རིམ་པ་ལྔ་པ་ཇི་ལྟར་འདུ་ཞེ་ན། འདི་ལྟར་ཡི་གེ་ཨཱཿནི་རྡོ་ར
221	terminal-particle	14		ཧཱུཾ་ནི་སེམས་ལ་དམིགས་པ༌[^109]དང་འོད་གསལ་བ་དང་། ཟུང་དུ་འཇུག་པའོ། །
222	line-end	7		ཨོཾ་ནི་སྒྱུ་མ་ལྟ་བུའི་སྐུའོ། །
223	terminal-particle	33		རྡོ་རྗེ་བཟླས་པ་འབའ་ཞིག་གི་དབང་དུ་བྱས་ཏེ། ཡི་གེ་གསུམ་ནི་འདི་ལྟར་འབྱུང་བ་དང་། འཇུག
224	line-end	23		སེམས་ལ་དམིགས་པ་འབའ་ཞིག་གི༌[^112]དབང་དུ་བྱས་པའི་ཡི་གེ་གསུམ་ནི་སྣང་བ་དང་། སྣང་བ་མཆ
225	verse-stanza	15		སྣང་བ་ཐོབ་པའི་ཡེ་ཤེས་སོ། །↵ཡི་གེ་གསུམ་དང་ཅི་རིགས་སུ་སྦྱར་རོ། །
226	terminal-particle	41		སྒྱུ་མ་ལྟ་བུའི་སྐུ་འབའ་ཞིག་གི་དབང་དུ་བྱས་པའི་ཡི་གེ་གསུམ་ནི་སྐུ་སྒྱུ་མ་ལྟ་བུ་དང་།
227	terminal-particle	41		འོད་གསལ་འབའ་ཞིག་གི་དབང་དུ་བྱས་པའི་ཡི་གེ་གསུམ་ནི་འོད་གསལ་བའི་ཡེ་ཤེས་དང་། འོད་གསལ་
228	terminal-particle	38		ཟུང་དུ་འཇུག་པ་འབའ་ཞིག་པའི་དབང་དུ་བྱས་པའི་ཡི་གེ་གསུམ་ནི་རྩོལ་བ་དང་བཅས་པ་དང་རྩོལ་བ
229	terminal-particle	24		ཡང་ན་སྤྲོས་པ་དང་བཅས་པ་དང་། སྤྲོས་པ་མེད་པ་དང་། ཤིན་ཏུ་སྤྲོས་པ་མེད་པའི་གོ་རིམས་སུ་
230	terminal-particle	18		[^117]དེ་བས་ན་དེ་བཞིན་གཤེགས་པའི་ཆོས་ཐམས་ཅད་ཀྱི་རྩ་བ་ནི་ཡི་གེ་གསུམ་མོ། །
231	line-end	78		དེ་བཞིན་གཤེགས་པ་ཐམས་ཅད་ཀྱི་དོན་གྱི་རྣམ་པ་ཇི་ལྟ་བ་བཞིན་དུ་སྒྲའི་རྣམ་པ་ལ་ཡང་དེ་བཞི
232	line-end	4		གཞན་ལས་ཀྱང་།
233	verse-stanza	25		ཨ་ནི་ཡིག་འབྲུ་ཀུན་གྱི་མཆོག །↵དོན་ཆེན་ཡི་གེ་དམ་པ་ཡིན། །↵ཁོང་ནས་འབྱུང་བ་སྐྱེ་བ་མེད
234	verse-stanza	13		བརྗོད་པ་ཀུན་གྱི་རྒྱུ་ཡི་མཆོག །↵ཚིག་ཀུན་རབ་ཏུ་གསལ་བར་བྱེད། །
235	line-end	5		ཅེས་འབྱུང་བ་དང་། །
236	verse-stanza	25		གསང་བ་ཐིག་ལེའི་རྒྱུད་ལས། །↵སྒྲ་རྣམས་ཡི་གེ་ལས་བྱུང་སྟེ། །↵ཡི་གེ་ཡི་གེ་གསུམ་ལས་བྱུ
237	terminal-particle	11		རྒྱུ་ནི་ཡི་གེ་གསུམ་དུ་འདུས། །ཞེས་འབྱུང་བ་ལྟ་བུའོ། །
238	terminal-particle	41		དེ་བཞིན་གཤེགས་པ་ཐམས་ཅད་ཀྱི་གསང་བ་འདུས་པ་དང་། དེ་བཞིན་གཤེགས་པ་ཐམས་ཅད་ཀྱི་ཡི་གེ་རྣ
239	line-end	25		དེ་བས་ན་ཡི་གེ་ལ་འདུས་པ་ཇི་བཞིན་དུ་དེ་བཞིན་གཤེགས་པའི་གསང་བ་འདུས་པ་ལ་ཡང༌[^118]འདུས
240	line-end	90		དེ་ཉིད་བཤད་པ། ཐུབ་པ་ཆེན་པོས་ཆོས་ཕུང་པོ། །བརྒྱད་ཁྲི་བཞི་སྟོང་གསུངས་པ་ཡིན།[^119] །
241	verse-stanza	24		བཞི༌[^122]དང་སྤྱི་དང་ཁྱད་པར་གྱི། །↵དམ་ཚིག་མཆོག་ནི་རྨད་པོ་ཆེ། །↵སྡོམ་པ་གསུམ་ལ་རབ་
242	terminal-particle	5		ཅེས་འབྱུང་བའི་ཕྱིར་རོ། །
243	line-end	33		མདོ་སྡེ་དང་མངོན་པ་ལ་ཡང་དེ་བཞིན་ཏེ། འདི་དག་དེ་བཞིན་གཤེགས་པ་ཐམས་ཅད་ཀྱི་གསང་བ་ཆེན་པ
244	terminal-particle	15		དེ་བས་འདིས༌[^124]ནི་རྒྱུད་ཀྱི་ཆེ་བ་ཡང་བསྟན་པར་བྱ༌[^125]སྟེ་མཆོག་ཡིན༌[^126]ཞེས་སྦ
245	terminal-particle	37		གཞུང་ཉུང་བ་ལ་དོན་མང་བ་ཞེས་པ་ནི་གཞུང་གི་ཚོགས་ཕྲ་མོ་ཙམ་གྱིས་དེ་བཞིན་གཤེགས་པའི་བཀའ་
246	terminal-particle	14		འདི་དག་གིས་ནི་རྒྱུད་ཀྱི་ཆེ་བ་ཡང་བསྟན་པར་རིག་པར་བྱའོ། །
247	terminal-particle	55		དེ་ནས་རྒྱུ་རྙེད་པར་དཀའ་བ་བསྟན་པའི་ཕྱིར། འདུས་པའི་རྒྱུད་ནི་རྙེད༌[^127]དཀའ་ཞིང་། །
248	line-end	28		སངས་རྒྱས་ཐེ་ཚོམ་སྐྱེ་བ་ཅིའི་ཕྱིར་ཞེ་ན། སངས་རྒྱས་དང་བྱང་ཆུབ་སེམས་དཔའ་ཐམས་ཅད་ལ་ནམ་
249	terminal-particle	54		དེ་བས་ན་འདི་དག་གི་དོན་ནི་ཚོགས་དང་བླ་མའི༌[^128]གང་ཟག་གསང་བ་འདུས་པའི་དཀྱིལ་འཁོར་དུ
250	terminal-particle	41		དེ་བཞིན་གཤེགས་པའི་གསང་བ་འདུས་པའི་དོན་རྙེད་པར་དཀའ་བ་ཡང་ཅིའི་ཕྱིར་ཞེ་ན། རྒྱན་བདུན་
251	line-end	61		དེས་ཅིར་འགྱུར་ཞེ་ན། ཐམས་ཅད་དུ་ནི་རྣམ་པར་འཁོར། །ཞེས་སྦྱར་རོ།[^131] །འདི་ཉིད་ཀྱང་ག
252	verse-stanza	26		གསང་བའི་བདག་པོ་དོན་རྒྱས་པའི། །↵ཚུལ་ཆེན་འདི་ནི་རྙེད་གྱུར་ནས། །↵ཇི་བཞིན་དོན་ནི་རྙེ
253	line-end	10		ཞེས་བྱ་བ་ལ་སོགས་པ་བཤད་པའི་ཕྱིར་རོ། །
254	line-end	22		དེ་ནས་དེ་བཞིན་གཤེགས་པ་ཐམས་ཅད་ཀྱི་གསང་བ་འདུས་པ་ཤེས་པར་བྱ་བ་ཡིན་པར་བསྟན་པའི་ཕྱིར།
255	verse-stanza	13		དེ་བས་བླ་མའི་བཀའ་དྲིན་གྱིས། །↵འབད་དེ་རྣམ་པར་ཤེས་ནས་ནི། །
256	terminal-particle	121		ཞེས་པ་དེ་བཞིན་གཤེགས་པ་ཐམས་ཅད་ཀྱི་གསང་བ་འདུས་པ་ནི་དབང་དང་དམ་ཚིག་དང་མི་ལྡན་པ་ལ་གསང
257	terminal-particle	88		དེ་ནས་གཞན་ལ་ཆོས་བསྟན་པར་འདོད་ནས་བཤད་པའི་དབྱེ་བར་བསྟན་པའི་ཕྱིར། སེམས་ཅན་རྗེས་སུ༌[
258	line-end	11		འདིས་རྒྱན་བདུན་བཤད་པར་དམ་བཅས་པ་ཡང་ཡིན་ནོ། །
259	line-end	26		དེ་ཉིད་ཀྱི་དབྱེ་བ་མདོར་བསྟན་པའི་ཕྱིར། གླེང་བསླང་བ་ཡི་གྲངས་ནི་ལྔ། །ཞེས་བྱ་བ་ལ་སོག
260	verse-stanza	19		ལྔ༌[^137]ཡང་ཡིན་པས་གླེང་བསླང་བ༌[^138]ལྔའོ། །↵རིགས་པ་ཡང་ནི་རྣམ་པ་བཞི། །↵ཞེས་པ་རིག
261	terminal-particle	11		འཐད་པའི་ཆོས་རྣམ་པ་བཞི་ཞེས་པའི་ཐ་ཚིག་གོ། །
262	line-end	15		རྒྱས་བཤད་མཐའ་ནི་རྣམ་པ༌[^139]དྲུག །ཅེས་པ་བསྡུས་པའི་བཤད་པ་ནི་མ་ཡིན་གྱི།
263	verse-stanza	13		འདིར་རྒྱས་པའི་བཤད་པ་ཁོ་ནའོ། །↵རྒྱས་པར་བཤད་པ་ཡང་ཡིན་ལ། །
264	line-end	11		མཐའ་དྲུག་ཀྱང་ཡིན་པས་འདིར་རྒྱས་བཤད་མཐའ་དྲུག་གོ། །
265	verse-stanza	26		བཤད་པ་ཡང་ནི་རྣམ་པ༌[^140]བཞི། །↵ཞེས་པ་བཤད་པ་ནི་བསྟན་པ་སྟེ།↵བསྟན་པའི་ཆོས་རྣམ་པ་བཞི
266	terminal-particle	12		ཞེས་པའི་ལྔ་པ་ནི་ལྔ་པ་སྟེ་གྲངས་ཀྱི་ལྔ་པའོ། །
267	line-end	8		དེའི་དབྱེ་བ་གཉིས་ནི་ཚོགས་དང་།
268	verse-stanza	12		སློབ་མའི་བྱེ་བྲག་གིས་སོ། །↵དྲུག་པའི་དབྱེ་བ་ལྔ་དང་ལྡན། །
269	terminal-particle	15		ཞེས་པ་ནི་ཚོགས་ཀྱི་དང་སློབ་མའི་གནས་སྐབས་ཀྱི་དབྱེ་བ་ཡིན་ནོ། །
270	terminal-particle	25		བདུན་པའི་དབྱེ་བ་རྣམ་པ་གཉིས་ཏེ། །ཞེས་པ་ནི་དེ་བཞིན་གཤེགས་པས་དོན་མཐའ་དག་བདེན་པ་རྣམ་
271	line-end	9		འདི་དག་གིས་ནི་མདོར་བསྡུས་པ་བསྟན་པའོ། །
272	quote-close	21		རྒྱན་རྣམས་མདོར་བསྡུས་པའོ་ཞེས་བསྟན་པ་འདིས་ནི་རྒྱན་རྒྱས་པར་བསྟན་པ་ནི་མ་ཡིན་ནོ་ཞེས་
273	terminal-particle	34		རྒྱས་པར་ཡང་གང་ཞིག་ལས་ཤེས་པར་བྱ་ཞེ་ན། བཤད་པའི་རྒྱུད་ཀྱི་རྗེས་འབྲངས༌[^141]ནས། །ཞེས
274	terminal-particle	11		དེའི་རྗེས་སུ་འབྲངས་ནས་བདག་གིས་བཤད་ཅེས་སྦྱར་རོ། །
275	line-end	3		ཅི་བཤད་ཅེ༌[^142]ན།
276	verse-stanza	19		རྒྱན་ནི་བདུན་པོ་རྣམས་ཀྱི་ནི། །↵རིམ་པ་བཞིན་དུ་རེ་རེ་ཡི། །↵རྒྱས་པ་དག་ནི་བདག་གིས་བྱ
277	terminal-particle	25		ཞེས་པ་གླེང་བསླང་བའི་གྲངས་རྒྱས་པ་དང་། རིགས་པ་རྒྱས་པར་བཤད་པ་དང་། མཐའ་དྲུག་རྒྱས་པར་
278	line-end	22		དེ་ལ་དང་པོ་གླེང་བསླང་བའི་གྲངས་རྒྱས་པར་བཤད་པ་ནི༌[^143]རྣམ་པ་གཉིས་ཏེ། དྲིས་པ་དང་། 
279	line-end	55		དྲི་བ་བསྟན་པའི་ཕྱིར་རྒྱུད་འདིའི་མིང་ནི་ཅི་ཞིག་ཡིན། །ཞེས་བྱ་བ་ལ་སོགས་པ་སྨོས་ཏེ། མ
280	verse-stanza	13		དགོས་པ་ལོག་པ་བསལ་བའི་ཕྱིར། །↵གང་གི་དོན་དུ་འདི་ཉིད་མཛད། །
281	terminal-particle	4		ཅེས་དགོས་པ་དྲི༌[^145]བའོ། །
282	terminal-particle	29		བྱེད་པ་པོ་མེད་པ་དང་། བྱེད་པ་པོ་མ་ཡིན་པ་དང་། བྱེད་པ་པོ་ལོག་པ་བསལ་བའི་དོན་དུ། སུ་ཞ
283	terminal-particle	18		ཚད་མེད་པ་དང་། མ་ཡིན་པ་ལ་སོགས་པ་བསལ་བའི་ཕྱིར། འདིའི་ཚད་གང་ཞེས་ཚད༌[^146]འདྲི་བའོ། 
284	line-end	40		དེ་ཉིད་བཤད་པ་དང་པོའི་ལན་དུ་བསྟན་པའི་ཕྱིར། རྒྱུད་ཀྱི་མཚན་ནི་མིང་ཡིན་ལ། །ཞེས་སྨོས་
285	terminal-particle	10		དེ་བཞིན་གཤེགས་པའི་རྒྱུད་ཀྱི་མིང་ཇི་སྙེད་པའོ། །
286	terminal-particle	30		དེ་བས་ན་གང་ལ་དེ་དག་གི་རྟགས་སུ་འབྲེལ་ཏེ། འདིའི་མིང་གང་ཞིག་ཡིན་ཞེ་ན། གསང་བ་འདུས་པ་
287	terminal-particle	37		གསང་བ་འདུས་པ་འདི༌[^147]གང་གི༌[^148]དོན་དུ་མཛད་ཅེས་པའི་ལན་དུ། སྐྱེ་བོ་འདོད༌[^149]
288	terminal-particle	33		འདིའི་བྱེད་པ་པོ་གང་ཞིག་ཡིན་ཞེས་པའི་ལན་དུ། འདིའི་དོན་བྱེད་པ༌[^150]པོ་རྡོ་རྗེ་སེམས
289	quote-close	11		བྱེད་པ་པོ་ཞེས་པ་ནི་གསུང་བ་པོ་ཞེས་པའོ། །
290	line-end	12		གང་ཞིག་ཡིན་ཞེ་ན། རྡོ་རྗེ་སེམས་དཔའ་ཡིན་ཞེས་སྦྱར་རོ། །
291	terminal-particle	30		འདི་དག་གིས་ནི་འདི་སྐད་དུ་སྟོན་པར་འགྱུར་ཏེ། དེ་བཞིན་གཤེགས་པ་ཐམས་ཅད་ཀྱི་གསང་བ་འདུས
292	line-end	8		འདིའི་ཚད་གང་ཡིན་ཞེས་པའི་ལན་དུ།
293	verse-stanza	21		ཚད་དག་ཀྱང་ནི་བཤད་བྱ་སྟེ། །↵ཞེས་བྱ་བ་ལ་སོགས་པ་སྨོས་ཏེ།↵ལེའུ་དང་དེ་བཞིན་ཆོ་ག་དང་། 
294	terminal-particle	12		ཞེས་པ་ལེའུ་བཅུ་བདུན་ཡོད་ཅེས་པ་ནི་ལེའུའི་ཚད་དོ། །
295	terminal-particle	13		ལེའུ་ལ་ཇི་ལྟ་བ་བཞིན་དུ་ཆོ་ག་ལ་ཡང་ཡོད་དོ། །
296	terminal-particle	17		འདི་ལྟར་སྨིན་པར་བྱེད་པའི་ལམ་གྱི་དབང་དུ་བྱས་པ་ནི་ཆོ་ག་ཉི་ཤུའོ། །
297	terminal-particle	31		ཆོ་ག་ལ་ཚད་ཡོད་པ་དེ་བཞིན་དུ་དུམ་བུ་ལ་ཡང་ཚད་ཡོད་དེ། [^154]དེ་བཞིན་གཤེགས་པ་ཐམས་ཅད་ཀ
298	line-end	28		དུམ་བུ་ལ་ཇི་ལྟ་བ་བཞིན་དུ་རིམ་པར་ཕྱེ་བ་ལ་ཚད་ཡོད་དེ། འདི་ལྟར་ཐུན་མོང་གི་དབང་དུ་བྱས
299	terminal-particle	20		ཁྱད་པར་གྱི་དབང་དུ་བྱས་པ་ནི་རིམ་པ་ལྔ་པ་སྟེ་རྡོ་རྗེའི་བཟླས་པ་ལ་སོགས་པའོ། །
300	terminal-particle	36		ཚད་ཀྱང་ཡིན་ལ་བཞི་ཡང་ཡིན་པས། དེ་ནི་རྣམ་པ་བཞིར་འགྱུར་ཏེ། །ཞེས་བྱ་བ་སྨོས་ཏེ། ཁྱད་པར
301	line-end	22		འདི་དག་གི་ཐུན་མོང་གི་ཚད་ཀྱང་གང་ཞེ་ན། རྣམ་པ་གསུམ་སྟེ། བསྡུས་པའི་ཚད་དང་། རྒྱས་པའི་
302	verse-stanza	19		ཤིན་ཏུ་རྒྱས་པའི་ཚད་དོ། །↵བསྡུས་པའི་ཚད་ནི་རྣམ་པ་བཞི་སྟེ།↵རྟེན་གྱི་གང་ཟག་ལ་སོགས་པའ
303	terminal-particle	24		རྒྱས་པའི་ཚད་ནི་རྣམ་པ་ལྔ་སྟེ། བསྒྲུབ་པར་བྱ་བ་དང་། སྒྲུབ་པར་བྱེད་པ་དང་། ཐབས་དང་། ད
304	terminal-particle	31		ཤིན་ཏུ་རྒྱས་པའི་དབང་དུ་ནི་རྣམ་པ་བདུན་ཏེ། དཀྱིལ་འཁོར་དང་། སྒྲུབ་པ་དང་། དབང་དང་། ད
305	terminal-particle	55		དགོས་པའང་གང་ཞིག་ཡིན་ཞེས་པའི་ལན་དུ་དགོས་པ་ཡང་ནི་བཤད་བྱ་སྟེ། །ཞེས་བྱ་བ་སྨོས་ཏེ། ཞི
306	terminal-particle	21		དེ་བཞིན་གྲུབ་པ་བརྒྱད་དང་ནི། །ཞེས་པ་ས་འོག་གི་དངོས་གྲུབ་ལ་སོགས་པ་འདིའི་གྲུབ་པར་དགོ
307	line-end	26		འདི་དག་གིས་ནི་ཐུན་མོང་གི་དངོས་གྲུབ་བསྟན་ཏེ། ཐུན་མོང་གི་དངོས་གྲུབ་ཅེས་བྱ་བ་ཡང་གང་
308	ordinal-open	6		དང་པོ་ནི་བཤད་ཟིན་ཏོ། །
309	terminal-particle	36		གཉིས་པ་ལའང༌[^158]ལྷ་ཐུན་མོང་བ་ཉིད་དང་། རྫས་ཐུན་མོང་བ་ཞེས་བྱ་བ་ལ་སོགས་པ༌[^159]བརྟ
310	terminal-particle	24		ཁྱད་པར་གྱི་ལས་ཞེས་བྱ་བ་འདི་ཡང་འདི་ལྟར་ཞི་བའི་ལས་ལ་ནི་རྣམ་པར་སྣང་མཛད་ཀྱི་སྦྱོར་བས
311	terminal-particle	12		རྒྱས་པའི་ལས་ལ་ནི་རིན་ཆེན་འབྱུང་ལྡན་གྱི༌[^161]སྦྱོར་བས་སོ། །
312	terminal-particle	12		དབང་གི་ལས་ལ་ནི་སྣང་བ་མཐའ་ཡས་ཀྱི༌[^162]སྦྱོར་བས་སོ། །
313	terminal-particle	12		དྲག་པོའི་ལས་ལ་ནི་དོན་ཡོད་གྲུབ་པའི་སྦྱོར་བས་སོ། །
314	terminal-particle	12		ལས་ཐམས་ཅད་ལ་ནི་རྡོ་རྗེ་སེམས་དཔའི་སྦྱོར་བས་སོ། །
315	terminal-particle	9		དེའི་ཕྱིར་ལྷ་ཐུན་མོང་བ་མ་ཡིན་ནོ། །
316	terminal-particle	27		རྫས་ཐུན་མོང་བ་ཡང་མ་ཡིན་ཏེ། རེ་ཞིག་ཞི་བའི་རྫས་ནི་འོ་མ་དང་། མེ་ཏོག་དཀར་པོ་ལ་སོགས་པ
317	terminal-particle	20		རྒྱས་པའི་རྫས་ནི་བ་བླ་དང་། ལྡོང་རོས་དང་། མེ་ཏོག་སེར་པོ་ལ་སོགས་པ་ཡིན་པའི༌[^163]ཕྱི
318	terminal-particle	18		དབང་གི་རྫས་ནི་ཁྲག་དང་། མཚལ་དང་མེ་ཏོག་དམར་པོ་ལ་སོགས་པའི་སྦྱོར་བས་སོ། །
319	line-end	12		དྲག་པོའི་ལས་ནི་དུག་དང་། སོལ་བ་ཆེན་པོ་དང་།
320	verse-stanza	20		གྲིར་ཤི་བའི་ཤ་ཁྲག་ལ་སོགས་པའི་སྦྱོར་བས་སོ། །↵དེ་བས་ན་རྫས་ཐུན་མོང་བ་མ་ཡིན་ནོ། །
321	terminal-particle	21		སྔགས་ཐུན་མོང་བ༌[^164]ཡང་མ་ཡིན་ཏེ། [^165]ཞི་བ་ལ་ནི་ཤཱནྟིཾ་ཀུ་རུ་ཞེས་པའི་མཐའ་དང་བཅ
322	terminal-particle	15		རྒྱས་པ་ལ་ནི་པུཥྚིཾ་ཀུ་རུ་ཞེས་པའི་མཐའ་དང་བཅས་པའི་ཕྱིར་རོ། །
323	terminal-particle	15		དབང་ལ་ནི་བ་ཤཾ་ཀུ་རུ་ཞེས་པའི་མཐའ་དང་བཅས་པའི་ཕྱིར་རོ། །
324	terminal-particle	16		དྲག་པོ་ལ་ནི་མཱ་ར་ཡ་ཞེས་པའི་སྔགས་མཐའ་དང་བཅས་པའི་ཕྱིར་རོ། །
325	terminal-particle	9		དེ་བས་ན་སྔགས་ཐུན་མོང་མ་ཡིན་ནོ། །
326	line-end	13		ཡིད་ལ་བྱེད་པའི་ཁྱད་པར་ཐུན་མོང་བ་ཡང་མ་ཡིན་ཏེ།
327	verse-stanza	36		ཞི་བ་ལ་ནི་བྱམས་པ་ཡིད་ལ་བྱེད་དོ། །↵རྒྱས་པ་ལ་ནི་སྙིང་རྗེ་ཡིད་ལ་བྱེད་དོ། །↵དབང་ལ་ནི
328	terminal-particle	16		སྤྱོད་པ་ཐུན་མོང་བ་ཡང་མ་ཡིན་ཏེ། ཞི་བ་ལ་ནི༌[^166]སྦྱིན་པ་ལ་སྤྱོད་དོ། །
329	line-end	11		རྒྱས་པ་ལ་ནི་སྙན་པར་སྨྲ་བ་ལ་སྤྱོད་དོ། །
330	verse-stanza	15		དབང་ལ་ནི་དོན་སྤྱོད༌[^167]ལ་སྤྱོད་དོ། །↵དྲག་པོ་ལ་ནི་དོན་མཐུན་པ༌[^168]ལ་སྤྱོད་དོ། 
331	terminal-particle	13		དེ་བས་ན་འདི་ནི་ཐུན་མོང་གི་དངོས་གྲུབ་མ་ཡིན་ནོ། །
332	terminal-particle	18		གཞན་ཡང་འདི་ནི་མཆོག་ཡིན་ཞེས་པའམ། རྒྱུ་ཐུན་མོང་མ་ཡིན་པ་ལས་གྲུབ་པའི་ཕྱིར་རོ། །
333	terminal-particle	35		ལུང་གཞན་ལས་ཀྱང་དེ་བཞིན་གཤེགས་པ་ཐམས་ཅད་ཀྱི་མཆོག་གི་དངོས་གྲུབ་ཅེས་བྱ་བ་ནི་རྒྱུ་ཐུན
334	terminal-particle	54		རྒྱུ་ཐུན་མོང་བ་ལས་གྲུབ་ཀྱང་མཆོག་ཡིན་ནོ་ཞེས་པ་འམ། རྒྱུ་ཐུན་མོང་མ་ཡིན་པ་ལས་གྲུབ་ཀྱ
335	line-end	22		ཐམས་ཅད་ཀྱང་ཀུན་རྫོབ་ཀྱི་རྣམ་པ་ཅན་ལ་བརྟེན་པའི་ཕྱིར་ཐུན་མོང་མ་ཡིན་པ་ཡང་མ་ཡིན་ནོ། །
336	terminal-particle	40		ལྷ་ཐུན་མོང་མ་ཡིན་པ་ཡང་མ་ཡིན་ཏེ། ཞི་བ་ལ་སོགས་པ་སོ་སོའི་ལས་འདྲེ་བར་བྱེད་ཅིང་འོན་ཀྱ
337	terminal-particle	34		དེ་བས་ན་འདི་ནི་ཐུན་མོང་གི་དངོས་གྲུབ་པོ། །མཆོག་ཅེས་བྱ་བ་འདི་ཡང་གང་ཞིག་ཡིན་དེ་ཉིད་
338	terminal-particle	22		ཞེས་སྨོས་ཏེ་དེ་བཞིན་གཤེགས་པ་ཐམས་ཅད་ཀྱི༌[^172]གསང་བ་མཆོག་གི་དངོས་གྲུབ་ནི་ཆོས་ཀྱི་
339	line-end	74		ཆོས་ཀྱི་སྐུ་ཞེས་བྱ་བ་འདི་ཡང་གང་ཞིག་ཡིན་ཞེ་ན། དེ་བཞིན་གཤེགས་པ་ཐམས་ཅད་ཀྱི་དོན་དམ་པ
340	verse-stanza	36		འོད་སྲུངས་ཡོད་ཅེས་བྱ་བ་འདི་ནི་མཐའ་གཅིག་གོ། །↵མེད་ཅེས་བྱ་བ་འདི་ནི་མཐའ་གཉིས་སོ། །↵
341	line-end	55		དབུ་མའི་ལམ་ནི་དམིགས་སུ་མེད་པའོ་ཞེས་འབྱུང་བ་དང་། འདུས་པ་ཆེན་པོ་རིན་པོ་ཆེ་ཏོག་ལས་ཀ
342	verse-stanza	33		ཡོད་དང་མེད་པ་འདི་ཡང་མཐའ་ཡིན་ཏེ། །↵དག་དང་མ་དག་གཉིས་ཀྱང་མཐའ་རུ་འགྱུར། །↵མཁས་པས་མཐའ
343	terminal-particle	25		ཞེས་འབྱུང་བ་དང་། གཞུང་འདི་ཉིད་ལས་ཀྱང་། དངོས་པོ་མེད་པ་བསྒོམ་པའི་དངོས། །ཞེས་བྱ་བ་ལ
344	line-end	18		འདི་ཉིད་ནི་མཆོག་ཡིན་པར་ཡང་ལུང་གིས་བཤད་དེ། [^177]ཆོས་རྣམས་རང་བཞིན་མེད་པ་དང་།
345	verse-stanza	19		སྐུ་གསུམ་པོ་ཡི་ཁྱད་པར་གྱིས། །↵ཐུན་མོང་ལས་ནི་མ་གྲུབ་ཕྱིར། །↵འདི་ནི་མཆོག་ཏུ་གྱུར་པ
346	quote-close	3		ཞེས་གསུངས་སོ། །
347	line-end	10		དེ་བས་ན་འདི་ནི་མཆོག་གི་དངོས་གྲུབ་བོ། །
348	terminal-particle	56		སངས་རྒྱས་ཞེས་སྨོས་པ་མ་ཡིན་ནམ། རྡོ་རྗེ་འཆང་ཆེན་པོ་ལ་སོགས་པ་མ་ཡིན་པ་ཆོས་ཀྱི་སྐུ་ལ་
349	terminal-particle	47		མཆོག་ཅེས་བྱ་བ་འདི་ཐུན་མོང་མ་ཡིན་པ་ཞིག་མ་ཡིན་ནམ། འདི་ཅིའི་ཕྱིར་ཐུན་མོང་པ་ལ་མཆོག་ཅ
350	terminal-particle	30		གྲུབ་པའི་མཐའ་གཞན་དང་ཐུན་མོང་མ་ཡིན་པ་ནི་མ་ཡིན་ཏེ། ཤེས་རབ་ཀྱི་ཕ་རོལ་ཏུ་ཕྱིན་པ་ལ་སོ
351	terminal-particle	29		རིགས་ཀྱིས༌[^179]ཐུན་མོང་མ་ཡིན་པ་ཡང་མ་ཡིན་ཏེ་འདི་ལྟར་རྡོ་རྗེའི་རིགས་དང་། ལས་ཀྱི་ར
352	terminal-particle	32		ཐབས་ཀྱིས་ཐུན་མོང་མ་ཡིན་པ་ཡང་མ་ཡིན་ཏེ། བསྐྱེད་པའི་རིམ་པ་དང་། རྫོགས་པའི་རིམ་པ་ལ་སོ
353	terminal-particle	28		བསྟན་དུ་མེད་པས་ཐུན་མོང་མ་ཡིན་པ་ཡང་མ་ཡིན་ཏེ། ཡུལ་དང་དུས་དང་གཉིས༌[^180]རང་བཞིན་གྱི
354	line-end	23		དེ་བས་ན་མཆོག་གི་དངོས་གྲུབ་ཅེས་བྱ་བ་འདི་གང་ཞིག་ཡིན། ཅིའི་ཕྱིར་མཆོག་གི་དངོས་གྲུབ་ཅ
355	ordinal-open	6		དང་པོ་ནི་བཤད་ཟིན་ཏོ། །
356	terminal-particle	27		གཉིས་པའི༌[^182]དབང་དུ་བྱས་པ༌[^183]ནི་ཐུན་མོང་མ་ཡིན་པའི་ཕྱིར་ཏེ། མཆོག་རྟོགས་པའི་བ
357	terminal-particle	30		མཆོག་ཐོབ་པ་ཞེས་བྱ་བ་ཡང་རྒྱུ་ཐམས་ཅད་ཀྱིས་ཐོབ་པ་ནི་མ་ཡིན་གྱི་རྫོགས་པའི་རིམ་པ་འབའ་ཞ
358	terminal-particle	16		འབའ་ཞིག་གིས་ཐོབ་ཀྱང་ཐུན་མོང༌[^184]ཡིན་ནོ་ཞེ་ན་ནི༌[^185]ཧ་ཅང་ཐལ་བར་འགྱུར་རོ། །
359	terminal-particle	11		དེ་བས་ན་འདི་ནི་མཆོག་གི་དངོས་གྲུབ་ཉིད་དོ། །
360	line-end	6		རྒྱན་དང་པོ་བཤད་ཟིན་ཏོ།། །།
361	terminal-particle	39		འདི་ལ་ཡང་ཅིའི་ཕྱིར་རྒྱན་ཞེས་བྱ་ཞེ་ན། གང་ལ་གང་གིས་ཕན་འདོགས་པ་དང་། གང་ལ་གང་གིས་མཛེ
362	terminal-particle	30		རྒྱན་ཞེས་བྱ་བ་ཡང་དུ་ཞིག་ཅེ་ན། དེ་བཞིན་གཤེགས་པ་ཐམས་ཅད་ཀྱི་རྒྱན་ནི་རྣམ་པ་གཉིས་ཏེ་ར
363	terminal-particle	23		རྒྱན་ཐམས་ཅད་ཀྱི་དཔེ་ནི་རྣམ་པ་གཉིས་ཏེ། རང་བཞིན་གྱི་རྒྱན་གྱི་དཔེ་ནི་བུ་མོ་བཞིན་མཛེ
364	terminal-particle	13		གསལ་བའི་རྒྱན་ནི་དཔེར་ན་བུ་མོའི་རིན་པོ་ཆེ་ལྟ་བུའོ། །
365	terminal-particle	18		འདི་ལྟ་སྟེ་དཔེར་ན་ནོར་བུ་རིན་པོ་ཆེས་ནི་བུ་མོའི་བཞིན་མཛེས་པར་བྱེད་དོ། །
366	line-end	8		བུ་མོའི་བཞིན་ལ་ཕན་འདོགས༌[^186]པར་བྱེད་དོ། །
367	terminal-particle	33		དེ་བཞིན་གཤེགས་པ་ཐམས་ཅད་ཀྱི༌[^187]གསང་བ་འདུས་པའི་གླེང་བསླང་བ་ལ་སོགས་པ་འདིས་ནི་དེ་
368	terminal-particle	44		དེ་བཞིན་གཤེགས་པ་ཐམས་ཅད་ཀྱི་རྒྱན་གྱི་དགོས་པ་ནི་སེམས་ཅན་རྒྱན་ལ་དགའ་བ་རྗེས་སུ་འཇུག་
369	quote-close	20		གླེང་བསླང་བ་ནི་འདས་ཟིན་ཏེ་ཞེས་པ་ནི་གླེང་བསླང་བ་རྣམ་པ་ལྔ་བཤད་ཟིན་ཞེས་པའོ། །
370	line-end	63		དེ་ནས་རིགས་པ་རྣམ་པ་བཞི་བཤད་པ་བསྟན་པའི་ཕྱིར། རིགས་པ་ཡང་ནི་བཤད་པར་བྱ། །ཞེས་བྱ་བ་ལ་
371	line-end	5		དང་པོའི་ལན༌[^188]བསྟན་པའི་ཕྱིར།
372	verse-stanza	20		མི་ཡི་སྐྱེ་བར་འཁྲུངས་པ་ནི། །↵རྒྱུད་ཅེས་བྱ་བར་བརྗོད་པ་ཡིན། །↵ཞེས་པ་མིའི་རྒྱུད་དུ་
373	terminal-particle	21		ཅིའི་ཕྱིར་རྒྱུད་ཅེས་བྱ་ན་དེ་ཉིད་མིའི་སྐྱེ་བ་དང་འབྲེལ་པའི་ཕྱིར་དེ་ལ་དེ་སྐད་ཅེས་བྱ
374	terminal-particle	15		འདིས་ནི་ལྷ་དང་ལྷ་མ་ཡིན་གྱི་རྒྱུད་དུ་གཏོགས་པ་གསལ་བ༌[^189]ཡིན་ནོ། །
375	line-end	5		གཉིས་པའི༌[^190]ལན་བསྟན་པའི་ཕྱིར།
376	verse-stanza	12		བཙུན་མོའི་འཁོར་གྱི་ནང་ནས་ནི། །↵ངེས་པར་འབྱུང༌[^191]བ་གླེང་གཞི་ཡིན། །
377	terminal-particle	14		ཞེས་སྨོས་ཏེ་ཁྱིམ་ནས་ཁྱིམ་མེད་པར་ངེས་པར་རབ་ཏུ་བྱུང་བའོ། །
378	line-end	12		འདི་ལ་ཅིའི་ཕྱིར་ཐུབ་པ་ཆེན་པོ་ཞེས་བྱ་ཞེ་ན།
379	verse-stanza	12		འདི༌[^192]ལས་སྡོམ་པ་བསྟན་པ་ནི། །↵ངེས་པའི་ཚིག་ཅེས་བརྗོད་པ་སྟེ། །
380	terminal-particle	18		ཞེས་པ་འདུལ་བ་ལས་སྡོམ་པ་ཐམས་ཅད་ཐུབ་པའི་ཕྱིར་ཐུབ་པ་ཆེན་པོ་ཞེས་བྱའོ། །
381	line-end	5		ལུང་གཞན་ལས་ཀྱང་།
382	verse-stanza	18		དབང་པོའི༌[^193]སྒོ་བསྡམས་སྡོམ་པ་རྣམས། །↵མ་ལུས་བརྩལ་མེད་ཐུབ་པས་ན། །↵ཐུབ་པ་ཆེན་པོ་
383	line-end	5		ཅེས་འབྱུང་བ་ལྟ་བུའོ། །
384	verse-stanza	21		འདིའི་རྒྱུ་གང་ཞིག་ཡིན་ཞེས་པའི་ལན་དུ། །↵འབྲས་བུ་འདོད་པས་ཆོས་སྤྱོད་པ། །↵དེ་ནི་རྒྱུ
385	line-end	13		ཞེས་པ་འབྲས་བུ་ནི་མཆོག་དང་ཐུན་མོང་གི་དངོས་གྲུབ་པོ། །
386	line-end	26		ཡང་ན་འབྲས་བུ་ནི་འདིར་ཕྱུག་པ་དང་། གཟུགས་བཟང་བ་དང་། སྟོབས་དང་མི་འཇིགས་པ་དང་གཟུངས་ད
387	verse-stanza	20		དེ་ལ་སོགས་པ་ཡོན་ཏན་གྱི་ཆོས་རྣམས་སོ། །↵དེ་ཐོབ་པར་བྱེད་པའི་རྒྱུ་ནི་སྦྱིན་པ་དང་།
388	verse-stanza	19		ཚུལ་ཁྲིམས་དང་བཟོད་པ་ལ་སོགས་པའོ། །↵འདི་ནི་འདོད་ཆགས་བྲལ་ཆོས་ཀྱི། །↵རིགས་པ་རྣམ་པ་བཞ
389	terminal-particle	25		ཞེས་པ་འདོད་ཆགས་དང་ལྡན་པའི་དབང་དུ་བྱས་པ་ནི་མ་ཡིན་གྱི། འདོད་ཆགས་དང་བྲལ་བའི་དབང་དུ་
390	terminal-particle	46		དེ་བས་ན་འདོད་རྒྱལ་གྱི་ཞགས་པས་ཟིན་པ་རྣམས་ནི་དགོས་པ་མེད་ཀྱང་རྩོམ་པར་འགྱུར་གྱི། དེ་
391	terminal-particle	28		དེ་བས་ན་དགོས་པ་ཐམས་ཅད་ནི་རྣམ་པ་གཉིས་ཏེ། འདོད་ཆགས་དང་བྲལ་བ་རྣམས་འདུལ་བ་དང་འདོད་ཆག
392	line-end	10		དང་པོའི་དབང་དུ་བྱས་པ་ནི་བཤད་ཟིན་ཏོ། །
393	line-end	8		གཉིས་པའི་དབང་དུ་བྱས་ནས་བཤད་པ།
394	verse-stanza	13		རིགས་ལྔའི་སངས་རྒྱས་བསྐྱེད་པ་ནི། །↵རྒྱུད་ཅེས་བྱ་བར་བརྗོད་པ་སྟེ། །
395	terminal-particle	40		ཞེས་པ་དེ་བཞིན་གཤེགས་པ་ཐམས་ཅད་ཀྱི་བདག་པོ་རྡོ་རྗེ་འཆང་ཆེན་པོ་ཡབ་ཡུམ་གཉིས་སུ་མེད་པའ
396	terminal-particle	24		འདི་ལ་ཡང་ཅིའི་ཕྱིར་རྒྱུད་ཅེས་བརྗོད་ཅེ་ན་གཉིས་སུ་མེད་པའི་སྦྱོར་བའི་དབང་དུ་ནི་འབྲེ
397	terminal-particle	15		རིགས་ལྔའི་སངས་རྒྱས་སྐྱེ་བའི་དབང་དུ་ནི་འབྱུང་ཁུངས་ཀྱི་ཕྱིར་རྒྱུད་དོ། །
398	terminal-particle	47		དཔེར་ན་རི་ལས་གསེར་འབྱུང་ཞེས་བརྗོད་ན་རི་གསེར་གྱི་རྒྱུད་དུ་གཏོགས་པ་ལྟ་བུར་རིགས་ལྔའ
399	line-end	8		གླེང་གཞི་ཡང་གང་ཞིག་ཡིན་ཞེ་ན།
400	verse-stanza	13		སླར་ཡང་རིགས་གཅིག་གྱུར་པ་ནི། །↵གླེང་གཞི་ཡིན་པར་རབ་ཏུ་བཤད། །
401	line-end	2		ཅེས་པའོ། །
402	line-end	34		དེ་བཞིན་གཤེགས་པ་ཐམས་ཅད་རིགས་བརྒྱའི་དབྱེ་བ༌[^195]ལ་རབ་ཏུ་བཞུགས་ནས་སླར་ཡང་རྡོ་རྗེ་
403	verse-stanza	13		རྡོ་རྗེ་ལ་སོགས་བཟུང་བ་ནི། །↵ངེས་པའི་ཚིག་ཏུ་བརྗོད་པ་སྟེ། །
404	terminal-particle	13		ཞེས་པ་ནི་རྡོ་རྗེ་འཛིན་པའི་ཕྱིར་རྡོ་རྗེ་འཆང་ཆེན་པོའོ། །
405	quote-close	24		ཅིའི་ཕྱིར་རིན་ཆེན་འཆང་ཞེས་བྱ་ཞེ་ན། ཡིད་བཞིན་གྱི་ནོར་བུ་རིན་པོ་ཆེ་འཆང་བའི་ཕྱིར་རི
406	terminal-particle	24		འདི་དག་གི་དོན་ནི་འོག་ནས་བཛྲ་དྷྲིཀ་ཅེས་བྱ་བ་ལ་སོགས་པའི་སྔགས་ཀྱི་དོན་བཤད་པ་ལས་ཤེས་
407	line-end	12		འདི་དག་གི་རྒྱུ་ཡང་གང་ཞིག་ཡིན་ཞེས་པའི་ལན་དུ།
408	verse-stanza	13		སྒེག་པ་ལ་སོགས་སྤྱོད་པ་ནི། །↵རྒྱུ་ཞེས་བྱ་བར་བརྗོད་པ་སྟེ། །
409	line-end	23		ཞེས་པ་སྒེག་པ་དང་འཇོ་བ་ལ་སོགས་པ་ནི་སངས་རྒྱས་ཐམས་ཅད་ཀྱི་སྐྱེ་བའི་རྒྱུར་གྱུར་ཞེས༌[^
410	verse-stanza	15		རིགས་པ་ཡང་ནི་འདས་ཟིན་ཏེ། །↵ཞེས་པ་ནི་རིགས་རྣམ༌[^197]པ༌[^198]བཞི་ནི་བཤད་ཟིན་ཏོ། །
411	terminal-particle	34		རྒྱན་ནི་གསུམ་པ་ཉིད་ཀྱང་ནི། །ཞེས་བྱ་བ་ལ་སོགས་པ་ནི་རིགས་པ་རྣམ་པ་བཞི་བཤད་པའི་འོག་ཏུ
412	quote-close	24		མཐའ་ཡང་ཡིན་ལ་དྲུག་ཀྱང་ཡིན་པས་མཐའ་རྣམ་པ་དྲུག་སྟེ། མཐའ་དྲུག་གི་ཚིག་ཅེས་པ་ནི་དོན་མ་
413	line-end	36		དེས་ངེས་པར་བྱས་པ་ནི་དེ་བཞིན་གཤེགས་པ་ཐམས་ཅད་ཀྱི་གསང་བ་འདུས་པ་མཐའ་དྲུག་གིས་རྒྱས་བཏ
414	terminal-particle	76		མཐའ་དྲུག་པོ་ཉིད་གང་ཡིན༌[^200]ཞེ་ན། དྲང་བ་དང་ནི་ངེས་དོན་བཅས། །ཞེས་བྱ་བ་སྨོས་ཏེ་འད
415	terminal-particle	26		དྲང་བ༌[^202]དང་ངེས་པའི་དོན་རྣམ་པ་གཉིས་ཀྱང་ཡོངས་སུ་གཅོད་པ་མེད་ན་རྣམ་པར་བཅད་པ་མེད་
416	terminal-particle	45		དེ་བས་ན་དྲང་བའི་དོན་ལ༌[^203]ཇི་ལྟ་བ་བཞིན་དུ་སྒྲ་ཇི་བཞིན་པ་ལ་སོགས་པ་ལ་ཡང་ཤེས་པར་བ
417	terminal-particle	23		སྒྲ་ཇི་བཞིན་པ་དང་ཇི་བཞིན༌[^204]མ་ཡིན་པ་རྣམ་པ་གཉིས་ནི་དོན་ལ་མ་ངེས་པའི་ཕྱིར་སྒྲ་མཐ
418	terminal-particle	29		དགོངས་པས་བཤད་པ་དང་དགོངས་པ་མ་ཡིན་པས་བཤད་པ་ནི་སྒྲ་དང་དོན་རྣམ་པ་གཉིས༌[^205]གསལ་བར་ག
419	line-end	15		མཐའ་ཡང་ཡིན་ལ་དྲུག་ཀྱང་ཡིན་པས་འདི་ནི་མཐའ་རྣམ་པ་དྲུག་གོ། །
420	terminal-particle	40		དེ་ནས་མཐའ་དྲུག་གི་རང་རང་གི་མཚན་ཉིད་བསྟན་པའི་ཕྱིར་ཐེ་ཚོམ་དང་། མ་རྟོགས་པ་དང་ལོག་པར
421	line-end	17		དྲང་བའི་དོན་ཞེས་བྱ་བ་གང་ཞིག༌[^206]ཡིན། ཅི་ཕྱིར༌[^207]དྲང་བའི་དོན་དུ་བརྟག་ཅེ་ན་བཤ
422	verse-stanza	13		སྐལ་ངན་རྣམས་ལ་རྒྱལ་བ་ཡིས། །↵སྦས་ཏེ་བཤད་པ་དྲང་བའི་དོན། །
423	terminal-particle	20		ཞེས་པ་སྐལ་བ་ངན་པ་ནི་སྐལ་བ་ངན་པ་སྟེ་ཉན་ཐོས་ཀྱི་རིགས་ཅན་ལ་སོགས་པའོ། །
424	terminal-particle	21		ཡང་ན་སྐལ་བ་ངན་པ་ནི་རྣམ་པ༌[^208]གཉིས་ཏེ། དངོས་སུ་སྐལ་བ་ངན་པ་ལ་ལྟོས༌[^209]ནས་སྐལ་བ
425	line-end	15		དངོས་སུ་སྐལ་བ་ངན་པ་ནི་རིགས་ཆད་པའི་གང་ཟག་འབའ་ཞིག་གོ། །
426	terminal-particle	54		རིགས་ཆད་པའི་ཞེས་བྱ་བ་ཡང་ས་བོན་དང་བྲལ་བ་ནི་མ་ཡིན་གྱི། ཉོན་མོངས་པའི་སྤྱོད་པ་འབའ་ཞི
427	terminal-particle	28		འདི་དག་ལ་ཡང་ཅིའི་ཕྱིར་སྐལ་བ་ངན་པ་ཞེས་བྱ་ཞེ་ན། དམ་པའི་ཆོས་ཟབ་ཅིང་རྒྱ་ཆེ་བ་ཉན་པའི༌
428	terminal-particle	38		སྐལ་བ་མེད་པའི་ཕྱིར་རིགས་ཆད་པ་མ་ཡིན་ནམ། ཅིའི་ཕྱིར་ལྟོས༌[^214]ནས་སྐལ་བ་ངན་པ་ཞེས་བྱ
429	line-end	10		འགའ་འགས་ཀྱང་ནི༌[^215]མི་ཐོབ་པ་ནི་མ་ཡིན་ནོ། །
430	terminal-particle	33		དེ་ལ་རྒྱལ་བས་གང་སྦས། སྦ་བ་ཅིའི་ཕྱིར་ཞེ་ན། དེ་བཞིན་གཤེགས་པའི་ཆོས་ཟབ་ཅིང་རྒྱ་ཆེ་བ་
431	line-end	121		ཐམས་ཅད་ནས་ཐམས་ཅད་དུ་བསྟན་པར་བྱ་བ་མ་ཡིན་ནམ་ཞེ་ན་མ་ཡིན་པའི་ཕྱིར་གསུངས་པ། དྲང་བའི་ད
432	line-end	86		རིགས་ཀྱི་བུ་ལྷའི་རྣལ་འབྱོར་ལ་དད་པར་གྱིས་ཤིག །འདི་ལས་ཡང་དག་པའི་ཐབས་ནི་ནམ་ཡང་རྙེད་
433	line-end	15		དེ་ལ་ངེས་པའི་དོན་གང་ཞེ་ན་ཞེས་དྲིས་པ་དང་། དེའི་ལན་དུ།
434	verse-stanza	13		མཆོག་འདོད་སེམས་ཅན་རྣམས་ཀྱི་ཕྱིར། །↵ངེས་པའི་དོན་ཡང་གསུངས་པ་ཡིན། །
435	terminal-particle	26		ཞེས༌[^217]མཆོག་འདོད་པའི་སེམས་ཅན་ནི་སྐལ་བ་བཟང་པོ་ཞེས་བྱ་བ་སྟེ། འབྲས་བུ་བཟང་པོ་ལ་ས
436	terminal-particle	20		མཆོག་ཅེས་བྱ་བ་ནི་མཆོག་གི་དངོས་གྲུབ་སྟེ་དེ་འདོད་པ་ནི་དེ་ལ་གཅེས་པར་འཛིན་པའོ། །
437	terminal-particle	21		ཡང་ན་མཆོག་འདོད་པ་ནི་འདུན་པ་སྐྱེད་པ༌[^218]སྟེ་འདུན་པ་ནི་འདོད་པའི་བདག་ཉིད་ཡིན་པའི་
438	terminal-particle	4		གྲོགས་ནི་མོས་པའོ། །
439	terminal-particle	14		དད་པ་དང་དྲན་པ་ལ་སོགས་པ་ཡང་ཅི་རིགས་སུ་འགྱུར་རོ། །
440	terminal-particle	19		མཆོག་འདོད་པའི་སེམས་ཅན་རྣམས་ཀྱི་ཕྱིར། དེ་ཉིད་ཀྱི་དོན་གསུངས་པ་ནི་ངེས་པའི་དོན་ཞེས་བ
441	line-end	41		དེ་ཅིའི་ཕྱིར༌[^219]ངེས་པའི་དོན་ཞེས་བྱ་ཞེ་ན། ལམ་ངེས་པ་ཉིད་དང་། འབྲས་བུ་ངེས་པ་ཉིད་
442	line-end	54		ཡང་ན་ངེས་པའི་དོན་ཞེས་བྱ་བ་ནི་བྱང་ཆུབ་ཏུ་སེམས་བསྐྱེད་ནས་མངོན་པར་སངས་རྒྱས་ཀྱི་བར་ད
443	terminal-particle	34		དགོངས་པས་བཤད་པ་གང་ཞེ་ན། དེ་བཤད་པའི་ཕྱིར། མཆོག་འདོད་སེམས་ཅན་རྣམས་ཀྱི་ཕྱིར། །ཞེས་བ
444	terminal-particle	27		མཆོག་འདོད་པ་ཡང་ཡིན་ལ། སེམས་ཅན་ཡང་ཡིན་པས་མཆོག་འདོད་པའི་སེམས་ཅན་རྣམས་ཏེ་རྣམས་ཞེས་བ
445	terminal-particle	12		དེ་བས་ན་མཆོག་འདོད་པའི་སེམས་ཅན་མང་པོའི་ཕྱིར་བསྟན༌[^221]པའོ། །
446	terminal-particle	41		མཆོག་འདོད་པ་ནི་ཐུན་མོང་གི་དངོས་གྲུབ་འདོད་པ་མ་ཡིན་ཞེས་བྱའོ།[^222] །དེ་ཅིའི་ཕྱིར་ཞ
447	terminal-particle	16		དེ་རབ་ཏུ་སྟོན་པ་ནི་ཆོས་ཀྱི་དེ་ཁོ་ན་ཉིད་རབ་ཏུ་སྟོན་པའོ། །
448	terminal-particle	56		ཇི་ལྟར་སྟོན་ཞེ་ན། འགལ་བའི་ཚིག་གི་སྦྱོར་བ་ཡིས། །གསུངས་ཞེས་པ་སྟེ་བསྟན་བཅོས་ལ་འགལ་བ
449	terminal-particle	23		དེ་བས་ན་མ་བྱིན་པར་ལེན་པའི་སྟོབས་ཀྱིས་སངས་རྒྱས༌[^223]པར་འགྱུར་ཞེས་པ་ནི་བསྟན་བཅོས་
450	terminal-particle	50		འགལ་བའི་ཚིག་གི་སྦྱོར་བ་དེའི༌[^224]དེ་ཁོ་ན་ཉིད༌[^225]སྟོན་པར་བྱེད་པ་གང་ཡིན་པ་འདི་
451	terminal-particle	29		འདིར་ནི་བཤད་པར་བྱ་བ་དང་། བཤད་པའི་དགོས་པ་དང་། བཤད་པའི་ཡུལ་དང་། བཤད་པའི་སྦྱོར་བ་དང
452	line-end	26		འདི་ཡང་གང་ཟག་ཇི་ལྟ་བུ་ལ་བཤད་ཅེ་ན་ཤེས་རབ་མཆོག་ཏུ་གྱུར་པ་དང་། བརྡ་ལ་གོམས་པ་རྣམས་སོ
453	verse-stanza	20		བློ་དམན་རྣམས་ལ་མི་སྟོན་པ་ཅིའི་ཕྱིར་ཞེ་ན།↵འདི་ལྟར་ལམ་ལོག་པ་ལ་འཇུག་པའི་ཕྱིར་རོ། །
454	line-end	21		འོ་ན་ཐམས་ཅད་དུ་ཐམས་ཅད་སྟོན་པར་བྱེད་པ་མ་ཡིན་ནམ་ཞེ་ན་མ་ཡིན་པའི་ཕྱིར་རོ། །
455	terminal-particle	26		དབང་པོ་དམན་པའི་སེམས་ཅན་རྣམས། །ཞེས་བྱ་བ་ལ་སོགས་པ་སྟེ། དབང་པོ་དམན་པ་ནི་དད་པའི་དབང་
456	quote-close	22		འདི་ལྟར་ཟག་པ་མེད་པའི་དབང་པོ་ཐམས་ཅད་ནི་སྔར༌[^226]འགྱུར་ཏེ། འདིར་ནི་ཤེས་རབ་ཀྱི་དབང
457	terminal-particle	16		ཤེས་རབ་ཀྱི་དབང་པོ་དམན་པ་ཞེས་པ༌[^227]ཤེས་རབ་ཞན་པ་ཞེས་པའི་དོན་ཏོ། །
458	terminal-particle	11		འདི་དག་གིས་ནི་བཤད་པར་བྱ་བའི་ཡུལ་བསྟན་ཏོ། །
459	quote-close	33		དེ་ནས་བཤད་པའི་དགོས་པ་བསྟན་པའི་ཕྱིར་རྟོགས་ཕྱིར་ཞེས་བྱ་བ་སྨོས་ཏེ། དབང་པོ་དམན་པའི་ས
460	terminal-particle	29		བཤད་པའི་སྦྱོར་བ་བསྟན་པའི་ཕྱིར་མཆོག་ཏུ་གསལ་བ་ཡིས་ཞེས་པ་སྨོས་ཏེ། མཆོག་ཏུ་གསལ་བ་ནི་
461	terminal-particle	32		བཤད་པར་བྱ་བ་བསྟན་པའི་ཕྱིར། དེ་ཉིད་ངེས་པར་སྟོན་པ་ཞེས་བྱ་བ་སྨོས་ཏེ། དེ་ཉིད་ཅེས་བྱ་
462	terminal-particle	12		དེ་ཉིད་མ་ནོར་བར་སྟོན་པ་ནི་ངེས་པར་སྟོན་པའོ། །
463	terminal-particle	19		བཤད་པའི་མིང་བསྟན་པ། ཇི་སྐད་ཅེས་བྱ་བ་བཤད་པ་ཡིན་ཞེ་ན། དགོངས་པ་མིན་པས་བཤད་པའོ། །
464	terminal-particle	3		ཞེས་སྨོས་སོ། །
465	line-end	32		འདིའི་དོན་ནི་དེ་བཞིན་གཤེགས་པ་ཐམས་ཅད་ཀྱི་གསང་བ་འདུས་པ་ཇི་ལྟ་བུའི་རྣམ་པར་སྟོན་པས་ན
466	quote-open	17		དེ་ནས་སྒྲ་ཇི་བཞིན་པ་བཤད་པར་བྱ་སྟེ། དེའི་ཕྱིར་དཀྱིལ་འཁོར་རྫོགས༌[^228]དང་རྟོག་པ་ལས
467	quote-close	24		ཞེས་བྱ་བ་ལ་སོགས་པ་སྨོས་ཏེ་དཀྱིལ་འཁོར་དང་སྒྲུབ་པ་དང་། དབང་དང་། དམ་ཚིག་དང་། ཕྲིན་ལ
468	terminal-particle	13		[^229] །རྟོག་པ་ནི་དེ་ཉིད་གསལ་བར་སྟོན་པར་བྱེད་པའི་རྒྱུད་དོ། །
469	quote-open	7		དེ་ལས་སྤྱོད་པ་ཇི་ལྟར་གསུངས། །
470	quote-close	14		ཞེས་པ་ནི་དོན་ཇི་ལྟ་བར་སྒྲ་ཡང་དེ་ལྟར་གསུངས་ཞེས་པའོ། །
471	line-end	19		དེ་ལྟ་བུའི་དོན་རྒྱས་པར༌[^230]བཤད་པ་གང་ཡིན་པ་དེ་ནི་ཇི་བཞིན་སྒྲར་གསུངས་པའོ་ཞེས་པའོ
472	terminal-particle	47		སྒྲ་ཇི་བཞིན་པ་མ་ཡིན་པ་གང་ཞེ་ན། ཀོ་ཊ་ཀྵ་ལ་སོགས་པའི་སྒྲ་ཞེས་བྱ་བ་ལ་སོགས་པ་གསུངས་ཏེ
473	terminal-particle	19		བརྡ་ཅན་ཡང་གང་ཞེ་ན། དེ་བཞིན་གཤེགས་པ་ཐམས་ཅད་ཀྱི་ཁྱབ་བྱེད་ཀྱི་རླུང་ལ་སོགས་པའོ། །
474	terminal-particle	45		དེ་ལྟ་བུའི་བསྟན་བཅོས་ཤིན་ཏུ་དཀོན་པའི་ཕྱིར། འཇིག་རྟེན་བསྟན་བཅོས་ལ་མེད་ཅིང་། །ཞེས་
475	line-end	56		འཇིག་རྟེན་དང་འཇིག་རྟེན་ལས་འདས་པ་ཐམས་ཅད་ལ་མེད་པ་མ་ཡིན་ནམ། འདི་ཅིའི་ཕྱིར་འཇིག་རྟེན
476	terminal-particle	19		འཇིག་རྟེན་བསྟན་བཅོས་ལ་མེད་ཅིང་། །ཞེས་བྱ་བ་འདིས་ནི་ཐུན་མོང་མ་ཡིན་པར་སྟོན་ཏོ། །
477	terminal-particle	31		དེ་བཞིན་གཤེགས་པའི་བརྡར་གྱུར་པ། །ཞེས་བྱ་བ་འདི་ནི་གཉིས་ཏེ། དེ་བཞིན་གཤེགས་པ་ཁོ་ནའི་
478	terminal-particle	19		དེ་བཞིན་གཤེགས་པའི་བརྡར་གྱུར་པ་ཁོ་ནའི༌[^232]ཞེས་བྱ་བ་འདི་ནི་མ་འབྲེལ་པ་རྣམ་པར་བཤད༌
479	line-end	30		འདིའི་མིང་ཅི་ཞེ་ན། དེ་ནི་ཇི་བཞིན་མིན་པར་བསྒྲགས། །ཞེས་བྱ་བ་སྨོས་ཏེ་སྒྲ་ཇི་བཞིན་པ་
480	line-end	20		མཐའ་དྲུག་དབྱེ་བ་བསྟན་ནས་ནི། །ཞེས་པ་མཐའ་དྲུག་གི་དབྱེ་བ་ནི་མཐའ་དྲུག་གི་དབྱེ་བ་སྟེ།
481	verse-stanza	20		མཐའ་དྲུག་སྤྲོས་པ་དང་བཅས་པ་བསྟན་ཞེས་བྱ་བའོ། །↵ནི་ཞེས་བྱ་བ་ནི་གཞན་འདྲེན་པའི་ཚིག་གོ
482	terminal-particle	21		བཤད་པའི་དབྱེ་བ་བརྗོད་པར་བྱ། །ཞེས་བྱ་བ་ནི་བཤད་པའི་དབྱེ་བ་ནི་ཡི་གེའི་དོན་ལ་སོགས་པའ
483	terminal-particle	26		དེ་ཉིད་བཤད་པ་ནི་རྣམ་པ་གསུམ་སྟེ་བསྡུས་པའི་དབྱེ་བ་དང་། བར་མཚམས་ཀྱི་དབྱེ་བ་དང་། ཤིན
484	terminal-particle	15		བསྡུས་པའི་དབྱེ་བ་ནི་ཚིག་གི་དོན་དང་ཞེས་བྱ་བ་ལ་སོགས་པའོ། །
485	line-end	6		བར་མཚམས་ཀྱི་དབྱེ་བ་ནི།
486	verse-stanza	12		དང་པོ་གཅིག་པུ་ཁོ་ན་ཉིད། །↵ཅེས་བྱ་བ་ལ་སོགས་པའོ། །
487	verse-stanza	22		ཤིན་ཏུ་རྒྱས་པའི་དབྱེ་བ་བསྟན་པའི་ཕྱིར།↵སྒྲ་ཙམ་ལ་ནི་རབ་གཞོལ་བའི། །↵ཞེས་བྱ་བ་ལ་སོགས
488	terminal-particle	52		དེ་ཉིད་བཤད་པ་ཡི་གེའི་དོན་ཞེས་བྱ་བ་ནི་དུ་ཞིག །ཅིའི་ཕྱིར་ཡི་གེའི་དོན་དུ་བརྟག་ཅེ་ན་
489	line-end	25		ཕྱི་རོལ་བསྟན་བཅོས་མཁས་པ་ཡིས། །ཞེས་བྱ་བ་ནི་གཞུང་འདི་པ་མ་ཡིན་པའི་ཕྱི་རོལ་གྱི་བསྟན་
490	verse-stanza	14		དེ་ཡི་བཀོད་པ་རབ་བསྟན་པ། །↵ཞེས་པ་ནི་སྒྲའི་བཀོད་པ་ཉིད་དོ། །
491	terminal-particle	21		ཇི་སྐད་བྱ་བ་ཡིན་ཞེ་ན། ཡི་གེའི་དོན་ནི་ཡིན་པར་བཤད། ཅེས་སྨོས་ཏེ། སྒྲའི་བཤད་པ་ཡིན་ཞེ
492	ordinal-open	10		དང་པོ་ནི་བཤད་པར་བྱ་བའི་ལུང་བསྟན་ཏོ། །
493	line-end	16		ཞར་ལ་ནི་བཤད་པའི་དགོས་པ་བསྟན་ཏོ།[^236] །གཉིས་པས་ནི་བཤད་པ་པོ་བསྟན་ཏོ།[^237] །
494	verse-stanza	29		ཞར་ལ་ནི་དེའི་དགོས་པ་བསྟན་ཏོ། །↵གསུམ་པས་ནི་བཤད་པའི་ཐབས་བསྟན་ཏོ། །↵ཞར་ལ་ནི་དེའི་དག
495	line-end	8		ཞར་ལ་ནི་དེའི་དགོས་པ་བསྟན་ཏོ། །
496	terminal-particle	25		དེ་ནས་གཉིས་པ་བསྟན་པའི་ཕྱིར། སྤྱིའི་དོན་གྱི་ཞེས་བྱ་བ་ལ་སོགས་པ་སྨོས་ཏེ། མདོ་སོགས་ལ
497	terminal-particle	16		མདོ་སྡེ་དང་། འདུལ་བ་དང་མངོན་པའི་རྗེས་སུ་ཞུགས་ཞེས་པའི་ཐ་ཚིག་གོ། །
498	terminal-particle	12		དེ་ལ་འགྱོད་པ་ནི་ཐེག་པ་ཆེན་པོའི་སེམས་བསྐྱེད་པ༌[^238]ལའོ། །
499	terminal-particle	14		དེའི་འགྱོད་པ་ཟློག་པར་བྱེད་པ་ནི་དེ་དང་མཐུན་པར་སྟོན་པའོ། །
500	terminal-particle	38		ཇི་སྐད་དུ་རིན་པོ་ཆེ་འབར་བའི་རྒྱུད་ལས་ཀྱང་། རིགས་ཀྱི་བུ་འདུལ་བ་ལ་དད་པར་གྱིས་ཤིག །
501	terminal-particle	19		བསྐྱེད་པའི་རིམ༌[^239]དང་ལྡན་པ་དག །ཅེས་པ་ནི་བསྐྱེད་པའི་རིམ་པ་ནི་བསྐྱེད་པའི་རིམ་པ་
502	terminal-particle	13		དེ་དང་གང་ལྡན་པ་ནི་བསྐྱེད་པའི་རིམ་པ་དང་ལྡན་པའོ། །
503	line-end	7		འདི་ཡང་སྤྱིའི༌[^240]ཡིན་ཞེས་པར་སྦྱར་རོ། །
504	verse-stanza	26		འདི་ལ་ཡང་ཅིའི་ཕྱིར་སྤྱི་ཞེས་བྱ་ཞེ་ན།↵འདི་ནི་ཁྱབ་པའི་ཕྱིར༌[^241]སྤྱི་ཡིན་ཞེས་པའོ།
505	verse-stanza	12		དེ་ནས༌[^242]སྦས་པའི་དོན་བཤད་པ།↵འདོད་ཆགས་ཆོས་ནི་རབ་སྟོན་པ། །
506	terminal-particle	27		ཞེས་བྱ་བ་ལ་སོགས་པ་སྨོས་ཏེ་འདོད་ཆགས་ཀྱི་ཆོས་ནི་འདོད་ཆགས་ཀྱི་ཆོས་ཏེ། འཕྱང་བ་དང་། འ
507	terminal-particle	9		འདི་ཉིད་ནི་ཐུགས་ལས༌[^244]ཕྱུང་བའི་ཕྱིར་སྦས་པའོ། །
508	terminal-particle	17		ཀུན་རྫོབ་ཀྱི་བདེན་པ་ནི་ཀུན་རྫོབ་ཀྱི་བདེན་པ་སྟེ་སྒྱུ་མ་ལྟ་བུའི་སྐུའོ། །
509	terminal-particle	12		ཡེ་ཤེས་གསུམ་པོ་ནི་སྣང་བའི་ཡེ་ཤེས་ལ་སོགས་པའོ། །
510	terminal-particle	9		འདི་དག་ཀྱང་། སྙིང་པོ་ཡོད་པས་སྦས་པའོ། །
511	line-end	2		ཞེས་པའོ། །
512	verse-stanza	19		དང་པོས་ནི་དབྱེ་བ་བསྟན་ཏོ། །↵གཉིས་པས་ནི་ངེས་པའི་ཚིག་བསྟན་ཏོ། །↵གསུམ་པས་ནི་མིང་བསྟ
513	terminal-particle	27		དེ་ལྟར་སྦས་པའི་དོན་བསྟན་ནས། ད་ནི་མཐར་ཐུག་པའི་དོན་བསྟན་པར་བྱ་སྟེ། དེའི་ཕྱིར། འོད་
514	terminal-particle	12		འོད་གསལ་བ་ནི་འོད་གསལ་བ་སྟེ། དོན་དམ་པའི་བདེན་པའོ། །
515	terminal-particle	16		ཟུང་དུ་འཇུག་པ་ནི་ཟུང་དུ་འཇུག་པ་སྟེ་གཉིས་སུ་མེད་པའི་དོན་ཏོ། །
516	terminal-particle	12		རྣམ་པ་གཉིས་ནི་འོད་གསལ་བ་དང་། ཟུང་དུ་འཇུག་པའོ། །
517	terminal-particle	7		ཐ༌[^246]མས་ནི་ངེས་པའི་ཚིག་བསྟན་ཏོ། །
518	line-end	33		དེ་ལྟར་མཐའི་དབྱེ་བ་བསྟན་ནས་ད་ནི་བཤད་པའི་དབྱེ་བ་བསྟན་པའི་ཕྱིར། འཆད་པར༌[^247]ཉན་པར
519	verse-stanza	21		ཉན་པར་འདོད་པ་ནི་སློབ་མའོ། །↵སློབ་མའི་དབྱེ་བ་ལ་གཉིས་ཡོད་པས་ན།↵དབྱེ་བ་ཡང་ནི་གཉིས་ཡ
520	terminal-particle	3		ཞེས་སྨོས་སོ། །
521	line-end	5		དེ་ཉིད་གང་ཞེ་ན།
522	verse-stanza	14		ཚོགས་ལ་བཤད་པ་སྟོན་པ་དང་། །↵གཉིས་པ་སློབ་མ་ལ་བཤད་པའོ། །
523	terminal-particle	41		ཞེས་སྨོས་ཏེ་དེ་ལ་ཚོགས་ལ་བཤད་པ་ནི་གང་ཞིག་ཡིན་ཅིའི་ཕྱིར་ཚོགས་ལ་བཤད་པ་ཞེས་བྱ་ཞེ་ན། 
524	terminal-particle	12		དེ་བཞིན་དུ་སྤྱིའི་དོན་གྱི་བར་ནི་ཚོགས་ལ་བཤད་པའོ། །
525	line-end	16		ཅིའི་ཕྱིར་ཞེ་ན། དེ་དེའི་སྣོད་དུ་གྱུར་པའི་ཕྱིར་དེ་ལ་དེ་སྐད་ཅེས་བྱའོ། །
526	verse-stanza	13		སློབ་མ་ལ་བཤད་པ་དུ་ཞིག །↵ཅིའི་ཕྱིར་སློབ་མ་ལ་བཤད་པ། །
527	terminal-particle	32		ཞེས་བྱ་ཞེ་ན། ཇི་བཞིན་མིན་སྒྲ་ཞེས་བྱ་བ་ལ་སོགས་པ་སྨོས་ཏེ། ཇི་བཞིན་མིན་པ་ལ་སོགས་པ་ར
528	line-end	10		ཅིའི་ཕྱིར་ཞེ་ན། དེ་དེའི་སྣོད་ཡིན་པའི་ཕྱིར་རོ། །
529	terminal-particle	43		དེ་ལྟར་བཤད་པ་རྣམ་པ་གཉིས་བསྟན་ནས། ད་ནི་གང་ཟག་གི་དབྱེ་བ་བསྟན་པའི་ཕྱིར། རྣམ་པ་ཀུན་ད
530	line-end	5		རིགས་དུ་ཡོད་ཅེ་ན། །
531	verse-stanza	13		བློ་ཡི་རྣམ་པ་དཔག་མེད་ལས། །↵གང་ཟག་རྣམ་པ་ལྔར་འདོད་དོ། །
532	terminal-particle	24		ཞེས་སྨོས་ཏེ། འདི་ལྟར་རིགས་ཀྱི་དབང་དུ་དཔག་ཏུ་མེད་དེ། དཔེའི་དབང་དུ་རྣམ་པ་ལྔར་འགྱུར
533	line-end	19		ལྔ་པོ་ཉིད་གང་ཡིན་སུས་གསུངས་ཤེ་ན། ཨུཏྤ་ལ་དང་པད་དཀར་དང་། །པདྨ་ཙནྡན་རིན་པོ་ཆེའི། །
534	verse-stanza	18		རང་བཞིན་ཐ་དད་མིང་གིས་ཏེ། །↵ཐམས་ཅད་མཁྱེན་པས་གསུངས་པ་ཡིན། །↵ཞེས་བྱ་བ་ལ་སོགས་པའོ། །
535	line-end	21		དེ་ལ་ཨུཏྤལ་ཞེས་བྱ་བའི་གང་ཟག་ནི་གང་ཞིག །ཅིའི་ཕྱིར་ཨུཏྤལ་གྱི་གང་ཟག་ཏུ་བརྟག་ཅེ་ན། བ
536	verse-stanza	13		དེ་ནི་མ་ལུས་ཐོས་གྱུར་ལ། །↵འཛིན་པ་ལ་ནི་རྣམ་པར་མཁས། །
537	line-end	19		ཞེས་སྨོས་ཏེ་བཀའ་དང་བསྟན་བཅོས་ཐམས་ཅད་མ་ལུས་པར་ཐོས་པ་ནི་མ་ལུས་པར༌[^249]ཐོས་པའོ། །
538	terminal-particle	17		འཛིན་པ་ལ་ནི༌[^250]རྣམ་པར་མཁས། །ཞེས་པ་ནི་ཐོས་པ་ཙམ་གྱིས༌[^251]ཐམས་ཅད་ཁོང་དུ་ཆུད་པའ
539	terminal-particle	17		སྐད་ཅིག༌[^252]ཙམ་གྱིས་བརྗེད༌[^253]འགྱུར་བ། །ཞེས་པ་ནི་བླ་མ་དང་བྲལ་བ་ཙམ་གྱིས་བརྗེད
540	terminal-particle	11		དེའི་མིང་ཅི་ཞེ་ན། ཨུཏྤལ་ཞེས་བྱ་བའི་གང་ཟག་གོ། །
541	terminal-particle	13		ཞེས་སྨོས་ཏེ། ཨུཏྤལ་དང་འདྲ་བས་ཨུཏྤ་ལ་ལྟ་བུའི་གང་ཟག་གོ། །
542	terminal-particle	48		ཨུཏྤལ་ཞེས་བྱ་བ་འདི་ལ་མཐུན་པའི་ཆོས་ཅི་ཡོད་ཅེ་ན། ཇི་སྲིད་དུ་ཨུཏྤལ་ཞེས་བྱ་བ༌[^255]འ
543	line-end	37		པད་དཀར་ཞེས་བྱ་བའི༌[^257]གང་ཟག་འདི་ཡང་ཅི་ཞིག་ཡིན་ཞེ་ན། གཟུང་བྱ་མང་དུ་ཐོས་གྱུར་ཀྱང
544	quote-close	18		སྟོན་པ་ཡིས་ནི་ནུས་མེད་པ། །ཞེས་པ་ནི་བསམ་པ་དང་བརྗོད་པ་དང་བྲལ་ཞེས་པའོ། །
545	terminal-particle	25		བུམ་པའི་རས་བལ་ས་བོན་འདྲ། ཞེས་པ་ནི། བུམ་པའི་ནང་དུ་རས་བལ་གྱི་ས་བོན་བཅུག་པ་བསྟན་དུ་
546	terminal-particle	7		པད་དཀར་ལྟ་བུའི་གང་ཟག་གོ། །
547	terminal-particle	13		ཞེས་པ་ནི་པདྨ་དཀར་པོ་ལ་ཆུས་མི་ཆགས་པ་བཞིན་ནོ། །
548	terminal-particle	64		པདྨ་ཞེས་བྱ་བའི་གང་ཟག་ཀྱང་གང་ཞིག་ཡིན་ཞེ་ན། དད༌[^258]དང་ལྡན་ཞིང་སྙིང་རྗེ་ཤེས། །ཞེས
549	terminal-particle	13		སྙིང་རྗེ་དང་ལྡན་པ་ནི་སྙིང་རྗེ་ཆེན་པོ་དང༌[^261]མ་བྲལ་བའོ། །
550	line-end	14		ཤེས་རབ་དང་ལྡན་པ་ནི་ཤེས་རབ་ཆེན་པོ་དང་མ་བྲལ་བའོ། །
551	verse-stanza	21		ཐོས་ནས་བློ་ཡི་ཁ་བྱེ་ལ། །↵ཞེས་པ་ནི་བློ་རྒྱ་ཆེན་པོར་གྱུར༌[^262]ཞེས་པའོ། །↵ཚིགས་མེད
552	quote-close	14		ཞེས་པ་ནི་ཚིགས་པ༌[^263]མེད་པའི་འོད་མ་གས་པོ་ལྟར་ཉན་ཞེས་པའོ། །
553	line-end	21		འདིས་ནི་དུས་ཐམས་ཅད་དུ་ཉན་པར་བྱེད་ཅིང་སྒོམ་པ༌[^264]དང་བཤད་པ་ལ་སོགས་པ་སྤངས་ཞེས་སྦྱ
554	terminal-particle	29		འདི་ཉིད་མིང་ཅི་ཡིན་ཞེ་ན། པདྨ་ཞེས་བྱ་བའི་གང་ཟག་གོ་ཞེས་སྨོས་ཏེ། ཚིགས་མེད་པ་ནི་དཔེར
555	line-end	15		ཙནྡན་ལྟ་བུའི་གང་ཟག་ཅེས་བྱ་བ་འདི་ཡང་གང་ཞིག་ཡིན་ཞེ་ན།
556	verse-stanza	21		ཐོས་པ་ཉུང་ཞིང་ང་རྒྱལ་ལྡན། །↵ཞེས་བྱ་བ་ལ་སོགས་པ་སྨོས་ཏེ།↵ཐོས་པ་ཉུང་བ་ནི་མ་ཐོས་པའོ།
557	terminal-particle	38		ང་རྒྱལ་ལྡན་པ་ནི་བདག་ཐོས་པ་དང་ལྡན་པ་ཡིན་ཞེས་སྨྲ་བའོ།[^265] །རྩ་བ་མེད་པར་མང་དུ་སྨྲ
558	terminal-particle	16		རྗེས་སུ་གཟུང་བར༌[^266]མི་ནུས་པ། །ཞེས་པ་ནི་ཕྱིས་རང་གིས་འཛིན་པར་མི་ནུས་པའོ། །
559	line-end	31		དེ་ཉིད་ཀྱི་མིང་ཅི་ཞེ་ན། ཙནྡན་ཞེས་བྱ་བའི་གང་ཟག་གོ་ཞེས་སྨྲ་སྟེ།[^267] ཙནྡན་དང་འདྲ་
560	terminal-particle	13		ང་རྒྱལ་ལྡན་ཞེས་པ་ནི་དབྱར་གྱི་དུས་ཀྱི་ཙནྡན་ལྟ་བུའོ། །
561	quote-close	2		ཞེས་པའོ། །
562	terminal-particle	20		རྩ་བ་མེད་པར་མང་དུ་སྨྲ། །ཞེས་པ་འདིས་ནི་བ༌[^269]དོ་ལའི་རིའི་ཙནྡན་ལྟ་བུའོ་ཞེས་པའི་ད
563	line-end	21		རྗེས་སུ་གཟུང་བར་མི་ནུས་པ། །ཞེས་པ་ནི་ཙནྡན་སྦྲུལ་གྱི་སྙིང་པོ་ཅན་ལྟ་བུའོ་ཞེས་པའི་དོ
564	verse-stanza	21		འདི་དག་གིས་ནི་ཙནྡན་ལྟ་བུའི་གང་ཟག་བསྟན་ཏོ། །↵དེ་ནས་རིན་པོ་ཆེ་ལྟ་བུའི་གང་ཟག་བསྟན་ཏ
565	terminal-particle	61		[^270]ཚུལ་ཁྲིམས་དག་ཅིང་མཁས་ལ་སྒྲིན། །ཞེས་པ་ནི་བསླབ་པ་རྣམ་པ་གསུམ་གྱི་ཚུལ་ཁྲིམས་དང
566	terminal-particle	20		མཁས་པ༌[^271]ནི་མཁས་པ་སྟེ། གང་གིས་གང་གི་བྱ་བ་ཐམས་ཅད་ལ་ཐོགས་པ་མེད་པ༌[^272]དེ་ལ་མཁས
567	terminal-particle	20		ཤེས་རབ་ལྡན་པ་ནི་ཤེས་རབ་དང༌[^273]ལྡན་པ་སྟེ་ཤེས་རབ་མཆོག་དང་མ་བྲལ༌[^274]ཞེས་པའི་ཐ་ཚ
568	terminal-particle	34		རྒྱུད་གཅིག་ལས༌[^275]ཐོས་ནས་ལེགས་པར་སྟོན་པ་ནི་ཡང་དག་པའི་གདམས་ངག་མ་ནོར་བར་ཐོས་ཤིང་
569	terminal-particle	14		འདི་ཉིད་ཀྱི་མིང་ཅི་ཡིན་ཞེ་ན། རིན་ཆེན་ལྟ་བུའི་གང་ཟག་གོ། །
570	terminal-particle	16		ཞེས་པ་སྟེ་དཔེར་ན་རིན་པོ་ཆེའི་བུམ་པ་ལྟ་བུའོ་ཞེས་པའི་དོན་ཏོ། །
571	line-end	3		གཞན་གོ་སླའོ། །
572	line-end	24		བདེན་གཉིས་རྣམ་པར་ངེས༌[^276]བྱས་ཏེ།[^277] །ཞེས་པ་ནི་ཐམས་ཅད་ཀྱང་དོན་དམ་པའི་བདེན་པ་
573	verse-stanza	13		འདིར་རྒྱན་བདུན་ཡིན་པས་ན༌[^278]རྒྱན་བདུན་ནོ། །↵རྫོགས་པའི་རིམ་པ་སྒྲུབ་པའོ། །
574	terminal-particle	15		ཞེས་པ་འདི་ནི་ཟུང་དུ་འཇུག་པ་འབའ་ཞིག་གི་དབང་དུ་བྱས་པའོ། །
575	terminal-particle	26		བཤད་སྨྲ་ཤིན་ཏུ་རྙེད་པར་དཀའ། །ཞེས་པ་སྟེ་བཤད་པ་པོ་དང་སྨྲ་བ་པོ་ཤིན་ཏུ་རྙེད་པར་དཀའ་ཞ
576	line-end	38		རྙེད་པར་དཀའ་བ་ཅིའི་ཕྱིར་ཞེ་ན། རྣལ་འབྱོར་རྒྱུད་ལས་གཞན་དུ་མིན། །ཞེས་བྱ་བ་སྨོས་ཏེ་ར
577	verse-stanza	14		དེ་བས་རྡོ་རྗེ་སློབ་དཔོན་གྱིས། །↵ཞེས་པ་ནི་གོང་མ་དང་འབྲེལ་ཏོ། །
578	verse-stanza	15		གླེང་གཞི་རིམ་པ་སྦྱོར་བར་བཅས། །↵ཞེས་པ་ནི་གླེང་བསླང་བ་ལ་སོགས་པའོ། །
579	terminal-particle	43		རྒྱན་རྣམ་པ་བདུན་བཤད་པའི་རིགས་པའོ་ཞེས་པ་ནི་དེ་བཞིན་གཤེགས་པ་ཐམས་ཅད་ཀྱི་རྒྱུད་ཐམས་ཅ
580	terminal-particle	18		རྒྱན་རྣམ་པ་བདུན་ཡང་ཡིན་ལ་བཤད་པའི་རིགས་པ་ཡང༌[^283]ཡིན་ན༌[^284]དེ་ལ་དེ་སྐད་ཅེས་བྱའ
581	line-end	21		སྒྲོན་མ་གསལ་བ་ཞེས་བྱ་བའི་འགྲེལ་བཤད་ལས་རྒྱན་རྣམ་པ་བདུན་སྤྲོས་པ་དང་བཅས་པའི་བཤད་པའོ
582	terminal-particle	48		དེ་ལྟར་རྒྱན་རྣམ་པ་བདུན་གོ་རིམས༌[^285]བཞིན་དུ་བཤད་ནས། ད་ནི་ལེའུ་བཅུ་བདུན་པོ་ཉིད་ཀ
583	terminal-particle	41		ལེའུ་བཅུ་བདུན་གྱི་བསྡུས་པའི་དོན་བཤད་པར་བྱ་སྟེ་ཞེས་བྱ་བ་ལ་ལེའུ་བཅུ་བདུན་ནི་ལེའུ་བ
584	terminal-particle	25		ལེའུ་བཅུ་བདུན་ཞེས་པ་ནི་བཅུ་བདུན་ཁོ་ན་སྟེ་འདི་དག་གིས་ནི་མང་བའམ་ཉུང་བ་རྣམ་པར་བཀག་པ
585	terminal-particle	34		ཅིའི་ཕྱིར་ཞེ་ན་དེ་བཞིན་གཤེགས་པ་ཐམས་ཅད་ཀྱི་གསང་བ་འདུས་པའི་ལམ་འབྲས་བུ་དང་བཅས་པ་ནི་
586	line-end	19		འོན་ཏེ་མ་ཡིན་ན་ཡང་ལམ་འབྲས་བུ་དང་བཅས་པར་སྟོན་པར་ནམ་ཡང་མི་འགྱུར་རོ། །
587	line-end	26		འོ་ན་ལེའུ་དང་པོ་ལས་ནི་ཅི་ཞིག་གང་གི་ཕྱིར་སྟོན་ཞེ་ན། ལེའུ་དང་པོ་ལས་ནི་ཞེས་པ་ལ་སོགས
588	verse-stanza	19		ལེའུ་དང་པོ་ནི་ཐོག་མ་ཞེས་པའི་དོན་ཏོ། །↵ཐོག་མའི་རིམ་པ་ཞེས་བྱ་བའི་ཐ་ཚིག་གོ། །
589	terminal-particle	23		དེ་ལས་ཅི་སྟོན་ཞེ་ན་རྗོད་པར་བྱེད་པ་དང་བརྗོད་པར་བྱ་བ་ནི་སྒྲའི་ཚོགས་དང་དོན་གྱི་ཚོགས
590	terminal-particle	39		དེའི་བདག་ཉིད་ཀྱང་གང་ཡིན་ཞེ་ན། བདག་ཉིད་རྡོ་རྗེ་འཆང་ཆེན་པོ་ཞེས་སྨོས་ཏེ་བརྗོད་པར་བྱ
591	terminal-particle	27		དེའི་སྤྲུལ་པའི་དཀྱིལ་འཁོར་ཡང་གང་ཞིག་ཡིན་ཞེ་ན། དེ་བཞིན་གཤེགས་པ་ཐམས་ཅད་ཀྱི་གསང་བ་འ
592	terminal-particle	19		དེར་ཉན་པའི་སྐལ་བ་དང་ལྡན་པ་ནི་ཚོགས་ཀྱི་གང་ཟག་དང་སློབ་མའི་གང་ཟག་གོ། །
593	line-end	33		དེ་ལ་ཡང་ཅི་བྱེད་ཅེ་ན། རིག་པའི་དབང་བསྐུར་བ་བྱིན་ནས་ཞེས་སྨོས་ཏེ། རིག་པའི༌[^288]དབང
594	line-end	68		ཡང་ན་རིག་པ་དང་བཅས་པ་ལས་བྱུང་བས་རིག་པའི་དབང་སྟེ་དེ་བཞིན་གཤེགས་པ་ཐམས་ཅད་ཀྱི་གསང་བའ
595	verse-stanza	20		དེ་ལ་དང་པོའི་དབང་ནི་ཚོགས་ལ་སྦྱིན་པའོ། །↵ལྷག་མ་གསུམ་ནི་སློབ་མའི་གང་ཟག་ལ་སྦྱིན་པའོ
596	terminal-particle	47		དབང༌[^289]བྱིན་ནས་ཀྱང་ཅི་བྱེད་ཅེ་ན། དབང་དང་རྗེས་སུ་འབྲེལ་པའི་མན་ངག་སྟོན་པ་སྟེ། ད
597	line-end	48		བསྐྱེད་པའི་རིམ་པ་དང་རྫོགས་པའི་རིམ་པའི་སྒྲུབ་པའི་ཐབས་སོ་སོར་སྟོན་ཅིང་ཞེས་པ་ནི་དབང
598	terminal-particle	22		འདིར་གང་ལ་བུམ་པའི་དབང་བསྐུར་བ་དེ་དང་དེ་ལ་ནི་བསྐྱེད་པའི་རིམ་པ་འབའ་ཞིག་ཉེ་བར་བསྟན༌
599	terminal-particle	22		གསང་བའི་དབང་བསྐུར་བ་ལ་ནི་དེ་བཞིན་གཤེགས་པ་ཐམས་ཅད་ཀྱི་གསང་བའི་སྤྱོད་པ་སྤྲོས་ཏེ་སྟོ
600	terminal-particle	18		དེ་བཞིན་དུ་རྡོ་རྗེ་བཟླས་པ་དང་སེམས་ལ་དམིགས་པ་འབའ་ཞིག་ཀྱང་ཉེ་བར་བསྟན༌[^292]ཏོ། །
601	terminal-particle	12		དེ་བཞིན་དུ་སྒྱུ་མ་ལྟ་བུའི་སྐུ་ཡང་ཉེ་བར་བསྟན༌[^293]ཏོ། །
602	terminal-particle	30		ཤེས་རབ་ཡེ་ཤེས་ཀྱི་དབང་བསྐུར་བ་ལ་ནི་དེ་བཞིན་གཤེགས་པ་ཐམས་ཅད་ཀྱི་འོད་གསལ་བ་དང་ཟུང་ད
603	terminal-particle	56		ལེའུ་དང་པོ་ལས་དེ་ཉིད་སྟོན་ནས་གཞན་དག་ལས་ཀྱང་སྟོན་ཞེ་ན། གཞན་དག་ལས་ཀྱང་སྟོན་པ་བསྟན་
604	terminal-particle	20		ལེའུ་བཅུ་དྲུག་པོ་ནི་དང་པོ་ལས་གཞན་པའི་ལེའུ་བཅུ་དྲུག་པོ་ཁོ་ན་ཞེས་པའི་དོན་ཏོ། །
605	line-end	27		དེའི་དོན་གཞན་དག་ཀྱང་རྙེད་པ་ནི་རྫོགས་པའི་རིམ་པ་དང་ཕྲ་མོའི་ཏིང་ངེ་འཛིན་ལ་སོགས་པ་ཡང
606	terminal-particle	45		དེ་ལ་ཡང་འདི་ལས་གཞན་པ་ཞིག་ཡིན་ནམ་ཞེ་ན་མ་ཡིན་པའི་ཕྱིར། ལྷའི་རྣལ་འབྱོར་རྣམ་པ་གཉིས་པ
607	terminal-particle	16		འདི་ལ་གང་གིས༌[^295]ཏིང་ངེ་འཛིན་གྱི་ཡུལ་དུ་བྱེད་པ་དེ་ནི་རྣལ་འབྱོར་པའོ། །
608	terminal-particle	28		རྣལ་འབྱོར་རྣམ་པ་གཉིས་པོ་འདི་ཉིད་ཀྱང་གང་ལ་ཤེས་ཤིང་བཤད་ཅེ་ན། གསང་བ་འདུས་པའི་རྒྱུད་
609	terminal-particle	36		གསང་བ་འདུས་པའི་དོན་དེ་ཉིད་གཞན་ཡིན་ནོ་ཞེ་ན་མ་ཡིན་པའི་ཕྱིར་དོན་འདི་ཉིད་ཅེས་སྨོས་ཏེ
610	line-end	34		ཇི་སྐད་བསྟན་ཞེ་ན། སངས་རྒྱས་རྣམས་ཀྱིས་ཆོས་བསྟན་པ། །ཞེས་པ་ནི་དེ་བཞིན་གཤེགས་པ་རྡོ་ར
611	terminal-particle	22		རིམ་པ་གཉིས་ལ་ཡང་དག་གནས། །ཞེས་པ་ནི་དེ་ཐམས་ཅད་ཀྱང་རིམ་པ་གཉིས་སུ་འདུས་ཞེས་པའི་དོན་ཏ
612	terminal-particle	36		རིམ་པ་གཉིས་ཉིད་གང་ཡིན་ཞེ་ན། བསྐྱེད་པ་ཡི་ནི་རིམ་པ་དང་། ཞེས་སྨོས་ཏེ་བསྐྱེད་པའི་རིམ
613	terminal-particle	12		བསྐྱེད་པའི་རིམ་པ་ཞེས་བྱ་བ༌[^297]ནི་དེ་ལས་སྐྱེས་པའི་སྐུའོ། །
614	terminal-particle	13		ཡང་ན་བསྐྱེད་པའི་རིམ་པ་ནི་ལྷའི་རྣལ་འབྱོར་འབའ་ཞིག་པའོ། །
615	terminal-particle	12		རྫོགས་པའི་རིམ་པ་ནི་ཕྲ་མོའི་རྣལ་འབྱོར་འབའ་ཞིག་པའོ། །
616	terminal-particle	58		འདི་ཡང་དེ་བཞིན་གཤེགས་པ་ཐམས་ཅད་ཀྱི་གསང་བའི་མཛོད་ཅེས་བྱ་བ་ལས་གསུངས་ཏེ་བཅོམ་ལྡན་འདས
617	line-end	29		བཅོམ་ལྡན་འདས་རྟེན་དུ་གྱུར་པ༌[^298]ཞེས་བྱ་བ་དེ༌[^299]གང་ལགས། སེམས་དཔའ་ཆེན་པོ་དེ་བ
618	terminal-particle	81		བཅོམ་ལྡན་འདས་གསང་བ་ཆེན་པོ་ཞེས་བྱ་བ་དེ་གང་ལགས། དེའི་རྟེན་ཞེས་བྱ་བ་དེ་གང་ལགས། སེམས
619	terminal-particle	23		སེམས་དཔའ་ཆེན་པོ་དེའི་རྟེན་ནི་དེ་བཞིན་གཤེགས་པ་ཐམས་ཅད་ཀྱི་སྤྲུལ་པའི་སྐུ་ཤིན་ཏུ་རྨད
620	line-end	55		བཅོམ་ལྡན་འདས་དེ་བཞིན་གཤེགས་པ་ཐམས་ཅད་ཀྱི༌[^301]བསྐྱེད་པའི་རིམ་པ་ཞེས་བྱ་བ་དེ་གང་ལག
621	terminal-particle	22		ཉིད་ཅེས་བྱ་བ་ནི་ཁོ་ན་ཞེས་པ་སྟེ། འདིར་གཞན་དང་ལྡན་པ་རྣམ་པར་གཅོད་པའི་དབང་དུ་བྱས་པའོ
622	terminal-particle	37		རྒོལ་ཏེ་འོག་ནས་འཆད་པ་ཞེས་བྱ་བ་ཡང་འདི་ཉིད་དམ་འདི་ལས༌[^302]གཞན་ཞིག་རྟོག་གྲང་ན། འདི
623	line-end	16		མདོར་བསྟན་པ་ཡང་མ་ཡིན་ཏེ་མིང་ཉིད་ཀྱིས༌[^303]ཐམས་ཅད་མདོར་བསྟན་པའི་ཕྱིར་རོ། །
624	verse-stanza	21		རྒྱས་པར་བཤད་པ་ཡང་མ་ཡིན་ཏེ། །↵མིང་ཉིད་དང་འགལ་བའི་ཕྱིར་དང་།↵གཞུང་རྒྱས་པས་འཇིགས་པའི
625	terminal-particle	43		འོག་མ་དང་ཐ་དད་པ་ཡང༌[^304]མ་ཡིན་ཏེ། ཐ་དད་པ་དང་ཐ་དད་པ་མ་ཡིན་པ་ནི་གཅིག་གིས་གཅིག་སྤང
626	line-end	13		འོན་ཏེ་ཐ་མི་དད་ན་ནི་སྔ་མའི་སྐྱོན་དུ་འགྱུར་རོ། །
627	terminal-particle	18		རྒྱུ་ཐ་མི་དད་པ་གཅིག་ཡིན་ནོ་ཞེ་ན་ནི་འབྲས་བུ་ཡང་དེ་ལྟར་འགྱུར་རོ། །
628	terminal-particle	16		ཐ་མི་དད་པས་ཐ་དད་པ་སྐྱེད༌[^306]ན་ནི་ཧ་ཅང་ཡང་ཐལ་བར་འགྱུར་རོ། །
629	terminal-particle	19		ཐམས་ཅད་ཐ་མི་དད་ཀྱང་ཡིན་ནོ་ཞེ་ན་ནི་གོང་མའི་སྐྱོན་དེ་ཉིད་དུ་འགྱུར་རོ། །
630	terminal-particle	25		གཞན་ཡང་རྒྱུ་ཐ་མི་དད་པས་འབྲས་བུ་ཐ་དད་པ་སྐྱེད་ན་ནི་རྫོགས་པའི་རིམ་པ་ཡང་དོན་མེད་པར་འ
631	terminal-particle	25		ཅི་སྟེ་གལ་ཏེ༌[^307]ཉེ་བའི་ཕྱིར་ཡིན་ནོ་ཞེ་ན༌[^308]དེ་ལྟ་ན་ནི་བསྐྱེད་པའི་རིམ་པ་ཡང་
632	line-end	125		འདི་ལྟར་རིང་བར་འགྱུར་བ་ཉིད་དང་ཕན་མི་འདོགས་པ་ཉིད་དང་། གནོད་པ་སྒྲུབ་པ་ཉིད་ནི་སྦྲུལ
633	terminal-particle	26		བསྡུས་པ་འདི་ཉིད་ཀྱིས་སེམས་ཅན་གྱི་དོན་དུ་ཇི་ལྟར་འགྱུར་ཞེ་ན། འདི་ནི་སེམས་ཅན་མདོར་བ
634	terminal-particle	12		ལྷག་མ་ནི་རྒྱས་པར་བསྟན་པ་ལ་དགའ་བའི་ཕྱིར་རོ། །
635	terminal-particle	20		དེ་བས་ན་འདི་ནི་དགོས་པ་ཆེན་པོ་དང་ལྡན་པའི་ཕྱིར་བླང་བར་བྱ་བ་ཉིད་དོ་ཞེའོ། །
636	line-end	7		ལེའུ་དང་པོ་བསྡུས་པ་བཤད་པའོ།། །།
637	terminal-particle	43		ལེའུ་གཉིས་པ་ལས་ནི་རྫོགས་པའི་རིམ་པ་འབའ་ཞིག་ཉེ་བར་སྟོན་ཏོ་ཞེས་པ་ནི་དང་པོ་ནི་བཤད་ཟི
638	terminal-particle	28		རྫོགས་པའི་རིམ་པ་ནི་རྫོགས་པའི་རིམ་པ་སྟེ། རྫོགས་པ་ཆེན་པོ་དང་ཤིན་ཏུ་ཉེ་བའི་རྒྱུར་གྱ
639	terminal-particle	17		ཡང་ན་རྫོགས་པ་ནི་རྫོགས་པ་ཆེན་པོ་སྟེ་དེ་ཁོ་ན་ཉིད་ཆོས་ཀྱི་སྐུའོ། །
640	terminal-particle	19		དེའི་རིམ་པ་ནི་རྫོགས་པ་ཐོབ་པའི་ཐབས་ཀྱི་རིམ་པ་སྟེ་ཕྲ་མོའི་ཏིང་ངེ་འཛིན་ཏོ། །
641	terminal-particle	31		འབའ་ཞིག་ཅེས་བྱ་བ་ནི་ལྷག༌[^310]མེད་ཅེས་བྱ་བའི་དོན་ཏེ་རྫོགས་པའི་རིམ་པ་འབའ་ཞིག་ཉེ་བ
642	line-end	47		འདིར་ཡང་རྫོགས་པའི་རིམ་པ་འབའ་ཞིག་སྟོན་གྱི་གཞན་མི་སྟོན་པ་ཅིའི་ཕྱིར་ཞེ་ན། འདི་ནི་དེ
643	terminal-particle	71		དེ་ལྟར་ཡང་ཅི་མངོན་ཞེ་ན། གསང་བ་ལུང་བསྟན་པ་ཞེས་བྱ་བ་ལས་ཀྱང་། བཅོམ་ལྡན་འདས་དེ་བཞིན་
644	terminal-particle	22		དེའི༌[^311]ཕྱིར་དེ་བཞིན་གཤེགས་པ་ཐམས་ཅད་ཀྱི་གསང་བ་ཆེན་པོ་འདི་ནི་འདས་པའི་དུས་སུ་ཡང
645	terminal-particle	11		མ་འོངས་པའི་དུས་སུ་ཡང་གསུང་བར་མི་འགྱུར་རོ། །
646	terminal-particle	17		དེ་ཅིའི་ཕྱིར་ཞེ་ན། དེ་ནི་གསང་བ་ཆེན་པོ༌[^312]དེའི་སྣོད་དུ་མ་གྱུར་པའི་ཕྱིར་རོ། །
647	line-end	9		དེ་བས་ན་དེ་ལ་དེ་སྐད་ཅེས་བྱའོ།། །།
648	line-end	33		ལེའུ་གཉིས་པ་བརྗོད་ཟིན་ནས་གསུམ་པ་བརྗོད་པར་རིགས་པས་དེའི་ཕྱིར་ལེའུ་གསུམ་པ་ལས་ནི་ཞེས
649	ordinal-open	4		གསུམ་པ་ཉིད་དོ། །
650	terminal-particle	46		ལས་ཞེས་པ་འདིར་འབྱུང་ཁུངས་ཀྱི་དོན་ཏེ༌[^314]ལེའུ་གསུམ་པ་ལས་ཡོངས་སུ་གྱུར་པ་དག་པའི་ལ
651	line-end	34		ལེའུ་གསུམ་པ་ལས་ལྷའི་རྣལ་འབྱོར་དེ་ཉིད་ཀྱང་རྙེད་པ་ཅིའི་ཕྱིར་ཞེ་ན། དེ་བཞིན་གཤེགས་པ་
652	terminal-particle	41		ཡོངས་སུ་དག་པའི་ལྷའི་རྣལ་འབྱོར་ཡང་གང་ཞིག་ཡིན། དེ་ཉིད་མི་ཤེས་སོ་ཞེ་ན་གང་གིས་མ་དག་པ
653	terminal-particle	38		ཡོངས་སུ་དག་པ་ཡང་ཡིན་ལ་ལྷའི་རྣལ་འབྱོར་ཡང་ཡིན་པའི་ཕྱིར་ཡོངས་སུ་དག་པ་ལྷའི་རྣལ་འབྱོར
654	terminal-particle	44		ཡོངས་སུ་དག་པ་ལ་སོགས་པ་འདི་ཡང་གང་ཞིག་ཡིན་ཏེ། དེ་ཉིད་མི་ཤེས་སོ་ཞེ་ན་སྤང་བྱས་ཡོངས་ས
655	line-end	34		ཡང་ན་བྲལ་བའི་དོན་གྱིས༌[^318]ཡོངས་སུ་དག་པའི་ལྷའི་རྣལ་འབྱོར་ཏེ་ཞེས་བྱ་བ༌[^319]སྟེ།
656	terminal-particle	30		ཡང་ན་ཉེ་བར་ལོངས་སྤྱོད་པའི་དོན་གྱིས་ཡོངས་སུ་དག་པ་ལྷའི་རྣལ་འབྱོར་ཞེས་བྱ་སྟེ་ལོངས་ས
657	terminal-particle	38		ཡང་ན་སྣ་ཚོགས་པ་དང་། ཐོགས་པ་མེད་པའི་ཕྱིར་ཡོངས་སུ་དག་པ་ལྷའི་རྣལ་འབྱོར་ཏེ་དེ་བཞིན་ག
658	line-end	30		ལེའུ་བཞི་པ་ལས་ནི་དབང་བསྐུར་བའི་དཀྱིལ་འཁོར་སྟོན་ཏོ་ཞེས་བྱ་བ་ནི་སློབ་མ་དབང་བསྐུར་བ
659	terminal-particle	45		འདིར་ཡང་དེ་བཞིན་གཤེགས་པ་ཐམས་ཅད་ཀྱི་དཀྱིལ་འཁོར་ཆེན་པོ་ནི་རྣམ་པ་གཉིས་སུ་འགྱུར་ཏེ། 
660	terminal-particle	20		འདིར་ཡང་དབང་བསྐུར་བ་ཁོ་ནའི་དཀྱིལ་འཁོར་མ་ཡིན་གྱི། དབང་བསྐུར་བ་ཁོ་ན༌[^320]ཞེས་བྱ་བ
661	terminal-particle	41		ལེའུ་ལྔ་པ་ལས་ནི་རྣལ་འབྱོར་གྱི་སྤྱོད་པ་གསུངས་སོ་ཞེས་བྱ་བ་ནི་རྣལ་འབྱོར་གྱི་སྤྱོད་པ
662	terminal-particle	27		རྣལ་འབྱོར་གྱི་སྤྱོད་པ་ཡང་བསྡུས་པ་དང་རྒྱས་པ་ཞེས་རྟོག་གྲང་ན། རྒྱས་པ་འོག་ནས་སྟོན་པའ
663	line-end	12		དེ་གང་ལ་སྟོན་པའི་ལེའུ་ནི་རྣལ་འབྱོར་གྱི་སྤྱོད་པའོ། །
664	terminal-particle	33		ལེའུ་དྲུག་པ་ལས་ནི་ཞེས་བྱ་བ་ལ་སོགས་པ་ནི་སྐུ་དང་གསུང་དང་ཐུགས་བྱིན་གྱིས་རློབ་པའི་ལེ
665	terminal-particle	11		དེ་གང་གིས་གསུངས་པ་དེ་ལ་དེ་སྐད་ཅེས་བྱའོ། །
666	terminal-particle	22		སྐུ་བྱིན་གྱིས་རློབ་པ་ནི་རྣམ་པ་གཉིས་ཏེ་བླངས་པས༌[^321]བྱིན་གྱིས་རློབ་པ་དང་ཐོབ་པས་བ
667	terminal-particle	11		གསུང་དང་ཐུགས་ལ་ཡང་དེ་བཞིན་དུ་སྦྱར་བར་བྱའོ། །
668	terminal-particle	42		ལེའུ་བདུན་པ་ལས་ནི་ལེའུ་ལྔ་པའི༌[^322]བཤད་པ༌[^323]སྤྱོད་པ་སྤྲོས་ནས་སྟོན་ཏོ་ཞེས་བྱ་
669	line-end	32		དེ་ཅིའི་ཕྱིར་ཞེ་ན། དེ་བཞིན་གཤེགས་པ་ཐམས་ཅད་ཀྱི་མཆོག་གི་སྤྱོད་པ་ནི་ལེའུ་ལྔ་པ་ལས་བཤ
670	terminal-particle	31		ལེའུ་བརྒྱད་པ་ལས་ནི་གསང་བའི་དབང་བསྐུར་བ་གསུངས་སོ་ཞེས་པ་ནི། གང་ལ་བྱང་ཆུབ་སེམས་ཀྱི་
671	terminal-particle	30		ལེའུ་དགུ་པ་ལས་ནི་རྨད་དུ་བྱུང་བའི་ལུང་བསྟན་པ་གསུངས་སོ་ཞེས་པ་ནི་མཆོག་ཏུ་གྱུར་པའི་ལ
672	terminal-particle	59		ལེའུ་བཅུ་པ་ལས་ནི་མངོན་པར་འདོད་པའི་དངོས་གྲུབ་མངོན་དུ་བྱ་བའི་ཕྱིར་ཕྱི་དང་ནང་གི་བདག
673	terminal-particle	18		དེ་ཐོབ་པར་བྱེད་པའི་ཐབས་ནི་ལྷའི་སྙིང་པོ་ཡིན་པས་དེ་ལ་དེ་སྐད་ཅེས་བྱའོ། །
674	terminal-particle	36		ལེའུ་བཅུ་གཅིག་པ་ལས་ནི་སྔགས་ཀྱི་སྐུ་བསྐྱེད་པ་དང་ཡེ་ཤེས་ཀྱི་སྐུ་བསྐྱེད་པ་སྟོན་ཏོ་ཞ
675	line-end	16		ཡེ་ཤེས་ཀྱི་སྐུ་བསྐྱེད་པ་ནི་ལོངས་སྤྱོད་རྫོགས་པའི་སྐུའི་དབང་དུ་བྱས་པའོ། །
676	terminal-particle	12		ཡང་ན་སྔགས་ཀྱི་སྐུ་བསྐྱེད་པ་ནི་བསྐྱེད་པའི་རིམ་པའོ། །
677	terminal-particle	12		ཡེ་ཤེས་ཀྱི་སྐུ་བསྐྱེད་པ་ནི་སྒྱུ་མ་ལྟ་བུའི་སྐུའོ། །
678	terminal-particle	23		ལེའུ་གང་ལ་སྔགས་ཀྱི་སྐུ་བསྐྱེད་པ་དང་ཡེ་ཤེས་ཀྱི་སྐུ་བསྐྱེད་པ་ཡོད་པ་དེ་ལ་དེ་སྐད་ཅེས
679	terminal-particle	31		ལེའུ་བཅུ་གཉིས་པ་ལས་ནི་ཕྱག་རྒྱ་ཆེན་པོ་ཡོངས་སུ་གྱུར་པ་ཞེས་པ་ནི་ཕྱག་རྒྱ་ཆེན་པོ་ནི་ཕ
680	terminal-particle	14		དེ་ཐོབ་པའི་ཐབས་གང་ལ་ཡོད་པ་དེ་ལ་དེ་སྐད་ཅེས་བྱའོ། །
681	terminal-particle	32		ལེའུ་བཅུ་གསུམ་པ་དང་བཅུ་བཞི་པ་ལས་ནི་ལས་ཀྱི་ཚོགས་རྣམས་གསུངས་སོ་ཞེས་པ་ནི་ལས་ཀྱི༌[^3
682	terminal-particle	37		ལེའུ་བཅོ་ལྔ་པ་ལས་ནི་དངོས་གྲུབ་ཐམས་ཅད་ནི་དེ་ཁོ་ན་ཉིད་རྟོགས་པ་ཉིད་ཀྱིས་འགྲུབ་པར་འག
683	line-end	10		ཅིའི་ཕྱིར་ཞེ་ན་དེའི་ཕྱིར་ཞེས་པའི་དོན་ཏོ། །
684	terminal-particle	17		དེ་བས་ན་དངོས་གྲུབ་ཐམས་ཅད་ནི་ཞེས་པས་ཐོབ་པར་བྱ་བའི་ཡུལ་བསྟན་པའོ། །
685	terminal-particle	14		དེ་ཁོ་ན་ཉིད་ཅེས་པ་འདིས༌[^328]ནི་ཐོབ་པར་བྱེད་པའི་ཐབས་བསྟན་ཏོ། །
686	terminal-particle	33		ཐབས་ཀྱང་ཅི་ཞིག་ཅེ་ན། སྒྱུ་མ་ལྟ་བུའི་ཏིང་ངེ་འཛིན་ཞེས་བྱ་བར་སྦྱར་ཏེ་དེ་གང་ལ་སྟོན་པ
687	terminal-particle	46		ལེའུ་བཅུ་དྲུག་པ་ལས་ནི་ལེའུ་བཞི་པ་ལས་གསུངས་པའི་རྡུལ་ཚོན་གྱི་དཀྱིལ་འཁོར་སྤྲོས་ནས་ས
688	terminal-particle	16		རྡུལ་ཚོན་གྱི་དཀྱིལ་འཁོར་ཞེས་པ་འདིས་ནི་མ་འབྲེལ་པ་རྣམ་པར་གཅོད་པའོ། །
689	terminal-particle	16		[^329]ཡང་ན་ལེའུ་བཞི་པར་ནི་བསྐྱེད་པའི་དཀྱིལ་འཁོར་འབའ་ཞིག་ཉེ་བར་སྟོན་ཏོ། །
690	line-end	12		འདིར་ནི་རྡུལ་ཚོན་གྱི་དཀྱིལ་འཁོར་དང་བཅས་ནས་སྟོན་ཏོ། །
691	terminal-particle	33		ལེའུ་བཅུ་བདུན་པ་ལས་ནི་དམ་ཚིག་དང་སྡོམ་པ་རབ་ཏུ་སྟོན་པ་ཡིན་ནོ་ཞེས་པ་ནི་དམ་ཚིག་དང་སྡ
692	terminal-particle	11		དེ་གང་ལ་སྟོན་པ་དེ་ལ་དེ་སྐད་ཅེས་བྱའོ། །
693	terminal-particle	21		འདི་དག་གིས་ནི་དེ་བཞིན་གཤེགས་པ་ཐམས་ཅད་ཀྱི་གསང་བ་འདུས་པའི་དོན་མདོར་བསྡུས་པ་བསྟན་ཏོ
694	terminal-particle	63		དེ་ནས་དེ་བཞིན་གཤེགས་པ་ཐམས་ཅད་ཀྱི་བཤད་པ་མདོར་བསྡུས་པ་བསྟན་པའི་ཕྱིར། འདི་སྐད་བདག་ག
695	terminal-particle	51		འདི་སྐད་ཅེས་བྱ་བ་ལ་སོགས་པ་ལ་བཤད་པའི་ཚུལ་རྣམ་པ་བཞིས་བཤད་པ་འདི་ཡང་ཅི་སྒྲའི་འགྲོས་ས
696	line-end	40		ནུས་པ་ཞེས་བྱ་བ་ཡང་སྒྲའི་སྒོ་ནས་སམ་དོན་གྱི་སྒོ་ནས་ཞེས་རྟོག་གྲང་ན། རེ་ཞིག་སྒྲའི་སྒ
697	terminal-particle	14		དེ་ལྟ་ན་ཡང་མ༌[^331]ཡིན་ནོ་ཞེ་ན་ཧ་ཅང་ཐལ་བར་འགྱུར་རོ། །
698	terminal-particle	68		གལ་ཏེ་དེ་ལྟར་མ་ཡིན་ན་ཡང༌[^332]ཇི་ལྟར་དེར་འགྱུར། དེ་ལྟ་མ་ཡིན་ཞེས་པའི་ངེས་པར་གཟུང་
699	terminal-particle	12		འོན་ཏེ་བརྗོད་ན་ནི་ཧ་ཅང་དོན་མེད་པར་འགྱུར་རོ། །
700	terminal-particle	39		དོན་ཡོད་དོ་ཞེས་པའི་ངེས་པར་གཟུང་བ་ནི་ཅི་ཞིག་ཡོད། རྣམ་པ་གཞན་ཞིག་བརྗོད་པར་གྱུར་ན་ནི
701	line-end	19		ཇི་སྟེ་མ་འཁྲུལ་ན་ནི་གྲང་བའི་རེག་པས་ཀྱང་ཚ་བའི་རེག་པ་རྟོགས་པར་འགྱུར་རོ། །
702	terminal-particle	16		དེ་ལྟ་ན་ནི་དེ་ལས་བྱུང་བའམ། དེའི་བདག་ཉིད་ཀྱི་འབྲེལ་པར་ཡང་འགྱུར་རོ། །
703	terminal-particle	29		ཅི་སྟེ་གལ་ཏེ་ན་འབྲེལ་པ་ཡིན་ནོ་ཞེ་ན་ནི་དེ་ཉིད་འགལ་བར་རྣམ་པར་གནས་པར་ཡང་མི་རུང་སྟེ།
704	terminal-particle	39		ཅི་སྟེ་འགལ་བ་ཡིན་ནོ་ཞེ་ན་ནི། དེ་ལྟ་ན་ནི་འདི་ལ་འདུག་ས་གཅིག་པ་ལ་གནོད་པ་ཅི་ཞིག་ཡོད།
705	terminal-particle	11		དེ་བས་ན་དོན་གཞན་ནི་བརྗོད་བྱ་མ་ཡིན་ནོ། །
706	line-end	32		དོན་གྱི་སྒོ་ནས་ཀྱང་སྒྲ་ལ་བཤད་པར་བྱ་བའི་ཕྱིར་རིགས་པ་མ་ཡིན་ཏེ་གལ་ཏེ་དེ་ལྟ་ན་ནི་དོན
707	terminal-particle	34		དེ་ལྟ་ཡིན་ན་ནི་དོན་མེད་དོ་དེ་ལྟ་མ་ཡིན་ན་ནི་ཇི་ལྟར་དེ་ལས་འགྱུར། ཇི་སྟེ་གལ་ཏེ་ཡིན་
708	terminal-particle	15		དོན་སྔོན་དུ་གཏན་ལ་མི་འབེབས་ན་ནི་ནམ་ཡང་བརྗོད་པར་མི་བྱའོ། །
709	terminal-particle	12		དེ་ལས་གཞན་ཞིག་བརྗོད་དོ་ཞེ་ན་ནི་བརྗོད་པར་བྱའོ། །
710	terminal-particle	30		གལ་ཏེ་གང་ཟག་གི་དབྱེ་བས་ཡིན་ན་ནི་འདི་ཉིད་ལ་རྣམ་པ་བཞིར་གསུངས་པར༌[^337]མི་རིགས་ཀྱི་
711	terminal-particle	22		གལ་ཏེ་འདི་ནི་ཡིན་ལ་གཞན་ནི་མ་ཡིན་ནོ་ཞེས་པའི་ངེས་པར་གཟུང་བ་ནི་ཅི་ཡང་མེད་དོ། །
712	terminal-particle	12		ཇི་སྟེ་ཡོད་ན་ནི་ཧ་ཅང་ཡང་མེད་པར་འགྱུར་རོ། །
713	terminal-particle	14		དེ་ལྟ་ཡིན་ན་ནི་རྒྱས་པ་དང་བསྡུས་པ་ཡང་མི་རིགས་སོ། །
714	line-end	41		དེ་ཅིའི་ཕྱིར་ཞེ་ན། དོན་གྱི་རྣམ་པ་གཅིག་ལ་རྒྱ་ཆེ་བ་དང་ཆུང་བའི་བྱེ་བྲག་གིས་བསྡུས་པ་
715	terminal-particle	16		ཇི་སྟེ་གལ་ཏེ་ཡིན་ནོ་ཞེ་ན་ནི་ཧ་ཅང་ཡང་ཐལ་བར་འགྱུར་རོ། །
716	terminal-particle	45		མི་རྟོགས་པར་བྱ་བའི་ཕྱིར་ཡིན་ནོ་ཞེ་ན་ནི། འདི་ཅིའི་དབང་པོ་རྣོ་བའི་དབང་དུ་འམ། གདུག་
717	quote-open	5		གཞན་ཡང་འདི་ཉིད་ལས།
718	terminal-particle	16		ཐུབ་པ་ཆེན་པོས་ཆོས་ཕུང་པོ། །ཞེས་བྱ་བ་ལ་སོགས་པ་གསུངས་པའི་ཕྱིར་རོ། །
719	terminal-particle	25		ཅི་སྟེ་ཕྱི་མ་ལྟར་ན་ཡང་མ་ཡིན་ཏེ། དེ་བཞིན་གཤེགས་པ་རྣམས་ནི་ཐུགས་རྗེ་ཆེན་པོའི་སྟོབས་
720	terminal-particle	18		གདུག་སེམས་དང་སྙིང་རྗེ་ནི་གཅིག་གིས་གཅིག་སྤངས་པ་ཡིན་པའི་ཕྱིར་འགལ་བ་ཡིན་ནོ། །
721	line-end	53		ཅི་སྟེ་དེ་ལྟ་ན་ཡང་ཡིན་ནོ་ཞེ་ན་ནི་ཧ་ཅང་ཡང་ཐལ་བར་འགྱུར་རོ་ཞེས་བྱ་བ་འདི་ཡང་བརྗོད་པར
722	terminal-particle	34		འདི་ནི་དེ་བཞིན་གཤེགས་པ་རྣམས་ཀྱིས་དགོངས་ནས་སྨྲས་པ་སྟེ་འདི་ཅི་ལ་དགོངས་ཤེ་ན། བཅོམ་ལ
723	terminal-particle	18		དེས་དེ་ལྟར་འགྱུར་བ་ཡང་མ་ཡིན་ཏེ། ཐུགས་རྗེ་ཆེན་པོའི་དོན་དང་ལྡན་པའི་ཕྱིར་རོ། །
724	terminal-particle	28		དེ་ལྟ་ན་ནི་ཡང་ཡིན་ནོ་ཞེ་ན་མ་ཡིན་ཏེ། གསང་བ་འདི་ནི་སེམས་ཅན་ཐམས་ཅད་ཀྱི་ཐུན་མོང་དུ་མ
725	terminal-particle	25		ཡང་ན་འདི་ནི་ཕྱི་རབས་པའི་གང་ཟག་སློབ་དཔོན་དང་སློབ་མར་འབྲེལ་པར་བྱ་བའི་ཕྱིར་ཏེ། འོག་
726	terminal-particle	33		བླ་མ་ལ་རག་ལས་པ་ཉིད་ཅིའི་ཕྱིར་ཞེ་ན། རྩོད་པའི་དུས་ན་སེམས་ཅན་ཐམས་ཅད་འདོད་རྒྱལ་གྱི་ཞ
727	terminal-particle	25		གང་གི་ཚེ་གཟུ་ལུམ༌[^342]ལ་མཆོག་ཏུ་གཞོལ་བ་དེ་ནི་དེ་བཞིན་གཤེགས་པའི་བཀའ་ཡང་དག་པར་མྱུ
728	terminal-particle	19		གང་ཞིག་གང་མྱུར་དུ་ཞུགས་པ་དེས་ནི་དེ་མ་ཐག་ཏུ་དེ་ལ་སྐྱོ་བར་འགྱུར་རོ། །
729	terminal-particle	22		གང་ཞིག་གང་ལ་མྱུར་དུ་སྐྱོ་བ་སྐྱེ་བར་འགྱུར་བ་དེ་ནི་དེའི་བཀའ་མྱུར་དུ་སྤོང་བར་འགྱུར་
730	line-end	31		གང་གིས་གང་ཞིག་མྱུར་དུ་སྤངས་པར་གྱུར་པ་དེ་ནི་བསྟན་པ་ཡུན་རིང་དུ་གནས་པར་མི་བྱེད་དེ་ཡ
731	terminal-particle	57		དེ་བས་ན་དེ་བཞིན་གཤེགས་པ་རྣམས་ནི་སློབ་དཔོན་དང་སློབ་མར་འབྲེལ་པར་བྱ་བ་དང་། བསྟན་པ་ཡ
732	line-end	23		འདི་ཉིད་ནི་དེ་བཞིན་གཤེགས་པ་ཐམས་ཅད་ཀྱི་གསང་བ་མངོན་པར་གྲུབ་པ་ཞེས་བྱ་བའི་རྒྱུད་ལས་ཀ
733	verse-stanza	25		དེ་བཞིན་གཤེགས་པ་ཐམས་ཅད་ཀྱི། །↵གསང་བ་དེ་ཉིད་མངོན་གྲུབ་འདི། །↵བདེ་གཤེགས་རྣམས་ཀྱིས་
734	verse-stanza	13		བཤད་པའི་མཆོག་ནི་རབ་སྦས་ཏེ། །↵བླ་མ་ལས་ནི་རྟོགས་པར་བྱ། །
735	line-end	9		ཞེས་འབྱུང་བ་དང་། སློབ་དཔོན་གྱིས་ཀྱང་།
736	verse-stanza	18		བླ་མ་ལ་བརྙས་སྒྱུ་ཅན་དད་པ་མེད། །↵ཅེས་བྱ་བ་ལ་སོགས་པ་གསུངས་པའི་ཕྱིར་རོ། །
737	terminal-particle	75		གཞན་ཡང་གསང་བ་ཆེན་པོ་ཞེས་བྱ་བ་རྣལ་འབྱོར་ཆེན་པོའི་རྒྱུད་ལས་ཀྱང་། སེམས་དཔའ་ཆེན་པོ་འ
738	terminal-particle	34		དེ་བས་ན་དེ་བཞིན་གཤེགས་པ་ཐམས་ཅད་ཀྱི་གསང་བ་ཆེན་པོ་འདི་ནི་ཐེག་པ་ཆེན་པོའི་རིགས་ཅན་གྱ
739	line-end	24		དེ་ཡང་གང་ལས་ཤེས་ཤེ་ན་དེ་བཞིན་གཤེགས་པ་ཐམས་ཅད་ཀྱི་གསང་བའི་ལུང་ལས་ཤེས་པར་འགྱུར་ཏེ། 
740	verse-stanza	24		དེ་བཞིན་གཤེགས་པ་ཐམས་ཅད་ཀྱི། །↵གསང་བ་ཆེན་པོའི་བདག་ཉིད་མཆོག །↵རབ་ཏུ་གསང་བ་ཡིན་པའི་
741	verse-stanza	27		གང་ཡང་དུས་གསུམ་སངས་རྒྱས་དང་། །↵རྣལ་འབྱོར་རྣལ་འབྱོར་མ་རྣམས་ཀྱིས། །↵གང་ཚེ་གསང་བའི་
742	verse-stanza	25		དེ་བཞིན་བླ་མེད་ལ་དགོངས་ནས། །↵གསང་བའི་དོན་རྣམས་གསུངས་པ་ཡིན། །↵དེ་ལས་གཞན་དུ་གསུངས་
743	verse-stanza	16		དེས་ན་ལམ་ངན་དག་ཏུ་ལྟུང་། །↵ཞེས་པ་ལ་སོགས་པ་འབྱུང་བ་ལྟ་བུའོ། །
744	terminal-particle	29		དེས་ན་དེ་བཞིན་གཤེགས་པའི་གསང་བ་ཆེན་པོ་འདི་ནི་རྣལ་འབྱོར་གྱི་རྒྱུད་རྣམས་ཀྱིས་ཤིན་ཏུ
745	terminal-particle	7		གཞན་ཡང་གཞན་དུ་ཤེས་པར་བྱའོ། །
746	terminal-particle	54		དེ་ལྟར་ན༌[^348]བཤད་པ་བསྡུས་པ་དང་། དོན་བསྡུས་པ་བཤད་ནས། ད་ནི་དེ་ཉིད་ཀྱི་དོན་བསྡུས་
747	terminal-particle	15		གང་གིས་རྒྱས་བཏབ་ཅེ་ན། རིམ་པ་འདི་ཉིད་ཀྱིས་རྒྱས་བཏབ་ཅེས་སྨོས་སོ། །
748	terminal-particle	15		ཡང་ན་རིམ་པ་འདི་ཉིད་ཀྱིས་བཤད་པའི་ཕྱིར་རྒྱས་བཏབ་ཅེས་སྦྱར་རོ། །
749	terminal-particle	18		གང་རྒྱས་བཏབ་ཅེ་ན་བཞུགས་པའི་ཚིག་ནས་བརྩམས་ཏེ་རྗེས་སུ་ཡི་རང་བའི་བར་དུའོ། །
750	line-end	18		མཐའ་རྣམ་པ་དྲུག་ཏུ་བཤད་པ་དང་ཞེས་བྱ་བ་ལ་སོགས་པ་ནི་བཤད་ཟིན་ཏོ། །
751	terminal-particle	31		དེ་ཉིད་ཀྱིས༌[^349]གསང་བ་འདུས་པའི་དོན་ཕྱག་རྒྱས་བཏབ་ཅེས་སྨོས་པས་ན་སྒྲ་ཕྱག་རྒྱས་བཏབ
752	terminal-particle	32		འདི་དག་ལ་མ་རྟོགས་པར་ཅིར་འགྱུར་ཞེ་ན། དེ་མ་རྟོགས་པར་ཞེས་བྱ་བ་ལ་སོགས་པ་སྨོས་ཏེ། དེ་
753	terminal-particle	23		འོ་ན་གང་ཞིག་ལ་བརྟེན་ཞེ་ན་སྒྲ་ཇི་བཞིན་པའི་བཤད་པའི་སྒྲའི་དོན་ཙམ་ལ་བརྟེན་ཏེ་ཞེས་སྨོ
754	terminal-particle	26		སྒྲ་ཇི་བཞིན་པར་བཤད་པ་ནི་སྒྲ་ཇི་བཞིན་པ་ཉིད་དེ་དེ་བཤད་པའི་དོན་གང་ཡིན་པ་དེ་ལ་དེ་སྐད
755	terminal-particle	61		དེ་ལྟ་བུ་ལ་རྟོག་པའི༌[^351]སེམས་ཅན་གང་ཞིག་ཡིན་ཞེ་ན། ཡུལ་རྣམས་ལ་ཆགས་པའི་སེམས་ཅན་རྣ
756	terminal-particle	34		ཡུལ་ལ་ཆགས་པ་ཡང་ཡིན་ལ་སེམས་ཅན་ཡང་ཡིན་པས་ཡུལ་རྣམས་ལ་ཆགས་པའི་སེམས་ཅན་དེ༌[^352]དེ་ལྟ
757	line-end	35		བརྟགས་པས་ཅི་བྱེད་ཅེ་ན་འགལ་བ་དང་ཤིན་ཏུ་རྨད་དུ་བྱུང་བའི་བྱ་བ་བྱེད་དེ། འདི་ལྟར་མ་བྱ
758	terminal-particle	29		དེ་ཅིར་འགྱུར་ཞེ་ན། ལས་ཀྱི་དབང་དུ་འགྱུར་ཏེ། ལས་དེའི་སྟོབས་ཀྱིས་འབྲས་བུ་རྩུབ་མོ་ཉམ
759	terminal-particle	41		འདི་དག་གིས་ནི་འདི་སྐད་དུ་སྟོན་པར་འགྱུར་ཏེ་དེ་བཞིན་གཤེགས་པ་ཐམས་ཅད་ཀྱི་བཀའ་དགོངས་པ
760	terminal-particle	24		གང་གི་ཚེ་སྒྲ་ཇི་བཞིན་པར་ངེས་པར་བཟུང་བར་འགྱུར་བ༌[^354]དེའི་ཚེ་ཡུལ་ལ་ཆགས་པའི་སེམས་
761	terminal-particle	27		གང་གི་ཚེ་ཡུལ་ལ་ཆགས་པའི་སེམས་ཅན་ཞུགས་པར་གྱུར་པ་དེའི་ཚེ། དེ་བཞིན་གཤེགས་པའི་གདམས་ངག
762	line-end	37		གང་གི་ཚེ་དེ་བཞིན་གཤེགས་པའི་གདམས་ངག་དང་དུ་མི་ལེན་པར་གྱུར་པ་དེའི་ཚེ་དེ་བཞིན་གཤེགས་
763	terminal-particle	24		གང་གི་ཚེ་སྒྲ་ཇི་བཞིན་པར་བཟུང་བ་དེའི་ཚེ་འགལ་བ་དང་རྨད་དུ་བྱུང་བའི་བྱ་བ་བྱེད་པར་འགྱ
764	terminal-particle	24		ཤིན་ཏུ་རྨད་དུ་བྱུང་བའི་བྱ་བ་བྱེད་པ་དེའི་ཚེ་སེམས་ཅན་ཐམས་ཅད་ལོག་པའི་ལམ་ལ་གནས་པར་འག
765	terminal-particle	35		སེམས་ཅན་ཐམས་ཅད་ལོག་པའི་ལམ་ལ་གནས་པར་གྱུར་པ་དེའི་ཚེ་རྨད་དུ་བྱུང་བའི་བྱ་བ་བྱེད་པའི་
766	line-end	30		དེ་ཡང་གང་ལས་ཤེས་ཤེ་ན། བཅོམ་ལྡན་འདས་ཀྱིས་དགོངས་པ་ལུང་བསྟན་པ་ཞེས་བྱ་བའི་རྒྱུད་ལས་ག
767	verse-stanza	20		གསང་བའི་བདག་པོ་ཞེས་བྱ་བ་ནི་བོད་པའོ། །↵དོན་རྒྱས་པ་ཡི་ཚུལ་ཆེན་འདི་ནི་རྙེད་གྱུར་ནས།
768	terminal-particle	19		ཞེས་པ་དོན་རྒྱས་པའི་ཚུལ་ཆེན་པོ་ནི་དེ་བཞིན་གཤེགས་པའི་གསང་བ་འདུས་པ་ཉིད་དོ། །
769	line-end	16		ཇི་བཞིན་དོན་ནི་རྙེད་བཟུང་བས། །ཞེས་པ་ནི་སྒྲ་ཇི་བཞིན་པའི་དོན་རྙེད་པའོ། །
770	terminal-particle	25		དེས་ཇི་ལྟར་གཟུང་བ༌[^355]ཞེ་ན། གསང་བ་འདུས་པའི་དགོངས་པ་ཅན་ཐམས་ཅད་ཀྱང་སྒྲ་ཇི་བཞིན་པ
771	terminal-particle	41		དེས་ཅིར་འགྱུར་ཞེ་ན། དེས་ན་ལམ་ངན་ངག་ཏུ་ལྟུང་། །ཞེས་པ་ནི་གང་བཟོད་པར་དཀའ་བའི༌[^356]
772	terminal-particle	48		དེ་ལྟ་བུར་འཛིན་པར་བྱེད་པའི་གང་ཟག་ཀྱང་ཇི་ལྟ་བུ་ཡིན་ཞེ་ན། མངོན་པའི་ང་རྒྱལ་རྟག་དགའ་
773	line-end	27		རྣལ་འབྱོར་པ་ནི་བདག་ཅེས་སྨྲ། །ཞེས་པ་ནི་རྣལ་འབྱོར་གྱི་དོན་དང་མི་ལྡན་པར་བདག་ཉིད་རྣལ
774	terminal-particle	44		ཆོས་ནི་གཡོ་ཡིས་བྱེད་པར་འགྱུར། །ཞེས་པ་ནི་མ་བྱིན་པར་ལེན་པ་དང་སྲོག་གཅོད་པ་དང་བརྫུན་
775	terminal-particle	27		དེས་ནི་འདུས་པ་མི་ཤེས་པར། །ཞེས་པ་ནི་དེ་བཞིན་གཤེགས་པའི་གསང་བ་འདུས་པའི་དགོངས་པ་ལ་སོ
776	terminal-particle	19		དམ་ཚིག་ལ་སོགས་སྤྱོད་བྱེད་ལ། །ཞེས་པ་ནི་དམ་ཚིག་དང་སྒྲུབ་པ༌[^359]ལ་སོགས་པ་ཉེ་བར་སྤྱ
777	line-end	9		གསང་བ་སྲུང་བར༌[^361]མི་བྱེད་ཅིང་། །ཞེས་པ་ནི།
778	verse-stanza	25		ཐམས་ཅད་དུ་ནི་རབ་ཏུ་སྟོན། །↵ཞེས་བྱ་བ་དེ་ཉིད་ཀྱིས་བཤད་དོ། །↵མངོན་སུམ་སངས་རྒྱས་འདྲ་
779	terminal-particle	16		ཞེས་པ་ནི་བླ་མའི་བསྲུང་བར་བྱ་བའི་སྡོམ་པ་ལ་ཕྱལ་བར་གཏོང་བའོ། །
780	line-end	22		སྐད་ཅིག་གིས་ནི་ཁོང་ཁྲོ་ཞིང་། །ཞེས་པ་ནི་ཉེས་པ་མཐོང་ན་སྐད་ཅིག་ཙམ་གྱིས་ཁྲོ་བར་བྱེད་
781	terminal-particle	23		དེ་བཞིན་སྐད་ཅིག་གིས་རྗེས་ཆགས། །ཞེས་པ་ནི་བདག་ཉིད་དང་རྗེས་སུ་མཐུན་པའི་ལས་བྱུང་ན་ཆག
782	terminal-particle	51		འདི་དག་གིས་ནི་བློ་མི་བརྟན་པ་བསྟན་ཏོ།[^363] །དེ་ནས་འདོད་པས་ལོག་པར་གཡེམ་པ་ལ་སོགས་པ
783	terminal-particle	21		དེ་དག་གིས་ནི་བགྲོད་པ་མ་ཡིན་ཏེ་དེ་བཞིན་གཤེགས་པ་རྣམས་ཀྱིས་རྨད་པ་ཡིན་པའི་ཕྱིར་རོ། །
784	line-end	21		དེ་ལ་བགྲོད་པར་བྱེད་པ་གང་ཡིན་པ་དེ་ནི་ཉེས་པ་མཆོག་དང་ལྡན་པ་ཡིན་ཞེས་སྦྱར་རོ། །
785	terminal-particle	45		ཉེས་པ་གཞན་ཡང་ཡོད་པའི་ཕྱིར། །ཕ་མ་གསོད་ཅིང་ཞེས་བྱ་བ་ལ་སོགས་པ་གསུངས་ཏེ་ཕ་མ་གསོད་པ་ན
786	terminal-particle	33		སྲོག་ཆགས་གཞན་ཡང་གསོད་པར་བྱེད། ཅེས་པ་ནི་འཇིག་རྟེན་གྱི་སྲོག་ཆགས་རགས་པ་དང་ཕྲ་བ་ལ་སོ
787	terminal-particle	18		དེ་བཞིན་བརྫུན་གྱི་ཚིག་སྨྲ་ཞིང་། །ཞེས་པ་ནི་གང་ཞིག་བདེན་པར་སྨྲ་བ་སྤངས་པའོ། །
788	terminal-particle	24		ཁྱད་པར་དུ་ཡང་རྐུ་བར་བྱེད། །ཅེས་པ་ནི་གང་གིས་མ་བྱིན་པར་ལེན་པར་བྱེད་པ་དེ་ལ་དེ་སྐད་ཅ
789	terminal-particle	19		གཞན་གྱི་ཆུང་མའི་ཐད་འགྲོ་ཞིང་། །ཞེས་པ་ནི་གཞན་གྱི་ཆུང་མ་ལ་ཉེ་བར་སྦྱོར་བའོ། །
790	line-end	27		སྨད་པ་གཞན་ཡང་བྱེད་པར་འགྱུར། །ཞེས་པ་ནི་བསྟན་བཅོས་ལས་སྨད་པའི་བྱ་བ་གཞན་ཐམས་ཅད་ལྷུར་
791	verse-stanza	13		དེ་ཉིད་ཡེ་ཤེས་འབྱུང་བ་ཡི། །↵དམ་ཚིག་རྣམས་ནི་དེས་མི་ཤེས། །
792	line-end	22		ཞེས་པ་ནི་གསང་བ་ཆེན་པོ་མཆོག་གི་དམ་ཚིག་རྒྱས་པ་དེ་ཉིད་ཀྱིས་མི་ཤེས་ཞེས་པའི་དོན་ཏོ། །
793	verse-stanza	14		ཉེས་པ་ཅུང་ཟད་ཙམ་ལ་ཡང་། །↵མངོན་སྤྱོད་དག་ནི་བྱེད་པར་འགྱུར། །
794	terminal-particle	18		ཞེས་པ་ནི་ཉེས་པ་ཕྲ་མོ་ཙམ་ལ་ཡང་དྲག་པོའི་ལས་རྩོམ་ཞེས་པའི་དོན་ཏོ། །
795	terminal-particle	29		རྟག་ཏུ་ཕྱི་རོལ་བསྟན་བཅོས་དགའ། །ཞེས་པ་ནི་གཞུང་འདི་པ་མ་ཡིན་པའི་བསྟན་བཅོས་ལ་གཞོལ་བ་
796	line-end	16		རང་གི་དམ་ཚིག་ཡོངས་སྤངས་ཏེ། །ཞེས་པ་ནི་རང་གི་དམ་ཚིག་མི་བསྲུང་བའོ། །
797	verse-stanza	15		ལྕགས་ཀྱུ་མེད་པ་བཞིན་དུ་སྤྱོད། །↵ཅེས་པ་ནི་ཐབས་དང་བྲལ་བ་ཉིད་དོ། །
798	line-end	32		སྔགས་དང་ཕྱག་རྒྱའི་སྦྱོར་བ་ཡི།[^364] །འཚོ་བ་དག་ནི་ངེས༌[^365]སྒྲུབ་བྱེད། །ཅེས་པ་ནི
799	verse-stanza	12		གང་དུ་རྙེད་པ་ཐོབ་འགྱུར༌[^366]བར། །↵དམ་པའི་ཆོས་ནི་འཆང་བར་འགྱུར། །
800	terminal-particle	29		ཞེས་པ་ནི་ཡུལ་དུ༌[^367]ཤེས་པ་དང་མི་ལྡན་ཞིང་རྙེད་པ་ཉེ་བར་ཐོབ་པར་འགྱུར་བར་དམ་པའི་ཆོ
801	terminal-particle	41		དེས་ཅིར་འགྱུར་ཞེ་ན། སྔགས་པ་རྣམས་ནི་འགྲུབ་མི་འགྱུར། །ཞེས་སྨོས་ཏེ་དེ་ལྟ་བུའི་གང་ཟག
802	terminal-particle	29		དེ་ཅིའི་ཕྱིར་ཞེ་ན། རྣལ་འབྱོར་རབ་སྦྱོར་དམན་པའི་ཕྱིར། །ཞེས་སྨོས་ཏེ། རབ་ཏུ་སྦྱོར་བ་
803	line-end	22		དེ་རྣམས་གཟུང་བར་བྱ་བའི་ཕྱིར། །ཞེས་པ་ནི་དེ་རྣམས་ཀྱི་ངན་འགྲོའི་སྲིད་པ་དགག་པའི་ཕྱིར
804	verse-stanza	13		གསང་བ་དགོངས་པས་བཤད་པ་ཡིན། །↵ཞེས་བྱ་བ་ནི་བཤད་ཟིན་ཏོ། །
805	terminal-particle	26		འདིས་ནི་བསྡུས་པའི་དོན་བསྟན་ཏོ་ཞེས་པ་ནི་འདི་ཉིད་ཀྱིས་བསྡུས་པའི་དོན་ཡིན་གྱི་རྒྱས་པ
806	terminal-particle	50		གང་ཞིག་གང་དུ་གང་གི་ཕྱིར་བསྟན་པ་ཡིན་ཞེ་ན། དེ་བཞིན་གཤེགས་པའི་གསང་བ་འདུས་པའི་དོན་མཐ
807	terminal-particle	18		འདིས་ཀྱང་བསྡུས་པ་ལ་དགའ་བ་རྣམས་འདི་ཙམ་གྱིས་ཚིམ་པར་འགྱུར༌[^369]ཞེས་བྱ་བའི་དོན་ཏོ། 
808	terminal-particle	22		དེ་ལྟར་བསྡུས་པའི་དོན་བསྟན་ནས་ཞེས་པ་ནི་རྒྱས་པར་བསྟན་པར་བཤད་པར་འདོད་པས་དེ་སྐད་ཅེས་
809	terminal-particle	12		ད་ནི་ཞེས་བྱ་བ་ནི་སྐབས་ལ་བབ་པའི་ཚིག་གོ། །
810	terminal-particle	23		ཡན་ལག་གི་དོན་རྣམ་པར་དབྱེ་བའི་ཕྱིར་ཞེས་པ་ནི་རྩ་བའི་དོན་མ་ཡིན་པའི་ཕྱིར་དེ་སྐད་ཅེས་
811	line-end	19		རྒྱུད་ལ་འཇུག་པར་བྱ་སྟེ་ཞེས་པ་ནི་རྒྱུད་ཉིད་བཤད་པར་བྱ་ཞེས་བྱ་བའི་དོན་ཏོ། །
812	terminal-particle	52		འདི་སྐད་བདག་གིས་ཐོས་པ་ཞེས་བྱ་བ་འདི་ཡང་གང་གིས་གང་ལ་བསྟན་ཞེ་ན། འདིར་སྡུད་པར་བྱེད་པ
813	terminal-particle	35		ཐོས་པར༌[^370]བྱེད་པ་པོ་གང་ཡིན་ཞེ་ན། འཕགས་པ་ཕྱག་ན་རྡོ་རྗེ༌[^371]ཞེས་པ་སྟེ་དགོངས་པ
814	terminal-particle	32		དེས་ཇི་སྐད་དུ་ཐོས་པ་ཐུགས་ལ་བཞག་ནས་ཞེས་པ་ནི་ལྷག་པ་དང་ཆད་པ་ལ་སོགས་པའི་ཉེས་པ་དང་བྲལ
815	line-end	31		དེས་ཅི་བྱེད་ཅེ་ན། གདུལ་བྱ་རྣམས་ལ་བསྟན་པའི་ཕྱིར། །ཞེས་སྨོས་ཏེ་རང་གི་གདུལ་བྱ་སྨིན་
816	terminal-particle	39		འདི་སྐད་བདག་གིས་ཐོས་པ་ཞེས་བྱ་བ་ལ་སོགས་པ་གསུངས་པ་ཡིན་ཏེ་ཞེས་བྱ་བ་ནི་སྡུད་པ་པོ་རང་
817	terminal-particle	51		འདི་སྐད་ཅེས་བྱ་བ་འདི་ཡང་། ཇི་སྐད་ཅེས་བྱ་བའི་ཚིག་ཡིན་ནོ༌[^373]ཞེ་ན། དེའི་ཕྱིར་འདི
818	line-end	14		དེ་ཡང་འདི་ཞེས་བྱ་བ་ཡང་ཉེ་བ་མངོན་སུམ་པའི་ཚིག་གོ། །
819	terminal-particle	23		འདི་ཞེས་བྱ་བ་ཡང་གང་ཡིན་ཞེ་ན། གསལ་བ་དེའི་ཞེས་བྱ་བ་ནས་རྗེས་སུ་ཡི༌[^374]རང་ངོ་ཞེས་བ
820	terminal-particle	22		དེ་བས་ན་འདི་སྐད་ཅེས་བྱ་བ་འདི་ནི་རྒྱུད་ཀྱི་དོན་ཐམས་ཅད་རྗོད་པར༌[^376]བྱེད་པའི་ས་བོ
821	terminal-particle	48		གང་གིས་ཐོས་ཤེ༌[^377]ན་བདག་གིས་ཐོས་ཞེས་བྱ་བར་སྦྱར་ཏེ། བདག་གིས་ཐོས་ཞེས་བྱ་བས་ནི་སྡ
822	terminal-particle	19		འདི་སྐད་ཐོས་ཞེས་པ་འདིས་ནི་མ་ཐོས་པ་དང་། གཞན་ཐོས་པ་རྣམས་བསལ་བ་ཡིན་ནོ། །
823	terminal-particle	24		བདག་གིས་ཐོས་ཞེས་བྱ་བས་ནི་མ་ཐོས་པ་དང་གཅིག་ནས་གཅིག་ཏུ་བརྒྱུད་དེ་ཐོས་པ་དང་རྟོགས་པ་བ
824	line-end	24		དུས་གཅིག་ན་ཐོས་ཞེས་པ་སྨོས་པས་ནི་དུས་ཐམས་ཅད་དུ་ཐོས་པ་དང་ཐམས་ཅད་དུ་མ་ཐོས་པ་བསལ་ལོ།
825	terminal-particle	148		འདི་དག་གི་སྒྲའི་སྦྱོར་བ་ཡང་གཞན་དག་ནི་མ་ཐོས་ཀྱི་འདི་ཁོ་ན་སྐད་ཐོས་ཞེས་པ་དང་། འོངས་
826	line-end	18		དེ་ཅིའི་ཕྱིར་ཞེ་ན། བཅུ་བདུན་པར་གསང་བའི་སྣོད་དུ་མ་གྱུར་པ་ཉིད་ཀྱིས་བསྟན་ཏོ། །
827	terminal-particle	13		བློ་རྣོ་བ་ནི་སྐད་ཅིག་མ་གཅིག་ལའོ་ཞེས་པས་སྟོན་ཏོ། །
828	terminal-particle	15		སྐད་ཅིག་ལ་སོགས་པས་ནི་ཡུད༌[^385]ཙམ་ལ་སོགས་པ་མ་ཡིན་པར་བསྟན་ཏོ། །
829	terminal-particle	46		གང་ལས་གང་དུ་ཞེས་བྱ་བ་ལ་སོགས་པ་ནི་འོག་ནས་སྟོན་ཏེ། སྟོན་པ་ཕུན་སུམ་ཚོགས་པ་ནི་སྟོན་པ
830	terminal-particle	60		ཡོན་ཏན་གང་ཞིག་དང་ལྡན་ཞེ་ན། སྐལ་བ་ཕུན་སུམ་ཚོགས་པ་ཞེས་བྱ་བ་ལ་སོགས་པ་སྟེ། [^386]ཕུན
831	line-end	19		གཞན་ཡང་གང་གིས་ཚོགས་ཆེན་པོ་ཡོངས་སུ་བསགས་པ་ནི་སྐལ་བ་ཆེན་པོ་དང་ལྡན་པའོ། །
832	terminal-particle	15		སྐལ་བ་ཆེན་པོ་ནི༌[^387]ཐམས་ཅད་དེ། སྐལ་བ་མ་ལུས་པའི་བདག་ཉིད་ཅན་ནོ། །
833	terminal-particle	24		མི་མཐུན་པའི་ཕྱོགས་མ་ལུས་པར་བཅོམ་པ་ནི་ས་ཐམས་ཅད་ལ་སྒྲིབ་པ་ཡང་དག་པའི་ཡེ་ཤེས་ཀྱིས་སྤ
834	terminal-particle	15		གཞན་ཡང་འདི་དག་གིས་ནི་མི་སློབ་པའི་ཟུང་དུ་འཇུག་པ་བསྟན་ཏོ། །
835	terminal-particle	34		དེ་ལྟ་བུའི་སྟོན་པ་དེས་གནས༌[^388]གང་དུ་གསུངས་ཤེ་ན་བཤད་པ། དེ་བཞིན་ཉིད་ནི་དེ་བཞིན་ཉ
836	terminal-particle	32		དེར་གཤེགས་པ་ནི་དེ་ལས་གྲོལ་བ་སྟེ། རྟོག་པ༌[^389]ཐམས་ཅད་ཡོངས་སུ་སྤངས་པ་དེ་ཉིད་མངོན་
837	terminal-particle	32		དེ་བཞིན་གཤེགས་པ་ཡང་ཡིན་ལ་ཐམས་ཅད་ཀྱང་ཡིན་པ་ནི་སྤྲོས༌[^390]པའི་མཐའ་གཉིས་བསལ་བ་སྟེ།
838	line-end	16		བདག་ཉིད་ཅེས་པ་ནི་རང་བཞིན་ནམ་ངོ་བོ་ཉིད་དོ་ཞེས་པའི་དོན་ཏོ། །
839	quote-close	16		སྐུ་དང་གསུང་དང་ཐུགས་ཀྱི་སྙིང་པོ་ནི་ཡོངས་སུ་འཛིན་པ་ཞེས་བྱ་བའོ། །
840	line-end	8		དེའི་བཙུན་མོ་ནི་དེས་བསྟེན་པ་སྟེ།
841	verse-stanza	19		གཞལ་ཡས་ཁང་གི་རྣམ་པ་ཉིད་ཡོངས་སུ་གསལ་བའོ། །↵དེར་གནས་པ་ནི་དེ་ཉིད༌[^392]ལ་བསྟེན་པ༌[^
842	terminal-particle	66		དེ་བཞིན་ཉིད་དང་ཞེས་བྱ་བ་ལ་སོགས་པས་ནི་གང་གི་དུས་སུ་ཡོངས་སུ་སྣང་བ་ཉིད་དེ། རྣམ་གྲངས
843	terminal-particle	29		ཡི་གེའི་དོན་ནི་སྒྲ་ཙམ་ལ་གཞོལ་བའི་དབང་དུ་བྱས་ཏེ་འདིའི་ཚེ་ཞེས་བྱ་བ་ལ་སོགས་པ་བྱ་བ་བ
844	terminal-particle	16		ཚོགས་ལ་བཤད་པ་ཡང་དེ་ཉིད་དེ་ཟབ་མོའི་དོན་མ་ཡིན་པ་ཉིད་དོ། །
845	terminal-particle	14		དེ་བས་ན་བཤད་པའི་སྒྲའི་དབང་དུ་བྱ་སྟེ་ཡི་གེའི་དོན་ཏོ། །
846	terminal-particle	13		བསྐྱེད་པའི་རྣལ་འབྱོར་གྱི་དབང་དུ་བྱས་ཏེ་ཚོགས་ལ་བཤད་པའོ། །
847	line-end	31		གང་ཞིག་ལ་གང་ཞིག་གིས་གང་དུ་ཇི་ལྟར་གནས་པར་འགྱུར་བ་དང་། གང་གིས་གང་གི་སྤྱོད་ཡུལ་དུ་ག
848	terminal-particle	38		གཞན་ཡང་གང་གིས་གང་ཞིག་གཏན་ལ་འབེབས་པར་འགྱུར་བ་དང་། གང་གིས་གང་ཞིག་ཉམས་སུ་ལེན་པར་བྱེ
849	terminal-particle	6		དེ་ནི་རྫོགས་པའི་དོན་ཏོ། །
850	terminal-particle	20		གང་གིས་གང་གི་རྣམ་པར་བཤད་པ་ཡོངས་སུ་རྫོགས་པར་གྱུར་པ་དེ་ལ་དེ་སྐད་ཅེས་བྱའོ། །
851	terminal-particle	18		དེ་ནས་སྤྱིའི་དོན་བཤད་པར་འདོད་ནས་སྨྲས་པ་ཞེས་བྱ་བ་ལ་སོགས་པ་སྨོས་སོ། །
852	terminal-particle	21		གང་ལ་གང་གིས་གང་དུ་གང་གི་ཕྱིར་ཞེ་ན། སྒྲའི་ཚོགས་འདི་ཡོངས་སུ་རྒོལ་བ་སྨྲ་བར་འགྱུར་རོ
853	quote-open	74		གང་དུ་ཞེས་པའི་ལན་དུ་འདི་ལྟ་སྟེ། ཡི་གེའི་དོན་བཤད་པ་ཡོངས་སུ་རྫོགས་པའི་སྐབས་འདིར་སྨ
854	terminal-particle	20		གལ་ཏེ་རྒྱུད་ཀྱི་དོན་མཐའ་དག་བསྡུས་པར་འདོད་པའམ་དེ་ལས༌[^396]གཞན་དུ་འགྱུར་ཞེས་པ་རྒལ་
855	terminal-particle	48		དེའི་ལན་དུ་གོང་མ་ལྟར་གྱུར་ན་ཅིར་འགྱུར་ཞེ་ན་མ་ངེས་པར་འགྱུར་ཏེ། འདི་དག་བདག་གིས་ཤེའ
856	line-end	45		གང་གིས་གང་ཞིག་གང་ལ་ནུས་པ་དེས་ཀྱང་དེའི་དོན་ཡོངས་སུ་རྫོགས་པར་འགྱུར་ན་ནི་ཁོ་ན་ཞེས་བ
857	terminal-particle	96		གང་གིས་གང་ཞིག་གང་ལ་ཡོངས་སུ་མ་སྤངས་པ་དེ་ནི་དེའི་བྱ་བ་ཡོངས་སུ་རྫོགས་པར་འགྱུར་རོ་ཞེ
858	terminal-particle	28		ཡི་གེ་གཉིས་སུ་གྱུར་པ་འདི་ཁོ་ནས་བརྡར༌[^400]སྟོན་པར་བྱེད་ཀྱི༌[^401]གཞན་གྱིས་ནི་ནམ་
859	terminal-particle	24		གསུང་རབ་ཀྱི་དང་པོར་ཞེས་བྱ་བ་ནི་གང་ཞིག་གང་གིས་སྟོན་ནུས་པ་དེའི་ཕྱིར་དེ་ལ་དེ་སྐད་ཅེ
860	line-end	28		གང་གིས་དེ་ཡོངས་སུ་ཤེས་པར་འགྱུར་བ་དེས་ནི་དེ་དང་དེ་དག་ཡོངས་སུ་ཤེས་པར་འགྱུར་བ་ཉིད་ད
861	terminal-particle	62		གཞན་ཡང་གང་གིས་དེ་ཉིད་བསྟན་པར་འགྱུར་བ་དེ་ནི་དེའི་གཞུང་ལུགས་ཡོངས་སུ་རྫོགས་པ་མ་ཡིན་
862	terminal-particle	53		དེས་ཅིར་འགྱུར་ཞེ་ན་བདག་གིས་ཞེས་བྱ་བ་ལ་སོགས་པའི་ཚིག་འབྲེལ་པ་མེད་པར་འགྱུར་ཏེ་དེ༌[^
863	terminal-particle	27		ཅིའི་ཕྱིར་ཞེ་ན། གང་ལ་གང་ཞིག་ཡོད་པ་དེ་ལ་དེ་དང་བྲལ་བར་འགྱུར་བའི་ཕྱིར་གཅིག་གིས་གཅིག
864	terminal-particle	39		དེས་ན་སྡུད་པ་པོ་མེད་པར་འགྱུར་རོ་ཞེ་ན། སྡུད་པ་པོ་མེད་པར་ཐལ་བར་འགྲུབ་པ་འདི་ནི་ཐལ་བ
865	line-end	16		འོ་ན་ཞེས་བྱ་བ་ནི་མགུ་བ་མ་ཡིན་པའི་ཚིག་བརྗོད་པ་ཉིད་དོ། །
866	terminal-particle	47		བཙུན་པ་ཀུན་དགའ་བོ་ལ་སོགས་པ་འཇིག་རྟེན་ན་སྡུད་པ་པོར་ཅིའི་ཕྱིར་གྲགས་ཞེས་པ་ནི་ལྔ་སྡེ
867	terminal-particle	27		གང་ཞིག་གང་གིས་ཡོངས་སུ་འདྲི་བ་མེད་ན་དེ་ཡང་མེད་པར་འགྱུར་བས་དེ་རྗེས་སུ་དཔག་པ་དང་ཡང་
868	terminal-particle	35		གསུངས་པ་ལན་ལ་སོགས་པ་གང་ཞིག་སྣང་བ་དང་། གང་ཞིག་ཡོངས་སུ་བརྗོད་པ་དང་། གང་དང་ཡོངས་སུ་
869	line-end	75		དེས་ན་སྡུད་པ་པོ༌[^408]ཡོད་པར་སྣང་བ་ཉིད་དེ། འདོད་པ་འདི་ཐམས་ཅད་ཡོངས་སུ་བཤིག་པ་ཡིན་
870	terminal-particle	46		ཕྱི་མ་ལྟར་ན༌[^410]ནི་མི་འདོད་པ་ཉིད་དེ་ཀུན་དགའ་བོ་ནི་འདིར་བྱང་ཆུབ་སེམས་དཔའ་ཀུན་དུ
871	terminal-particle	36		རྡོ་རྗེ་འཆང་ཆེན་པོ་ཡང་དེ་ཉིད་ལས་གཞན་མ་ཡིན་ཏེ་ཞེས་པ་ནི་གང་གིས་རྡོ་རྗེ་འཆང་ཆེན་པོ་
872	terminal-particle	22		དེས་ན་སྡུད་པ་པོ་དང་སྟན་པ་ནི་གང་གིས་གང་ཞིག་ཡོངས་སུ་འཛིན་པ་དེ་ཡང་དེ་ཉིད་དོ། །
873	terminal-particle	24		གལ་ཏེ་ཐ་དད་དུ་གནས་ན་ཅིར་འགྱུར་ཞེ་ན། མདོ་སྡེ་ལ་སོགས་པ་ནི་མདོ་སྡེ་དང་འདུལ་བ་དང་མངོ
874	line-end	12		ཆོས་ཀྱི་ཕུང་པོ་བརྒྱད་ཁྲི་བཞི་སྟོང་ནི་བཤད་ཟིན་ཏོ། །
875	terminal-particle	56		དེ་བཞིན་གཤེགས་པ་ལས་ཕྱག་ན་རྡོ་རྗེས༌[^411]ལྷག་ཆད་མེད་པར་ལན་གཅིག༌[^412]གིས་ཐོས་ཤིང་
876	terminal-particle	19		[^415]རྟོག་པ་ཐམས་ཅད་སྤངས་པར་མ་གྱུར་པ་དེ་ནི་མཐར་ཕྱིན་པའི་ལམ་ལ་མི་གནས་སོ། །
877	terminal-particle	20		གང་གིས་རྟོག་པ་ཐམས་ཅད་མ་སྤང་བ༌[^416]དེ་ནི་ཐོགས་པ་མེད་པའི་ཤེས་རབ་དང་མི་ལྡན་ནོ། །
878	terminal-particle	17		ཐོགས་པ་མེད་པའི་ཤེས་རབ་ཀྱང་རྟོག་པ་སྤངས་པ་ལས་འབྱུང་བར་རིག་པར་བྱའོ། །
879	terminal-particle	28		ཐོགས་པ་མེད་པའི་ཤེས་རབ་མེད་པས་ནི་ཆོས་ཀྱི་ཕུང་པོ་བརྒྱད་ཁྲི་བཞི་སྟོང་ལྷག་ཆད་མེད་པར་
880	line-end	47		དེ་ཅིའི་ཕྱིར་ཞེ་ན། ཆོས་ཀྱི་ཕུང་པོ་བརྒྱད་ཁྲི་བཞི་སྟོང་ཡོངས་སུ་འཛིན་པ་ནི་ཐོགས་པ་མེ
881	terminal-particle	34		དེ་ཡང་གང་ལས་ཤེས་ཤེ་ན། བཅོམ་ལྡན་འདས་ཀྱིས་ཀྱང་འདི་ཉིད་དུ་ཐུན་མོང་མ་ཡིན་པའི་གསང་བ་ཞ
882	terminal-particle	17		ཇི་སྐད་གསུངས་ཤེ་ན་འདི་ལྟ་སྟེ་ཞེས་པ་ནི་ཡོངས་སུ་སྟོན་པའི་དོན་ཏོ། །
883	terminal-particle	26		འཇམ་དཔལ་ནི་ཟས་གཙང་མར་གྱུར་ཏོ་ཞེས་བྱ་བ་ནི་གང་ལ་གང་གིས་འདུལ་བ་དེ་ལ་དེར་བསྟན་ཞེས་པའ
884	terminal-particle	28		འཇིག་རྟེན་དབང་ཕྱུག་ནི་ལྷ་མོ་སྒྱུ་འཕྲུལ་དུ་གྱུར་ཏོ་ཞེས་བྱ་བ་ནི་ལྷ་མོ་ཆེན་མོ་སྒྱུ་
885	terminal-particle	25		གཞན་ཡང་གང་གི་ཕྱིར་ལྷ་མོ་ཆེན་མོ་སྒྱུ་འཕྲུལ་ཉིད་ཀྱིས་གང་དུ་ཡོངས་སུ་འདུལ་བ་དེའི་ཕྱི
886	line-end	21		བསྟན་པ་འདི་དག་གང་ཞིག་གང་གིས་ཇི་ལྟར་ཡོངས་སུ་སྣང་བ་དེ་ལྟར་གནས་པ་ནི་མེད་དོ།[^419] །
887	terminal-particle	15		དེ་ཅིའི་ཕྱིར་ཞེ་ན། ཐམས་ཅད་རོ་གཅིག༌[^420]པའི་རང་བཞིན་ཅན་ཉིད་ཀྱི་ཕྱིར་རོ། །
888	quote-close	23		རིགས་པ་འདིས་ནི་ཞེས་པ་ནི་མི་སླུ་བར་བྱེད་པའི་ཚད་མ་དེ་ལྟ་བུ་ཡོད་པའི་ཕྱིར་རོ་ཞེས་སོ།
889	terminal-particle	44		[^421] །འོ་ན་དེ་ལྟར་བསྟན་པ་ལ་དགོས་པ་ཅི་ཡོད་ཅེ་ན། ལས་དང་པོ་པའི་སེམས་ཅན་རྣམས་འཇུག་
890	terminal-particle	25		འཇིག་རྟེན་ན་ནི་རྒྱལ་པོ་དང་། འཁོར་དང་ཞུ་བ་པོ་ལ་སོགས་པ་སྣང་བར་བྱ་བ་དང་མི་མཐུན་པར་ས
891	line-end	17		བཅོམ་ལྡན་འདས་ཀྱིས་ཀྱང་སྡུད་པ་པོ་ལ་སོགས་པ་ཡོངས་སུ་བསྟན་པ་ཉིད་དོ། །
892	terminal-particle	24		གཞན་ཡང་གང་གི་ཕྱིར་སྟོན་པ་དང་སྡུད་པ་པོ་ལ་སོགས་པ་མ་བསྟན་ན་མེད་པར་ཡོངས་སུ་རྟོགས་པར༌
893	terminal-particle	18		གང་ལ་གང་མེད་པ་དེ་ནི་འཇིག་རྟེན་པའི་བྱ་བ་དང་མི་མཐུན་པར་བསྟན་ཏོ། །
894	terminal-particle	25		གང་ཞིག་གང་དང་མི་མཐུན་པ་དེ་ལ་ནི་གང་ཟག་དད་པའི་རྗེས་སུ་འབྲང་བ་རྣམས་ཡོངས་སུ་ཚོལ་བར་བ
895	terminal-particle	21		གང་ཞིག་གང་ཡོངས་སུ་ཚོལ་བར་བྱེད་པ་དེས་ནི་སྲིད་པར་འཛིན་པ་ཡོངས་སུ་སྤངས་པར་འགྱུར་རོ། 
896	terminal-particle	19		གང་ཞིག་གང་གིས་ཡོངས་སུ་སྤངས་པ་དེས་ནི་དེའི་དོན་ལ་སོམ་ཉི་ཟ་བར་འགྱུར་རོ། །
897	terminal-particle	16		གང་ལ་གང་གིས་ཇི་ལྟར་སེམས་པ་དེས་ནི་སྐུར་བ་འདེབས་པར་འགྱུར་རོ། །
898	line-end	61		གང་ལ་གང་གིས་གང་ཞིག་བྱས་པ་དེས་ནི་ངན་སོང་གསུམ་པོ་ཡོངས་སུ་བླང་བར༌[^423]འགྱུར་ཏེ། གས
899	quote-open	12		དེ་ཡང་གང་ལས་ཤེས་ཤེ་ན་གསེར་འོད་དམ་པ་ལས།
900	terminal-particle	34		སངས་རྒྱས་མྱ་ངན་མི་འདའ་ཞིང་། །ཞེས་བྱ་བ་ལ་སོགས་པ་གསུངས་ཏེ་སངས་རྒྱས་མྱ་ངན༌[^425]མི་
901	terminal-particle	32		ཆོས་ཀྱང་ནུབ་པར་མི་འགྱུར་ཏེ། །ཞེས་པ་ནི་སེམས་ཅན་ལ་སྣང་བ་འབའ་ཞིག༌[^426]ཏུ་ཟད་ཀྱིས་ང
902	line-end	8		འོ་ན་གང་གི་ཕྱིར་འབྱུང་ཞེ་ན།
903	verse-stanza	12		སེམས་ཅན་རྣམས་ནི་གདུལ་བའི་ཕྱིར། །↵བྱུང་ནས་མྱ་ངན་འདའ༌[^427]བར་སྟོན། །
904	line-end	67		ཞེས་པ་ནི་དུས་ཉེ་བར་ལེན་པ་ཉིད་དེ་གང་གི་ཕྱིར་སེམས་ཅན་སྒྲིབ་པ་ཐམས་ཅད་དང་ལྡན་ཞིང་བློ
905	quote-close	11		དེ་བས་ན་ཞེས་པ་ནི་རིགས་པ༌[^428]དེའི་ཕྱིར་ཞེས་པའོ། །
906	terminal-particle	26		བརྒྱ་བྱིན་གྱིས་གསོལ་བ་ཞེས་པ་ནི་འདི་སྐད་ཅེས་བྱ་བ་ལ་སོགས་པའི་ཡི་གེ་གཉིས་ཡོངས་སུ་མ་
907	quote-close	20		ཅིའི་ཕྱིར་འདི་སྐད་ཅེས་བྱ་བའི༌[^429]ཞེས་པ་ནི་འདི་སྐད་ཅེས་བྱ་བ་འདི་ཅིའི་ཕྱིར་སྨོས་
908	quote-close	24		གང་གི་ཕྱིར་དང་པོ་རབ་ཏུ་སྦྱར་ཞེས་པ་ནི་བཀའ་དག་ལ་དང་པོར་སྦྱར་བ་ལ་དགོངས༌[^430]པ་ཅི་ཞ
909	terminal-particle	24		གང་འདི་བདེ་གཤེགས་གསུང་ཡིན་ནམ། །ཞེས་པ་ནི་གང་གིས་བདག་གིས་ཞེས་བྱ་བ་དང་མ་འབྲེལ་པའི་ཉ
910	terminal-particle	18		ཉན་ཐོས་ཀྱི༌[^432]བཤད་པ་ཡིན་ནམ་ཅི་ཞེས་པ་ནི་བཀའ་མ་ཡིན་པའི་ཉེས་པ་བརྗོད་པའོ། །
911	terminal-particle	4		གཞན་ནི་གོ་སླའོ། །
912	line-end	33		འདི་ནས་མར་ནི་ཡི་གེ་གཉིས་ཆོས་ཐམས་ཅད་ཀྱི་རྒྱུ་འམ་ས་བོན་དུ་བསྟན་པ་ཉིད་དེ། དེ་ལ་ཆོས་
913	terminal-particle	65		དེ་གང༌[^434]གི་གཞི་ཡི་གེ་གཉིས་ཡིན་པ་ཅིའི་ཕྱིར་ཞེ་ན་ཡི་གེ་ཨེ་ནི་ཞེས་བྱ་བ་ལ་སོགས་པ
914	terminal-particle	23		བ་ནི་ཕ་ཞེས་བྱ་བར་གྲགས། །ཞེས་བྱ་བ་ནི་བ་ཞེས་བྱ་བ་ཕ་མཚོན་པར་བྱེད་པ་ཉིད་ཀྱི་ཕྱིར་རོ།
915	terminal-particle	27		ཐིག་ལེ་དེར་ནི་སྦྱོར་བ་ཉིད། །ཅེས་པ་ནི་གང་ཞིག་གང་དང་གང་དུ་འབྲེལ་པར་འགྱུར་བ་དེའི་ཕྱ
916	line-end	35		འདི་དག་གིས་ནི་འདི་སྐད་དུ་སྟོན་པར་འགྱུར་ཏེ། གང་གིས༌[^437]སེམས་ཅན་སྐྱེ་བ་དང་མཐུན་པ
917	quote-open	7		ཡང་ན། ཨེ་ནི་པདྨ་བཞིན་དུ་གསུངས། །
918	terminal-particle	20		ཞེས་པ་ནི་པདྨ་དང་འདྲ་བའི་ཆོས་ཡོངས་སུ་གནས་པར་འགྱུར་བས་དེ་ལ་དེ་སྐད་ཅེས་བྱའོ། །
919	terminal-particle	26		བ་ནི་རྡོ་རྗེ་ཉིད་ཡིན་ནོ་ཞེས་པ་ནི་རྡོ་རྗེ་ཡོངས་སུ་བསྟན་པའི༌[^439]བརྡ་གང་ལ་ཡོད་པ་ད
920	terminal-particle	58		ཐིག་ལེ་དེ༌[^440]ནི་ས་བོན་ཏེ། །ཞེས་པ་ནི་གང་ལ་བྱང་ཆུབ་སེམས་ཀྱི་ས་བོན༌[^441]ཡོད་པ་ད
921	line-end	53		དེ་དག་གིས་ནི་འདི་སྐད་དུ་སྟོན་པར་འགྱུར་ཏེ། གང་ཞིག་གིས་སེམས་ཅན་སྐྱེ་བའི་རིམ་པ་དང་མ
922	verse-stanza	12		ཨེ་ནི་ཤེས་རབ་ཉིད་འགྱུར་ལ། །↵ཞེས་པ་ནི་རླུང་ཉིད་དོ། །
923	line-end	6		བ་ནི་རབ་དགའི་བདག་པོའོ།[^443] །
924	verse-stanza	14		ཞེས་པ་ནི་རྣམ་པ༌[^444]ཤེས་པ་ཉིད་དོ། །↵ཐིག་ལེ་མི་ཤིགས་དེ་ཉིད་དོ། །
925	terminal-particle	23		[^445]ཞེས་པ་ནི་འགྲོ་བ་ཐམས་ཅད་ཀྱི་སྙིང་གི་དབུས་ན༌[^446]རླུང་མི་ཤིགས་རྒྱལ་པོ་ཨ་ཐུང
926	terminal-particle	38		དེ་ལས་ཡི་གེ་གཉིས་ཀྱང་སྐྱེ།[^447] །ཞེས་པ་ནི་ཨཱ་ལི་ཀཱ་ལིའི་སྡེ་ཚན་གྱི་ཡི་གེ་རྣམས་འ
927	terminal-particle	101		དེ་བས་ན་འདི་དག་གིས་ནི་ཡི་གེ་གཉིས་པོ་ཕོ་དང་མོར་གྱུར་ཏེ། གང་དུ་སྐྱེ་བ་དང་ཡི་གེ་གཉི
928	terminal-particle	24		དེས་ཅིར་འགྱུར་ཞེ་ན། ཆོས་ཀྱི་ཕྱག་རྒྱ་ནི་གང་གིས་གང་ཞིག་ཡོངས་སུ་ཤེས་པ་དང་། བརྗོད་པར
929	terminal-particle	16		དེ་གང་ཡིན་ཞེ་ན་ཡི་གེ་གཉིས་ཏེ་ཨེ་བཾ་ཞེས་བྱ་བའི་དོན་ཏོ། །
930	line-end	14		དེའི་དེ་ཉིད་བརྡའི་དོན་ཡོངས་སུ་ཤེས་པ་གང་དང་གང་ཡིན་པའོ། །
931	verse-stanza	13		དེས་ནི་སེམས་ཅན་ཐམས་ཅད་ལ། །↵ཆོས་ཀྱི་འཁོར་ལོ་སྐོར་བྱེད་འགྱུར། །
932	terminal-particle	22		ཞེས་པ་སྟེ་དེའི་དོན་ཡང་གང་ཡིན། [^448]ཡི་གེ་གཉིས་ཤེས་པ་དེས་ནི་ཡི་གེའི༌[^449]བརྡའི་
933	terminal-particle	20		གང་གིས་ཡི་གེ་བརྡའི་རྣམ་པར་ཤེས་པ་དེས་ནི་ཡི་གེའི༌[^450]དེ་ཁོ་ན་ཉིད་ཤེས་པར་འགྱུར་རོ
934	terminal-particle	22		གང་གིས་ཡི་གེའི་དེ་ཁོ་ན་ཉིད་ཤེས་པ་དེ་ནི་སངས་རྒྱས་ཀྱི་ཆོས་ཡོངས་སུ་ཤེས་པར་འགྱུར་རོ།
935	terminal-particle	17		དེས་ནི་ཆོས་ཐམས་ཅད་ཀྱི་སྟོན་པ་ཕུན་སུམ་ཚོགས་པ༌[^451]ཤེས་པ་བསྟན་པ་ཡིན་ནོ། །
936	quote-close	27		དེ་ལས༌[^452]གཞན་དུ་གྱུར་པའི་སྐྱོན་བསྟན་པའི་ཕྱིར། འགྲོ་བ་གང་གིས་ཞེས་བྱ་བ་ལ་སོགས་པ
937	terminal-particle	13		མི་ཤེས་པ་ནི་ཡི་གེའི་དེ་ཁོ་ན་ཉིད་མི་ཤེས་པའོ། །
938	line-end	7		རྟག་ཏུ་འདོན་པ་ནི་བརྗོད་པའོ། །
939	terminal-particle	22		ཅིར་འགྱུར་ཞེ་ན། དེ་ནི་སངས་རྒྱས་ཆོས་རྣམས་ཀྱི། །སྦྱོར་སྤངས་ཕྱི་རོལ་དཀའ༌[^453]ཐུབ༌[
940	terminal-particle	24		འདི་དག་གིས་ནི་འདི་སྐད་སྟོན་པར་འགྱུར་ཏེ། གང་གིས་ཡི་གེ་གཉིས་མ་མཐོང་བར་བརྡ་ལ་སྤྱོད་
941	terminal-particle	19		གང་གིས་བརྡ་རྣམ་པར་སྤྱད་པར་མ་བྱས་པར་ནི་བརྡ་རྣམ་པར་ཤེས་པར་མི་འགྱུར་རོ། །
942	terminal-particle	18		གང་གིས་བརྡ་མ་ཤེས་པར་ནི་ཡི་གེའི་དེ་ཁོ་ན་ཉིད་ཤེས་པར་མི་འགྱུར་རོ། །
943	terminal-particle	27		གང་གིས་ཡི་གེའི་དེ་ཁོ་ན་ཉིད་ཤེས་པར་མ་གྱུར་པར་ནི་ཆོས་ཐམས་ཅད་ཀྱི་དེ་ཁོ་ན་ཉིད་ཤེས་པར
944	terminal-particle	19		གང་གིས་གང་དུ་གང་ཞིག་ཤེས་པ༌[^455]མ་གྱུར་པ་དེས་ནི་སྒྲ་ལ་འཇུག་པར་མི་འགྱུར་རོ། །
945	terminal-particle	21		གང་གིས་གང་ཞིག་གང་ལ་ཇི་ལྟར་གྱུར་པ་དེས་ནི་བསམ་གཏན་གྱི་སྦྱོར་བ་སྤངས་པར་འགྱུར་རོ། །
946	line-end	39		གང་གིས་བསམ་གཏན་གྱི་སྦྱོར་བ་སྤངས་པ་དེས་ནི་ཐམས་ཅད་མཁྱེན་པ་དེ་ཁོ་ན་ཉིད་ཀྱི་དོན་ཡོངས
947	terminal-particle	36		གཞན་ཡང་འདི་སྐད་དུ། སེམས་དཔའ་ཆེན་པོ་གཞན་ཡང་བྱང་ཆུབ་སེམས་དཔའ་ཆེན་པོས་དེ་ཁོ་ན་ཉིད་ཀ
948	terminal-particle	25		གང་གིས་གང་ཡོངས་སུ་གྲོལ་བར་མ་གྱུར་པ༌[^457]དེས་ནི་སེམས་ཅན་ཐམས་ཅད་འཁོར་བའི་རྒྱ་མཚོ་
949	terminal-particle	24		སེམས་དཔའ༌[^458]ཆེན་པོ་རྣམ་གྲངས་དེས་ན་བྱང་ཆུབ་སེམས་དཔའ་སེམས་དཔའ་ཆེན་པོས་དེ་ཁོ་ན་ཉ
950	terminal-particle	5		ཞེས་འབྱུང་བ་ལྟ་བུའོ། །
951	terminal-particle	78		གཞན་དག་ལས་ཀྱང་རིགས་ཀྱི་བུ་འམ་རིགས་ཀྱི་བུ་མོ་ལ་ལ་བདག་དང་གཞན་གྱི་དོན་ཐམས་ཅད་ཡོངས་ས
952	terminal-particle	52		དེ་ཅིའི་ཕྱིར་ཞེ་ན། འདི་ལྟར་གང་གིས༌[^460]ཚོགས་ཡོངས་སུ་རྫོགས་པར་འདོད་པ་དང་། བདག་དང
953	terminal-particle	16		དེ་བས་ན་འདི་ནི་བྱང་ཆུབ་སེམས་དཔའ་རྣམས་ཀྱིས༌[^461]ལམ་འདི་ལ་གནས་པར་བྱའོ། །
954	terminal-particle	16		ཨེ་ཝཾ་ཡིག་གཉིས་སྒྱུ་མ་ལ། །ཞེས་པ་ནི་ཇི་སྐད་དུ་བཤད་པའི་ཕྱིར་རོ། །
955	terminal-particle	23		ཐམས་ཅད་མཁྱེན་པ་འདིར་ཞུགས་པས་ཞེས་པ་ནི་ཐམས་ཅད་མཁྱེན་པ་ཐོབ་པའི་རྒྱུའི་གཙོ་བོ་ཡིན་པའ
956	terminal-particle	8		དེ་བས་ན༌[^462]ཞེས་པའི༌[^463]དོན་ནི་གོ་བར༌[^464]ཟད་དོ། །
957	terminal-particle	12		བདག་གིས་ཞེས་པ་ལ་སོགས་པ་ནི་འཆང་བར་འགྱུར་བའོ། །
958	terminal-particle	24		རྡོ་རྗེའི་ཚིག་ནི་རྡོ་རྗེ་འཆང་ཆེན་པོའི་ཚིག་ཡིན་པ་དང་། རྟོགས་པར་དཀའ་བ་ཉིད་ཀྱི་ཕྱིར
959	terminal-particle	22		བཤད་པའི་རྒྱུད་ལས་བསྟན་པ་ཉིད་ལ་འཇུག་པ་ནི་རྩ་བའི་རྒྱུད་ལས་གསལ་བར་མ་གསུངས་པའི་ཕྱིར་
960	terminal-particle	21		འཁོར་ལོ་སྤྲུལ་པའི་ངོ་བོ་ལ། །ཞེས་པ་ནི་ལྷའི་འཁོར་ལོ་གཙོ་བོ་དང་འཁོར་གྱི་དཀྱིལ་འཁོར་
961	terminal-particle	29		བདག་གིས་ཐོས་པ་ཞེས་གསུངས་ཏེ། ཞེས་པ་ནི་གང་གིས་དྲང་བའི་དོན་དུ་ཡིན་གྱི་ངེས་པའི་དོན་ད
962	line-end	23		ས་བོན་ལས་ནི་གང་སྤྲུལ་པ། །ཞེས་པ་ནི་གང་གིས་ས་བོན་གྱིས་བསྐྱེད་པ་ཉིད་ཀྱི་ཕྱིར་དེ་སྐད
963	terminal-particle	33		ལྷ་རྣམས་ཀྱི༌[^465]ནི་འཁོར་ལོ་མཆོག །ཅེས་པ་ནི་འདི་དག་གིས་ཡོན་ཏན་ཕུན་སུམ་ཚོགས་པ་དང་
964	terminal-particle	24		མཆོག་ཏུ་དགའ་བ༌[^466]ནི་སྙོམས་པར་ཞུགས་པའི་བདེ་བ་གང་ལ་ཡོད་པ་དེའི་དུས་ལ་དུས་གཅིག་ཅེ
965	terminal-particle	36		དབང་ཕྱུག་བརྒྱད་ཀྱིས་བཅོམ་ལྡན་འདས། །ཞེས་པ་ནི་དབང་ཕྱུག་ཆེ་དང་གཟུགས་བཟང་བ་དང་གྲགས་པ
966	terminal-particle	44		ཁྱད་པར་ཇི་ལྟ་བུ་ཞིག་དང་ལྡན་པའི་བཅོམ་ལྡན་འདས་ཡིན་ཞེ་ན། བདེ་བ་ཆེན་པོའི་བདག་ཉིད་ཅན།
967	line-end	14		དེ་བཞིན་གཤེགས་པ་ཐམས་ཅད་ཅེས་བྱ་བ༌[^467]ཇི་ལྟ་བུ་ཡིན་ཞེ་ན།
968	verse-stanza	27		འདི་ཡི་ཕུང་པོ་ལྔ་རྒྱལ་བ། །↵དེ་བཞིན་གཤེགས་པ་ཐམས་ཅད་ཡིན། །↵ཞེས་པ་ཕུང་པོ་ལྔ་ཉིད་སངས
969	line-end	21		སངས་ལྔར་ནི་རབ་ཏུ་གྲགས། །ཞེས་བྱ་བ་ལ་སོགས་པ་རྒྱས་པར་གཞུང་འདི་ཉིད་ལས་གསུངས་པའི་ཕྱིར
970	terminal-particle	35		སྐུ་དང་གསུང་དང་ཐུགས་ཞེས་བྱ་བ་ཡང་ཇི་ལྟ་བུ་ཡིན་ཞེ་ན། དེའི་བདག་ཉིད་དེ། གང་ཞིག་གང་དུ
971	terminal-particle	53		རྡོ་རྗེ་ཞེས་བྱ་བ་ཡང་གང་ཞིག་ཡིན་ཞེ་ན་ཐུགས་ཏེ༌[^468]འདིར་བདེ་བ་ཆེན་པོ་ཞེས་བྱ་བ་བདེ
972	terminal-particle	32		བཙུན་མོ་ཞེས་བྱ་བ་ཡང་གང་ཡིན་ཞེ་ན་ལེགས་སྦྱངས་ཕྱག་རྒྱ་སྟེ་ཞེས་བྱ་བ་སྨོས་ཏེ། རང་བཞིན
973	terminal-particle	17		རྙེད་པས་ལེགས་པར་སྦྱངས་པ་ནི་ནན་གྱིས་ལེན་པ་ལ་སོགས་པ་དང་བྲལ་བའོ། །
974	terminal-particle	28		བསམ་པས་ལེགས་པར་སྦྱངས་པ་ནི་ཆགས་པ་དང་བྲལ་བ་དང་རྣམ་པར་འཚེ་བ་དང་བྲལ་བ་ཞེས་བྱ་བ་ལ་སོག
975	line-end	16		ཐབས་ཀྱིས་ལེགས་པར་སྦྱངས་པ་ནི་གང་གིས་གསང་བ༌[^469]བདག་ཉིད་ལེགས་པར་རྙེད་པའོ། །
976	terminal-particle	21		སྔགས་དང་རྒྱུད་ཀྱིས་ལེགས་པར་སྦྱངས་པ་ནི་གང་གི་བདག་ཉིད་དེ་ལས་གཞན་དུ་ཉེ་བར་བྱས་པའོ། 
977	terminal-particle	17		ཀུན་དུ་ཚོགས་པས་ལེགས་པར་སྦྱངས་པ་ནི་དད་པ་ལ་སོགས་པ་དང་ལྡན་པའོ། །
978	terminal-particle	38		ལེགས་པར་སྦྱངས་པ་ཞེས་བྱ་བ་ཡང་གང་ཞིག་ཡིན་ཞེ་ན། ལེགས་པར་སྦྱངས་པ་ནི་འདིར་སྐྱོན་མེད་པ
979	line-end	59		བྷ་ག་ཞེས་བྱ་བ་ཡང་གང་ཡིན་ཞེ་ན། ལེགས་སྦྱངས་པདྨ་བྷ་ག་ཡིན། །ཞེས་པ་བཙུན་མོ་དམ་པར་གྱུར
980	line-end	13		བཞུགས་སོ་ཞེས་བྱ་བའི་ཐ་ཚིག་གི་དོན་ཇི་ལྟར་གཞག༌[^470]ཅེ་ན།
981	verse-stanza	12		བཞུགས་པ་རྡོ་རྗེ་འཛིན་པ་དེར། །↵ཐིག་ལེའི་གཟུགས་ཀྱིས་གནས་པའོ། །
982	terminal-particle	13		ཞེས་གསུངས་ཏེ་རྡོ་རྗེ་འཛིན་པ་ཡང་ཐིག་ལེའི་གཟུགས་ཉིད་དོ། །
983	terminal-particle	28		འདི་སྐད་དུ་སྟོན་ཏེ། གང་གིས་ཐབས་དང་ཤེས་རབ་གཉིས་སུ་མེད་པར་སྙོམས་པར་ཞུགས་ཏེ། བྱང་ཆུ
984	terminal-particle	19		ཡང་ན་གང་གིས་གང་ཞིག་གང་དང་གང་དུ་འགྲུབ་པའི་ཕྱིར་དེ་ལ་དེ་སྐད་ཅེས་བྱའོ། །
985	terminal-particle	16		འདི་དག་གིས༌[^471]ཉེ་བར་བཤད་པ་འདིར་བཤད་པ་ནི་སྤྱིའི་དོན་གྱི༌[^472]སྐབས་འདིར་ཞེས་བྱ
986	line-end	20		ཆ་གཉིས་པ་ནི་དགུ་པ་ཉིད་ཀྱིས་བཤད། །ཅེས་བྱ་བ་ལ་སོགས་པ་ལ། ཆ་གཉིས་པ་ནི། ཨ་དང་ཨུའོ། །
987	terminal-particle	4		དགུ་པ་ནི་ཨོའོ། །
988	terminal-particle	17		འདི་དག་ལ་གང་གིས་ཡི་གེ་དང་ལྡན་པ་ནི་ཨོཾ་ཞེས་བྱ་བར་འགྱུར་རོ། །
989	terminal-particle	5		སུམ་ཅུ་པ་ནི་དའོ། །
990	ordinal-open	15		བཅུ་པ་ནི་ཧ་སྟེ་གང་གིས་གང་གི་དོན་དུ་གནས་པ་ཉིད་དོ། །
991	terminal-particle	11		ཡང་ན་སུམ་ཅུ་པ་ནི་ཀྵ་སྟེ། ཆ་གཉིས་པོ་ནི༌[^473]ཀྵའོ། །
992	ordinal-open	6		དགུ་པ་ནི་དེ་ཉིད་དོ། །
993	ordinal-open	4		བཅུ་པ་ནི་ལའོ། །
994	ordinal-open	4		ལྔ་པ་ནི་ཧའོ། །
995	terminal-particle	13		ཆ་གཉིས་པ་ནི་ཨ་ཨཱ་ཞེས་པ་སྟེ། དེས་དེ་ལྟར་འགྱུར་རོ། །
996	ordinal-open	12		དྲུག་པ་ནི་ཨཱུ་སྟེ། གང་ལ་གང་གིས་ཉེ་བར་མཛེས་པའོ། །
997	terminal-particle	19		བཅོམ་ལྡན་འདས་ཀྱིས་ཀྱང་ཟབ་པ་དང་མི་ཟབ༌[^474]པ་གཉིས་ལ་དགོངས་ནས་གསུངས་པར་རིག་པར་བྱའོ
998	terminal-particle	15		གང་གིས་འདི་དང་བཅས་པ་དང་ལྡན་པ་ལས་འདིར་གཅིག་གཟུང་བར་བྱའོ། །
999	terminal-particle	19		འདི་དག་ལ་ཡང་ཅིའི་ཕྱིར་སྤྱི་ཞེས་བྱ་ཞེ་ན། གོང་དུ་བཤད་པ་བཞིན་དུ་རིག་པར་བྱའོ། །
1000	terminal-particle	33		སྦས་པའི་དོན་དུ་བཤད་པ་རྒྱས་པར་འདོད་ནས་གསུངས་པ། ལུང་གིས་བཤད་པ་ཞེས་པ་ནི་རིགས་པ༌[^47
1001	line-end	18		ཨེ་ནི་ཤེས་རབ་དམ་པ་སྟེ། །ཞེས་པ་ནི་ཨེ་ནི་ཤེས་རབ་སྣང་བའི་མཚན་ཉིད་དོ། །
1002	terminal-particle	25		འདི་ཅིའི་ཕྱིར་བཤད་སྙམ་པ་ལ། གང་གིས་སེམས་ལ་དམིགས་པ་ལ་སོགས་པ་གང་ཞིག་ཡོངས་སུ་གསལ་བར་
1003	terminal-particle	20		གང་ཡང་སྦས་པ་གསུམ་པོ་ཉིད༌[^476]འདིས་རྟོགས་པར༌[^477]བྱ་བའི་ཕྱིར་ཡང་འདི་དག་རྒྱས་པར་
1004	terminal-particle	24		དེ་བས་ན་གང་གིས་གང་གི་དོན་དུ་གང་ཞིག་བྱེད་པ་དེས་ནི་དེའི་དེ་དག་ཡོངས་སུ་རྫོགས་པར་འགྱ
1005	terminal-particle	23		བདག་ཉིད་དམ་པ་ཡོངས་སུ་རྫོགས་པར་འདོད་པ་དེས་ཀྱང་འདི༌[^478]ལ་བརྟེན་ནས་འདི་དག་ཡོངས་སུ
1006	line-end	184		[^479]སྣང་བའི་བྲལ་ཚུལ་དང་རང་བཞིན་གང་ཞེ་ན། འདོད་ཆགས་བྲལ་སོགས་ཞེས་པ་འདོད་ཆགས་དང༌[^
1007	line-end	20		དེ་ཡང་གང་ཞེ་ན། འདོད་ཆགས་དང་བྲལ་བ་ནི་ཡིད་དུ་འོང་བ་མཐོང་བ་ལ་མ་ཆགས་པའོ། །
1008	verse-stanza	28		བར་མ་ལ་སོགས་པ་ནི་ཅི་རིགས་པའོ། །↵ཡིད་ཀྱིས༌[^481]འགྲོ་བ་དང་འོང་བ་གང་ཡིན་ཞེ་ན།↵འགྲོ
1009	terminal-particle	16		མྱ་ངན་གང་ཞེ་ན། སྡུག་པ་དང་བྲལ་བར་གྱུར་ནས་སེམས་ཤིན་ཏུ་གདུང་བའོ། །
1010	terminal-particle	7		འདི་ཡང་ཅི་རིགས་སུ་སྦྱར་རོ། །
1011	terminal-particle	10		ཞི་བ་གང་ཞེ་ན། སེམས་གཡེང་བ་དང་བྲལ་བའོ། །
1012	terminal-particle	13		རྣམ་པར་རྟོག་པ་གང་ཞེ་ན་སེམས་པ༌[^482]དང་ཤེས་རབ་རྩིང་བའོ། །
1013	terminal-particle	16		འཇིགས་པ་གང་ཞེ་ན་ཡིད་དུ་མི་འོང་བ་དང་ཕྲད་ནས་སེམས་སྐྲག་པའོ། །
1014	terminal-particle	8		འདི་ལ་ཡང་ཅི་རིགས་སུ་སྦྱར་རོ། །
1015	line-end	22		སྲིད་པ་གང་ཞེ་ན། ཕན་འདོགས་པ་དང་ཡིད་དུ་འོང་བ་ལ་ཞེན་པའི་བདེ་བའི་ཚོར་བ་ལས་བྱུང་བའོ། 
1016	terminal-particle	12		འདི་ཡང་ཡུལ་གྱི་བྱེ་བྲག་ལས་ཅི་རིགས་སུ་སྦྱར་རོ། །
1017	terminal-particle	26		ཉེ་བར་ལེན་པ་གང་ཞེ་ན། གཞན་གྱི་ནོར་དང་ཡོ་བྱད་ལ་སོགས་པ་གང་ཡིད་ཀྱིས་ལེན་པ་སྟེ་སྲེད་པ
1018	line-end	13		མི་དགེ་བ་གང་ཞེ་ན་འདོད་ཆགས་ལ་སོགས་པ་དང་།
1019	verse-stanza	18		དེ་དང་མཚུངས་པར་ལྡན་པའི༌[^483]ལུས་ངག་གི་ལས་སོ། །↵བཀྲེས་པ་གང་ཞེ་ན་རྒྱུད་པས༌[^484]ཟ
1020	terminal-particle	10		སྐོམ་པ་གང་ཞེ་ན། ཡོངས་སུ་གདུང་བས༌[^485]སྐོམ་འདོད་པའོ། །
1021	terminal-particle	22		ཚོར་བ་གང་ཞེ་ན། བདེ་བ་དང་སྡུག་བསྔལ་བ་དང་གཉི་ག་དང་བྲལ་བའི་རྣམ་པ་ཡོངས་སུ་མྱོང་བའོ། 
1022	terminal-particle	15		རིག་པ་པོ་གང་ཞེ་ན། གང་གིས་གང་གི་རྣམ་པ་འཛིན་པའི་ཤེས་པའོ། །
1023	terminal-particle	16		རིག་པ་འཛིན་པ་གང་ཞེ་ན་གང་ཞིག་གང་གིས་བརྟེན་ཞིང་གང་ལ༌[^486]དམིགས་པའོ། །
1024	terminal-particle	10		གཞི་གང་ཞེ་ན་ཡུལ་གྱི་དངོས་པོ་ཉིད་དོ། །
1025	line-end	23		སོ་སོར་རྟོག་པ་གང་ཞེ་ན་རིགས་པ༌[^487]དང་མི་རིགས་པ་གང་དུ་འཚོལ་བ༌[^488]དང་འདས་པ་སྟེ་
1026	terminal-particle	21		ངོ་ཚ་ཤེས་པ་གང་ཞེ་ན་བདག་གམ་ཆོས་ཀྱི་དབང་དུ་བྱས་ཏེ་ཁ་ན་མ་ཐོ་བ༌[^489]འཛེམ་པའོ། །
1027	terminal-particle	15		སྙིང་རྗེ་གང་ཞེ་ན་གང་ཞིག་གང་གིས༌[^490]རྣམ་པ་དང་བྲལ་བར་འདོད་པའོ། །
1028	terminal-particle	17		བརྩེ་བ་གང་ཞེ་ན་གང་ཞིག་གང་དང་བྲལ་ནས་དེ་དང་ཕྲད་པར་འདོད་པའོ། །
1029	terminal-particle	13		དོགས་པ་དང་བཅས་པ་གང་ཞེ་ན། སེམས་ངེས་པར་མི་གནས་པའོ། །
1030	terminal-particle	13		སྡུད་པ་གང་ཞེ་ན་གཞན་གྱི་གང་དག་ཡོངས་སུ་སྡུད་པའོ། །
1031	terminal-particle	16		སེར་སྣ་གང་ཞེ་ན་རང་གི་ཡིད་དུ་འོང་བ་བློས་ཡོངས་སུ་འཛིན་པའོ། །
1032	terminal-particle	23		རང་བཞིན་འདི་དག་སྣང་བ་ལས་འབྱུང་སྟེ་སེམས་ཅན་ཐམས་ཅད་གང་དུ་ཇི་ལྟར་གནས་པའི་རྩ་བར་བསྟན
1033	line-end	24		འདི་དག་ཡོངས་སུ་ཤེས་པས་ཀྱང་གང་ཞིག་ཡོངས་སུ་འདྲེ་བ་མེད་པའི་བསམ་གཏན་ཡོངས་སུ༌[^491]རྫ
1034	terminal-particle	61		དེ་ནས་སྣང་བ་མཆེད་པ་བསྟན་པར་བྱ་སྟེ། དེ་ལ་སྣང་བ་མཆེད་པའི་མཚན་ཉིད་གང་ཞེ་ན། འོད་མ་འག
1035	terminal-particle	30		ཆགས་ལ་སོགས་པ་རབ་བསྐྱེད་ལྡན། །ཞེས་པ་ནི་ཆགས་པ་ལ་སོགས་པ་བསྐྱེད་པ༌[^492]སྟེ་གང་ལ་གང་
1036	line-end	179		འདི་ལྟ་སྟེ་ཆགས་པ་དང་། ཆགས་པ་བར་མ་དང་། ཀུན་དུ་ཆགས་པ་དང་། དགའ་བ་དང་། དགའ་བ་བར་མ་དང
1037	terminal-particle	23		འདི་དག་གིས་བསྐྱེད་པ་དང་གང་གིས་ཡོངས་སུ་གནོན་པ་འདི་ནི་སྣང་བ་མཆེད་པ་ཡིན་པར་ཤེས་པར་བ
1038	terminal-particle	19		དེ་ལ་འདོད་པ་ལ་ཆགས་པ་གང་ཞེ་ན། མ་ཐོབ་པའི་ཡུལ་ལ་ཡིད་ཀུན་དུ་ཆགས་པའོ། །
1039	terminal-particle	14		ཆགས་པ་གང་ཞེ་ན། མ་བསྐལ་པའི་ཡུལ་ལ་ཡིད་ཀུན་དུ་ཆགས་པའོ། །
1040	terminal-particle	13		དགའ་བ་གང་ཞེ་ན། ཡིད་དུ་འོང་བའི་རྣམ་པས་སེམས་ཁེངས་པའོ། །
1041	terminal-particle	10		རངས་པ་གང་ཞེ་ན། གང་དགའ་བས་ཆེས་དགའ་བའོ། །
1042	terminal-particle	17		མགུ་བ་གང་ཞེ་ན། ཐོབ་པའི་བྱེ་བྲག་ལ་ལྟོས༌[^496]ནས་བདག་པོ་ལ་ཡོངས་སུ་བསྟོད་པའོ། །
1043	terminal-particle	17		ངོ་མཚར་གང་ཞེ་ན། མི་སྤྱོད་པ་ལ་མངོན་དུ་བྱས་པས་ཡ་མཚན་དུ་གྱུར་པའོ། །
1044	terminal-particle	19		དགོད་པ་གང་ཞེ་ན། གང་གིས་གང་ཞིག་ལ་གནས་པར་མི་བྱེད་ཅིང་སེམས་གཞན་དུ་འཕྲོ་བའོ། །
1045	line-end	12		ཚིམ་པ་ནི་ཚོར་བ་བདེ་བ་གཞན་དུ་བསྟན་ནས་སོ། །
1046	terminal-particle	15		འཁྱུད་པ་ནི་ཡིད་དུ་འོང་བའི་ཡུལ་ལ་སེམས་ཀྱིས་ཀུན་དུ་ཞེན་པའོ། །
1047	terminal-particle	4		གཞན་ནི་གོ་སླའོ། །
1048	terminal-particle	12		བརྟན་པ་གང་ཞེ་ན་ངེས་པ་རྙེད་དེ་མི་གཡོ་བའོ། །
1049	terminal-particle	10		བརྩོན་འགྲུས་གང་ཞེ་ན་ལེ་ལོ་དང་བྲལ་བའོ། །
1050	terminal-particle	8		ང་རྒྱལ་གང་ཞེ་ན། མཐོ་བར་སེམས་པའོ། །
1051	terminal-particle	12		བྱ་བ་གང་ཞེ་ན་གང་ཞིག་ཡོངས་སུ་འགྲུབ་པར་བྱའོ། །
1052	terminal-particle	13		དབྲོག་པ་གང་ཞེ་ན་གཞན་གྱིས་བདག་གིར་བྱས་པ་ལེན་པའོ། །
1053	terminal-particle	8		སྟོབས་གང་ཞེ་ན། གྱད་དང་གཡུལ་འགྱེད་པའོ། །
1054	terminal-particle	36		སྤྲོ་བ་གང་ཞེ་ན་དགའ་བ་འབའ་ཞིག་ཡུལ་དུ་བྱས་ནས་བརྩོན་འགྲུས་དྲག་པོ་དང་ལྡན་པ་སྟེ། གོ་ཆ
1055	terminal-particle	30		དགའ་བ་ལ་སྦྱོར་བ་གང་ཞེ་ན། དྲེགས་པ་ལས་བྱུང་བའི་སེམས་པས་མི་དགེ་བ་ལ་སོགས་པ་ལ་སྦྱོར་བ
1056	terminal-particle	31		ཞེ་འགྲས༌[^497]པ་གང་ཞེ་ན། རྩོད་པའི་རྒྱུ༌[^498]མེད་པར་འདོད་པའི་དབང་གིས་དམ་པ་དང་དམ་
1057	terminal-particle	34		སྒེག་པ་གང་ཞེ་ན། གང་གིས་འདོད་ཆགས་ཀྱི་ཡུལ་ལམ་ཞེ་སྡང་གི་ཡུལ་ཐོབ༌[^499]པར་བྱ་བ་དང་ཕྲ
1058	line-end	36		ཞེ་འགྲས་པ་གང་ཞེ་ན་གང་གིས་གང་ཞིག་དང་རྩོད་པ་སྔོན་དུ་སོང་བའམ། ཕྱིས་འབྱུང་བའི་བསམ་པ་
1059	terminal-particle	35		དགེ་བ་གང་ཞེ་ན་མ་ཆགས་པ་དང་སྙིང་རྗེ་ལ་སོགས་པ་དང་མཚུངས་པའི་སེམས་ཀྱིས་བསླང་བའི་ལུས་ད
1060	terminal-particle	20		ཚིག་གསལ་བ་གང་ཞེ་ན། ལྕེ་ལ་ཉེས་པ་མེད་ཅིང་ལུས་ཡོངས་སུ་དར་བས་ཆེད་དུ་སྨྲས་པའོ། །
1061	terminal-particle	14		བདེན་པ་གང་ཞེ་ན་དངོས་པོ་དང་མཐུན་པའི་ཚིག་ཏུ་བརྗོད་པའོ། །
1062	terminal-particle	13		མི་བདེན་པ་གང་ཞེ་ན། དངོས་པོ་དང་མི་མཐུན་པར་སྨྲ་བའོ། །
1063	terminal-particle	16		ངེས་པ་གང་ཞེ་ན་སོམ་ཉི་རྣམ་པར་སྤངས་པའི་སེམས་པ་དང༌[^504]དེའི་ལས་སོ། །
1064	terminal-particle	18		ཉེ་བར་མི་ལེན་པ་གང་ཞེ་ན། དངོས་པོ་ཐམས་ཅད་བདག་གིར་བྱེད་པར་མི་འདོད་པའོ། །
1065	terminal-particle	26		སྦྱིན་པ་པོ་གང་ཞེ་ན་གང་གིས་རང་གི་སྡུག་པ་དང་མི་སྡུག་པ་ཐམས་ཅད་ཡོངས་སུ་གཏོང་ཞིང་འཛིན
1066	terminal-particle	16		སྐུལ་བ་གང་ཞེ་ན་ལེ་ལོ་ཅན་དག་ལ་ཀུན་དུ་སྤྲོ་བ་སྐྱེད་པའོ། །
1067	line-end	22		དཔའ་བ་གང་ཞེ་ན་གང་གིས་གང་ཞིག་ཕམ་པར་བྱེད་པ་དང་དེར་སེམས་པ་འཇིགས་པ་དང་བྲལ་བའོ། །
1068	terminal-particle	22		ངོ་ཚ་མེད་པ་གང་ཞེ་ན་རིགས་དང་ཆོས་ཡོངས་སུ་སྤངས་ཏེ་ཚུལ་བཞིན་མ་ཡིན་པའི་ལས་བྱེད་པའོ། །
1069	terminal-particle	5		སྒྱུ་གང་ཞེ་ན། གཞན་སླུ༌[^505]བའོ། །
1070	terminal-particle	12		གདུག་པ་གང་ཞེ་ན། ཉོན་མོངས་པས་ཉེས་པ་མི་བརྗོད་པའོ། །
1071	terminal-particle	11		མི་སྲུན་པ་གང་ཞེ་ན་བཤགས་ཀྱང་མི་ཉན་པའོ། །
1072	terminal-particle	12		གྱ་གྱུ་ཆེ་བ་གང་ཞེ་ན་གང་གིས་གཡོ་བྱེད་པའོ། །
1073	terminal-particle	7		གཡོ་ཡང་དེའི་གནས་སྐབས་ཉིད་དོ། །
1074	terminal-particle	29		གང་འདི་དག་ལ་ཡང་གང༌[^506]གིས་སེམས་པའི་བྱེ་བྲག་དང་ཡུལ་གྱི་བྱེ་བྲག་གིས་དམན་པ་དང་། བ
1075	terminal-particle	19		གང་གིས་དེ་དང་ལྡན་པ་དེས་ཀྱང་དེར་འགྱུར་བ་དེའི་ཕྱིར་དེ་ལ་དེ་སྐད་ཅེས་བྱའོ། །
1076	terminal-particle	27		དེའི་མིང་ནི་ཐབས་ཞེས་བྱ་བ་སྟེ་གང་ཞིག་གང་ལ་ལྟོས་པ༌[^508]དེ་དང་གང་ཞིག་མཐུན་པར་སྣང་བ
1077	line-end	32		སྣང་བ་མཆེད་པ་ཞེས་བྱ་བ་ཡང་རང་བཞིན་གྱིས་ཡོངས་སུ་མཆེད་པར་འགྱུར་བ་སྟེ། གང་ཞིག་གང་ལ་ག
1078	terminal-particle	26		ཡང་ན་རང་བཞིན་འཁྲུལ་པ་རགས་པར་སྣང་བ་སྟེ། གང་ཞིག་ཀུན་དུ་གང་ལ་གང་དུ་འབྱུང་བ་དེ་ལ་དེ་
1079	line-end	30		ཡང་ན་རླུང་གིས་ཀུན་དུ་བསྐྱོད་པ་ཉིད་དེ། གང་ཞིག་གང་གི་རླུང་གིས་གང་ལ་གང་ཀུན་དུ་མཆེད་
1080	verse-stanza	15		[^509]དེ་ནས་སྣང་བ་ཐོབ་པའི་དོན་བཤད་པ། །↵རིག་ཆེན་རང་ཉིད་རྩ་བ་སྟེ། །
1081	terminal-particle	21		ཞེས་པ་གང་གིས་གང་ཞིག་ཡོངས་སུ་རིག་པར་འགྱུར་བ་སྟེ་དེ་ལས་བཟློག་པ་ནི་མ་རིག་པའོ། །
1082	terminal-particle	14		གང་ཞིག་གང་དང་མཐུན་པར་འགྱུར་བ་དེ་ལ་དེ་སྐད་ཅེས་བྱའོ། །
1083	terminal-particle	15		བདག་ཉིད་གང་ལ་གང་དུ༌[^510]གནས་པར་འགྱུར་བ་དེ་ལ་དེ་སྐད་ཅེས་བྱའོ། །
1084	terminal-particle	6		སྣང་བ་ནི་ཁོལ་བུར་གཡོའོ། །
1085	line-end	9		སྣང་བ་མཆེད་པ་ནི་ཀུན་དུ་རྒྱས་སོ། །
1086	verse-stanza	13		ཐོབ་པ་ནི་ལོག་པ་ཉིད་དོ། །↵མ་རིག་པ་ལས་འདི་འབྱུང་འགྱུར། །
1087	terminal-particle	42		ཞེས་པ་ནི་ཆགས་པ་བར་མ་དང་བརྗེད་ངས་པ་དང་། འཁྲུལ་པ་དང་། མི་སྨྲ་བ་དང་། སྐྱོ་བ་དང་། ལེ
1088	terminal-particle	31		དེ་ལ་ཆགས་པ་བར་མ་གང་ཞེ་ན། །གང་གིས༌[^512]ཆགས་པ་མེད་པ་ཡང་མ་ཡིན་ལ་ཆགས་པ་ཆེན་པོ་ཡང་མ་
1089	line-end	40		བརྗེད༌[^513]ངས་པ་གང་ཞེ་ན་སེམས་ཀུན་དུ་འཁྲུགས་པས་དོན་དུ་མི་གཉེར་བ་ཉིད་དང་། ཀུན་དུ་
1090	terminal-particle	42		འཁྲུལ་པ་གང་ཞེ་ན་གང་གིས་སེམས་རྣམ་པ་གཞན་ལ་གཞན་དུ་འདི༌[^516]འཛིན་པ་ལ་སོགས་པ་སྟེ་གང་
1091	terminal-particle	20		མི་སྨྲ་བ་གང་ཞེ་ན། ངག་གི་ལས་སྤངས་པ་སྟེ་ཐ་སྙད་རྣམས་རབ་ཏུ་སྤངས་པ་ཉིད་དོ། །
1092	terminal-particle	29		སྐྱོ་བ་གང་ཞེ་ན་གང་གིས་གང་ལ་ཀུན་དུ་འཁྱུད་པ་ལ་སོགས་པ་སྟེ། སྐྱོ་བ་ཉིད་སྐྱོ་བས་དེ་དག
1093	line-end	59		ལེ་ལོ་གང་ཞེ་ན་གང་གིས་དོན་མེད་པའི་ལས་སྔོན་དུ་སོང་བས་གང་ལ་གང་དུ་གནས་པར་འགྱུར་བ་ལ་ས
1094	terminal-particle	60		ཐེ་ཚོམ་གང་ཞེ་ན། ལམ་དང་འབྲས་བུ་ལ་སོགས་པ་ལ་གང་ཡིད་གཉིས་ཟ་བ་སྟེ༌[^518]གྲུབ་པ་མེད་པ་
1095	terminal-particle	11		འདི་དག་ཡོངས་སུ་འཕེལ་བ་དང་འགྲིབ་པར་བྱེད་པའོ། །
1096	terminal-particle	23		དེ་ཅིའི་ཕྱིར་ཞེ་ན། གང་གིས་དེ་དག་འཕེལ་བ་དང་འགྲིབ་པར་ནུས་པ་དེའི་ཕྱིར་དེ་ལ་དེ་སྐད་ཅ
1097	terminal-particle	40		[^520]དེ་ནས་སྣང་བ་གསུམ་གྱི་གོ་རིམས༌[^521]གཏན་ལ་དབབ་པར་བྱ་བའི་ཕྱིར། གང་ཡང་རྣམ་ཤེས
1098	ordinal-open	19		གཉིས་པ་སྣང་བ་མཆེད་པ༌[^522]སྟེ། །ཞེས་བྱ་བ་ནི་སྣང་བ་མཆེད་པ༌[^523]ནི་སྣང་བ་ལ་ལྟོས༌[
1099	verse-stanza	15		དེ་ནི་སྟོང་པ་ཆེར་འགྲོ་ལ། །↵ཞེས་པ་ནི་སྣང་བ་ཐོབ་པ་ཉིད་དོ། །
1100	terminal-particle	5		གཉིས་སྔོན་དུ་འགྲོ་བའོ། །
1101	terminal-particle	6		དེ་ཡང་འོད་གསལ་བར་འགྲོའོ། །
1102	terminal-particle	15		ཞེས་པ་ནི་དེས་ཐམས་ཅད་སྟོང་པ་འོད་གསལ་བ་ཐོབ་པར་འགྱུར་རོ། །
1103	terminal-particle	59		འདི་དག་གི༌[^525]གོ་རིམས༌[^526]ཀྱང་སློབ་པའི༌[^527]གོ་རིམས༌[^528]དང་རང་བཞིན་འབྱུང་
1104	terminal-particle	32		གང་གི་ཚེ་བ་ལང་གི་ཀོ་བ་ལ་ལོབས་པ་དེའི་ཚེ་ཤིང་ལེབ་ལ་སློབ་པར་བྱེད་དོ་ཞེས་བྱ་བ་ལ་སོགས
1105	terminal-particle	7		འདི་ནི་སློབ་པའི་གོ་རིམས༌[^532]ཉིད་དོ། །
1106	line-end	53		རང་བཞིན་འབྱུང་བའི་གོ་རིམས༌[^533]ནི་མ་བཅོས་པར་ཡོད་པའི་ཆོས་ཏེ་འདི་ལྟར་རླུང་ལས་ནི་ར
1107	verse-stanza	26		བསྐྱེད་པའི་རིམ་ལ་ལེགས་གནས་ཤིང་། །↵རྫོགས་པའི་རིམ་པ་འདོད་རྣམས་ལ། །↵ཐབས་འདི་རྫོགས་པ
1108	terminal-particle	16		ཞེས་བྱ་བ་ལ་སོགས་པའི་སྒྲའི་རྗེས་སུ་འབྲངས་ཏེ་གསུངས་པ་ཤེས་པར་བྱའོ། །
1109	line-end	24		འོད་གསལ་བ་ལས་ནི་སྣང་བ་ཐོབ་པ་འབྱུང་ངོ་ཞེས་བྱ་བ་ལ་སོགས་པས་ནི་མཐར་ཕྱིན་པའི་གོ་རིམས༌
1110	terminal-particle	42		དེ་བས་ན་གང་གིས་གང་ཞིག་ལེགས་པར་རྟོགས་པར་འདོད་པ་དང་མྱུར་དུ་རྟོགས་པར་འདོད་པ་དང་། ཐབ
1111	line-end	194		དེ་བས་ན༌[^536]སྣང་བ་གསུམ་པ་འདིས༌[^537]ནི་སེམས་ཅན་ཐམས་ཅད་འཕེལ་བ་དང་འགྲིབ་པར་བྱེད་
1112	terminal-particle	159		སྣང་བ་མཆེད་པའི་མཚན་ཉིད་ཇི་ལྟ་བུ་ཞེ་ན་གཟུང་བ་དང་འཛིན་པ་དང་བྲལ་བ་ལུས་དང་ངག་མེད་པ་ས
1113	line-end	106		སྣང་བ་ཐོབ་པའི་མཚན་ཉིད་གང་ཞེ་ན་ནམ་མཁའི་མཚན་ཉིད་དངོས་པོ་ཐམས་ཅད་དང་བྲལ་བ་ལུས་དང་ངག་
1114	verse-stanza	20		འདི་དག་གིས་ལས་ཅི་བྱེད་ཅེ་ན། །↵སེམས་ཅན་ཁམས་ནི་མ་ལུས་པའི། །↵རང་བཞིན་རྩ་བ་ཉིད་ཡིན་ན
1115	line-end	32		ཞེས་པ། སེམས་ཅན་ཐམས་ཅད་ཡོངས་སུ་སྐྱེ་བ་དང་ཀུན་དུ་འཆི་བ་ལ་སོགས་པ་བྱེད་པ་སྟེ། བྱམས་པ
1116	terminal-particle	51		དེས་ན༌[^547]ཡུལ་འདི་དག་ལ་ནི་ཤེས་པས་སོ་སོར་ངེས་པར་འཛིན་ཏེ་དེའི་རླུང་གིས་ཉེ་བར་བླང
1117	line-end	11		དེ་བས་ན་ཞེས་བྱ་བ་ལ་སོགས་པར་སྣང་བའོ། །
1118	verse-stanza	18		གང་གི་སྟོབས་ཀྱིས༌[^548]འབྱུང་ཞེ་ན།↵དེ་ནི་རེ་རེའི་དོན་སྣང་བ། །↵རླུང་གིས་བླངས་ནས་འ
1119	terminal-particle	12		ཞེས་པ་རླུང་གིས་ཤེས་པ་ཀུན་དུ་གཡོ་བར་འགྱུར་རོ། །
1120	terminal-particle	8		ཤེས་པས་ནི་ཡུལ་འཛིན་པར་འགྱུར་རོ། །
1121	terminal-particle	26		རླུང་དང་རྣམ་ཤེས་ནི་རླུང་དང་རྣམ་ཤེས་ཏེ་ལྷན་ཅིག་ཏུ་འབྱུང་ཞིང་མཚུངས་པར་ལྡན་པའི་ཕྱིར
1122	line-end	6		དེ་གང་ལ་གནས་ཤེ་ན།
1123	verse-stanza	13		རླུང་དང་ལྡན་པའི་རྣམ་ཤེས་ནི། །↵རྟག་ཏུ་འགྲོ་ལ་གནས་པར་འགྱུར། །
1124	terminal-particle	23		ཞེས་པ་སྟེ་རླུང་དང་ཤེས་པ་གཉིས་ནི་འགྲོ་བ་ཐམས་ཅད་ལ་གནས་པར་འགྱུར་རོ་ཞེས་བྱ་བའི་དོན་ཏ
1125	terminal-particle	78		དེ་དག་གི་དོན་ནི་འདི་སྐད་དུ་སྟོན་ཏོ།[^549] །ཤེས་པ་བེམས་པོའི་ངོ་བོ་ལས་ལོག་ཅིང་རང་ར
1126	terminal-particle	13		གང་རྣམ་པར་རིག་པ་དེ་ནི་གཙོ་བོ་ཡིན་པར་འགྱུར་རོ། །
1127	terminal-particle	17		གང་གཙོ་བོ་ཡིན་པ་དེ་ནི་ངེས་པར་གཟུང་བ་ཉིད་དང་ལྡན་པར་འགྱུར་རོ། །
1128	line-end	18		གང་ངེས་པར་གཟུང་བ་གཉིས༌[^552]ལྡན་པ་དེ་ནི་ངེས་པའི༌[^553]ཤེས་པ་མྱུར་དུ་སྐྱེ་བར་འགྱུ
1129	terminal-particle	28		དེ་བས་ན་གང་དང་གང་ལྡན་པ་དེ་ལ་དེ་དང་དེས་གང་དུ་ངེས་པར་རྟོགས་པ་དེ་ནི་དཀའ་བ༌[^554]མ་ཡ
1130	terminal-particle	40		སེམས་དེ་ལས་ཀྱང་། རང་བཞིན་ཇི་ལྟར་འབྱུང་བར་འགྱུར། །ཞེས་ཉེ་བར་རྟོག་པ་གང་དག་ལ་རབ་ཏུ་
1131	line-end	21		རྣམ་ཤེས་གསུམ་གྱི་བཞོན་པ་ཡིན། །ཞེས་པ་སྣང་བ་ལ་སོགས་པའི་ཤེས་པའི་བཞོན་པར་གྱུར་པ་ཉིད་
1132	verse-stanza	13		དེ་ཡི་རང་བཞིན་རྟག་ཏུ་ནི། །↵ཇི་ལྟ་ཇི་ལྟར་འགྲོ་བར་འགྱུར། །
1133	terminal-particle	28		ཞེས་པ་ཤེས་པ་པོ་ལ་ཡུལ་ལ་དམིགས་པ༌[^556]ལས་རང་བཞིན་དེ་དང་དེའི་རྣམ་པ་མ་ལུས་པ་དུས་ཐམས
1134	line-end	55		ཇི་སྐད་དུ་བཅོམ་ལྡན་འདས་ཀྱིས་ཡེ་ཤེས་རྡོ་རྗེ་ཀུན་ལས་བཏུས་པ་ཞེས་བྱ་བ་ལས་གསུངས་ཏེ། ད
1135	terminal-particle	78		ཨེ་མའོ་སྟོན་པ་རྣམ་པར་ཤེས་པ་གསུམ་པོ་རྟོགས་པར་དཀའ་བ་མཆོག་ཏུ་རྟོགས་པར་དཀའ་བ་སྟེ། རྣ
1136	terminal-particle	12		དེ་ལས་བདག་དང་གཞན་དུ་རྟོག་པ་འབྱུང་བར་འགྱུར་རོ། །
1137	terminal-particle	12		རྣམ་པར་ཤེས་པ་དེ་རླུང་ལ་ཞོན༌[^558]ཏེ་རླུང་ལས་ནི་མེའོ། །
1138	terminal-particle	4		མེ་ལས་ནི་ཆུའོ། །
1139	terminal-particle	4		ཆུ་ལས་ནི་སའོ། །
1140	line-end	38		དེ་དག་ལས་ནི་ཕུང་པོ་ལྔ་དང་། སྐྱེ་མཆེད་དྲུག་དང་། དབང་པོ་ལྔ་རྣམས་ཏེ་དེ་དག་ཐམས་ཅད་ནི
1141	terminal-particle	40		དེ་ནས་ཡེ་ཤེས་ཀྱི་ཕུང་པོ་ལྔ་ཡང་ཉེ་བར་ཐོབ་པར་བྱ་བའི་ཕྱིར། འདི་ནི་ཕུང་པོ་ལྔ་རྣམས་སུ
1142	terminal-particle	33		དེ་ཡང་གང་ཞེ་ན་གཟུགས་ཚོར་བ་ཞེས་བྱ་བ་ལ་སོགས་པ་སྨོས་ཏེ། གཟུགས་ནི་གཟུགས་ཀྱི་ཕུང་པོ་ས
1143	line-end	5		ཚོར་བ་ནི་མྱོང་བའོ། །
1144	verse-stanza	18		འདུ་ཤེས་ནི་མཚན་མར་འཛིན་པ་ཉིད་དོ། །↵འདུ་བྱེད་ནི་མངོན་པར་འདུ་བྱེད་པ་ཉིད་དོ། །
1145	terminal-particle	22		རྣམ་པར་ཤེས་པ་ནི་རྣམ་པར་ཤེས་པའི་ཕུང་པོ་སྟེ་དམིགས་པ་སོ་སོར་རྣམ་པར་རིག་པའི་ཕྱིར་རོ།
1146	terminal-particle	14		འདི་དག་གིས་ནི་སེམས་ཉིད་གཟུགས་སུ་སྣང་བ་ཉིད་དུ་བསྟན་ཏོ། །
1147	terminal-particle	31		གལ་ཏེ་དེ་ལྟ་ན་ནི་གཟུགས་མེད་པ་ལས་ནི་གཟུགས་སུ་སྣང་བས་རྒྱུའི་བྱེད་པ་དང་། འབྲས་བུའི་
1148	line-end	23		འདི་གཉིས་ནི་ངོ་བོ་གཅིག་པ་ཡང་མ་ཡིན་ཏེ། གཟུགས་དང་གཟུགས་མེད་པ་གཅིག་གིས་གཅིག༌[^559]ས
1149	terminal-particle	139		འབྲེལ་པ་ཡོད་པར་ངེས་པ་མེད་དེ། གང་གིས་གང་གི་དུས་ན་རག་ལས་པར་འགྱུར་བ་དང་མེད་ན་མི་འབྱ
1150	line-end	34		བཟང་སྐྱོད་དེ་བཞིན་དུ་རྣམ་པར་ཤེས་པའི་ཁམས་འདི་ཡང་གཟུགས་སུ་མི་དམིགས་ཤིང་གཟུགས་སུ་སྣ
1151	terminal-particle	25		དེ་བས་ན་ཁྱོད་ཀྱི༌[^563]བྱེ་བྲག་དེ་དག་གིས་རྣམ་པར་ཤེས་པའི་ཁམས་རྟོགས་པར་བྱའོ་ཞེས་བྱ
1152	terminal-particle	43		དེའི་ཕྱིར་རླུང་དང་རྣམ་པར་ཤེས་པ་གཟུགས་མེད་པས་རྣམ་པ་གསུམ་མར་གྱི་ནང་དུ་མར་བཅུག་པ་དང
1153	line-end	3		གཞན་ཡང་།
1154	verse-stanza	25		རང་རིག་ཙམ་གྱི་ཡེ་ཤེས་ནི། །↵ནམ་མཁའ་འདྲ་བར་མཚན་ཉིད་མེད། །↵འོན་ཀྱང་དེ་ལ་དབྱེ་བ་ཡོད།
1155	verse-stanza	25		སྣང་བ་དང་ནི་སྣང་བ་མཆེད། །↵དེ་བཞིན་སྣང་བ་ཐོབ་པ་དེ། །↵སེམས་ནི་རྣམ་པ་གསུམ་དུ་བཤད། །
1156	line-end	13		ཕྲ་བའི་གཟུགས་ཅན་རླུང་དང་ནི། །ཡེ་ཤེས་དག་ནི་འདྲེས་འགྱུར་པ།[^565] །
1157	verse-stanza	25		དབང་པོའི་ལམ་ནས་བྱུང་ནས་ནི། །↵ཡུལ་རྣམས་ལ་ནི་དམིགས་པར་བྱེད། །↵གང་ཚེ་སྣང་བ་ལྡན་གྱུར
1158	verse-stanza	27		དེ་ཚེ་རང་བཞིན་དེ་ཐམས་ཅད། །↵མ་ལུས་ལུས་པ་མེད་པར་འབྱུང་། །↵རླུང་ནི་གང་དང་གང་དུ་གནས།
1159	line-end	10		ཞེས་བྱ་བ་ལ་སོགས་པ་རྒྱ་ཆེར་གསུངས་སོ། །
1160	terminal-particle	51		གཞུང་གཞན་དག་ལས་ཀྱང་རྣམ་པར་ཤེས་པ་འདིས་ནི་ཇི་སྲིད་དུ་ལུས་སྐྱེ་བར་བྱེད། འཆི་བར་བྱེད
1161	terminal-particle	75		དེ་ནས་ཡེ་ཤེས་ལྔའི་མཚན་ཉིད་རྒྱས་པར་བཤད་པར་བྱ་སྟེ་དེའི་ཕྱིར། མཉམ་ཉིད་སོ་སོར་རྟོག་པ
1162	line-end	26		གང་གིས་གང་གི་དེ་ཉིད་ཡོངས་སུ་ཤེས་པར་གྱུར་པ་དེ་ནི་དེའི་ཡེ་ཤེས་ཡིན་པའི་ཕྱིར་དེ་ལ་དེ
1163	terminal-particle	41		གང་གི་ཕུང་པོ་དང་ཁམས་དང་སྐྱེ་མཆེད་དང་། རྟེན་ཅིང་འབྲེལ་པར་འབྱུང་བ་དང་། ཕྱི་དང་ནང་ག
1164	terminal-particle	48		ཆོས་ཐམས་ཅད་ཀྱི་ཆ་ཤས་ནི་འདི་དག་གོ་ཞེས་པདྨའི་འདབ་མ་ལྟར་སོ་སོར་རྟོག་པ་སྟེ་གང་ལ་གང་ག
1165	terminal-particle	45		བྱ་བ་གྲུབ་པས་ན་བྱ་བ་གྲུབ་པ་ཉིད་དེ། བདག་དང་གཞན་གྱི་བྱ་བ༌[^571]ལུས་དང་ངག་དང་ཡིད་ཀྱ
1166	terminal-particle	44		མེ་ལོང་ནི་མེ་ལོང་ལྟ་བུའི་ཡེ་ཤེས་ཏེ། ཕྱི་དང་ནང་གི༌[^572]ཆོས་ཐམས་ཅད་མེ་ལོང་གི༌[^57
1167	terminal-particle	89		ཆོས་ཀྱི་དབྱིངས་ནི་ཆོས་ཀྱི་དབྱིངས་ཀྱི་ཡེ་ཤེས་ཏེ་ལུས་དང་ངག་དང་ཡིད་ཀྱི་སྒྲིབ་པ་དག་ཅ
1168	terminal-particle	68		དེ་ནས་སེམས་དེ་ཉིད་སྐྱེ་མཆེད་ཀྱི་ངོ་བོར་ཡང་འགྱུར་རོ་ཞེས་བྱ་བ་དེ་ཉིད་བསྟན་པའི་ཕྱིར
1169	terminal-particle	30		མིག་དང་ཞེས་བྱ་བ་ལ་སོགས་པ་ནི་ཡུལ་གཅིག་པ་ཉིད་དེ་རང་གི་ཡུལ་ལ་དམིགས་པ་དང་། རང་གི་མཚན
1170	line-end	37		དེའི་སེམས་ལ་དམིགས་པ་ནི་གནས་པའི་རླུང་ལ་དབང་ཐོབ་ནས་འབྱུང་ངོ་། །གང་གིས་གནས་པ་ནི་གང་
1171	verse-stanza	20		གང་ཡང་ཁམས་གསུམ་སེམས་ཅན་རྣམས། །↵ཞེས་བྱ་བ་ལ་སོགས་པ་གསུངས་ཏེ།↵ཐེག་པ་ཆེན་པོའི་རིགས་ཅ
1172	line-end	18		སྲོག་དང་རྩོལ་བ་ནི་སྲོག་དང་རྩོལ་བ༌[^576]སྟེ་རྩ་བ་དང་ཡན་ལག་གི་རླུང་ངོ་། །
1173	terminal-particle	18		འདི་ལ་བརྟེན༌[^577]ནས་ཅི་བྱེད་ཅེ་ན། གསང་སྔགས་རྒྱལ་པོ་སྟེ། རྡོ་རྗེ༌[^578]བཟླས་པ་ཞེ
1174	line-end	28		འདི་དག་ནི་འོག་ནས། །སྣ་ཡི་རྩེ་མོར་ཡུངས་ཀར་བསམ། །ཞེས་བྱ་བ་ལ་སོགས་པས་ཀྱང་སྟོན་ལ། འད
1175	verse-stanza	26		སངས་རྒྱས་ལྔ་ཡི་རིགས་གནས་པ། །↵སྣ་རྩེའི་བུ་ག་ལས་བྱུང་ཞིང་། །↵རླུང་ལྔ་སྟེང་དུ་ཡང་དག
1176	verse-stanza	27		ཀུན་རྫོབ་སྣར་ནི་སྤྱོད་པར་ནི། །↵སྒོ་དེ་ལས་ནི་རྣམ་པར་འབྱུང་། །↵གཡོན་དང་གཡས་དང་གཉི་
1177	terminal-particle	16		ཞེས་བྱ་བ་ལ་སོགས་པ་གསུངས་ཏེ་འདི་དག་གིས་རྒྱས་པར་ཤེས་པར་བྱའོ། །
1178	line-end	19		འོག་ནས་སོ་སོར་སྡུད་དང་ཞེས་བྱ་བ་ལ་སོགས་པའི་སྐབས་སུ་ཡང་འཆད་པར་འགྱུར་རོ། །
1179	terminal-particle	23		མི་ཤེས་བསམ་གཏན་ཀློག་པ་སྤངས། །ཞེས་པ་འདིས༌[^580]ནི་སློང་མོ་ཟ་ཞིང་མི་བཟླས་ཏེ་ཞེས༌[^
1180	terminal-particle	46		འདིར་ནི་སྒོམ་པའི་རྟེན་དང་ཐབས༌[^582]སྤང་བར་བྱ་བ་ཙམ་ཞིག་དངོས་སུ་བསྟན་ལ། ཡོན་ཏན་དང་
1181	terminal-particle	8		རྒྱས་པར་ནི་འོག་ནས་ཤེས་པར་བྱའོ། །
1182	terminal-particle	39		དེ་ནས་དགེ་བ་དང་མི་དགེ་བའི་ལས་དང་འབྲས་བུ་སེམས་ལས་འབྱུང་ངོ་ཞེས་བསྟན་པའི་ཕྱིར། འབྱུ
1183	line-end	6		རང་བཞིན་ནི་བཤད་ཟིན་ཏོ། །
1184	terminal-particle	20		དགེ་དང་མི་དགེ་བའི་ལས་ཞེས་པ་ནི་འདི་ལས་དགེ་བ་དང་མི་དགེ་བའི་ལས་བྱུང་ཞེའོ། །
1185	quote-close	29		དེ་ལས་སྐྱེ་བ་འབྱུང་བ་ཡིན། ཞེས་བྱ་བ་ནི་བཟང་པོ་དང་ངན་པ་དང་འདོད་པ་དང༌[^586]མི་འདོད་
1186	line-end	30		འདི་དག་རྒྱས་པར་ནི་བཅོམ་ལྡན་འདས་ཀྱིས༌[^587]རྡོ་རྗེ་གཙུག་ཏོར་གྱི་རྒྱུད་ལས་གསུངས་ཏེ
1187	verse-stanza	20		ལུས་ཀྱི་ཉེས་པར་སྤྱོད་པ་ནི་རྣམ་པ་གསུམ་མོ། །↵ངག་གི་ཉེས་པར་སྤྱོད་པ་ནི་རྣམ་པ་བཞིའོ། 
1188	terminal-particle	22		ཡིད་ཀྱི་ཉེས་པར་སྤྱོད་པ་ནི་རྣམ་པ་གསུམ་སྟེ་དེ་དག་གིས་སེམས་ཅན་དམྱལ་བར་ལྟུང་བར་འགྱུར
1189	line-end	30		ཕྱག་ན་རྡོ་རྗེས་གསོལ་བ་ལུས་ཀྱི་ཉེས་པར་སྤྱོད་པ་དང་ངག་གི་ཉེས་པར་སྤྱོད་པ་དང་། ཡིད་ཀྱ
1190	verse-stanza	13		བཅོམ་ལྡན་འདས་ཀྱིས་བཤད་དུ་གསོལ། །↵བདེ་བར་གཤེགས་པས་བཤད་དུ་གསོལ། །
1191	terminal-particle	47		བཅོམ་ལྡན་འདས་ཀྱིས་བཀའ་སྩལ་པ། གསང་བའི་བདག་པོ་ཉེས་པར་སྤྱོད་པ་དེ་ཉིད་ནི་ཐ་མལ་པ་རྣམས
1192	line-end	31		སྲོག་གཅོད་པ་ལ་སོགས་པ་མི་དགེ་བའི་ལས་ཀྱི་ལམ་རྣམས་ནི་ཉེས་པར་སྤྱོད་པ་ཐ་མལ་པའོ་ཞེས་བྱ
1193	line-end	40		དེ་ནས་ཕུང་པོ་ལྔ་ནི་ཡོངས་སུ་དག་པའི་རིགས་ལྔར་བསྐྱེད་པའི་རིམ་པར་འགྱུར་ལ། དེ་དག་སྒྱུ
1194	verse-stanza	14		འགྲོ་བར་འབྱུང་བའི༌[^588]ཕུང་པོ་ཡང་། །↵ཞེས་བྱ་བ་ལ་སོགས་པ་སྨོས་ཏེ། །
1195	terminal-particle	10		འགྲོ་བར་འབྱུང་བའི༌[^589]ཕུང་པོ་ནི་གཟུགས་ལ་སོགས་པའོ། །
1196	terminal-particle	37		སངས་རྒྱས་ལྔ་ཡི་བདག་ཉིད་དེ། །ཞེས་བྱ་བ༌[^590]ནི་རྣམ་པར་སྣང་མཛད་ལ་སོགས་པ་སངས་རྒྱས་ཀ
1197	terminal-particle	26		མངོན་པར་བྱང་ཆུབ་པ་རྣམ་པ་ལྔ་ནི་ས་བོན་ཡོངས་སུ་རྫོགས་པར་འདོད་པས་ཟླ་བ་ལ་སོགས་པ་ཡོངས་
1198	line-end	16		མིང་གིས་བསྐུལ་བ་ནི་མིང་གིས་བསྐུལ་བ་སྟེ་རང་གི་རྐྱེན་གྱིས་བསྐུལ་བའོ། །
1199	terminal-particle	26		ཡང་ན་མིང་གིས་བསྐུལ་བ་ནི་སེ་གོལ་གྱི་སྒྲས་བསླངས༌[^591]ཏེ་གང་གིས་དེ་ཁོ་ན་ཉིད་གསལ་བ་
1200	terminal-particle	63		དེ་ནས་ས་ལ་སོགས་པ༌[^592]འབྱུང་བ་ལྔ་པོ་འདི་དག་ནི་སྤྱན་མ་ལ་སོགས་པ་ཡུལ་གྱི་རང་བཞིན་ན
1201	terminal-particle	15		གཤེར་བ་དང་སྡུད་པར་བྱེད་པའི་ཆུ་ནི་མཱ་མ་ཀཱིའི་རང་བཞིན་ནོ། །
1202	terminal-particle	17		ཚ་བ་དང་སྨིན་པར་བྱེད་པའི་རང་བཞིན་མེ་ནི་གོས་དཀར་མོའི་རང་བཞིན་ནོ། །
1203	terminal-particle	11		ཡང་ཞིང་གཡོ་བའི་རླུང་ནི་སྒྲོལ་མའི་རང་བཞིན་ནོ། །
1204	terminal-particle	21		ཡེ་ཤེས་བདག་ཉིད་སྤྱན༌[^593]གསུམ་ནི། གང་ལ་གང་དུ་ཇི་ལྟར་གནས་པ་དེ་དང་དེ་ལ་དེ་སྐད་ཅེས
1205	line-end	9		ལྷག་མས་ནི་ཡོན་ཏན་བསྟན་པ་ཉིད་དོ། །
1206	terminal-particle	80		དེ་ནས་སྐུ་དང་གསུང་དང་ཐུགས་བྱིན་གྱིས་བརླབ་པ་བསྟན་པར་བྱའོ་ཞེས་བྱ་བ་འབྱུང་བས་དེ་བཤད
1207	terminal-particle	20		མིག་ལ་སོགས་པའི་བདག་ཉིད་དེར། །ཞེས་བྱ་བ༌[^596]ནི་མིག་དང་རྣ་བ་ལ་སོགས་པའི་ནང་ལ་སོགས་
1208	line-end	30		ཅི་བྱ་ཞེ་ན་ས་སྙིང་ལ་སོགས་རབ་ཏུ་བརྟག །ཅེས་པ༌[^597]སྟེ་མིག་ལ་སོགས་པར་སའི་སྙིང་པོ་ལ
1209	terminal-particle	51		དེ་ནས་བདུད་ཐམས་ཅད་དང་བར་དུ་གཅོད་པ་ཐམས་ཅད་སྤང་བར་བྱ་བའི་ཕྱིར་ལུས་འདི་ནི་ཁྲོ་བོ་བད
1210	terminal-particle	23		ཁྲོ་བོའི་རྒྱལ་པོ་ནི་ཁྲོ་བོའི་རྒྱལ་པོ་སྟེ། གང་ཞིག་གང་ལས་གང་དུ་གྱུར་པ་དེ་ལ་དེ་སྐད་
1211	line-end	27		དེ་ཉིད་ནི་སྟོབས་ཆེན་ཏེ་གདུག་པ་ཐམས་ཅད་འདུལ་བའི་སྟོབས་ཆེན་པོ་དང་ལྡན་པ་གང་ཡིན་པ་དེ་
1212	verse-stanza	19		དགོད་པའི་གནས་བསྟན་པ་གསུངས་པ། །↵དེ་ནི་ཕྱོགས་མཚམས་ངོ་བོ་རུ། །↵དཔུང་པ་ཡན་ལག་རྣམས་སུ
1213	terminal-particle	32		[^599]ཅེས་པ་ནི་ཕྱི་རོལ་གྱི་ཕྱོགས་དང་མཚམས་ཀྱི་ངོ་བོ་དང་ནང་གི་དཔུང་པ་ལ་སོགས་པར་གང་
1214	line-end	18		འདི་དག་གིས་ནི་སྤྲུལ་པའི་དཀྱིལ་འཁོར་སྦྱོར་བ་གསུམ་ཡང་གསུངས་ལ། སྦྱོར་བ་གཅིག་ཀྱང༌[^6
1215	line-end	5		འདི་དག་རྒྱས་པར་ནི། །
1216	verse-stanza	25		སེམས་ཀྱིས་གཞན་ནི་མི་བསམ་པར། །↵སེམས་དཔའ་ཆེན་པོས་མཉན་པར་གྱིས། །↵རྡོ་རྗེ་སློབ་དཔོན་
1217	verse-stanza	13		དང་པོ་སྐུ་ཡི་རྡོ་རྗེ་ནི། །↵ཞེས་བྱ་བ་འོག་ནས་འཆད་དོ། །
1218	terminal-particle	128		ཡང་འདི་སྐད་དུ། གང་གི་ཕྱིར་སྤྲུལ་པའི་སྐུ་གསང་བ་འདི་དངོས་སུ་ཐ་དད་པའམ། ཐ་མི་དད་པའམ་
1219	terminal-particle	63		འདི་དག་གིས་ཀྱང་འདི་སྐད་དུ་སྟོན་པར་འགྱུར་ཏེ། གང་གི༌[^602]ཕྱིར་དེ་བཞིན་གཤེགས་པ་ཐམས
1220	quote-close	17		འདི་དག་གིས་ནི་ལྷའི་སྐུ་སྣ་ཚོགས་པར་སྣང་བ་དྲང་བའི་དོན་ཡིན་ཞེས་པའོ། །
1221	line-end	59		འོ་ན་ངེས་པའི་དོན་གང་ཡིན་ཇི་ལྟར་མཐོང་ཞེ་ན། གཉིས་སུ་མེད་ཅིང་དབྱེར་མེད་པ་རང་བཞིན་གྱ
1222	terminal-particle	17		གཉིས་མེད་མཐོང་བ་ནི་གཉིས་མེད་མཐོང་བ་སྟེ་གང་གིས་འོད་གསལ་བ་མཐོང་བའོ། །
1223	terminal-particle	30		དེས་ཅིར་འགྱུར་ཞེ་ན། ཡེ་ཤེས་གསུམ་མཐོང་ཕྱིར་ཞེས་པ་སྣང་བ་གསུམ་གྱི་དེ་བཞིན་ཉིད་གང་དུ
1224	terminal-particle	35		འདི་དག་གིས་ནི་དེ༌[^608]ཁོ་ན་ཉིད་གང་ཡིན་པ་འདི་ཉིད་ངེས་པའི་དོན་ཡིན་ལ་བླང་བར་བྱ་བ་ཡ
1225	line-end	17		འོ་ན་ཅི་རྙེད་པར་འགྱུར་ཞེ་ན། སྣང་བ་ལ་སོགས་པས་རྙེད་པར་འགྱུར་བའི་ཕྱིར།
1226	verse-stanza	12		དམན་དང་བར་མ་མཆོག་དང་ནི། །↵དམ་པའི་ཡུལ་ལ་གཞག་པར༌[^609]བྱ། །
1227	terminal-particle	22		ཞེས་པ་སྣང་བ་དང་སྣང་བ་མཆེད་པ་དང་། སྣང་བ་ཐོབ་པ་ལ་གནས་པར་བྱ་ཞེས་པའི་དོན་ཏོ། །
1228	line-end	98		དེ་ནས་ལངས་པའི་དུས་སུ་སྤྱོད་ལམ་ལ་མི༌[^610]གནས་ན་ཡོངས་སུ་གྲོལ་བར་མི་འགྱུར་བས་མཐོང་
1229	terminal-particle	16		དེ༌[^618]ཅིའི་ཕྱིར་ཞེ་ན། ཡུལ་གཅིག༌[^619]ལ་འདོད་པའི་དབང་གིས་ཐ་དད་དུ་གནས་པའི་ཕྱིར་
1230	line-end	33		ཡང་ཡུལ་འདི་དག་ནི་སེམས་ཙམ་ཉིད་ཡིན་ཏེ། ཡོད་པ་མ་ཡིན་པ་ལ་དོན་དུ་སྣང་བ་ཉིད་དེ་རབ་རིབ་
1231	verse-stanza	12		ཇི་ལྟར་བྱིས་པས་རྣམ་བརྟགས༌[^620]པའི། །↵ཕྱི་རོལ་དོན་ནི་ཡོད་མ་ཡིན། །
1232	terminal-particle	40		བག་ཆགས་ཀྱིས༌[^621]ནི་དཀྲུགས༌[^622]པའི་སེམས། །དོན་དུ་སྣང་བར་རབ་ཏུ་འབྱུང་། །ཞེས་པ་
1233	terminal-particle	20		དེ་བས་ན་ཕྱག་ན་རྡོ་རྗེས་བཤད་པ། ཐབས་ཀྱི་རྒྱུད་དུ་ནི་ཤེས་རབ་ཀྱི་རྒྱུད་ཤེས་པར་བྱའོ། 
1234	line-end	25		ཤེས་རབ་ཀྱི་རྒྱུད་དུ་ནི་ཐབས་ཀྱི་རྒྱུད་ཤེས་པར་བྱ་བ་ལ་སོགས་པ་གསུངས་པས་འདི་ནི་འདི་ལྟ
1235	terminal-particle	24		དེ་བས་ན་བདག་ཉིད་ཀྱི༌[^624]སྤྱོད་ལམ་འདི་ནི་བསྟན་པར་འགྱུར་བས་ཀུན་རྟོག་ལ་སོགས་པ་ཉེ་
1236	terminal-particle	48		དེ་ནི་དབང་པོས་གཟུགས་ལ་སོགས་པའི་ཞེན་པ་བཟློག་ནས་བདག་ཉིད་ཚིམ་པར་བྱའོ་ཞེས་འབྱུང་བས་ད
1237	line-end	29		ཅིར་འགྱུར་ཞེ་ན། སྒྲུབ་པ་པོས་ནི་ཡུལ་ཐོབ་པ། །ཞེས་པ། སྒྲུབ་པ་པོ་བདག་ཉིད་ཀྱིས༌[^625]
1238	terminal-particle	92		དེ་ཇི་ལྟར་བྱ་ཞེ་ན། དེ་ནས་དེ་རྣམས་མ་ལུས་པར། །ཚིམ་པར་བྱ་ཕྱིར་དབུལ་བར་བྱ།[^628] །ཞེ
1239	terminal-particle	16		ལ་ལ་ནི་སྒྲའི་ལྷ་མོར་གྱུར་ཏེ་བདག་ཉིད་ཀུན་དུ་མཉེས་པར་གྱུར་ཏོ། །
1240	terminal-particle	16		ལ་ལ་ནི་དྲིའི་ལྷ་མོར་གྱུར་ཏེ་བདག་ཉིད་ཀུན་དུ་མཉེས་པར་གྱུར་ཏོ། །
1241	line-end	16		ལ་ལ་ནི་རོའི་ལྷ་མོར་གྱུར་ཏེ་བདག་ཉིད་ཀུན་དུ་མཉེས་པར་གྱུར་ཏོ། །
1242	terminal-particle	17		ལ་ལ་ནི་རེག་བྱའི་ལྷ་མོར་གྱུར་ཏེ་བདག་ཉིད་ཀུན་དུ་མཉེས་པར་གྱུར་ཏོ། །
1243	terminal-particle	18		ལ་ལ་ནི་སྙོམས་པར་ཞུགས་པའི་ཡུམ༌[^634]དུ་གྱུར་ཏེ་བདག་ཉིད་ཀུན་དུ་མཉེས་པར་གྱུར་ཏོ། །
1244	terminal-particle	51		འདི་དག་གི་དུས་སུ་ཡང་རོལ་པ་སྣ་ཚོགས་ཀྱི་གླུ་དང་རོལ་མོ་སྣ་ཚོགས་ཀྱི་གར་དང་། རོལ་པ་སྣ
1245	terminal-particle	68		[^639]ད་ནི་སྐུ་གསུམ་ཡང་བཤད་པར་བྱ་སྟེ། ཆོས་ཀྱི་སྐུ་ལ་སོགས་པ་འདི༌[^640]གཅིག་པའམ་ཐ་
1246	terminal-particle	8		ཐ་དད་ན་ནི་འགལ་བར་གནས་སོ། །
1247	terminal-particle	37		དེ་སུས་བསྟན་ཞེ་ན། སྐྱོབ་པས་བསྟན་ཏེ་སེམས་ཅན་ཐ་དད་པ་ལ་གཞོལ་བའི་དབང་དུ་བྱ་སྟེ་བཅོམ་
1248	terminal-particle	32		འོ་ན་ངེས་པའི་དོན་དུ་ཇི་ལྟར་བསྟན་ཞེ་ན། རྫོགས་པའི་རིམ་གྱི་སྦྱོར་བ་ཡིས། །ཞེས་པ་ནི་ཆ
1249	line-end	43		ཅིར་འགྱུར་ཞེ་ན། གཅིག་ཏུ་ཡང་ནི་འགྱུར་བ་ཡིན། །ཞེས་པ་དབྱེར་མེད་དོ་ཞེས་པ་སྟེ། གང་ཞིག
1250	verse-stanza	14		གང་ཞིག་སངས་རྒྱས་སྐུའི་མཚན་ཉིད། །↵ཅེས་པ་ནི་སྒྱུ་མ་ལྟ་བུའི་སྐུའོ། །
1251	terminal-particle	17		ཀུན་རྫོབ་ཀྱི་བདེན་པ་ནི་སྣང་བ་ཙམ་དུ་མི་སླུ་བ་སྟེ་རིམ་པ༌[^645]གསུམ་པའོ། །
1252	terminal-particle	21		དེ་ཉིད་རྫོགས་པའི་སྦྱོར་གྱུར་པས། །ཞེས་པ་ནི་རིལ་པོར་འཛིན་པ་དང་རྗེས་སུ་གཞིག་པའི་སྦྱ
1253	quote-close	20		ཅིར་འགྱུར་ཞེ་ན། འོད་གསལ་པས་ནི་རྣམ་པར་དག །ཅེས་པ། གཅིག་དང་དུ་མ་དང་བྲལ་བར་གྱུར་ཞེས་
1254	line-end	15		འདིས་ནི་སྒྱུ་མ་ལྟ་བུ་དེ་ཉིད་འོད་གསལ་བར་འགྱུར་བ་བསྟན་ཏོ། །
1255	terminal-particle	51		དེ་ནས་གང་གིས་སྣང་བ་འདི་ཉིད་ཡོངས་སུ་དག་པས་ལྷ་དང་ལྷ་མོར་འགྱུར་རོ་ཞེས་བསྟན་པའི་ཕྱིར
1256	terminal-particle	6		གཙོ་བོ་ནི་ཡབ་རྣམས་སོ། །
1257	terminal-particle	20		གཙོ་མོ་ནི་ཤེས་རབ་ཉིད་དེ་དེའི་སྐུར་སྣང་བ་གང་ཡིན་པ་དེ་ལ་དེ་སྐད་ཅེས་བྱའོ། །
1258	terminal-particle	21		སེམས་ཅན་ཀུན་ལ་ཕན་བྱའི་ཕྱིར། །ཞེས་པ་ནི་སེམས་ཅན་རྣམས་བྱང་ཆུབ་ལ་སོགས་པའི་ལམ་ལ་དགོད་
1259	terminal-particle	16		འཇའ་ཚོན་བཞིན་དུ་སྣང་བ་ཡིན། །ཞེས་པ་ནི་ཕྱོགས་གཅིག་གི་དཔེ་ཉེ་བར་བསྒྲུབས༌[^646]པའོ། 
1260	terminal-particle	40		དེ་ནས་སེམས་གསུམ་གྱི་མིང་གི་རྣམ་གྲངས་བསྟན་པ་ནི། །སེམས་དང་སེམས་འབྱུང་མ་རིག༌[^647]པ
1261	terminal-particle	14		ཤེས་རབ་ཐབས་དང་ཞེས་བྱ་བས༌[^648]ནི་བྱེད་པ་ལ་ལྟོས༌[^649]ཏེ་རྣམ་པར་གཞག༌[^650]གོ། །
1262	line-end	48		སྟོང་དང་ཞེས་བྱ་བ་བརྗོད་པ་བཤད་པར་བྱ་བའི་ཕྱིར། རང་བཞིན༌[^651]སྣང་བ༌[^652]དབྱེ༌[^65
1263	terminal-particle	25		དེ་ཤེས་ནས་ཅི་བྱེད༌[^656]ཅེ་ན། དེ་ནས་སྤྱོད་པ་རབ་ཏུ་བྱ། །ཞེས་པ༌[^657]གང་ཞིག་གང་གིས
1264	line-end	5		དེ་ཅིར་འགྱུར་ཞེ་ན།
1265	verse-stanza	15		ལས་ཀྱི་ལུས་ནི་ཡོངས་སྤངས་ནས། །↵ཞེས་པ་ནི་ཐ་མལ་པའི་ལུས་སྤངས་པའོ། །
1266	terminal-particle	26		རྡོ་རྗེའི་སྐུ་ནི་རྡོ་རྗེ་འཆང་ཆེན་པོའི་སྐུ་སྟེ། གང་གིས༌[^659]གང་ལ་གནས་ན་གང་ཞིག་གང
1267	terminal-particle	33		ད༌[^661]ནི་གང་ཞིག་གང་གིས་དུས་སུ་ཇི་ལྟར་བྱ་ཞེ་ན། ཐུགས༌[^662]ལ་འཇིག་རྟེན་པ་རྣམས་ཀྱ
1268	terminal-particle	29		ཇི་ལྟར་བྱ་ཞེ་ན། དེ་བཞིན་གཤེགས་པ་ཀུན་རྫོབ་ཏུ། །སྐུ་སྤྲུལ་ནས་ཞེས་སྟོང་པ་ཉིད་ཀྱི་ངང
1269	terminal-particle	22		ཇི་ལྟ་ཇི་ལྟར་འདོད་ལ་སྤྱོད། །ཅེས་པ་ནི་འདོད་པའི་ཡོན་ཏན་ལྔ་ལ་ཇི་ལྟར་འདོད་པ་བཞིན་སྤྱ
1270	line-end	5		དེ་ཅིར་འགྱུར་ཞེ་ན།
1271	verse-stanza	18		ཡིད་བཞིན་ནོར་བུ་མཆོག་བཞིན་དུ། །↵ཞེས་པ་ནི་དཔེ་བསྟན་པའོ། །↵འདོད་པ་ཐམས་ཅད་སྟེར་བར་འ
1272	line-end	13		ཞེས་པ་ནི་རང་གང་འདོད་པའི་ཡོན་ཏན་ཐམས་ཅད་འབྱུང་བའོ། །
1273	line-end	18		སངས་རྒྱས་རྣམས་ཀྱི་ཕུན་ཚོགས་ཀྱང་། །ཞེས་པ་ནི་སངས་རྒྱས་ཀྱི་ཡོན་ཏན་མ་ལུས་པའོ། །
1274	verse-stanza	13		སྟོབས་ཀྱི༌[^665]བླངས་ནས་སྤྱོད་པར་འགྱུར། །↵ཞེས་པ་ནི་གོང་དང་འབྲེལ་པ༌[^666]ཉིད་དོ། 
1275	line-end	20		ད་ནི་གང་ཞིག་གིས་སྤྱོད་པ་ལ་བསླབ་པའི་ཆོ་ག་ཇི་ལྟར་བྱ། དེ་ལས་ཅིར་འགྱུར་ཞེ་ན།
1276	verse-stanza	18		རྣལ་འབྱོར་དབང་པོ་གང་གང་འདོད། །↵ཅེས་པ་ནི་གཟུགས་ལ་སོགས་པའོ། །↵དེ་དེ་ཐོགས་པ༌[^667]མ
1277	quote-close	9		ཞེས་པ་ནི་དགག་པར་མི་བྱ་ཞེས་པའོ། །
1278	line-end	3		ཅིར༌[^668]འགྱུར་ཞེ་ན།
1279	verse-stanza	20		མཉམ་པར་མ་བཞག་རྣལ་འབྱོར་པ། །↵རྟག་ཏུ་མཉམ་པར་འཇོག་པར་འགྱུར། །↵ཞེས་པ་ནི་དེའི་ཡོན་ཏན་
1280	line-end	27		འདི་ཡང་ཁ་ཅིག་འདི་སྐད་ཅེས་ཀྱེ་མ་འདི་ཅི་གང་གིས་གང་ལ་གནས་པ་དེའི༌[^669]དེར་འགྱུར་བ་ཞ
1281	ordinal-open	22		དང་པོ་ལྟར་ན་ནི་གང་ཞིག་བྱེད་པ་གང་ཞིག་ཀྱང་བྱེད་པར་འགྱུར་བས་དེས་ཀྱང་དེ་ལྟར་འགྱུར་རོ
1282	terminal-particle	12		དེ་ལས་གཞན་དུ་ནི་འདི་ལ་ཡང་གནོད་པར་འགྱུར་རོ། །
1283	terminal-particle	25		ཕྱི་མ་ལྟར་ན་ཡང་རང་གི་འདོད་པ་ལས་གཞན་དུ་གྱུར་པ༌[^670]ཉིད་དོ་ཞེ་ན་འདི་ཡང་གོང་དུ་བསྟ
1284	terminal-particle	40		ཆགས་པ་ལ་དགའ་བའི་རྣལ་འབྱོར་པ་གང་ཞིག་གིས་གང་དུ་ཇི་ལྟར་གནས་པར་ཇི་ལྟར་འགྱུར་ཞེ་ན། རྡ
1285	line-end	26		ཡེ་ཤེས་གསུམ་གྱི་ཆ་རིག་པ། །ཞེས་བྱ་བ་ནི་རང་བཞིན་མེད་པའི༌[^672]སྐྱེ་བ་དང་འགག་པའི་བྱ
1286	verse-stanza	20		བློ་ལ་གོས་དང་མ་གོས་པ། །↵[^673]ཞེས་པ་ནི་གཟུང་བ་དང་འཛིན་པའོ། །↵དེར་ནི་བདེ་བར་རྟག་ཏ
1287	line-end	10		ཞེས་པ་ནི་བདེ་བ་ཉིད་ལ་གནས་པའོ་ཞེའོ། །
1288	line-end	41		འདི་དག་གི་དོན་ཡང་གང་གིས༌[^674]རང་གི་བདག་ཉིད་ཀུན་དུ་གནས་པར་གྱུར་ནས་གང་དུ་གང་དང་འབ
1289	verse-stanza	14		དེར་ནི་དང་པོ་འཕེལ་བར་འགྱུར་རོ། །↵དེ་ནས་ནི་འགག་པར་འགྱུར་རོ། །
1290	terminal-particle	17		ས་པི་ཏིའི་གནས་སུ་ནི་རང་གི་རྣམ་གྲངས༌[^677]ལ་དང་པོ་ནི་འཕེལ་བར་འགྱུར་རོ། །
1291	terminal-particle	7		དེ་ནས་ནི་འགག་པར་འགྱུར་རོ། །
1292	line-end	8		དེ་ནས་ནི་སྨད་པའི་གནས་སུ་ནི༌[^678]
1293	ordinal-open	6		དང་པོ་ནི༌[^679]འཕེལ་བར་འགྱུར་རོ། །
1294	terminal-particle	7		དེ་ནས་ནི་འགག་པར་འགྱུར་རོ། །
1295	terminal-particle	20		གང་གིས་གང་ནི་ལོག་པའི་དུས་སུ་ཡང་འདི་དག་ནི་སྦྱོར་བ་རབ་ཏུ་གནས་པར་འགྱུར་རོ། །
1296	line-end	11		སྒྱུ་མ་ལྟ་བུའི་ཏིང་ངེ་འཛིན་ནི་བཤད་ཟིན་ཏོ། །
1297	verse-stanza	13		དངོས་བདག་ཀུན་ལ་རྣམ་པར་རོལ། །↵ཞེས་པ་ནི་སྙོམས་པར་འཇུག་པའོ། །
1298	line-end	28		སངས་རྒྱས་མཛད་པ་ནི་འོག་ནས་སྟོན་ཏེ་སྤྱན་མར་འགྱུར་རོ༌[^680]ཞེས་བྱ་བ་ལ་སོགས་པ་དང་དུས
1299	verse-stanza	20		གཏན་ལ་དབབ་པའི་བཞི༌[^682]ལ་གནས། །↵ཞེས་པ་ནི་བསམ་གཏན་ལ་གནས་པའོ། །↵རྣལ་འབྱོར་ལྷག་པའི
1300	terminal-particle	25		ཞེས་པ༌[^683]ལ་སོགས་པ་ལ་ཏིང་ངེ་འཛིན་གང་གིས་བསྐྱེད་པ་དང་རྫོགས་པའི་རིམ་པ་རྒྱན་དང་བཅ
1301	line-end	5		དེས་ཅིར་འགྱུར་ཞེ་ན།
1302	verse-stanza	25		རྣལ་འབྱོར་ཆེན་པོར༌[^684]རང་ཉིད་འགྱུར་རོ། །↵རྡོ་རྗེ༌[^685]ཅན་ནི་གཙོ་བོ་ལ་སོགས་པའོ
1303	terminal-particle	24		ཅེས་པ་ནི་གང་རྡོ་རྗེ་ཅན་ལ་སོགས་པ་ཡང་དེ་ཉིད་དོ་ཞེས་པས་ཐ་དད་པ་མ་ཡིན་པར་བསྟན་ཏོ། །
1304	terminal-particle	31		ཀུན་རྫོབ་ཀྱི་བདེན་པ་ལ་གང་ཞིག་གིས་གནས་པས་ཅིར༌[^686]འགྱུར་ཞེ་ན། བཀག་པ་དག་ཀྱང་བྱེད་
1305	line-end	20		བྱ་དང་བྱ་མིན་རྣམ་སྤངས་ཏེ། །ཞེས་པ་ནི་ཕུང་པོ་ལ་སོགས་པ་བླང་དོར་གྱི་ཆོས་སྤངས་པའོ། །
1306	quote-close	36		དེ་ལྟར་ཤེས་པས་ཅིར་འགྱུར་ཞེ་ན། པདྨ་ལ་ནི་འདམ་གྱིས༌[^687]བཞིན། །ངོ་བོ་ཉིད་ཤེས་གོས་མ
1307	terminal-particle	11		ཡོན་ཏན་བརྒྱད་ནི་དབང་དང་ལྡན་པ་ལ་སོགས་པའོ། །
1308	line-end	18		སེམས་ཅན་ཐམས་ཅད་རིགས༌[^688]འགྱུར་ཞིང་། །ཞེས་པ་ནི་དེ་ལྟ་བུའི་ཆོས་དང་ལྡན་པའི་ཕྱིར་ར
1309	verse-stanza	13		འཇིག་རྟེན་ཁམས་རྣམས་མ་ལུས་པར། །↵བདག་ཉིད་ཡེ་ཤེས་ལུས་ཀྱིས་སྤྱོད། །
1310	terminal-particle	18		ཅེས་པ་ནི་དེ་ལྟ་བུའི་ནུས་པ་དང་ལྡན་པའི་ཕྱིར་དེ་ལ་དེ་སྐད་ཅེས་བྱའོ། །
1311	terminal-particle	16		གཙོ་བོ་གང་དུ་སྤྱོད་འགྱུར་བ། །ཞེས་པ་ནི་གཙོ་བོ་གང་དང་གང་དུ༌[^689]གནས་པའོ། །
1312	line-end	21		དེ་ཡི་ཁྱིམ་ནི་ནམ་མཁའ་ཉིད། །ཅེས་པ་ནི་གང་གིས་སྟོང་པ་ཉིད་ཀྱི་ངང་ལ་གནས་པའི་ཕྱིར་རོ། 
1313	terminal-particle	17		བདེ་བ་ཆེན་པོའི་ཡུལ་དུ་བྱེད་པ་ནི་བདེ་བ་ཆེན་པོའི་ཏིང་ངེ་འཛིན་ཏོ། །
1314	line-end	10		རྟག་ཏུ་དགྱེས་པ་ནི་རྟག་ཏུ་དགྱེས་པ་སྟེ།
1315	verse-stanza	14		རང་བཞིན་གྱིས་དགའ་ཞེས་པའི་དོན་ཏོ། །↵འདི་ལ་སྣང་བ་དབྱེ་བ་ལ། །
1316	line-end	30		ཞེས་པ་ནི་ཐུན་མཚམས་ཉིན་མོ་མཚན་མོ་ཡི། །ཞེས་པ་སྟེ་གང་གི་མཚམས་ལ་སོགས་པར་རང་གི་ཡེ་ཤེས
1317	verse-stanza	12		སྣ་ཚོགས་པ་ཡི་ཐ་སྙད་དག །↵འཇིག་རྟེན་པས་ནི་ཡོངས་བརྟགས༌[^690]པ། །
1318	line-end	13		ཞེས་པ་ནི་བདག་ལ་སོགས་པ་དང་ས་ལ་སོགས་པར༌[^691]བརྟགས་པའོ། །
1319	verse-stanza	13		ལམ་གསུམ་གྱི་ནི་དབྱེ་བ་ཡིས། །↵ཡེ་ཤེས་གསུམ་དུ་རབ་ཏུ་འགྱུར། །
1320	quote-close	18		ཞེས་པ་ནི་གང་གིས་ལམ་གསུམ་ལ་བརྟེན་པས་འགག་པ་དང་སྐྱེ་བར་འགྱུར་ཞེས་པའོ། །
1321	line-end	12		སྐྱེ་དང་གནས་དང་ཞེས་བྱ་བའི་དོན་ནི་བཤད་ཟིན་ཏོ། །
1322	terminal-particle	48		དགོད༌[^692]དང་རྩེད་མོ་བྱེད་པ་དང་། །ཞེས་བྱ་བ་ལ་སོགས་པ༌[^693]འདི་དག་ཀྱང་སྤྲོས་པ་དང
1323	line-end	34		བདག་བྱིན་བརླབ༌[^695]ཆེན་མ་གཏོགས༌[^696]པ། །ཞེས་བྱ་བ་ལ་སོགས་པའི་ཚིག་འདི་དག་གི་དོན་
1324	terminal-particle	7		གཞན་ཡང་ཨེ། ཞེས་བྱ་བ་ནི་བདག༌[^699]གོ། །
1325	terminal-particle	4		བཾ་ནི་བསྐྱེད་པའོ། །
1326	terminal-particle	4		མ་ནི་རྩ་བོ། །
1327	terminal-particle	7		ཡ་ནི་དང་པོའོ།[^700] །ཤྲུ་ནི་རྩ་བོ། །
1328	terminal-particle	4		ཏཾ་ནི་གནས་པའོ། །
1329	terminal-particle	4		ཨེ་ནི་འགྲོ་བའོ། །
1330	terminal-particle	4		ཀ་ནི་སྐྱེ་བའོ། །
1331	terminal-particle	4		སྨིན་ནི་འབྱུང་བའོ། །
1332	terminal-particle	7		ས་ནི་དེ་ཉིད་དེ་རིག་པའོ། །
1333	terminal-particle	4		མ་ནི་འབྱུང་བའོ། །
1334	terminal-particle	4		ཡེ་ནི་སྤོང་བའོ། །
1335	terminal-particle	4		བྷ་ནི་འབྱུང་བའོ། །
1336	terminal-particle	3		ག་ནི་འགྲོ༌[^701]བའོ། །
1337	terminal-particle	4		བཱན་ནི་སྟེར་བའོ། །
1338	terminal-particle	4		ས་ནི་བཏབ་པའོ། །
1339	terminal-particle	3		རྦ་ནི་རྟག༌[^702]པའོ། །
1340	terminal-particle	4		ཏ་ནི་སྟོན་པའོ། །
1341	terminal-particle	4		[^703]ཐཱ་ནི་གཞག་པའོ། །
1342	terminal-particle	6		ག་ནི་ལྷག་མ་འགོག་པའོ། །
1343	terminal-particle	3		ཏ་ནི་འབུལ༌[^704]བའོ། །
1344	terminal-particle	4		ཀཱ་ནི་གྱུར་པའོ། །
1345	terminal-particle	4		ཡ་ནི་དག་པའོ། །
1346	terminal-particle	5		བཱ་ཀ་ནི་སྣང་བའོ། །
1347	terminal-particle	5		ཙི་ཏ་ནི་བརྗོད་པའོ། །
1348	terminal-particle	4		ཏ་ནི་ཐོབ་པའོ། །
1349	terminal-particle	4		ཧྲྀ་ནི་སྤྱོད་པའོ། །
1350	terminal-particle	4		ད་ནི་སྟེར་བའོ། །
1351	terminal-particle	3		ཡ་ནི་གཞག༌[^705]པའོ། །
1352	terminal-particle	4		བ་ནི་གནས་པའོ། །
1353	line-end	4		ཛྲེ་ནི་རོལ་པའོ། །
1354	terminal-particle	4		ཡོ་ནི་འགྱུར་བའོ། །
1355	terminal-particle	5		ཥི་ཏ༌[^706]ནི་མི་འགྱུར་བའོ། །
1356	terminal-particle	4		བྷ་ནི་སྤྱོད་པའོ། །
1357	terminal-particle	3		གེ་ནི་དགོས༌[^707]པའོ། །
1358	terminal-particle	4		ཥུ་ནི་མཐོར་བའོ། །
1359	terminal-particle	4		བི་ནི་འབྱུང་བའོ། །
1360	terminal-particle	4		ཛ་ནི་འཕྲུལ་པའོ། །
1361	terminal-particle	4		ཧ་ནི་སྤྱོད་པའོ། །
1362	terminal-particle	4		ར་ནི་མེད་པའོ། །
1363	terminal-particle	51		འདི་དག་ཀྱང་སྒྲའི་རྣམ་པ་ལ་མ་རྨོངས་པས་གང་གི་དུས་སུ་སྒྲ་གཏན་ལ་ཕབ་ནས་ཕྱིས་དོན་གཞན་དུ
1364	line-end	9		འདི་དག་གིས་ནི་སྦས་པའི་དོན་བསྟན་ཏོ། །
1365	terminal-particle	53		ཡང་ལུང་གིས༌[^711]བཤད་པ་ཞེས་པ་ནི་མཐར་ཐུག་པའི་དོན་བཤད་པར་འདོད་པས་སོ།[^712] །དེ་ཅིའ
1366	terminal-particle	24		གསལ་བ་འགའ་ཞིག༌[^713]དུས་ཡིན་ཏེ། །ཞེས་པ་ནི་གང་གིས་གང་ཞིག་ཡོངས་སུ་གསལ་བར་གྱུར་པ་དེ
1367	terminal-particle	14		རྡོ་རྗེ་གསང་བ་ནི་སེམས་གསུམ་ཉིད་དེ། སློབ་མའི་ལུགས་སུ་འབྱུང་བའོ། །
1368	terminal-particle	31		རྡོ་རྗེ་དམ་ཚིག་ནི་གསང་བ་གསུམ་ལུགས་ལས་བཟློག་པ་དང་ལྡན་པ་ཉིད་དེ། ཡེ་ཤེས་ཉིད་དེ་དེ་བ
1369	line-end	17		ཡེ་ཤེས་ཕུན་ཚོགས་བསམ་མི་ཁྱབ། །ཅེས་པ༌[^714]ནི་སངས་རྒྱས་ཀྱི་ཡོན་ཏན་དཔག་ཏུ་མེད་པའོ། 
1370	terminal-particle	31		ཡོད་མེད་གཉི་ག༌[^715]ལས་འདས་པ། །ཞེས་པ་ནི་གང་གིས་གང་ཞིག་སྤངས་པར་གྱུར་པ༌[^716]དེའི་
1371	terminal-particle	16		དེ་ལ་གནས་མེད་གནས་པ་ནི་གནས་དང་གནས་པའི་རྟོག་པ་དང་བྲལ་བའོ། །
1372	terminal-particle	18		ནམ་མཁའི་རང་བཞིན་ནི་འདུས་མ་བྱས་པ་སྟེ་ཆོས་ཐམས་ཅད་ཀྱི་དེ་བཞིན་ཉིད་དོ། །
1373	terminal-particle	18		ཐམས་ཅད་མཁྱེན་པ་ནི་སངས་རྒྱས་ཏེ་དེའི་ཡེ་ཤེས་ནི་སངས་རྒྱས་ཀྱི་ཡེ་ཤེས་སོ། །
1374	terminal-particle	9		དེས་འདི་ཡུལ་དུ་བྱེད་པ་ནི་སྒོམ་པའོ། །
1375	terminal-particle	31		བཞུགས་པ་ཞེས་བྱ་བ་ཡང་ཇི་ལྟ་བུ་ཡིན་ཞེ་ན། འགྲོ་སྙིང་རྣམ་དག་སྟེ་ཆོས་ཐམས་ཅད་ཀྱི་དེ་བཞ
1376	quote-close	36		དེ་བས་ན༌[^717]བཞུགས་ཞེས་བྱ་བ་ལ་སོགས་པའི་ཐ་སྙད་ཐམས་ཅད་ཀྱང་དོན་དམ་པ་ལ་འཇུག་པར་བྱ་བ
1377	line-end	4		གཞན་གོང༌[^719]དུ་བཤད་པའོ། །
1378	quote-close	28		དེ་ལྟར་ཞེས་བྱ་བ་ནི་དེའི་ཕྱིར་ཏེ། འདི་སྐད་ཅེས་བྱ་བ་ལ་སོགས་པ་ནི་གང་གིས་ཇི་ལྟར་ཡོངས
1379	terminal-particle	14		ཞུགས་པའི༌[^720]ཚིག་ཉིད་ཀྱིས་ཞེས་བྱ་བ་ནི་ཐ་མ་སྨོས་པ་ཉིད་དོ། །
1380	terminal-particle	23		རྒྱུད་མ་ལུས་པའི་དགོངས་པ་བསྟན་པ་ནི་རྒྱུད་མ་ལུས་པའི་དོན་བསྟན་པས་ཏེ་འདིས་མཇུག་བསྡུ་
1381	terminal-particle	18		དེའི་འོག་ཏུ་ཞེས་བྱ་བ་ལ་སོགས་པས་ནི་འདི་ཉིད་ཀྱི་ཡན་ལག་བསྟན་པར་བྱའོ། །
1382	terminal-particle	16		འཁོར་ཕུན་སུམ་ཚོགས་པ་ཡང་གྲངས་ཇི་ལྟ་ཙམ་ཞེ་ན། བརྗོད་ཀྱིས༌[^721]མི་ལང་བ༌[^722]ཞེས་བྱ
1383	terminal-particle	13		དེ་བཤད་པ་བགྲང་བ་ལས་འདས་པ་ནི་བགྲང་དུ་མེད་པའོ། །
1384	terminal-particle	17		གང་ཞིག་ཀུན་དུ་བསམ་གྱིས་མི་ཁྱབ་པར་གྱུར་པ་དེ་ལ་དེ་སྐད་ཅེས་བྱའོ། །
1385	line-end	27		འོ་ན་ལན་གཉིས་སྨོས་པས་ཅི་ཞིག་བྱེད་ཅེ་ན། གཟུགས༌[^723]དང་ཡོན་ཏན་ཞེས་བྱ་བ་ལ་སོགས་པ་ས
1386	terminal-particle	19		དེས་ནི༌[^724]བྱེད་ཅེ་ན། གང་གིས་གང་ཞིག་ཀུན་དུ་སྣང་བར་གྱུར་པ་དེ་ལ་དེ་སྐད་ཅེས་བྱའོ།
1387	terminal-particle	4		གཞན་ནི་གོ་སླའོ། །
1388	terminal-particle	25		དེ་ནས་གང་གིས་གང་ཞིག་ཡོངས་སུ་རྫོགས་པར་བསྟན་པ་ནི། གང་གིས་ལྷའི་འཁོར་ལོ་ཡོངས་སུ་རྫོག
1389	terminal-particle	30		དམ་ཚིག་རྡོ་རྗེ་ཞེས་བྱ་བ་གང་ཞིག་ཡིན་ཞེ་ན་དོན་ཡོད་པར་གྲུབ་པའོ་ཞེས་གང་ཞིག་ཡོངས་སུ་ག
1390	terminal-particle	49		འོ་ན་སྒྲིབ་པ་རྣམ་པར་སེལ་བ་ལ་ཅིའི་ཕྱིར་དམ་ཚིག་རྡོ་རྗེའི་སྒྲར་བརྗོད་ཅེ་ན། འདིར་དེའ
1391	terminal-particle	10		དེ་བས་ན་གཅིག༌[^725]ནི་དངོས་སུ་བརྗོད་པ་ཉིད་དོ། །
1392	line-end	6		གཅིག༌[^726]ནི་བཏགས་ནས༌[^727]བསྟན་པ་ཉིད་དོ། །
1393	verse-stanza	19		རིགས་གཞན་ཡང་དེ་བཞིན་དུ་ཤེས་པར་བྱའོ། །↵འདི་དག་གིས་ནི་བྱང་ཆུབ་སེམས་དཔའི་འཁོར་བསྟན་
1394	terminal-particle	67		བྱང་ཆུབ་སེམས་དཔའི་འཁོར་ཁོ་ན་ལས་མ་གསུངས་སམ་ཞེ་ན་མ་ཡིན་པའི་ཕྱིར། བྱང་ཆུབ་སེམས་དཔའི
1395	terminal-particle	4		གཞན་ནི་གོ་སླའོ། །
1396	terminal-particle	51		རྡོ་རྗེ་འཆང་ཆེན་པོ་ཉིད་ཀྱི༌[^729]ཡན་ལག་གི་ཆ་ཤས་སུ་གྱུར་པ་ཞེས་པ་ནི་འཁོར་ཐམས་ཅད་གཙ
1397	line-end	5		གང་ལས་ཤེས་ཤེ་ན།
1398	verse-stanza	19		འདི་ཉིད་ལས་ཞེས་པ་གསང་བ་འདུས་པའོ། །↵མདོར་ན་ཞེས་བྱ་བ་ལ་སོགས་པ་བཤད་ཟིན་ཏོ། །
1399	quote-close	10		དེ་བས་ན་ཞེས་པ་ནི་དེའི་ཕྱིར་ཞེས་པའོ། །
1400	terminal-particle	19		བཅོམ་ལྡན་འདས་དེ་ཉིད་ཀྱི་ཞེས་པ་ནི་རྡོ་རྗེ་འཆང་ཆེན་པོ་ཞེས་བྱ་བའི་དོན་ཏོ། །
1401	terminal-particle	17		རང་གི་སྐུའི་དཀྱིལ་འཁོར་སྤྲོས་ནས་ཞེས་པ་ནི་རང་གི་འཁོར་ཡོངས་སུ་རྫོགས་པའོ། །
1402	line-end	22		དེས་ཅི་བྱེད་ཅེ་ན། དཀྱིལ་འཁོར་འཁོར་ལོ་ལྟ་བུས་འདུལ་བའི་སྐྱེ་བོ་རྣམས་དགའ་བར་བྱ་བའི་
1403	verse-stanza	12		གཞལ་ཡས་ཁང་གི་དབུས་སུ་བཞུགས། །↵ཞེས་པ་ནི་གོ་བར་མཛད༌[^731]དོ། །
1404	terminal-particle	11		དེ་ལྟར་ཞེས་པ་ནི་མཇུག་བསྡུ་བའི་ཐ་ཚིག་གོ། །
1405	terminal-particle	24		ད་ནི་ཞེས་བྱ་བ་ལ་སོགས་པས༌[^732]ནི་འདོད་ཆགས་ཆེན་པོའི་སྤྱོད་པ་ཡོངས་སུ་རྫོགས་པར་བསྟན
1406	line-end	22		འདོད་ཆགས་ཀྱིས་འདོད་ཆགས་རབ་ཏུ་སྤང་བར་བྱ་བའི་ཕྱིར་ཞེས་བྱ་བ་ལ་སོགས་པ་ནི་བཤད་ཟིན་ཏོ།
1407	terminal-particle	10		བཤད་མ་ཐག་པ༌[^733]ནི་གོང་དུ་བཤད་པ་ཉིད་དོ། །
1408	terminal-particle	26		རང་གི་ས་བོན་གྱི་འོད་ཟེར་གྱི་ལྕགས་ཀྱུས་དྲངས་ཞེས་པ་ནི་སྙིང་ག་ནས་ཕྱུང་སྟེ་སླར་བསྡུ་
1409	terminal-particle	21		འདི་ཡང་གང་གི་ཕྱིར་གང་ཞིག་ལ༌[^735]བྱུང་ནས་གང་དུ་གནས་པར་འགྱུར་བ་དེ་ལ་དེ་སྐད་ཅེས་བྱ
1410	terminal-particle	41		དེ་ནས་ཅི་བྱེད་ཅེ་ན་བཅོམ་ལྡན་འདས་མཆོག་ཏུ་དགའ་བའི་བདེ་བས་ཚིམ་པར་བྱ་བའི་ཕྱིར་ཞེས་པ་
1411	terminal-particle	32		དེ་ཅིའི་ཕྱིར་ཞེ་ན། གནས་སྐབས་སྔ་མ་ནི་སངས་རྒྱས་དང་བྱང་ཆུབ་སེམས་དཔའི་དཀྱིལ་འཁོར་ཏེ་
1412	line-end	42		འོ་ན་གང་དུ་འགྱུར་ཞེ་ན། ལྷའི་བུ་མོའི་གཟུགས་སུ་མངོན་པར་སྤྲུལ་ནས་ཞེས་པ་ནི་གང་གིས་ལྷ
1413	terminal-particle	32		ལྷའི་བུ་མོའི༌[^736]གཟུགས་སྣང་བ་ཡང་གང་དང་གང་ཡིན་ཞེ་ན་སའི་ཁམས་ནི་སངས་རྒྱས་སྤྱན་ལྟ་
1414	terminal-particle	21		འདིར་སའི་ཁམས་ཉིད་སངས་རྒྱས་སྤྱན་ལྟ་བུའོ་ཞེས་པ་ནི་གང་ཞིག་གང་ལས་ཐ་དད་དུ་གྱུར་པའོ། །
1415	terminal-particle	24		ཡང་ན་འདིར་སའི་ཁམས་ནི་སངས་རྒྱས་སྤྱན་ཉིད་ཅེས་པ༌[^737]ནི་གང་ཞིག་དང་འབྲེལ་པ་དེ་ལ་དེ་
1416	terminal-particle	5		གཞན་ཡང་དེ་བཞིན་ནོ། །
1417	terminal-particle	24		འདོད་ཆགས་ཀྱང་ཡིན་ལ་ཆེན་པོ་ཡང་ཡིན་པས་གང་ཞིག་ཉོན་མོངས་པ་དང་བྲལ་བ་གང་ཡིན་པའི་ཆོས་ཉི
1418	terminal-particle	19		འདོད་ཆགས་དང་བྲལ་བ་ལ་སོགས་པ་ཡང་གང་ཡིན་ཞེ་ན་ཉོན་མོངས་པ་དང་བྲལ་བའོ། །
1419	line-end	3		གཞན་གོ་སླའོ། །
1420	quote-close	40		གཞན་ཡང་གང་ཞིག་ཕྱི་རོལ་གྱི་དེ་བཞིན་གཤེགས་པའི་འཁོར་དེ་དག་ཏུ་དམིགས་ཞེས་པ་ལ་སོགས་པའི
1421	quote-close	25		བདག་ཉིད་སངས་རྒྱས་ཐམས་ཅད་དེ། །ཞེས་པ་ནི་རྡོ་རྗེ་འཆང་ཆེན་པོ་དང་སངས་རྒྱས་ཐམས་ཅད་ཐ་དད
1422	terminal-particle	29		རྒྱལ་སྲས་ཐམས་ཅད་ཉིད་ཀྱང་ཡིན། །ཞེས་པ་ནི་བྱང་ཆུབ་སེམས་དཔའི་བདག་པོར་གྱུར་པ་ཡང་ཡིན་ཞ
1423	line-end	5		ངེས་པ༌[^738]ནི་མ་ནོར་བའོ། །
1424	terminal-particle	41		ད་ནི་དེ་ནས་ཞེས་བྱ་བ་ལ་སོགས་པའི་དགོས་པ་བཤད་པའི་ཕྱིར། ད་ནི་རྒྱུད་འདི་ལ་ཞེས་བྱ་བ་ལ་
1425	terminal-particle	10		མི་བསྐྱོད་པ་ནི་ཐུགས་ཀྱི་ངོ་བོའི་ཕྱིར་རོ། །
1426	terminal-particle	37		འདི་སྐད་དུ་སྟོན་ཏོ།[^739] །སེམས་སྣང་བ་དང་བཅས་པ་གང་གི་ཏིང་ངེ་འཛིན་གྱི་ཡན་ལག་གིས་ས
1427	line-end	63		དེ་བཞིན་གཤེགས་པ་ཞེས་བྱ་བ་ལ་སོགས་པའི་དོན་ནི་གང་གིས་ཆོས་ཀྱི་འབྱུང་གནས་ཀྱི་ནང་དུ་བྷ
1428	terminal-particle	24		དེ་ལྟ་བུའི་གཞལ་ཡས་ཁང་གི་དབུས་སུ་ལྷག་པར་མོས་པ་ལྷ་ལྔའི་རྣམ་པར་བསྒོམས་ཏེ་སླར་རང་ལ་ག
1429	line-end	4		ལུང་ལས་ཀྱང་།
1430	verse-stanza	12		པདྨ་འདབ་མ་བཞིར་ལྡན་པའི། །↵རིགས་ལྔ་བསྐྱེད་པ་ཡང་དག་བསྒོམ། །
1431	terminal-particle	1		ཞེའོ། །
1432	terminal-particle	23		ངེས་པའི་དོན་དུ་བཤད་པ། [^742]རྣམ་པར་ཤེས་པའི་བདག་ཉིད་ཅན། །ཞེས་པ་ནི་དེའི་ངོ་བོ་ཉིད་
1433	terminal-particle	61		གཟུགས་ཀྱི་ཕུང་པོ་ལ་སོགས་པ་རྣམ་པར་ཤེས་པའི་བར་དུ་སྟེ་འདི་ལྟར་ཕུང་པོ་དང་། ཁམས་དང་སྐ
1434	terminal-particle	5		ཡོངས་སུ་དག༌[^743]ཕྱིར་གསལ་བའོ། །
1435	line-end	15		འོད་ཟེར་ཐམས་ཅད་ཀྱི་རང་བཞིན་པས་ན་སྣ་ཚོགས་ཀུན་དུ་རྒྱས་སོ། །
1436	terminal-particle	16		དེ་བཞིན་གཤེགས་པ་ཐམས་ཅད་ཀྱི་རང་བཞིན་པས་ན་དེའི་ངོ་བོ་ཉིད་དོ། །
1437	terminal-particle	58		སྣང་བ་ལས་བྱུང་བ་དང་། དེའི་རང་བཞིན་པས་ན༌[^744]གསལ་བ་ལ་སོགས་པ་སྟེ། འདིས་ཆོས་ཐམས་ཅད
1438	terminal-particle	11		ནམ་མཁའ་ཀུན་ནི་དོན་དམ་པའི་དེ་བཞིན་ཉིད་དོ། །
1439	terminal-particle	26		དེའི་ངང་ལ་རྡོ་རྗེ་སེམས་དཔའ་རབ་ཏུ་བཞུགས་པ་ནི་ཡང་དག་པའི་ཡེ་ཤེས་ཀྱི་ཡུལ་དང་བྲལ་བའི་
1440	line-end	10		དོན་འདི་ཉིད་ནི་བསྐྱེད་པའི་རིམ་པ་ཉིད་དོ། །
1441	terminal-particle	14		དེ་གསལ་བར་བྱ་བ་ནི་བསྟན་པ་དང་བཤད་པའི་རིམ་པས་སོ། །
1442	terminal-particle	48		འདས་པ་དང་ཞེས་བྱ་བ་ལ་སོགས་པ་བཤད་པའི་དོན་ནི་གང་གིས་དུས་གསུམ་གྱི་སངས་རྒྱས་ཐམས་ཅད་འད
1443	terminal-particle	18		རྡོ་རྗེ་འཆང་ཆེན་པོ་ཞེས་བྱ་བ་ལ་སོགས་པ་འདིས་ནི་དེའི་དགོས་པ་བསྟན་ཏོ། །
1444	terminal-particle	17		མ་འོངས་པའི་གང་ཟག་གིས་བསྐྱེད་པའི་རིམ་པ་བསྒོམས་ན་ཞེས་བྱ་བ་ཉིད་དོ། །
1445	terminal-particle	11		རྡོ་རྗེ་སེམས་དཔའ་དང་འདྲ་བར་འགྱུར་བར་དགོངས་སོ། །
1446	terminal-particle	13		ཕུང་པོ་ལ་སོགས་པ་ནི་ཡུལ་དང་དབང་པོ་ཐམས་ཅད་དོ། །
1447	terminal-particle	17		ཀུན་རྫོབ་བྱང་ཆུབ་སེམས་ནི་ཁུ་བ་སྟེ༌[^746]ཟག་པ་མེད་པའི་བདེ་བ་སྐྱེད་པའི༌[^747]ཕྱིར་
1448	terminal-particle	15		གཅིག་ཏུ་མཛད་པ་ནི་དེས་མི་རྟོག་པའི་ཡེ་ཤེས་སྐྱེད་པའི་ཕྱིར་རོ། །
1449	terminal-particle	54		དེ་ཉིད་བཤད་པ། ནམ་མཁའི་དབྱིངས་ཞེས་བྱ་བ་ལ་སོགས་པ་ལ། རྩ་ཕྲན་སྟོང་ཕྲག༌[^748]བདུན་ཅུ་
1450	line-end	16		དབང་པོ་གཉིས་ནི་རྡོ་རྗེ་དང་པདྨ་སྟེ་སྐྱེ་བ་ལ་དབང་བའི་ཕྱིར་རོ། །
1451	terminal-particle	29		དེས༌[^750]ཅིར་འགྱུར་ཞེ་ན། འདོད་ཆགས་ཆེན་པོའི་མེ་སྟེ་གང་ལ་སེམས་ཆེན་པོ་དང་ཏིང་ངེ་འཛ
1452	terminal-particle	13		མཆོག་ཏུ་དགའ་བ་ནི་ཉོན་མོངས་པ་དང་བྲལ་བའི་དགའ་བའོ། །
1453	terminal-particle	11		འདི་ནི་དབང་པོ་གཉིས་སྦྱོར་བའི་སྣང་བ་གསུམ་མོ། །
1454	line-end	26		དོན་དམ་པའི་བདེན་པས་གཅིག་ཏུ་མཛད་པ་ནི་སྤྲོས་པ་ཐམས་ཅད་དང་བྲལ་བའི་ཡེ་ཤེས་ཀྱི་རང་བཞིན
1455	verse-stanza	18		སྟོང་པ་ཉིད་གསུམ་ནི་གོང་དུ་བཤད་པའོ། །↵ཐམས་ཅད་སྟོང་པ་ནི་མཐར་ཐུག་པ་ཉིད་དོ། །
1456	terminal-particle	26		དེ་ལྟར་ལྷག་པར་མོས་པས་ཞེས་བྱ་བ་ནི་དྲང་བ་དང་སྤྱིའི་དོན་དུ་བཤད་པ་ཡིན་གྱི་ཐམས་ཅད་ཀྱི
1457	terminal-particle	32		ཡོངས་སུ་དག་པ་དང་ཡོངས་སུ་མ་དག་པ་ནི་སློབ་པ་དང་མི་སློབ་པ་དང་།[^752] ཤེས་བྱའི་སྒྲིབ་
1458	terminal-particle	8		དེ་ལ་གཙོ་བོ་ནི་ཡོངས་སུ་དག༌[^753]པའོ། །
1459	terminal-particle	13		ལྷག་མ་ནི་ཡོངས་སུ་དག་པ་དང་མ་དག་པ་ཉིད་དོ། །
1460	terminal-particle	8		ཡི་གེ་གསུམ་ནི་ཨོཾ་ཨཱཿཧཱུཾ་གསུམ་མོ། །
1461	terminal-particle	17		དེ་ཉིད་ནི་འདའ་བར་མི་བྱ་བ་ནི་ཡོངས་སུ་བླང་བར་བྱ་བ་ཉིད་དོ། །
1462	terminal-particle	15		དེ་ལས་བྱུང་བ་ནི་ཡི་གེ་གསུམ་ལས་བྱུང་བ་སྟེ་རིགས་དྲུག་པའོ། །
1463	line-end	28		རྣལ་འབྱོར་བཞི་ནི་རྣལ་འབྱོར་དང་། ལྷག་པའི་རྣལ་འབྱོར་དང་། རྣལ་འབྱོར་ཆེན་པོ་དང་། དེ་
1464	terminal-particle	70		འདི་དག་གི་དོན་ཡང་ཐོག་མར་སྲུང་བའི༌[^754]འཁོར་ལོ་སྔོན་དུ་འགྲོ་བས་སྟོང་པ་ཉིད་ཀྱི་ངང
1465	terminal-particle	16		དེ་ནས་དེ་དག་ཟླ་བའི་དཀྱིལ་འཁོར་ལ་འདུས་ཏེ་དེ་ལ་དམིགས་པར་བྱའོ། །
1466	line-end	48		དེ་ཡོངས་སུ་གྱུར་པ་ལས་དང་པོའི་མགོན་པོ་ཟླ་བ་ལྟ་བུ༌[^757]བསམས་ཏེ། དེར་མི་བསྐྱོད་པ་བ
1467	terminal-particle	41		དེ་ནས་ནམ་མཁའ་ལ་སངས་རྒྱས་ཐམས་ཅད་བལྟས་ཏེ་ལྷ་མོ་སོ་སོས་མཆོད་པ་སྔོན་དུ་འགྲོ་བས་གསོལ་
1468	terminal-particle	48		དེ་ནས་ལེགས་པར་སྦྱངས་པའི་ཤེས་རབ་མ་དང་གཉིས་སུ་མེད་པར་སྙོམས་པར་འཇུག་པ་ཆོ་ག་འདིས་འོག
1469	line-end	25		དེ་ནས། སྣ་ཡི་རྩེ་མོར་ཡུངས་ཀར་བསམ། །ཞེས་བྱ་བ་ལ་སོགས་པའི་རིམ་པ་འདིས༌[^759]ཕྲ་མོའི་
1470	terminal-particle	38		གཞན་ཡང་འོད་དུ་ཞུ་བ་བསླང་བ༌[^761]དང་ཟས་ལ་སོགས་པ་ལེགས་པར་བཟའ་བ་དང་། ལྷའི་འཁོར་ལོ་ལ
1471	terminal-particle	19		འོད་གསལ་བ་ནི་སངས་རྒྱས་ཐམས་ཅད་ཀྱིས༌[^762]འདའ་བར་བྱ་བ་མ་ཡིན་པ་སྟེ་ཆོས་ཀྱི་སྐུའོ། །
1472	terminal-particle	48		དེ་ལས་བྱུང་བ་ནི་རྡོ་རྗེ་འཆང་ཆེན་པོ་སྟེ། [^763]ཅིའི་ཕྱིར་ཞེ་ན། མཁས་བརྩོན༌[^764]ཞེ
1473	line-end	4		གཞན་ནི་གོ་སླའོ། །
1474	terminal-particle	39		ཐེ་ཚོམ་སྐྱེ་བར་བྱེད་པ་ཞེས་བྱ་བ་ལ་སོགས་པ་རིགས་པ་འདི་བླ་མ་ལས་བྱུང་གི་གཞན་དུ་རྟོག་ག
1475	terminal-particle	22		དེ་རྣམས་འབྱུང་བའི་དམ༌[^767]ཚིག་ནི་དེ་སྐྱེད་པར་བྱེད་པའི་ཞེས་བྱ་བ་ནི་དམ་ལས་མི་འདའ་
1476	terminal-particle	16		དབང་པོ་གཉིས་ཞེས་བྱ་བ་ལ་སོགས་པས་ནི་གསང་བའི་དབང་བསྐུར་བསྟན་ཏོ། །
1477	terminal-particle	16		གདུལ་བྱའི་སྐྱེ་བོ་ནི་སློབ་པ་ཡང་མ་ཡིན་མི་སློབ་པ་ཡང་མ་ཡིན༌[^768]པའོ། །
1478	terminal-particle	11		སྐུ་རྣམ་པ་གཉིས་ནི་ལོངས་སྤྱོད་རྫོགས༌[^769]དང་སྤྲུལ་པའི་སྐུའོ། །
1479	line-end	27		ཡང་དག་པར་སྟོན་པ་ནི་སྐུ་དང་གསུང་གི༌[^770]ཆོས་སྟོན་པ་སྟེ་དེས་སྨིན་པ་དང་གྲོལ་བར་བྱེ
1480	terminal-particle	14		ཡེ་ཤེས་ཉིད་ཅེས་པ་ནི་གཞན་དང་ལྡན་པ་རྣམ་པར་གཅོད་པའོ། །
1481	terminal-particle	17		སེམས་ཅན་རྣམས་ཀྱི་རྒྱུད་ལ་ཞེས་བྱ་བས་ནི་གསལ་བར་བྱ་བའི་ཡུལ་བསྟན་ཏོ། །
1482	terminal-particle	8		མི་བསྐྱོད་པ་ནི་གསལ་བར་བྱེད་པའོ། །
1483	terminal-particle	17		རྣམ་པར་ཤེས་པ་གསུམ་གྱི་སྣང་བ་ཞེས་པ་ནི་ཤེས་པའི་སྣང་བ་ཉིད་དོ། །
1484	terminal-particle	18		དོན་དམ་པའི་བདེན་པ་ནི་ཡང་དག་པའི་ཤེས་པ་དང་ལྡན་པ་ལ་བདེན་པས་སོ། །
1485	terminal-particle	9		བརྗོད༌[^771]དུ་མེད་པས་ནི་དེའི་མཚན་ཉིད་བསྟན་ཏོ། །
1486	terminal-particle	12		རྣམ་པ༌[^772]མ་ལུས་པ་ཟིལ་གྱིས་མནན༌[^773]པས་ནི་དེའི་ལས་བསྟན་ཏོ། །
1487	terminal-particle	25		རང་བཞིན་གྱིས༌[^774]འོད་གསལ་བའི་ཏིང་ངེ་འཛིན་ནི་ཆོས་ཀྱི་སྐུ་སྟེ་དེ་ལས་ཆུ་ལས་ཉའི་ཚུ
1488	line-end	23		དེས་ཅི་བྱེད་ཅེ་ན། ཉོན་མོངས་པ་ལྔས་ཁྱབ་པའི་ཞེས་པ་ལ་སོགས་པ་ནི་སྤྱིར་སྙིང་རྗེའི་ཡུལ་
1489	terminal-particle	72		དེ་ལྟ་ན་ཡང་ཅིའི་ཕྱིར་སྙིང་རྗེ་སྐྱེ་ཞེ་ན། ཉོན་མོངས་པའི་རང་བཞིན་ནི་ཡེ་ནས་རྣམ་པར་དག
1490	line-end	15		བྱེ་བྲག་ཏུ་བསྟན་པ། ཉོན་མོངས་པ་ཞེ་སྡང་ནི་སེམས་ཁོང་དུ༌[^776]འཁྲུགས་པ་སྟེ།
1491	verse-stanza	20		དེ་དང་གང་ལྡན་པ་དེ་ལ་དེ་སྐད་ཅེས་བྱའོ། །↵དེ་སྦྱང་བ༌[^777]ནི་ཡོངས་སུ་དག་པར༌[^778]བྱ
1492	terminal-particle	19		ཞེ་སྡང་ཞེས་པའི་བཤད་པ་ཐུགས་རྗེ་ཆེན་པོའི་ཐབས་ཀྱི་ཁྲོ་བ༌[^779]ནི་ཐུགས༌[^780]རྗེ་ཆེན
1493	terminal-particle	29		དེ་ཡང་རབ་ཏུ་ཁྲོས་པའི༌[^781]ཆོས་དང་ལྡན་པས་ནི་ཞེ་སྡང་སྟེ། གང་ལ་ཞེ་སྡང་དང་འདྲ་བའི་ཆ
1494	terminal-particle	7		དེའི་རིགས༌[^782]ནི་དེའི་རིགས་སུ་སྐྱེད་པའོ། །
1495	line-end	13		འདོད་པའི་འབྲས་བུ་སྐྱེད་པ་ནི་སྔགས་དང་མཐུན༌[^783]པའི་ལུས་སྐྱེད་པའོ། །
1496	line-end	34		ཇི་ལྟར་སྐྱེ་ཞེ་ན། སྐུ་དང་ཞེས་བྱ་བ་ལ་སོགས་པའི་བཤད་པ་སྙོམས་པར་ཞུགས་པ་ཞེས་པ་ནི་ཡབ་ཡ
1497	verse-stanza	19		བཛྲ་དྷྲིཀ་ཅེས་པས་ནི་དབྱུང་བའི་སྔགས་བསྟན་ཏོ། །↵དེའི་དོན་ཅི་ཞེ་ན་རྡོ་རྗེ་འཆང་ཞེས་པ
1498	terminal-particle	17		དེ་ཉིད་བཤད་པ།[^784] མངོན་པར་བྱང་ཆུབ་པ་ནི་བསྐྱེད་པའི༌[^785]རིམ་པའི་ས་བོན་ལ་སོགས་པ
1499	terminal-particle	18		དེ་མཚོན་པའི་རྡོ་རྗེ་རྩེ་ལྔ་པ་གང་གིས་འཛིན་པ་དེ་ལ་དེ་སྐད་ཅེས་བྱའོ། །
1500	terminal-particle	22		བདེན་པ་གཉིས་ནི་དོན༌[^786]དམ་པ་དང་ཀུན་རྫོབ་སྟེ་གཉིས་སུ་མེད་པ་ནི་སྤྲོས་པ་ཐམས་ཅད་དང
1501	terminal-particle	23		དེ་ཉིད༌[^787]རྡོ་རྗེ་སྟེ་རྣམ་པར་རྟོག་པའི་རི་བོ་གཅོད་པ་སྟེ། དེ་གང་དང་ལྡན་པ་དེ་ལ་ད
1502	terminal-particle	27		དེ་སྤྲོས་ནས་ཕྱི་རོལ་གྱི་སེམས་ཅན་ཐམས་ཅད་ཀྱི་ཞེ་སྡང་རྣམ་པར་སྦྱངས་ཏེ། སླར་ལོག་ནས་གཙ
1503	terminal-particle	19		ཇི་ལྟ་བུའི་རྣམ་པར་བཞུགས་ཤེ་ན། མི་བསྐྱོད་པའི་ཕྱག་རྒྱ་ཆེན་པོའི་ངོ་བོར་བཞུགས་སོ་ཞེའ
1504	terminal-particle	14		དེ་ལྟར་སྦྱོར་བ་དང་པོ་ནི་ཏིང་ངེ་འཛིན་དང་པོ་ཉིད་དོ། །
1505	terminal-particle	19		སེམས་ཅན་རྨོངས་པ་ནི་རྒྱུ་དང་འབྲས་བུ་དང་དེ་ཁོ་ན་ཉིད་ཀྱི་དོན་མི་ཤེས་པའོ། །
1506	terminal-particle	8		དེ་སྦྱང་བ༌[^788]ནི་དེའི་ཉེས་པ་སེལ་བའོ། །
1507	terminal-particle	4		གཞན་ནི་གོ་སླའོ། །
1508	quote-close	9		དབྱུང་བའི་སྔགས་ནི་ཛི་ན་ཛིཀ་ཅེས་པའོ། །
1509	terminal-particle	26		རྡོ་རྗེ་ལྟ་བུའི་ཏིང་ངེ་འཛིན་ནི་སྐད་ཅིག་མ་གཅིག་གིས་སྒྲིབ་པ་ཐམས་ཅད་དང་བྲལ་བར་བྱེད་
1510	line-end	9		ཀུན་རྫོབ་ཀྱི་བྱང་ཆུབ༌[^789]སེམས་ནི་བཤད་ཟིན་ཏོ། །
1511	terminal-particle	24		འདི་ནི་གཞན་དུ་ཡང་སྟེ། གང་གི་ཏིང་ངེ་འཛིན་གྱིས་གང་ཤེས་པའི་ཏིང་ངེ་འཛིན་གྱིས་དེ་ཡང་ཤ
1512	terminal-particle	23		ཡང་དག་པའི་མཐའ་ནི་དེ་བཞིན་ཉིད་དེ་དེ༌[^790]ཡེ་ཤེས་གང་གིས་ཡུལ་དུ་བྱས་པ་དེ་ལ་དེ་སྐད་
1513	terminal-particle	10		ནོར་གྱིས༌[^791]དྲེགས་པ་ནི་ནོར་ལ་དགའ་བར་བྱེད་པའོ། །
1514	terminal-particle	14		ཁེངས་པ་ནི༌[^792]ང་རྒྱལ་ཆེན་པོ་ཉིད་དང་ལྡན་པར་གྱུར་པ་ཉིད་དོ། །
1515	terminal-particle	20		སྦྱིན་པས་འདུལ་བ་ནི་ནོར་བུ་རིན་པོ་ཆེའི་སྤྲིན་གྱིས་ང་རྒྱལ་རབ་ཏུ་ཞི་བར་བྱེད་པའོ། །
1516	terminal-particle	25		ང་རྒྱལ་རྣམ་པར་དག་པའི་གནས་ལ་ཡང་དག་གཞག་པ་ནི་དེས་ང་རྒྱལ་གྱི་རང་བཞིན་དང་བྲལ་བའི་དོན་
1517	terminal-particle	4		གཞན་ནི་གོ་སླའོ། །
1518	terminal-particle	10		འདོད་ཆགས་ནི་འཁྲིག་པ་དང་ཡུལ་ལ་ཆགས་པའོ། །
1519	terminal-particle	33		དེ་ཡང་གང་གིས་སྤོང་ཞེ་ན་བཅོམ་ལྡན་འདས་འོད་དཔག་ཏུ་མེད་པའི་རྣལ་འབྱོར་ཏེ། ཏིང་ངེ་འཛིན
1520	terminal-particle	18		གང་གིས་དེ༌[^793]ལྟ་བུའི་རང་བཞིན་ཡོངས་སུ་ཤེས་པར་བྱ་བའི་ཕྱིར་གསུངས་སོ་ཞེས་སྦྱར་རོ།
1521	line-end	18		འདོད་ཆགས་ཆེན་པོ་ཡང་གང་ཡིན་ཞེ་ན། མཆོག་ཏུ་དགའ་བས་ཏེ།[^794] དྲི་མ་མེད་པའི་དགའ་བའོ། 
1522	terminal-particle	17		དེའི་རྒྱུ་ནི་དེ་འཕེལ་བར་བྱེད་པའི་རྒྱུ་སྟེ་ཁུ་བ་བྱང་ཆུབ་ཀྱི་སེམས་སོ། །
1523	terminal-particle	15		དེ་ལས་བྱུང་བ་ནི་རྒྱུ་དེ་ལས་སྐྱེས་པ་སྟེ། འོད་དཔག་ཏུ་མེད་པའོ། །
1524	terminal-particle	16		ངེས་པའི་དོན་དུ་གང་ཡིན་ཞེ་ན་འོད་གསལ་བ་སྟེ་སྟོང་པ་ཉིད་དོ། །
1525	terminal-particle	40		དེ་ལས་བྱུང་བ་ནི་སེམས་ཅན་དེ་ལྟ་བུ་གདུལ་བའི༌[^795]དོན་དུ་དེའི་སྐུར་སྤྲུལ་པའོ།[^796
1526	terminal-particle	15		དེ་ལ་ཆགས་པ་ནི་དེ་ཡང་དག་པར་ངེས་པའི་ཚུལ་དུ་འཛིན་པའོ། །
1527	terminal-particle	18		འཁོར་བ་མ་ལུས་པར་འཇོམས་པ་ནི་གང་གིས་འཁོར་བ་མ་ལུས་པའི༌[^798]རྟོག་པ་འཇོམས་པའོ། །
1528	line-end	5		གཞན་ཡང་དེ་བཞིན་ནོ། །
1529	terminal-particle	20		དོན་ཡོད་པ་གྲུབ་པ་ནི༌[^799]ཅིའི་ཕྱིར་ཞེ་ན་བྱ་བ་གྲུབ་པའི་ཞེས་བྱ་བ་ལ་སོགས་པས༌[^800]
1530	terminal-particle	23		འོད་གསལ་བ་ལ་ཅིའི༌[^801]ཕྱིར་ཞེ་ན་མཚན་མ༌[^802]མེད་པའི་འབྲས་བུ་སྟེར་བ་སྟེ་དེ་ལ་དམི
1531	terminal-particle	31		ཕྲག་དོག་ནི་གཞན་གྱི་ཡོན་ཏན་ལ་སེམས་ཁོང་ནས་འཁྲུགས་པ་སྟེ། གང་གིས༌[^804]དེ་དང་ལྡན་པའི
1532	line-end	33		ཁམས་ཕྲ་བ་ནི་ལྟེ་བ་ལ་གནས་པའི་རླུང་སྟེ། དེས་ཐབས༌[^806]ཀྱི་ཡེ་ཤེས་བྱང་ཆུབ་ཀྱི་སེམས་
1533	line-end	18		རབ་ཏུ་རྣམ་པར་འབྱེད་པ་ནི་རྟོག་པ་དང་དཔྱོད་པ་དང་། ངེས་པར་འབྱེད་པ་སྟེ།
1534	verse-stanza	28		རྒྱུ་དེ་ལས་བྱུང་བའི་ཕྱིར་རོ། །↵འཛིན་པ་ནི་དེ་དང་ལྡན་པའོ། །↵ཟླ་བ་ནི་བྱང་ཆུབ་ཀྱི་སེ
1535	terminal-particle	8		གདུལ་བྱ༌[^807]ནི་ཁམས་གསུམ་གྱི་སེམས་ཅན་ནོ། །
1536	terminal-particle	11		དེའི་མངོན་པར་འདོད་པ་ནི་དེའི་བླང་བར་བྱ་བའོ། །
1537	terminal-particle	12		ཟག་པ་མེད་པའི་བདེ་བ་ཆེན་པོ་ནི་ཆོས་ཀྱི་སྐུའོ། །
1538	terminal-particle	10		རིགས་འདི་རྣམས་ཞེས་པ་ནི་འོག་ནས་སྟོན་ཏོ། །
1539	terminal-particle	24		ཕུང་པོ་འདི་དག༌[^808]ནི་གཟུགས་ལ་སོགས་པ་སྟེ་དེ་ཉིད་དོན་དམ་པར་སངས་རྒྱས་དང་ངོ་བོ་གཅི
1540	line-end	33		དེ་ལྟ་བུའི་དབུས༌[^809]སུ་མ་ཡིན་ནམ་སྙམ་པ་ལ། རྫོགས་པའི་བྱང་ཆུབ་རྐྱེན་དུ་བྱུང་། །ཞེ
1541	terminal-particle	23		དེའི་ཕྱིར་ནི་ཐ་དད་དོ༌[^810]ཞེ་ན། དེ་བཞིན་ཉིད་དུ་གཉིས་མེད་པ། །ཞེས་དོན་དམ་པར་གཉིས་
1542	line-end	13		ཡང་རྣམ་པར་སྣང་མཛད་ཅེས་བྱ་བ་ལ་སོགས་པའི་དོན་ནི། །
1543	verse-stanza	13		རྫོགས་སངས་རྒྱས་ནི་ཆགས་པ་བྲལ། །↵འདོད་ཆགས་ཅན་ལ་དེ་ཉིད་དོ། །
1544	line-end	4		ཞེས་པ་ལྟ་བུའོ། །
1545	verse-stanza	19		མཱ་མ་ཀཱི་ནི་འཁྲིག་པ་ཡི། །↵རེག་བྱས་མཉེས་པར་བྱེད་པའི་ཕྱིར། །↵འདའ་བར་བྱ་བ་མ་ཡིན་ནོ།
1546	terminal-particle	5		ཞེས་བསྟན་པར་འགྱུར་རོ། །
1547	terminal-particle	18		ཞེ་སྡང་ནི་མི་བསྐྱོད་པ་སྟེ་ཞེ་སྡང་ཅན་གྱིས༌[^811]འགྲོ་བ་འདུལ་བར་བྱེད་པའི་ཕྱིར་རོ། 
1548	line-end	11		དེ༌[^812]དགའ་བ་ནི་དེ་མཉེས་པར་བྱེད་པའི་ཚུལ་གྱིས་སོ། །
1549	terminal-particle	23		ཞེ་སྡང་རྣམ་པར་དག་པ་ནི་དེ་བཞིན་ཉིད་དེ་རྒྱུ་དང་ངོ་བོ་ལ་སོགས་པ་མ་གྲུབ་པའི་ཕྱིར་རོ། 
1550	terminal-particle	18		དེ་ལ་དགའ་བ་ནི་དེ་དང་དབྱེར་མེད་པའི་ཚུལ་གྱིས་ཏེ་ཡང་དག་པའི༌[^813]ཡེ་ཤེས་སོ། །
1551	terminal-particle	42		བཅོམ་ལྡན་འདས་རྡོ་རྗེ་འཆང་ཆེན་པོ་དེ་ཉིད་ཅེས་བྱ་བ་ལ་སོགས་པའི་དོན་ནི་དེ་དག་ཀྱང་རྡོ་
1552	terminal-particle	8		གཞན་ལ་ཡང་དེ་ལྟར་ཤེས་པར་བྱའོ། །
1553	terminal-particle	18		སྐུ་དང་གསུང་དང་ཐུགས་མི་རྟག་པ༌[^814]ནི་སྐད་ཅིག་གཉིས་པ་ལ་སོགས་པར་མི་གནས་པའོ། །
1554	terminal-particle	7		སླུ་བ༌[^815]ནི་རྟག་པར་སེམས་པ་ལའོ། །
1555	terminal-particle	12		ཆོས་ཐམས་ཅད་སྟོང་པ་ནི་ཇི་ལྟར་བརྟག་པ༌[^816]དང་བྲལ་བའོ། །
1556	terminal-particle	10		སླུ་བ་ནི་ཡོད་པར་འཛིན་པའི་གང་ཟག་ལའོ། །
1557	line-end	7		སྣང་བ་གསུམ་ནི་བཤད་ཟིན་ཏོ། །
1558	terminal-particle	25		སླར་ཡང་དངོས་པོ་མེད་པར་བྱས་པ་ནི་འོད་གསལ་བའི་ངང་དུ་སྟེ་དེ་ཉིད་ཡོད་པར་འཛིན་པ་ནི་གང་
1559	line-end	20		ཕུང་པོ་ལ་སོགས་པ་ནི་སྦྱང་བར་བྱའོ།[^817] །རིལ་པོར་འཛིན་པ་ལ་སོགས་པ་ནི་སྦྱོར་བའི་ཐབས
1560	verse-stanza	20		དེ་ཐམས་ཅད་དབྱེ་བ༌[^818]མེད་པར་གྱུར་པ༌[^819]ནི་དེའི་འབྲས་བུའོ། །↵འདི་ནི་ཐམས་ཅད་རང
1561	verse-stanza	13		བདེན་པར་གྱུར་པའི་དོན་མཐོང་བས། །↵དམན་ལ་བདེན་པར་གྱུར་པ་སླུ། །
1562	terminal-particle	5		ཞེས་འབྱུང་བ་ལྟ་བུའོ། །
1563	terminal-particle	6		གཞན་ནི་སྔ་མ་བཞིན་ནོ། །
1564	terminal-particle	20		གཤིན་རྗེ་ནི་དམྱལ་བའི་སྲུང་མ་དང་བཅས་པ་སྟེ་དེ་ན་དབང་ཆེ་བར་སྣང་བའི་ཕྱིར་རོ། །
1565	terminal-particle	11		ཁྲོ་བོ་ཆེན་པོ་ནི་དེ་དག་འཇིགས་པར་སྣང་བའོ། །
1566	terminal-particle	17		མཐར་ཐུག༌[^821]མཛད་ཅིང་འཇིགས་པ་ནི་གཏུམ་པོའི་ལས་ཀྱི༌[^822]དོན་ཆེན་པོ་དང་ལྡན་པར་བྱེ
1567	terminal-particle	25		རྨོངས་པའི་མུན་པ་ཉིད་མ་རིག་པ༌[^823]སྟེ་དམན་པར་གྱུར་པའི་ཕྱིར་སྡུག་བསྔལ་སྣ་ཚོགས་ཉམས
1568	line-end	24		དོན་དམ་པའི་བདེན་པས་མཐར་ཐུག༌[^824]པར་མཛད་པ་ནི་རང་བཞིན་གྱིས་བག་ཆགས་དང་བཅས་ཏེ་རྩད་ན
1569	terminal-particle	21		དེ་བཞིན་གཤེགས་པ་ཐམས་ཅད་ཀྱི་མངོན་པར་བྱང་ཆུབ་པ་ཡང་གང་ཞེ་ན་རིན་ཆེན་འབྱུང་ལྡན་ནོ། །
1570	line-end	14		འོད་གསལ་བ་ནི་མངོན་པར་བྱང་ཆུབ་པ་ལས་བྱུང་བ་དང་།
1571	verse-stanza	14		དེའི་ངོ་བོ་ཉིད་ཀྱི་ཕྱིར་རོ། །↵དེ་ཉིད་ནི་མི་ཕྱེད་པས་རྡོ་རྗེའོ། །
1572	terminal-particle	17		རྣམ་པར་རྟོག་པའི༌[^825]བདག་ཉིད་ཅན་ནི་ཡིད་ཀྱི་རྣམ་པར་ཤེས་པ་དང་མཚུངས་པར༌[^826]ལྡན་པ
1573	terminal-particle	13		དེ་འོད་གསལ་བར་འཇུག་པ་ནི་སྟོང་པ་ཉིད་དུ་བྱས་པའོ། །
1574	line-end	51		རྡོ་རྗེའི་དམ་ཚིག་ནི་གང་ཞིག་དེས་གང་བསྙེངས་པར་བྱ་ཞེ་ན་རྡོ་རྗེ་ནི་དེ་བཞིན་གཤེགས་པའི
1575	terminal-particle	11		ཡང་བྱེ་བྲག་བསྡུ་བ་སྟེ། རྡོ་རྗེ་དམ་ཚིག་ཉིད་སྲེག༌[^827]པའོ། །
1576	terminal-particle	22		འོད་དཔག་ཏུ་མེད་པ་ནི་ཆོས་རིན་པོ་ཆེ་སྟེ་ཆོས་ཐམས་ཅད་ཀྱི་འབྱུང་གནས་སུ་གྱུར་པའི་ཕྱིར་
1577	terminal-particle	16		རྟ་མགྲིན་ཡང་འོད་དཔག་ཏུ་མེད་པ་སྟེ་དེའི་རིགས་སུ་གྱུར་པའི་ཕྱིར་རོ། །
1578	terminal-particle	19		འོད་གསལ་བ་ནི་ཆོས་རིན་པོ་ཆེ་སྟེ་ཆོས་ཐམས་ཅད་ཀྱི་དེ་བཞིན་ཉིད་ཀྱི་ཕྱིར་རོ། །
1579	terminal-particle	12		རྟ་མགྲིན་ཡང་དེ་ལས་བྱུང་བའི་ཕྱིར་དེ་སྐད་ཅེས་བྱའོ། །
1580	terminal-particle	15		ཉོན་མོངས་པ་རྣམས་ཀྱིས་མ་གོས་པ་ནི་དེའི་རང་བཞིན༌[^828]ཡིན་པའི་ཕྱིར་རོ། །
1581	terminal-particle	15		དེ་ཉིད་འཇིགས་པར༌[^829]མཛད་པ་ནི་དེ་དང་ལྷན་ཅིག་པར་འགལ་བའི་ཕྱིར་རོ། །
1582	terminal-particle	40		པདྨ་ནི་སྐྱེ་གནས་སོ་ཞེས་པ་ལ་སོགས་པའི་དོན་ནི་རྡོ་རྗེ་པདྨ་སྙོམས་པར་ཞུགས་པས་བྱང་ཆུབ་
1583	terminal-particle	21		རྣམ་པར་དག་པའི་གནས་ནི་རྣམ་པར་དག་པར་བྱེད་པའི་རྟེན་ཏེ་གང་ཡིན་ཞེ་ན་འོད་གསལ་བའོ། །
1584	line-end	33		བགེགས་ནི་བི་ནཱ་ཡ་ག་ལ་སོགས་པ་སྟེ་དེ་མཐར་བྱེད་པ་ནི་ཐབས་གང༌[^830]གི་སྒོ་ནས་དོན་ཆེན་
1585	terminal-particle	29		དེས་པའི་དོན་དུ་བགེགས་ཞེས་བྱ་བ་གང་ཞིག་ཅེ་ན། བགེགས་ནི་ཁམས་བཞི་པོ་སྟེ། ས་དང་ཆུ་དང་མ
1586	terminal-particle	20		དེ་ལ་ཡང་ཅིའི་ཕྱིར་ཞེ་ན། དེ་དག་འཕེལ་བ་དང་འགྲིབ་པས་ལུས་གཟིར་བར་བྱེད་པའི་ཕྱིར་རོ། །
1587	terminal-particle	31		ཐབས་ཀྱི༌[^831]ཡེ་ཤེས་ཤར་བས་རྣམ་པར་འཇིག་པ་ནི་གང་གིས་ལུས་ཀྱི་རྒྱུན་ལས་བྱང་ཆུབ་སེམས
1588	terminal-particle	75		འདི་ལ་ཁ་ཅིག་གིས༌[^832]འདི་སྐད་ཅེས་དེ་བཞིན་གཤེགས་པའི་གཙོ་བོ་དང་འཁོར་གྱི་རྣམ་པར་སྣ
1589	terminal-particle	16		རང་གི་བློ་དང༌[^835]འགྱུར་བ་ཡང་མ་ཡིན་ཏེ་བརྟགས་པ་མ་ཡིན་པའི་ཕྱིར་རོ། །
1590	terminal-particle	16		གལ་ཏེ་ཡིན་ནོ་ཞེ་ན་ཡང་བླང་བར་བྱ་བ་མ་ཡིན་པ་ཉིད་དོ། །
1591	terminal-particle	18		ཕྱོགས་ངེས་པར༌[^836]འགྲུབ་པར་མི་འགྱུར་ཏེ་དེ་ཉིད་ཀྱི་ཕྱིར་ཐ་དད་པ་ནི་མ་ཡིན་ནོ། །
1592	terminal-particle	27		གལ་ཏེ་གཅིག་པ་ཉིད་དོ་ཞེ་ན་ཡང་ཤིན་ཏུ་རིགས་པ་མ་ཡིན་ཏེ། ཁ་དོག་དང་གནས་ལ་སོགས་པ་ཐ་དད་པ
1593	terminal-particle	29		གལ་ཏེ་གནས་གཅིག་པས་གཅིག་པ་ཉིད་དོ་ཞེ་ན་ཡང་རིགས་པ་མ་ཡིན་ཏེ། ཐམས་ཅད་སའི་དཀྱིལ་འཁོར་ག
1594	terminal-particle	28		གལ་ཏེ་ལུས་འདྲ་བས་གཅིག་པ་ཉིད་དོ༌[^837]ཞེ་ན་ཡང་མ་ཡིན་ཏེ་གང་གིས་མི་རྣམས་ཀྱི༌[^838]ལ
1595	line-end	33		གལ་ཏེ་ཡེ་ཤེས་གཅིག་པ་ཉིད་ཀྱིས་གཅིག་པ་ཉིད་དོ་ཞེ་ན་ཡང་མ་ཡིན་ཏེ་མི་རྟག་པ་དང་མི་རྟག་པ
1596	terminal-particle	72		གལ་ཏེ་རིག་པ་ཙམ་དུ་འདོད་པའོ་ཞེ་ན་ཡང་མ་ཡིན་ཏེ་སངས་རྒྱས་དང་བྱང་ཆུབ་སེམས་དཔའ་དང་སོ་ས
1597	terminal-particle	26		[^839]ཡང་སྔ་མའི་ས༌[^840]ན་འདུག་པ་ཉིད་དོ་ཞེ་ན་ཡང་མ་ཡིན་ཏེ། རང་གི་གདུལ་བྱའི་དབང་གི
1598	terminal-particle	24		དེ་བས་ན་འདིར་ཡང་སངས་རྒྱས་ཐམས་ཅད་དབྱེར་མེད་ཀྱང་རང་གི་གདུལ་བྱའི་དབང་གིས༌[^841]སྣ་ཚ
1599	line-end	29		གལ་ཏེ་དེ་ལྟ་ན། གཅིག་པར་འགྱུར་རོ་ཞེ་ན་དེ་ནི་འདོད་པ་སྟེ། དེའི་རང་བཞིན་གྱི་ཕྱིར་དུས
1600	terminal-particle	26		དེ་ལྟར་ན་སེམས་ཅན་གྱི་འདོད་པས་བྱུང་བའི་ཕྱིར་དུས་ཐམས་ཅད་དུ་འདོད་པས་ཇི་ལྟ་བ་བཞིན་དུ
1601	terminal-particle	41		གལ་ཏེ༌[^842]ནི་རང་གི་རྣམ་པར་རྟོག་པས༌[^843]བསྒྲིབས་པའི་ཕྱིར་མི་སྣང་ངོ་། །འདོད་པ་ལ
1602	terminal-particle	23		གལ་ཏེ་རང་གི་འདོད་པ་གཙོ་བོར་མི་བྱེད་ན་ནི་ཐ་དད་པས་སྣང་བར་མི་འགྱུར་ཏེ་བཀབ༌[^845]པའི
1603	terminal-particle	23		གལ་ཏེ་སྒྲིབ༌[^846]པས༌[^847]མི་སྣང་ན་སྒྲིབ་པ༌[^848]དང་བྲལ་བའི་དུས་ན་ཐ་དད་པ་མི་སྣང
1604	line-end	23		གང་གི་ཕྱིར༌[^849]སེམས་ཅན་གྱི་མོས་པ་འབའ་ཞིག་ལས་མ་ཡིན་ཏེ་སྨོན་ལམ་ཆེན་པོའི་འཕེན་པས་
1605	terminal-particle	14		དེ་བས་ན་གཉིས་ཚོགས་ན་འགྱུར་གྱི་གཞན་དུ་ནི་མ་ཡིན་ནོ། །
1606	terminal-particle	50		ཡང་ཅི་ཐ་དད་པར་འགྱུར་བའི་སྨོན་ལམ་འགྲུབ་པ་ཅིའི་ཕྱིར་ཞེ་ན། ཐ་དད་པའི༌[^850]སེམས་ཅན་ཡ
1607	terminal-particle	81		གལ་ཏེ་དེ་ལྟ་ན་རྒྱུ་གཉིས་ལས་གྲུབ་པའི་ཕྱིར་གཅིག་ལས་སྣ་ཚོགས་སུ་ནི༌[^852]སྣང་ན། གང་ག
1608	line-end	11		གལ་ཏེ་དེ་ལྟ་ན༌[^856]ནི་ང་ནི་ཟག་པ་ཟད་དོ། །
1609	terminal-particle	48		ད་ནི་ཆོས་ཐམས་ཅད་ཀྱི་དོན་ཡོངས་སུ་ཤེས་པའོ་ཞེས་བྱ་བ་ལ་སོགས་པ་འདི་ལེགས་པར་གནས་པར་མི་
1610	terminal-particle	46		གལ་ཏེ་མཚན་མ་ཐམས་ཅད་མཁྱེན་ན་ཅིར་འགྱུར་ཞེ་ན། མཚན་མ་ནི་ཐོག་མ་མེད་པའི་ལས་ཀྱིས་བསྒྲུབ
1611	line-end	69		གལ་ཏེ་དེ་ཉིད་ཡེ་ཤེས་སོ་ཞེ་ན་གང་གི་ཕྱིར་ཇི་ལྟར་གནས་པའི་དོན་ཤེས་པས་ཡེ་ཤེས་ཞེས་བྱ་བ
1612	terminal-particle	7		དེ་ནི་དེ་ལ་ཡང་མཚུངས་སོ། །
1613	terminal-particle	14		[^861]དེ་བས་ན༌[^862]འདིར་འཁོར་གྱི་སྣང་བ་མ་གཏོགས་པ་གཞན་མ་ཡིན་ནོ། །
1614	terminal-particle	30		གལ་ཏེ་ལོངས་སྤྱོད་རྫོགས་པའི་སྐུ་སྒྲུབ་པ་ཉིད་དེ། སྤྲུལ་པའི་ལས་བྱེ་བྲག་ཏུ་བྱ་བའི་ཕྱ
1615	terminal-particle	37		གལ་ཏེ་འཁྲུལ་པ་ནི་འཁྲུལ་པར་མ་འཁྲུལ་པ་ནི་མ་འཁྲུལ་པར་མཁྱེན་ན་ཇི་ལྟར་འཁྲུལ། མཚན་མ་ལ་
1616	terminal-particle	23		གལ་ཏེ་གཟུགས་དང་སེམས་སོ་ཞེ་ན། གཟུགས་ལྟར་སྣང་བའི་ས་བོན་ལས་བྱུང་བའི་ཕྱིར་ལེགས་པར་བཤ
1617	terminal-particle	21		འདི་ལྟར་ཆོས་འདི་དག་ལས་ཀྱི་འཁྲུལ༌[^864]འཁོར་གྱིས་བྱུང་བ་སྟེ་དེ་ཉིད་ལས༌[^865]སྣ་ཚོ
1618	line-end	38		གལ་ཏེ་སྣ་ཚོགས་པ་དེ་གཅིག་པའི་རང་བཞིན་ཡིན་ནོ་ཞེ་ན། དེ་ལྟར་སྣང་བར་གྱུར་པའི་ཤེས་པ༌[^
1619	terminal-particle	59		དགེ་བའི་ལས་ཀྱིས་བསྒྲུབས་སོ་ཞེ་ན་ཐམས་ཅད་དགེ་བའི་ལས་དང་ལྡན་པ་ཉིད་དུ་འགྱུར་བས་ཅིའི་
1620	terminal-particle	28		གང་གི་ཕྱིར་དེ་དག་རྒྱུ་དང་འབྲས་བུའི་རང་བཞིན་དུ་མ་གྲུབ་ན་ནི་གཅིག་ཡོད་པ་མེད་ན་མེད་པ
1621	line-end	17		གཞན་ཡང་དོན་དམ་པར༌[^868]གཉིས་སུ་འགྱུར་བ་འདི་ཡང་མ་བཟློག་པར་འགྱུར་བ་ཉིད་དོ། །
1622	terminal-particle	80		དེ་བས་ན་རྫོགས་པའི་སངས་རྒྱས་ཐམས་ཅད་ཆོས་ཐམས་ཅད་ཟིལ་གྱིས༌[^869]གནོན་པ་རྡོ་རྗེ་ཞེས་བ
1623	terminal-particle	24		ཆོས་ཐམས་ཅད་ཀྱི་དེ་ཁོ་ན་ཉིད་ཐུགས་སུ་ཆུད་པའི་ཕྱིར་རོ་ཞེས་འབྱུང་བ་འདི་ལེགས་པར་བཤད་པ
1624	terminal-particle	58		དེ་བས་ན་གང་གིས་སྣང་བ་ཆོས་ཐམས་ཅད་སྤྲོས་པ་མེད་པའི་ཏིང་ངེ་འཛིན་ལ་གནས་བཞིན་དུ་སྨོན་ལ
1625	line-end	4		[^871]གཞན་ནི་གོ་སླའོ། །
1626	line-end	43		རྡོ་རྗེ་སློབ་དཔོན་ལུས་འདི་ལ། །ཞེས་བྱ་བ་ལ་སོགས་པས་ནི་སྦྱོར་བ་དང་པོའི་ལུས་ཀྱི་དཀྱི
1627	verse-stanza	33		[^873]གང་གིས་བློ་དམན་དོན་དུ་རྒྱུད་ཆེན་འགྲེལ། །↵[^874]ལེགས་བརྩམས་དེ་ལས་གསལ་བར་མ་ག
1628	verse-stanza	18		སྒྲོན་མ་གསལ་བར་བྱེད་པ་ཞེས་བྱ་བའི༌[^875]འགྲེལ་བཤད།↵སློབ་དཔོན་ཨཱརྱ་དེ་བས་མཛད་པ་རྫོ
1629	line-end	69		[^1]: སྒྲོན་མ་ ༼སྣར།༽ སྒྲོལ་མ་↵[^2]: གྱུར་ ༼སྣར། པེ།༽ འགྱུར་↵[^3]: གསལ་ ༼སྣར། པེ
1630	ordinal-open	196		གཉིས་པ་ ༼སྣར། པེ།༽ གཉིས་↵[^23]: བསལ་ ༼སྣར། པེ།༽ གསལ་↵[^24]: འདི་ ༼སྣར། པེ།༽ འདི་
1631	terminal-particle	194		དེ་ ༼སྣར། པེ།༽ ཉེ་བར་སྟོན་ཏེ་↵[^74]: སྟོབས་ཀྱིས་ ༼སྣར། པེ།༽ སྟོབས་ཀྱི་↵[^75]: སྟ
1632	line-end	83		༼སྣར། པེ།༽ གོ་རིམ་དུ་↵[^118]: འདུས་པ་ལ་ཡང་ ༼སྣར། པེ།༽ འདུས་པར་↵[^119]: ཡིན། ༼སྣར
1633	ordinal-open	63		ལྔ་པ་↵[^138]: བསླང་བ་ ༼སྣར། པེ།༽ བསླངས་པ་↵[^139]: རྣམ་པ་ ༼སྣར། པེ།༽ རྣམ་↵[^140]:
1634	terminal-particle	43		[^155]: དབང་ ༼སྣར། པེ།༽ དབྱངས་↵[^156]: བྱ་བའི་ ༼སྣར། པེ།༽ བྱ་བའི་བྱ་བའི་↵[^157]:
1635	quote-close	229		[^166]: ལ་ནི་ ༼སྣར། པེ།༽ ལ་↵[^167]: སྤྱོད་ ༼སྣར། པེ།༽ སྤྱོད་པ་↵[^168]: མཐུན་པ་ ༼
1636	quote-close	2		༼སྣར། པེ།༽ ཞེས་པའོ།
1637	terminal-particle	101		[^230]: རྒྱས་པར་ ༼སྣར། པེ།༽ རྒྱས་↵[^231]: བཤད་ ༼སྣར། པེ།༽ བཅད་↵[^232]: ཁོ་ནའི་ ༼
1638	terminal-particle	29		[^261]: ཆེན་པོ་དང་ ༼སྣར། པེ།༽ ཆེན་པོ་↵[^262]: གྱུར་ ༼སྣར། པེ།༽ གྱུར་པ་↵[^263]: ཚ
1639	terminal-particle	189		[^271]: མཁས་པ་ ༼སྣར། པེ།༽ མཁས་པས་↵[^272]: མེད་པ་ ༼སྣར། པེ།༽ མེད་པ་ནི་↵[^273]: ཤེ
1640	line-end	33		[^315]: འདི་ ༼སྣར། པེ།༽ འདི་དེ་↵[^316]: དག་པ་ ༼སྣར། པེ།༽ དག་↵[^317]: རྣལ་འབྱོར་ག
1641	ordinal-open	26		ལྔ་པ་ལ་↵[^323]: པ་ ༼སྣར། པེ།༽ པའི་↵[^324]: ཏོ་ཞེས་བྱ་བ་ ༼སྣར། པེ།༽ ཏོ་ཞེས་པ་↵[^3
1642	terminal-particle	334		༼སྣར། པེ།༽ །། །།↵[^330]: བཞུགས་ ༼སྣར། པེ།༽ ཞུགས་↵[^331]: ན་ཡང་མ་ ༼སྣར། པེ།༽ ན་ཡང
1643	quote-close	25		༼སྣར། པེ།༽ ། །གང་གིས་↵[^416]: སྤང་བ་ ༼སྣར། པེ།༽ སྤངས་པ་↵[^417]: ལན་གཅིག་གིས་ ༼སྣ
1644	line-end	66		༼སྣར། པེ།༽ རོ་ཞེའོ།↵[^422]: རྟོགས་པར་ ༼སྣར། པེ།༽ རྟོག་པར་↵[^423]: བླང་བར་ ༼སྣར། 
1645	ordinal-open	50		དང་པོ་↵[^436]: གྱུར་ལ་འདིས་ནི་ ༼སྣར། པེ།༽ གྱུར་པ་ནི་འདིས་↵[^437]: གང་གིས་ ༼སྣར། 
1646	terminal-particle	34		༼སྣར། པེ།༽ དེ་ཉིད་དེ་↵[^446]: ན་ ༼སྣར། པེ།༽ སུ་↵[^447]: སྐྱེ། ༼སྣར། པེ།༽ སྐྱེས།↵
1647	terminal-particle	92		[^457]: གྱུར་པ་ ༼སྣར། པེ།༽ གྱུར་པས་↵[^458]: སེམས་དཔའ་ ༼སྣར།༽ སེམས་↵[^459]: ནོར་བ
1648	terminal-particle	13		བདག་ཉིད་དམ་པ་ཡོངས་སུ་རྫོགས་པར་འདོད་པས་ཀྱང་འདི་↵[^479]: རོ། །
1649	terminal-particle	23		༼པེ།༽ ། །བདག་ཉིད་དམ་པ་ཡོངས་སུ་རྫོགས་པར་འདོད་པས་ཀྱང་འདི་ལ་བརྟེན་ནས་འདི་དག་ཡོངས་སུ
1650	terminal-particle	116		[^480]: འདོད་ཆགས་དང་ ༼སྡེ།༽ འདོད་ཆགས་↵[^481]: ཡིད་ཀྱིས་ ༼སྣར། པེ།༽ ཡིད་ཀྱི་↵[^48
1651	terminal-particle	17		༼སྣར། པེ།༽ །། །།↵[^510]: གང་དུ་ ༼སྣར། པེ།༽ གང་ལ་↵[^511]: དག་ ༼སྣར། པེ།༽ དག་པ་↵[^
1652	line-end	3		[^515]: སུན་པ་ ༼སྣར། པེ།༽
1653	ordinal-open	26		གསུམ་པ་↵[^516]: གཞན་དུ་འདི་ ༼སྣར། པེ།༽ གཞན་དུ་↵[^517]: དེ་དག་གིས་ ༼སྣར། པེ།༽ དེ་
1654	line-end	62		༼སྣར། པེ།༽ །↵[^521]: གོ་རིམས་ ༼སྣར། པེ།༽ གོ་རིམ་↵[^522]: མཆེད་པ་ ༼པེ།༽ ཆེད་པ་↵[^
1655	ordinal-open	391		གསུམ་པ་འདིས་ ༼སྣར། པེ།༽ གསུམ་པོ་འདི་↵[^538]: བྱ་བ་ ༼པེ།༽ བྱ་བ་ལ་↵[^539]: རྣམ་པ་ 
1656	terminal-particle	220		༼སྣར། པེ།༽ སྤྱོད་།། །།↵[^640]: འདི་ ༼སྣར། པེ།༽ འདི་ཅི་↵[^641]: འགྱུར། ༼སྣར། པེ།༽
1657	terminal-particle	138		༼སྣར། པེ།༽ སྟོན་↵[^704]: འབུལ་ ༼སྣར། པེ།༽ དབུལ་↵[^705]: གཞག་ ༼སྣར། པེ།༽ བཞག་↵[^7
1658	terminal-particle	9		[^743]: དག་ ༼སྣར། པེ།༽ དག་པའི་↵[^744]: ན་ ༼སྣར། པེ།༽ ན། དེའི་ངོ་བོ་ཉིད་དོ། །
1659	terminal-particle	280		སྣང་བ་ལས་བྱུང་བ་དང་དེའི་རང་བཞིན་པས་ན་↵[^745]: སེམས་ཅན་ཐམས་ཅད་ ༼སྣར། པེ།༽ སེམས་ཅན
1660	terminal-particle	121		[^811]: ཅན་གྱིས་ ༼སྣར། པེ།༽ ཅན་གྱི་↵[^812]: དེ་ ༼སྣར། པེ།༽ དེ་ལ་↵[^813]: ཡང་དག་པ
1661	terminal-particle	91		༼སྣར། པེ།༽ ཞེ་ན་↵[^840]: སྔ་མའི་ས་ ༼སྣར། པེ།༽ སྔ་མའི་སོ་↵[^841]: དབང་གིས་ ༼སྣར། 
1662	terminal-particle	33		༼སྣར། པེ།༽ མཚུངས་།། །།↵[^862]: ན་ ༼སྣར། པེ།༽ ནི་↵[^863]: བརྗོད་ ༼སྣར། པེ།༽ རྗོད་
1663	terminal-particle	1		༼སྣར། པེ།༽ ལྟའོ།། །།
1664	terminal-particle	5		[^872]: རང་གི་ ༼པེ།༽ རང་གིས་↵[^873]: པའོ། །
1665	line-end	8		༼སྣར།༽ །། །།↵[^874]: འགྲེལ། ། ༼སྣར།༽ །། །།↵[^875]: བྱེད་པ་ཞེས་བྱ་བའི་ ༼སྣར། པེ།༽
1666	root-quote	11		ཨུཏྤ་ལ་དང་པད་དཀར་དང་། །པདྨ་ཙནྡན་རིན་པོ་ཆེའི། །
1667	root-quote	13		པདྨ་ལ་ནི་འདམ་གྱིས༌[^687]བཞིན། །ངོ་བོ་ཉིད་ཤེས་གོས་མི་འགྱུར། །
1668	root-quote	10		ཞེས་པ་ནི་ཐུན་མཚམས་ཉིན་མོ་མཚན་མོ་ཡི། །
1669	verse-demoted	21		སློབ་པ་དང་མི་སློབ་པའི་བྱེ་བྲག་གིས་ཡིན་ནོ། །རང་གི༌[^35]ཚིག་གིས་གསལ་བ་ཡང་མ་ཡིན་ཏེ།
1670	verse-demoted	23		འཁོར་བའི་གཡང་ས་དང་ཉེ་བ་ཉིད་ཀྱི་ཕྱིར་རོ། །མཐའ་ཡང་ཡིན་དྲུག་ཀྱང་ཡིན་པས༌[^46]འདི་ནི་
1671	verse-demoted	19		འདི་དག་ནི་འཁོར་བའི་ཆོས་ཉེ་བར་ལེན་པའོ། །འདི་དག་ནི་ཉོན་མོངས་པ་ལྷུར་ལེན་པའོ། །
1672	verse-demoted	22		དེ་བཞིན་གཤེགས་པ་ཐམས་ཅད་ཀྱི་གསང་བ་འདུས་པའོ། །ཡང་ན་དཔལ་ལྡན་ནི་དེ་བཞིན་གཤེགས་པ་རྣམས
1673	verse-demoted	20		རྒྱལ་བའི་སྲས་ཁོ་ནའི་ཡུལ་དུ་གྱུར་ཞེས་པའོ། །འདིས་ནི་གཞན་དང་ལྡན་པ་རྣམ་པར་བཅད་པའོ། །
1674	verse-demoted	22		རིམ་པ་ཞེས་བྱ་བ༌[^80]ནི་གཉི་ག་ལ་སྦྱར་བར་བྱའོ། །འདིས་ནི་བསྐྱེད་པའི་རིམ་པ་ཡང་གཟུང་བ
1675	verse-demoted	22		དབང་པོ་རྟུལ༌[^94]པོའི་གང་ཟག་གཉི་ག་གཟུང་བར༌[^95]འགྱུར་རོ། །དེ་དག་གིས༌[^96]ནི་དོན་
1676	verse-demoted	14		ཨཱ་ལི་ཀཱ་ལི་མཉམ་སྦྱོར་བས། །འཁོར་ལོ་བཞི་ནི་འགྲུབ་པ་ཡིན། །
1677	verse-demoted	14		སྙིང་གི་དབུས་ན་མི་ཤིགས་པ། །འབར་བ་མར་མེའི་རྩེ་ལྟར་འབར། །
1678	verse-demoted	13		ཡི་གེ་ཨོཾ་ནི་ཆོས་ཀྱི་སྐུའོ། །ཨཱཿནི་ལོངས་སྤྱོད་རྫོགས་པའི་སྐུའོ། །
1679	verse-demoted	16		སྣང་བ་ཐོབ་པའི་ཡེ་ཤེས་སོ། །ཡི་གེ་གསུམ་དང་ཅི་རིགས་སུ་སྦྱར་རོ། །
1680	verse-demoted	14		བརྗོད་པ་ཀུན་གྱི་རྒྱུ་ཡི་མཆོག །ཚིག་ཀུན་རབ་ཏུ་གསལ་བར་བྱེད། །
1681	verse-demoted	14		འདིར་རྒྱས་པའི་བཤད་པ་ཁོ་ནའོ། །རྒྱས་པར་བཤད་པ་ཡང་ཡིན་ལ། །
1682	verse-demoted	21		གྲིར་ཤི་བའི་ཤ་ཁྲག་ལ་སོགས་པའི་སྦྱོར་བས་སོ། །དེ་བས་ན་རྫས་ཐུན་མོང་བ་མ་ཡིན་ནོ། །
1683	verse-demoted	18		དབང་ལ་ནི་དོན་སྤྱོད༌[^167]ལ་སྤྱོད་དོ། །དྲག་པོ་ལ་ནི་དོན་མཐུན་པ༌[^168]ལ་སྤྱོད་དོ། །
1684	verse-demoted	20		དེ་ལ་སོགས་པ་ཡོན་ཏན་གྱི་ཆོས་རྣམས་སོ། །དེ་ཐོབ་པར་བྱེད་པའི་རྒྱུ་ནི་སྦྱིན་པ་དང་།
1685	verse-demoted	18		རིགས་པ་ཡང་ནི་འདས་ཟིན་ཏེ། །ཞེས་པ་ནི་རིགས་རྣམ༌[^197]པ༌[^198]བཞི་ནི་བཤད་ཟིན་ཏོ། །
1686	verse-demoted	21		བློ་དམན་རྣམས་ལ་མི་སྟོན་པ་ཅིའི་ཕྱིར་ཞེ་ན། འདི་ལྟར་ལམ་ལོག་པ་ལ་འཇུག་པའི་ཕྱིར་རོ། །
1687	verse-demoted	21		མཐའ་དྲུག་སྤྲོས་པ་དང་བཅས་པ་བསྟན་ཞེས་བྱ་བའོ། །ནི་ཞེས་བྱ་བ་ནི་གཞན་འདྲེན་པའི་ཚིག་གོ།
1688	verse-demoted	14		སློབ་མ་ལ་བཤད་པ་དུ་ཞིག །ཅིའི་ཕྱིར་སློབ་མ་ལ་བཤད་པ། །
1689	verse-demoted	22		འདི་དག་གིས་ནི་ཙནྡན་ལྟ་བུའི་གང་ཟག་བསྟན་ཏོ། །དེ་ནས་རིན་པོ་ཆེ་ལྟ་བུའི་གང་ཟག་བསྟན་ཏེ
1690	verse-demoted	20		ལེའུ་དང་པོ་ནི་ཐོག་མ་ཞེས་པའི་དོན་ཏོ། །ཐོག་མའི་རིམ་པ་ཞེས་བྱ་བའི་ཐ་ཚིག་གོ། །
1691	verse-demoted	21		དེ་ལ་དང་པོའི་དབང་ནི་ཚོགས་ལ་སྦྱིན་པའོ། །ལྷག་མ་གསུམ་ནི་སློབ་མའི་གང་ཟག་ལ་སྦྱིན་པའོ།
1692	verse-demoted	14		བཤད་པའི་མཆོག་ནི་རབ་སྦས་ཏེ། །བླ་མ་ལས་ནི་རྟོགས་པར་བྱ། །
1693	verse-demoted	19		བླ་མ་ལ་བརྙས་སྒྱུ་ཅན་དད་པ་མེད། །ཅེས་བྱ་བ་ལ་སོགས་པ་གསུངས་པའི་ཕྱིར་རོ། །
1694	verse-demoted	21		གསང་བའི་བདག་པོ་ཞེས་བྱ་བ་ནི་བོད་པའོ། །དོན་རྒྱས་པ་ཡི་ཚུལ་ཆེན་འདི་ནི་རྙེད་གྱུར་ནས། 
1695	verse-demoted	22		གཞལ་ཡས་ཁང་གི་རྣམ་པ་ཉིད་ཡོངས་སུ་གསལ་བའོ། །དེར་གནས་པ་ནི་དེ་ཉིད༌[^392]ལ་བསྟེན་པ༌[^3
1696	verse-demoted	21		དེ་དང་མཚུངས་པར་ལྡན་པའི༌[^483]ལུས་ངག་གི་ལས་སོ། །བཀྲེས་པ་གང་ཞེ་ན་རྒྱུད་པས༌[^484]ཟས
1697	verse-demoted	14		ཐོབ་པ་ནི་ལོག་པ་ཉིད་དོ། །མ་རིག་པ་ལས་འདི་འབྱུང་འགྱུར། །
1698	verse-demoted	19		འདུ་ཤེས་ནི་མཚན་མར་འཛིན་པ་ཉིད་དོ། །འདུ་བྱེད་ནི་མངོན་པར་འདུ་བྱེད་པ་ཉིད་དོ། །
1699	verse-demoted	21		ལུས་ཀྱི་ཉེས་པར་སྤྱོད་པ་ནི་རྣམ་པ་གསུམ་མོ། །ངག་གི་ཉེས་པར་སྤྱོད་པ་ནི་རྣམ་པ་བཞིའོ། །
1700	verse-demoted	14		བཅོམ་ལྡན་འདས་ཀྱིས་བཤད་དུ་གསོལ། །བདེ་བར་གཤེགས་པས་བཤད་དུ་གསོལ། །
1701	verse-demoted	14		ཇི་ལྟར་བྱིས་པས་རྣམ་བརྟགས༌[^620]པའི། །ཕྱི་རོལ་དོན་ནི་ཡོད་མ་ཡིན། །
1702	verse-demoted	15		དེར་ནི་དང་པོ་འཕེལ་བར་འགྱུར་རོ། །དེ་ནས་ནི་འགག་པར་འགྱུར་རོ། །
1703	verse-demoted	20		རིགས་གཞན་ཡང་དེ་བཞིན་དུ་ཤེས་པར་བྱའོ། །འདི་དག་གིས་ནི་བྱང་ཆུབ་སེམས་དཔའི་འཁོར་བསྟན་ཏ
1704	verse-demoted	20		འདི་ཉིད་ལས་ཞེས་པ་གསང་བ་འདུས་པའོ། །མདོར་ན་ཞེས་བྱ་བ་ལ་སོགས་པ་བཤད་ཟིན་ཏོ། །
1705	verse-demoted	14		གཞལ་ཡས་ཁང་གི་དབུས་སུ་བཞུགས། །ཞེས་པ་ནི་གོ་བར་མཛད༌[^731]དོ། །
1706	verse-demoted	13		པདྨ་འདབ་མ་བཞིར་ལྡན་པའི། །རིགས་ལྔ་བསྐྱེད་པ་ཡང་དག་བསྒོམ། །
1707	verse-demoted	19		སྟོང་པ་ཉིད་གསུམ་ནི་གོང་དུ་བཤད་པའོ། །ཐམས་ཅད་སྟོང་པ་ནི་མཐར་ཐུག་པ་ཉིད་དོ། །
1708	verse-demoted	23		དེ་དང་གང་ལྡན་པ་དེ་ལ་དེ་སྐད་ཅེས་བྱའོ། །དེ་སྦྱང་བ༌[^777]ནི་ཡོངས་སུ་དག་པར༌[^778]བྱ་
1709	verse-demoted	20		བཛྲ་དྷྲིཀ་ཅེས་པས་ནི་དབྱུང་བའི་སྔགས་བསྟན་ཏོ། །དེའི་དོན་ཅི་ཞེ་ན་རྡོ་རྗེ་འཆང་ཞེས་པའ
1710	verse-demoted	14		རྫོགས་སངས་རྒྱས་ནི་ཆགས་པ་བྲལ། །འདོད་ཆགས་ཅན་ལ་དེ་ཉིད་དོ། །
1711	verse-demoted	24		དེ་ཐམས་ཅད་དབྱེ་བ༌[^818]མེད་པར་གྱུར་པ༌[^819]ནི་དེའི་འབྲས་བུའོ། །འདི་ནི་ཐམས་ཅད་རང་
1712	verse-demoted	14		བདེན་པར་གྱུར་པའི་དོན་མཐོང་བས། །དམན་ལ་བདེན་པར་གྱུར་པ་སླུ། །
1713	verse-demoted	15		དེའི་ངོ་བོ་ཉིད་ཀྱི་ཕྱིར་རོ། །དེ་ཉིད་ནི་མི་ཕྱེད་པས་རྡོ་རྗེའོ། །
1714	verse-demoted	20		སྒྲོན་མ་གསལ་བར་བྱེད་པ་ཞེས་བྱ་བའི༌[^875]འགྲེལ་བཤད། སློབ་དཔོན་ཨཱརྱ་དེ་བས་མཛད་པ་རྫོ
SUMMARY	quote-balance	6	MISMATCH	open=6 close=36
